2026-01-13 12:42:43 - app.core.logging - INFO - 📋 Logging configured - Level: INFO, File: C:\Users\Balmukund.Mishra\Desktop\NEO\Neo-Chatbot\backend\logs\chatbot_20260113.log
2026-01-13 12:42:43 - __main__ - INFO - 🚀 Starting NEO Chatbot server...
2026-01-13 12:43:24 - app.core.logging - INFO - 📋 Logging configured - Level: INFO, File: C:\Users\Balmukund.Mishra\Desktop\NEO\Neo-Chatbot\backend\logs\chatbot_20260113.log
2026-01-13 12:43:24 - watchfiles.main - INFO - 2 changes detected
2026-01-13 12:43:24 - app.core.logging - INFO - 📋 Logging configured - Level: INFO, File: C:\Users\Balmukund.Mishra\Desktop\NEO\Neo-Chatbot\backend\logs\chatbot_20260113.log
2026-01-13 12:43:24 - watchfiles.main - INFO - 1 change detected
2026-01-13 12:43:24 - watchfiles.main - INFO - 1 change detected
2026-01-13 12:43:25 - watchfiles.main - INFO - 1 change detected
2026-01-13 12:43:25 - watchfiles.main - INFO - 1 change detected
2026-01-13 12:43:26 - watchfiles.main - INFO - 1 change detected
2026-01-13 12:43:26 - watchfiles.main - INFO - 1 change detected
2026-01-13 12:43:26 - watchfiles.main - INFO - 1 change detected
2026-01-13 12:43:27 - watchfiles.main - INFO - 1 change detected
2026-01-13 12:43:27 - watchfiles.main - INFO - 1 change detected
2026-01-13 12:43:28 - watchfiles.main - INFO - 1 change detected
2026-01-13 12:43:28 - watchfiles.main - INFO - 1 change detected
2026-01-13 12:43:28 - watchfiles.main - INFO - 1 change detected
2026-01-13 12:43:29 - watchfiles.main - INFO - 1 change detected
2026-01-13 12:43:29 - watchfiles.main - INFO - 1 change detected
2026-01-13 12:43:30 - watchfiles.main - INFO - 1 change detected
2026-01-13 12:43:30 - watchfiles.main - INFO - 1 change detected
2026-01-13 12:43:30 - watchfiles.main - INFO - 1 change detected
2026-01-13 12:43:31 - watchfiles.main - INFO - 1 change detected
2026-01-13 12:43:31 - watchfiles.main - INFO - 1 change detected
2026-01-13 12:43:32 - watchfiles.main - INFO - 1 change detected
2026-01-13 12:43:32 - watchfiles.main - INFO - 1 change detected
2026-01-13 12:43:32 - watchfiles.main - INFO - 1 change detected
2026-01-13 12:43:33 - watchfiles.main - INFO - 1 change detected
2026-01-13 12:43:33 - watchfiles.main - INFO - 1 change detected
2026-01-13 12:43:34 - watchfiles.main - INFO - 1 change detected
2026-01-13 12:43:34 - watchfiles.main - INFO - 1 change detected
2026-01-13 12:43:34 - watchfiles.main - INFO - 1 change detected
2026-01-13 12:43:35 - watchfiles.main - INFO - 1 change detected
2026-01-13 12:43:35 - watchfiles.main - INFO - 1 change detected
2026-01-13 12:43:36 - watchfiles.main - INFO - 1 change detected
2026-01-13 12:43:36 - watchfiles.main - INFO - 1 change detected
2026-01-13 12:43:37 - watchfiles.main - INFO - 1 change detected
2026-01-13 12:43:37 - watchfiles.main - INFO - 1 change detected
2026-01-13 12:43:37 - watchfiles.main - INFO - 1 change detected
2026-01-13 12:43:38 - watchfiles.main - INFO - 1 change detected
2026-01-13 12:43:38 - watchfiles.main - INFO - 1 change detected
2026-01-13 12:43:38 - watchfiles.main - INFO - 1 change detected
2026-01-13 12:43:39 - watchfiles.main - INFO - 1 change detected
2026-01-13 12:43:39 - watchfiles.main - INFO - 1 change detected
2026-01-13 12:43:40 - watchfiles.main - INFO - 1 change detected
2026-01-13 12:43:40 - watchfiles.main - INFO - 1 change detected
2026-01-13 12:43:41 - watchfiles.main - INFO - 1 change detected
2026-01-13 12:43:41 - watchfiles.main - INFO - 1 change detected
2026-01-13 12:43:41 - watchfiles.main - INFO - 1 change detected
2026-01-13 12:43:42 - watchfiles.main - INFO - 1 change detected
2026-01-13 12:43:42 - watchfiles.main - INFO - 1 change detected
2026-01-13 12:43:43 - watchfiles.main - INFO - 1 change detected
2026-01-13 12:43:43 - watchfiles.main - INFO - 1 change detected
2026-01-13 12:43:43 - watchfiles.main - INFO - 1 change detected
2026-01-13 12:43:44 - watchfiles.main - INFO - 1 change detected
2026-01-13 12:43:44 - watchfiles.main - INFO - 1 change detected
2026-01-13 12:43:45 - watchfiles.main - INFO - 1 change detected
2026-01-13 12:43:45 - watchfiles.main - INFO - 1 change detected
2026-01-13 12:43:45 - watchfiles.main - INFO - 1 change detected
2026-01-13 12:43:46 - watchfiles.main - INFO - 1 change detected
2026-01-13 12:43:46 - watchfiles.main - INFO - 1 change detected
2026-01-13 12:43:47 - watchfiles.main - INFO - 1 change detected
2026-01-13 12:43:47 - watchfiles.main - INFO - 1 change detected
2026-01-13 12:43:47 - watchfiles.main - INFO - 1 change detected
2026-01-13 12:43:48 - watchfiles.main - INFO - 1 change detected
2026-01-13 12:43:48 - watchfiles.main - INFO - 1 change detected
2026-01-13 12:43:49 - watchfiles.main - INFO - 1 change detected
2026-01-13 12:43:49 - watchfiles.main - INFO - 1 change detected
2026-01-13 12:43:49 - watchfiles.main - INFO - 1 change detected
2026-01-13 12:43:50 - watchfiles.main - INFO - 1 change detected
2026-01-13 12:43:50 - watchfiles.main - INFO - 1 change detected
2026-01-13 12:43:51 - watchfiles.main - INFO - 1 change detected
2026-01-13 12:43:51 - watchfiles.main - INFO - 1 change detected
2026-01-13 12:43:51 - watchfiles.main - INFO - 1 change detected
2026-01-13 12:43:52 - watchfiles.main - INFO - 1 change detected
2026-01-13 12:43:52 - watchfiles.main - INFO - 1 change detected
2026-01-13 12:43:53 - watchfiles.main - INFO - 1 change detected
2026-01-13 12:43:53 - watchfiles.main - INFO - 1 change detected
2026-01-13 12:43:54 - watchfiles.main - INFO - 1 change detected
2026-01-13 12:43:54 - watchfiles.main - INFO - 1 change detected
2026-01-13 12:43:54 - watchfiles.main - INFO - 1 change detected
2026-01-13 12:43:55 - watchfiles.main - INFO - 1 change detected
2026-01-13 12:43:55 - watchfiles.main - INFO - 1 change detected
2026-01-13 12:43:56 - watchfiles.main - INFO - 1 change detected
2026-01-13 12:43:56 - watchfiles.main - INFO - 1 change detected
2026-01-13 12:43:56 - watchfiles.main - INFO - 1 change detected
2026-01-13 12:43:57 - watchfiles.main - INFO - 1 change detected
2026-01-13 12:43:57 - watchfiles.main - INFO - 1 change detected
2026-01-13 12:43:58 - watchfiles.main - INFO - 1 change detected
2026-01-13 12:43:58 - watchfiles.main - INFO - 1 change detected
2026-01-13 12:43:58 - watchfiles.main - INFO - 1 change detected
2026-01-13 12:43:59 - watchfiles.main - INFO - 1 change detected
2026-01-13 12:43:59 - watchfiles.main - INFO - 1 change detected
2026-01-13 12:44:00 - watchfiles.main - INFO - 1 change detected
2026-01-13 12:44:00 - watchfiles.main - INFO - 1 change detected
2026-01-13 12:44:00 - watchfiles.main - INFO - 1 change detected
2026-01-13 12:44:01 - watchfiles.main - INFO - 1 change detected
2026-01-13 12:44:01 - watchfiles.main - INFO - 1 change detected
2026-01-13 12:44:02 - watchfiles.main - INFO - 1 change detected
2026-01-13 12:44:02 - watchfiles.main - INFO - 1 change detected
2026-01-13 12:44:02 - watchfiles.main - INFO - 1 change detected
2026-01-13 12:44:03 - watchfiles.main - INFO - 1 change detected
2026-01-13 12:44:03 - watchfiles.main - INFO - 1 change detected
2026-01-13 12:44:04 - watchfiles.main - INFO - 1 change detected
2026-01-13 12:44:04 - watchfiles.main - INFO - 1 change detected
2026-01-13 12:44:04 - watchfiles.main - INFO - 1 change detected
2026-01-13 12:44:05 - watchfiles.main - INFO - 1 change detected
2026-01-13 12:44:05 - watchfiles.main - INFO - 1 change detected
2026-01-13 12:44:06 - watchfiles.main - INFO - 1 change detected
2026-01-13 12:44:06 - watchfiles.main - INFO - 1 change detected
2026-01-13 12:44:06 - watchfiles.main - INFO - 1 change detected
2026-01-13 12:44:07 - watchfiles.main - INFO - 1 change detected
2026-01-13 12:44:07 - watchfiles.main - INFO - 1 change detected
2026-01-13 12:44:08 - watchfiles.main - INFO - 1 change detected
2026-01-13 12:44:08 - watchfiles.main - INFO - 1 change detected
2026-01-13 12:44:08 - watchfiles.main - INFO - 1 change detected
2026-01-13 12:44:09 - watchfiles.main - INFO - 1 change detected
2026-01-13 12:44:09 - watchfiles.main - INFO - 1 change detected
2026-01-13 12:44:09 - watchfiles.main - INFO - 1 change detected
2026-01-13 12:44:10 - watchfiles.main - INFO - 1 change detected
2026-01-13 12:44:10 - watchfiles.main - INFO - 1 change detected
2026-01-13 12:44:11 - watchfiles.main - INFO - 1 change detected
2026-01-13 12:44:11 - watchfiles.main - INFO - 1 change detected
2026-01-13 12:44:12 - watchfiles.main - INFO - 1 change detected
2026-01-13 12:44:12 - watchfiles.main - INFO - 1 change detected
2026-01-13 12:44:12 - watchfiles.main - INFO - 1 change detected
2026-01-13 12:44:13 - watchfiles.main - INFO - 1 change detected
2026-01-13 12:44:13 - watchfiles.main - INFO - 1 change detected
2026-01-13 12:44:14 - watchfiles.main - INFO - 1 change detected
2026-01-13 12:44:14 - watchfiles.main - INFO - 1 change detected
2026-01-13 12:44:14 - watchfiles.main - INFO - 1 change detected
2026-01-13 12:44:15 - watchfiles.main - INFO - 1 change detected
2026-01-13 12:44:15 - watchfiles.main - INFO - 1 change detected
2026-01-13 12:44:16 - watchfiles.main - INFO - 1 change detected
2026-01-13 12:44:16 - watchfiles.main - INFO - 1 change detected
2026-01-13 12:44:16 - watchfiles.main - INFO - 1 change detected
2026-01-13 12:44:17 - watchfiles.main - INFO - 1 change detected
2026-01-13 12:44:17 - watchfiles.main - INFO - 1 change detected
2026-01-13 12:44:18 - watchfiles.main - INFO - 1 change detected
2026-01-13 12:44:18 - watchfiles.main - INFO - 1 change detected
2026-01-13 12:44:18 - watchfiles.main - INFO - 1 change detected
2026-01-13 12:44:19 - watchfiles.main - INFO - 1 change detected
2026-01-13 12:44:19 - watchfiles.main - INFO - 1 change detected
2026-01-13 12:44:20 - watchfiles.main - INFO - 1 change detected
2026-01-13 12:44:20 - watchfiles.main - INFO - 1 change detected
2026-01-13 12:44:20 - watchfiles.main - INFO - 1 change detected
2026-01-13 12:44:21 - watchfiles.main - INFO - 1 change detected
2026-01-13 12:44:21 - watchfiles.main - INFO - 1 change detected
2026-01-13 12:44:22 - watchfiles.main - INFO - 1 change detected
2026-01-13 12:44:22 - watchfiles.main - INFO - 1 change detected
2026-01-13 12:44:22 - watchfiles.main - INFO - 1 change detected
2026-01-13 12:44:23 - watchfiles.main - INFO - 1 change detected
2026-01-13 12:44:23 - watchfiles.main - INFO - 1 change detected
2026-01-13 12:44:24 - watchfiles.main - INFO - 1 change detected
2026-01-13 12:44:24 - watchfiles.main - INFO - 1 change detected
2026-01-13 12:44:24 - watchfiles.main - INFO - 1 change detected
2026-01-13 12:44:25 - watchfiles.main - INFO - 1 change detected
2026-01-13 12:44:25 - watchfiles.main - INFO - 1 change detected
2026-01-13 12:44:26 - watchfiles.main - INFO - 1 change detected
2026-01-13 12:44:26 - watchfiles.main - INFO - 1 change detected
2026-01-13 12:44:26 - watchfiles.main - INFO - 1 change detected
2026-01-13 12:44:27 - watchfiles.main - INFO - 1 change detected
2026-01-13 12:44:27 - watchfiles.main - INFO - 1 change detected
2026-01-13 12:44:28 - watchfiles.main - INFO - 1 change detected
2026-01-13 12:44:28 - watchfiles.main - INFO - 1 change detected
2026-01-13 12:44:28 - watchfiles.main - INFO - 1 change detected
2026-01-13 12:44:29 - watchfiles.main - INFO - 1 change detected
2026-01-13 12:44:29 - watchfiles.main - INFO - 1 change detected
2026-01-13 12:44:30 - watchfiles.main - INFO - 1 change detected
2026-01-13 12:44:30 - watchfiles.main - INFO - 1 change detected
2026-01-13 12:44:30 - watchfiles.main - INFO - 1 change detected
2026-01-13 12:44:31 - watchfiles.main - INFO - 1 change detected
2026-01-13 12:44:31 - watchfiles.main - INFO - 1 change detected
2026-01-13 12:44:32 - watchfiles.main - INFO - 1 change detected
2026-01-13 12:44:32 - watchfiles.main - INFO - 1 change detected
2026-01-13 12:44:33 - watchfiles.main - INFO - 1 change detected
2026-01-13 12:44:33 - watchfiles.main - INFO - 1 change detected
2026-01-13 12:44:33 - watchfiles.main - INFO - 1 change detected
2026-01-13 12:44:34 - watchfiles.main - INFO - 1 change detected
2026-01-13 12:44:34 - watchfiles.main - INFO - 1 change detected
2026-01-13 12:44:35 - watchfiles.main - INFO - 1 change detected
2026-01-13 12:44:35 - watchfiles.main - INFO - 1 change detected
2026-01-13 12:44:35 - watchfiles.main - INFO - 1 change detected
2026-01-13 12:44:36 - watchfiles.main - INFO - 1 change detected
2026-01-13 12:44:36 - watchfiles.main - INFO - 1 change detected
2026-01-13 12:44:37 - watchfiles.main - INFO - 1 change detected
2026-01-13 12:44:37 - watchfiles.main - INFO - 1 change detected
2026-01-13 12:44:37 - watchfiles.main - INFO - 1 change detected
2026-01-13 12:44:38 - watchfiles.main - INFO - 1 change detected
2026-01-13 12:44:38 - watchfiles.main - INFO - 1 change detected
2026-01-13 12:44:39 - watchfiles.main - INFO - 1 change detected
2026-01-13 12:44:39 - watchfiles.main - INFO - 1 change detected
2026-01-13 12:44:39 - watchfiles.main - INFO - 1 change detected
2026-01-13 12:44:40 - watchfiles.main - INFO - 1 change detected
2026-01-13 12:44:40 - watchfiles.main - INFO - 1 change detected
2026-01-13 12:44:41 - watchfiles.main - INFO - 1 change detected
2026-01-13 12:44:41 - watchfiles.main - INFO - 1 change detected
2026-01-13 12:44:42 - watchfiles.main - INFO - 1 change detected
2026-01-13 12:44:42 - watchfiles.main - INFO - 1 change detected
2026-01-13 12:44:42 - watchfiles.main - INFO - 1 change detected
2026-01-13 12:44:43 - watchfiles.main - INFO - 1 change detected
2026-01-13 12:44:43 - watchfiles.main - INFO - 1 change detected
2026-01-13 12:44:44 - watchfiles.main - INFO - 1 change detected
2026-01-13 12:44:44 - watchfiles.main - INFO - 1 change detected
2026-01-13 12:44:44 - watchfiles.main - INFO - 1 change detected
2026-01-13 12:44:45 - watchfiles.main - INFO - 1 change detected
2026-01-13 12:44:45 - watchfiles.main - INFO - 1 change detected
2026-01-13 12:44:46 - watchfiles.main - INFO - 1 change detected
2026-01-13 12:44:46 - watchfiles.main - INFO - 1 change detected
2026-01-13 12:44:46 - watchfiles.main - INFO - 1 change detected
2026-01-13 12:44:47 - watchfiles.main - INFO - 1 change detected
2026-01-13 12:44:47 - watchfiles.main - INFO - 1 change detected
2026-01-13 12:44:48 - watchfiles.main - INFO - 1 change detected
2026-01-13 12:44:48 - watchfiles.main - INFO - 1 change detected
2026-01-13 12:44:48 - watchfiles.main - INFO - 1 change detected
2026-01-13 12:44:49 - watchfiles.main - INFO - 1 change detected
2026-01-13 12:44:49 - watchfiles.main - INFO - 1 change detected
2026-01-13 12:44:50 - watchfiles.main - INFO - 1 change detected
2026-01-13 12:44:50 - watchfiles.main - INFO - 1 change detected
2026-01-13 12:44:51 - watchfiles.main - INFO - 1 change detected
2026-01-13 12:44:51 - watchfiles.main - INFO - 1 change detected
2026-01-13 12:44:51 - watchfiles.main - INFO - 1 change detected
2026-01-13 12:44:52 - watchfiles.main - INFO - 1 change detected
2026-01-13 12:44:52 - watchfiles.main - INFO - 1 change detected
2026-01-13 12:44:53 - watchfiles.main - INFO - 1 change detected
2026-01-13 12:44:53 - watchfiles.main - INFO - 1 change detected
2026-01-13 12:44:53 - watchfiles.main - INFO - 1 change detected
2026-01-13 12:44:54 - watchfiles.main - INFO - 1 change detected
2026-01-13 12:44:54 - watchfiles.main - INFO - 1 change detected
2026-01-13 12:44:55 - watchfiles.main - INFO - 1 change detected
2026-01-13 12:44:55 - watchfiles.main - INFO - 1 change detected
2026-01-13 12:44:55 - watchfiles.main - INFO - 1 change detected
2026-01-13 12:44:56 - watchfiles.main - INFO - 1 change detected
2026-01-13 12:44:56 - watchfiles.main - INFO - 1 change detected
2026-01-13 12:44:57 - watchfiles.main - INFO - 1 change detected
2026-01-13 12:44:57 - watchfiles.main - INFO - 1 change detected
2026-01-13 12:44:57 - watchfiles.main - INFO - 1 change detected
2026-01-13 12:44:58 - watchfiles.main - INFO - 1 change detected
2026-01-13 12:44:58 - watchfiles.main - INFO - 1 change detected
2026-01-13 12:44:59 - watchfiles.main - INFO - 1 change detected
2026-01-13 12:44:59 - watchfiles.main - INFO - 1 change detected
2026-01-13 12:45:00 - watchfiles.main - INFO - 1 change detected
2026-01-13 12:45:00 - watchfiles.main - INFO - 1 change detected
2026-01-13 12:45:00 - watchfiles.main - INFO - 1 change detected
2026-01-13 12:45:01 - watchfiles.main - INFO - 1 change detected
2026-01-13 12:45:01 - watchfiles.main - INFO - 1 change detected
2026-01-13 12:45:02 - watchfiles.main - INFO - 1 change detected
2026-01-13 12:45:02 - watchfiles.main - INFO - 1 change detected
2026-01-13 12:45:02 - watchfiles.main - INFO - 1 change detected
2026-01-13 12:45:03 - watchfiles.main - INFO - 1 change detected
2026-01-13 12:45:03 - watchfiles.main - INFO - 1 change detected
2026-01-13 12:45:04 - watchfiles.main - INFO - 1 change detected
2026-01-13 12:45:04 - watchfiles.main - INFO - 1 change detected
2026-01-13 12:45:04 - watchfiles.main - INFO - 1 change detected
2026-01-13 12:45:05 - watchfiles.main - INFO - 1 change detected
2026-01-13 12:45:05 - watchfiles.main - INFO - 1 change detected
2026-01-13 12:45:06 - watchfiles.main - INFO - 1 change detected
2026-01-13 12:45:06 - watchfiles.main - INFO - 1 change detected
2026-01-13 12:45:06 - watchfiles.main - INFO - 1 change detected
2026-01-13 12:45:07 - watchfiles.main - INFO - 1 change detected
2026-01-13 12:45:07 - watchfiles.main - INFO - 1 change detected
2026-01-13 12:45:08 - watchfiles.main - INFO - 1 change detected
2026-01-13 12:45:08 - watchfiles.main - INFO - 1 change detected
2026-01-13 12:45:08 - watchfiles.main - INFO - 1 change detected
2026-01-13 12:45:09 - watchfiles.main - INFO - 1 change detected
2026-01-13 12:45:09 - watchfiles.main - INFO - 1 change detected
2026-01-13 12:45:10 - watchfiles.main - INFO - 1 change detected
2026-01-13 12:45:10 - watchfiles.main - INFO - 1 change detected
2026-01-13 12:45:10 - watchfiles.main - INFO - 1 change detected
2026-01-13 12:45:11 - watchfiles.main - INFO - 1 change detected
2026-01-13 12:45:11 - watchfiles.main - INFO - 1 change detected
2026-01-13 12:45:12 - watchfiles.main - INFO - 1 change detected
2026-01-13 12:45:12 - watchfiles.main - INFO - 1 change detected
2026-01-13 12:45:12 - watchfiles.main - INFO - 1 change detected
2026-01-13 12:45:13 - watchfiles.main - INFO - 1 change detected
2026-01-13 12:45:13 - watchfiles.main - INFO - 1 change detected
2026-01-13 12:45:14 - watchfiles.main - INFO - 1 change detected
2026-01-13 12:45:14 - watchfiles.main - INFO - 1 change detected
2026-01-13 12:45:14 - watchfiles.main - INFO - 1 change detected
2026-01-13 12:45:15 - watchfiles.main - INFO - 1 change detected
2026-01-13 12:45:15 - watchfiles.main - INFO - 1 change detected
2026-01-13 12:45:16 - watchfiles.main - INFO - 1 change detected
2026-01-13 12:45:16 - watchfiles.main - INFO - 1 change detected
2026-01-13 12:45:16 - watchfiles.main - INFO - 1 change detected
2026-01-13 12:45:17 - watchfiles.main - INFO - 1 change detected
2026-01-13 12:45:17 - watchfiles.main - INFO - 1 change detected
2026-01-13 12:45:18 - watchfiles.main - INFO - 1 change detected
2026-01-13 12:45:18 - watchfiles.main - INFO - 1 change detected
2026-01-13 12:45:18 - watchfiles.main - INFO - 1 change detected
2026-01-13 12:45:19 - watchfiles.main - INFO - 1 change detected
2026-01-13 12:45:19 - watchfiles.main - INFO - 1 change detected
2026-01-13 12:45:20 - watchfiles.main - INFO - 1 change detected
2026-01-13 12:45:20 - watchfiles.main - INFO - 1 change detected
2026-01-13 12:45:21 - watchfiles.main - INFO - 1 change detected
2026-01-13 12:45:21 - watchfiles.main - INFO - 1 change detected
2026-01-13 12:45:21 - watchfiles.main - INFO - 1 change detected
2026-01-13 12:45:22 - watchfiles.main - INFO - 1 change detected
2026-01-13 12:45:22 - watchfiles.main - INFO - 1 change detected
2026-01-13 12:45:23 - watchfiles.main - INFO - 1 change detected
2026-01-13 12:45:23 - watchfiles.main - INFO - 1 change detected
2026-01-13 12:45:23 - watchfiles.main - INFO - 1 change detected
2026-01-13 12:45:24 - watchfiles.main - INFO - 1 change detected
2026-01-13 12:45:24 - watchfiles.main - INFO - 1 change detected
2026-01-13 12:45:25 - watchfiles.main - INFO - 1 change detected
2026-01-13 12:45:25 - watchfiles.main - INFO - 1 change detected
2026-01-13 12:45:25 - watchfiles.main - INFO - 1 change detected
2026-01-13 12:45:26 - watchfiles.main - INFO - 1 change detected
2026-01-13 12:45:26 - watchfiles.main - INFO - 1 change detected
2026-01-13 12:45:27 - watchfiles.main - INFO - 1 change detected
2026-01-13 12:45:27 - watchfiles.main - INFO - 1 change detected
2026-01-13 12:45:27 - watchfiles.main - INFO - 1 change detected
2026-01-13 12:45:28 - watchfiles.main - INFO - 1 change detected
2026-01-13 12:45:28 - watchfiles.main - INFO - 1 change detected
2026-01-13 12:45:29 - watchfiles.main - INFO - 1 change detected
2026-01-13 12:45:29 - watchfiles.main - INFO - 1 change detected
2026-01-13 12:45:29 - watchfiles.main - INFO - 1 change detected
2026-01-13 12:45:30 - watchfiles.main - INFO - 1 change detected
2026-01-13 12:45:30 - watchfiles.main - INFO - 1 change detected
2026-01-13 12:45:31 - watchfiles.main - INFO - 1 change detected
2026-01-13 12:45:31 - watchfiles.main - INFO - 1 change detected
2026-01-13 12:45:31 - watchfiles.main - INFO - 1 change detected
2026-01-13 12:45:32 - watchfiles.main - INFO - 1 change detected
2026-01-13 12:45:32 - watchfiles.main - INFO - 1 change detected
2026-01-13 12:45:33 - watchfiles.main - INFO - 1 change detected
2026-01-13 12:45:33 - watchfiles.main - INFO - 1 change detected
2026-01-13 12:45:33 - watchfiles.main - INFO - 1 change detected
2026-01-13 12:45:34 - watchfiles.main - INFO - 1 change detected
2026-01-13 12:45:34 - watchfiles.main - INFO - 1 change detected
2026-01-13 12:45:35 - watchfiles.main - INFO - 1 change detected
2026-01-13 12:45:35 - watchfiles.main - INFO - 1 change detected
2026-01-13 12:45:36 - watchfiles.main - INFO - 1 change detected
2026-01-13 12:45:36 - watchfiles.main - INFO - 1 change detected
2026-01-13 12:45:36 - watchfiles.main - INFO - 1 change detected
2026-01-13 12:45:37 - watchfiles.main - INFO - 1 change detected
2026-01-13 12:45:37 - watchfiles.main - INFO - 1 change detected
2026-01-13 12:45:38 - watchfiles.main - INFO - 1 change detected
2026-01-13 12:45:38 - watchfiles.main - INFO - 1 change detected
2026-01-13 12:45:38 - watchfiles.main - INFO - 1 change detected
2026-01-13 12:45:39 - watchfiles.main - INFO - 1 change detected
2026-01-13 12:45:39 - watchfiles.main - INFO - 1 change detected
2026-01-13 12:45:40 - watchfiles.main - INFO - 1 change detected
2026-01-13 12:45:40 - watchfiles.main - INFO - 1 change detected
2026-01-13 12:45:40 - watchfiles.main - INFO - 1 change detected
2026-01-13 12:45:41 - watchfiles.main - INFO - 1 change detected
2026-01-13 12:45:41 - watchfiles.main - INFO - 1 change detected
2026-01-13 12:45:42 - watchfiles.main - INFO - 1 change detected
2026-01-13 12:45:42 - watchfiles.main - INFO - 1 change detected
2026-01-13 12:45:42 - watchfiles.main - INFO - 1 change detected
2026-01-13 12:45:43 - watchfiles.main - INFO - 1 change detected
2026-01-13 12:45:43 - watchfiles.main - INFO - 1 change detected
2026-01-13 12:45:44 - watchfiles.main - INFO - 1 change detected
2026-01-13 12:45:44 - watchfiles.main - INFO - 1 change detected
2026-01-13 12:45:44 - watchfiles.main - INFO - 1 change detected
2026-01-13 12:45:45 - watchfiles.main - INFO - 1 change detected
2026-01-13 12:45:45 - watchfiles.main - INFO - 1 change detected
2026-01-13 12:45:46 - watchfiles.main - INFO - 1 change detected
2026-01-13 12:45:46 - watchfiles.main - INFO - 1 change detected
2026-01-13 12:45:47 - watchfiles.main - INFO - 1 change detected
2026-01-13 12:45:47 - watchfiles.main - INFO - 1 change detected
2026-01-13 12:45:47 - watchfiles.main - INFO - 1 change detected
2026-01-13 12:45:48 - watchfiles.main - INFO - 1 change detected
2026-01-13 12:45:48 - watchfiles.main - INFO - 1 change detected
2026-01-13 12:45:49 - watchfiles.main - INFO - 1 change detected
2026-01-13 12:45:49 - watchfiles.main - INFO - 1 change detected
2026-01-13 12:45:49 - watchfiles.main - INFO - 1 change detected
2026-01-13 12:45:50 - watchfiles.main - INFO - 1 change detected
2026-01-13 12:45:50 - watchfiles.main - INFO - 1 change detected
2026-01-13 12:45:51 - watchfiles.main - INFO - 1 change detected
2026-01-13 12:45:51 - watchfiles.main - INFO - 1 change detected
2026-01-13 12:45:51 - watchfiles.main - INFO - 1 change detected
2026-01-13 12:45:52 - watchfiles.main - INFO - 1 change detected
2026-01-13 12:45:52 - watchfiles.main - INFO - 1 change detected
2026-01-13 12:45:53 - watchfiles.main - INFO - 1 change detected
2026-01-13 12:45:53 - watchfiles.main - INFO - 1 change detected
2026-01-13 12:45:53 - watchfiles.main - INFO - 1 change detected
2026-01-13 12:45:54 - watchfiles.main - INFO - 1 change detected
2026-01-13 12:45:54 - watchfiles.main - INFO - 1 change detected
2026-01-13 12:45:55 - watchfiles.main - INFO - 1 change detected
2026-01-13 12:45:55 - watchfiles.main - INFO - 1 change detected
2026-01-13 12:45:56 - watchfiles.main - INFO - 1 change detected
2026-01-13 12:45:56 - watchfiles.main - INFO - 1 change detected
2026-01-13 12:45:56 - watchfiles.main - INFO - 1 change detected
2026-01-13 12:45:57 - watchfiles.main - INFO - 1 change detected
2026-01-13 12:45:57 - watchfiles.main - INFO - 1 change detected
2026-01-13 12:45:58 - watchfiles.main - INFO - 1 change detected
2026-01-13 12:45:58 - watchfiles.main - INFO - 1 change detected
2026-01-13 12:45:58 - watchfiles.main - INFO - 1 change detected
2026-01-13 12:45:59 - watchfiles.main - INFO - 1 change detected
2026-01-13 12:45:59 - watchfiles.main - INFO - 1 change detected
2026-01-13 12:46:00 - watchfiles.main - INFO - 1 change detected
2026-01-13 12:46:00 - watchfiles.main - INFO - 1 change detected
2026-01-13 12:46:00 - watchfiles.main - INFO - 1 change detected
2026-01-13 12:46:01 - watchfiles.main - INFO - 1 change detected
2026-01-13 12:46:01 - watchfiles.main - INFO - 1 change detected
2026-01-13 12:46:02 - watchfiles.main - INFO - 1 change detected
2026-01-13 12:46:02 - watchfiles.main - INFO - 1 change detected
2026-01-13 12:46:02 - watchfiles.main - INFO - 1 change detected
2026-01-13 12:46:03 - watchfiles.main - INFO - 1 change detected
2026-01-13 12:46:03 - watchfiles.main - INFO - 1 change detected
2026-01-13 12:46:04 - watchfiles.main - INFO - 1 change detected
2026-01-13 12:46:04 - watchfiles.main - INFO - 1 change detected
2026-01-13 12:46:04 - watchfiles.main - INFO - 1 change detected
2026-01-13 12:46:05 - watchfiles.main - INFO - 1 change detected
2026-01-13 12:46:05 - watchfiles.main - INFO - 1 change detected
2026-01-13 12:46:06 - watchfiles.main - INFO - 1 change detected
2026-01-13 12:46:06 - watchfiles.main - INFO - 1 change detected
2026-01-13 12:46:07 - watchfiles.main - INFO - 1 change detected
2026-01-13 12:46:07 - watchfiles.main - INFO - 1 change detected
2026-01-13 12:46:07 - watchfiles.main - INFO - 1 change detected
2026-01-13 12:46:08 - watchfiles.main - INFO - 1 change detected
2026-01-13 12:46:08 - watchfiles.main - INFO - 1 change detected
2026-01-13 12:46:09 - watchfiles.main - INFO - 1 change detected
2026-01-13 12:46:09 - watchfiles.main - INFO - 1 change detected
2026-01-13 12:46:09 - watchfiles.main - INFO - 1 change detected
2026-01-13 12:46:10 - watchfiles.main - INFO - 1 change detected
2026-01-13 12:46:10 - watchfiles.main - INFO - 1 change detected
2026-01-13 12:46:11 - watchfiles.main - INFO - 1 change detected
2026-01-13 12:46:11 - watchfiles.main - INFO - 1 change detected
2026-01-13 12:46:11 - watchfiles.main - INFO - 1 change detected
2026-01-13 12:46:12 - watchfiles.main - INFO - 1 change detected
2026-01-13 12:46:12 - watchfiles.main - INFO - 1 change detected
2026-01-13 12:46:13 - watchfiles.main - INFO - 1 change detected
2026-01-13 12:46:13 - watchfiles.main - INFO - 1 change detected
2026-01-13 12:46:13 - watchfiles.main - INFO - 1 change detected
2026-01-13 12:46:14 - watchfiles.main - INFO - 1 change detected
2026-01-13 12:46:14 - watchfiles.main - INFO - 1 change detected
2026-01-13 12:46:15 - watchfiles.main - INFO - 1 change detected
2026-01-13 12:46:15 - watchfiles.main - INFO - 1 change detected
2026-01-13 12:46:15 - watchfiles.main - INFO - 1 change detected
2026-01-13 12:46:16 - watchfiles.main - INFO - 1 change detected
2026-01-13 12:46:16 - watchfiles.main - INFO - 1 change detected
2026-01-13 12:46:17 - watchfiles.main - INFO - 1 change detected
2026-01-13 12:46:17 - watchfiles.main - INFO - 1 change detected
2026-01-13 12:46:18 - watchfiles.main - INFO - 1 change detected
2026-01-13 12:46:18 - watchfiles.main - INFO - 1 change detected
2026-01-13 12:46:18 - watchfiles.main - INFO - 1 change detected
2026-01-13 12:46:19 - watchfiles.main - INFO - 1 change detected
2026-01-13 12:46:19 - watchfiles.main - INFO - 1 change detected
2026-01-13 12:46:20 - watchfiles.main - INFO - 1 change detected
2026-01-13 12:46:20 - watchfiles.main - INFO - 1 change detected
2026-01-13 12:46:20 - watchfiles.main - INFO - 1 change detected
2026-01-13 12:46:21 - watchfiles.main - INFO - 1 change detected
2026-01-13 12:46:21 - watchfiles.main - INFO - 1 change detected
2026-01-13 12:46:22 - watchfiles.main - INFO - 1 change detected
2026-01-13 12:46:22 - watchfiles.main - INFO - 1 change detected
2026-01-13 12:46:22 - watchfiles.main - INFO - 1 change detected
2026-01-13 12:46:23 - watchfiles.main - INFO - 1 change detected
2026-01-13 12:46:23 - watchfiles.main - INFO - 1 change detected
2026-01-13 12:46:24 - watchfiles.main - INFO - 1 change detected
2026-01-13 12:46:24 - watchfiles.main - INFO - 1 change detected
2026-01-13 12:46:24 - watchfiles.main - INFO - 1 change detected
2026-01-13 12:46:25 - watchfiles.main - INFO - 1 change detected
2026-01-13 12:46:25 - watchfiles.main - INFO - 1 change detected
2026-01-13 12:46:26 - watchfiles.main - INFO - 1 change detected
2026-01-13 12:46:26 - watchfiles.main - INFO - 1 change detected
2026-01-13 12:46:27 - watchfiles.main - INFO - 1 change detected
2026-01-13 12:46:27 - watchfiles.main - INFO - 1 change detected
2026-01-13 12:46:27 - watchfiles.main - INFO - 1 change detected
2026-01-13 12:46:28 - watchfiles.main - INFO - 1 change detected
2026-01-13 12:46:28 - watchfiles.main - INFO - 1 change detected
2026-01-13 12:46:29 - watchfiles.main - INFO - 1 change detected
2026-01-13 12:46:29 - watchfiles.main - INFO - 1 change detected
2026-01-13 12:46:29 - watchfiles.main - INFO - 1 change detected
2026-01-13 12:46:30 - watchfiles.main - INFO - 1 change detected
2026-01-13 12:46:30 - watchfiles.main - INFO - 1 change detected
2026-01-13 12:46:31 - watchfiles.main - INFO - 1 change detected
2026-01-13 12:46:31 - watchfiles.main - INFO - 1 change detected
2026-01-13 12:46:31 - watchfiles.main - INFO - 1 change detected
2026-01-13 12:46:32 - watchfiles.main - INFO - 1 change detected
2026-01-13 12:46:32 - watchfiles.main - INFO - 1 change detected
2026-01-13 12:46:33 - watchfiles.main - INFO - 1 change detected
2026-01-13 12:46:33 - watchfiles.main - INFO - 1 change detected
2026-01-13 12:46:33 - watchfiles.main - INFO - 1 change detected
2026-01-13 12:46:34 - watchfiles.main - INFO - 1 change detected
2026-01-13 12:46:34 - watchfiles.main - INFO - 1 change detected
2026-01-13 12:46:35 - watchfiles.main - INFO - 1 change detected
2026-01-13 12:46:35 - watchfiles.main - INFO - 1 change detected
2026-01-13 12:46:35 - watchfiles.main - INFO - 1 change detected
2026-01-13 12:46:36 - watchfiles.main - INFO - 1 change detected
2026-01-13 12:46:36 - watchfiles.main - INFO - 1 change detected
2026-01-13 12:46:37 - watchfiles.main - INFO - 1 change detected
2026-01-13 12:46:37 - watchfiles.main - INFO - 1 change detected
2026-01-13 12:46:37 - watchfiles.main - INFO - 1 change detected
2026-01-13 12:46:38 - watchfiles.main - INFO - 1 change detected
2026-01-13 12:46:38 - watchfiles.main - INFO - 1 change detected
2026-01-13 12:46:39 - watchfiles.main - INFO - 1 change detected
2026-01-13 12:46:39 - watchfiles.main - INFO - 1 change detected
2026-01-13 12:46:40 - watchfiles.main - INFO - 1 change detected
2026-01-13 12:46:40 - watchfiles.main - INFO - 1 change detected
2026-01-13 12:46:40 - watchfiles.main - INFO - 1 change detected
2026-01-13 12:46:41 - watchfiles.main - INFO - 1 change detected
2026-01-13 12:46:41 - watchfiles.main - INFO - 1 change detected
2026-01-13 12:46:42 - watchfiles.main - INFO - 1 change detected
2026-01-13 12:46:42 - watchfiles.main - INFO - 1 change detected
2026-01-13 12:46:42 - watchfiles.main - INFO - 1 change detected
2026-01-13 12:46:43 - watchfiles.main - INFO - 1 change detected
2026-01-13 12:46:43 - watchfiles.main - INFO - 1 change detected
2026-01-13 12:46:44 - watchfiles.main - INFO - 1 change detected
2026-01-13 12:46:44 - watchfiles.main - INFO - 1 change detected
2026-01-13 12:46:44 - watchfiles.main - INFO - 1 change detected
2026-01-13 12:46:45 - watchfiles.main - INFO - 1 change detected
2026-01-13 12:46:45 - watchfiles.main - INFO - 1 change detected
2026-01-13 12:46:46 - watchfiles.main - INFO - 1 change detected
2026-01-13 12:46:46 - watchfiles.main - INFO - 1 change detected
2026-01-13 12:46:46 - watchfiles.main - INFO - 1 change detected
2026-01-13 12:46:47 - watchfiles.main - INFO - 1 change detected
2026-01-13 12:46:47 - watchfiles.main - INFO - 1 change detected
2026-01-13 12:46:48 - watchfiles.main - INFO - 1 change detected
2026-01-13 12:46:48 - watchfiles.main - INFO - 1 change detected
2026-01-13 12:46:48 - watchfiles.main - INFO - 1 change detected
2026-01-13 12:46:49 - watchfiles.main - INFO - 1 change detected
2026-01-13 12:46:49 - watchfiles.main - INFO - 1 change detected
2026-01-13 12:46:50 - watchfiles.main - INFO - 1 change detected
2026-01-13 12:46:50 - watchfiles.main - INFO - 1 change detected
2026-01-13 12:46:50 - watchfiles.main - INFO - 1 change detected
2026-01-13 12:46:51 - watchfiles.main - INFO - 1 change detected
2026-01-13 12:46:51 - watchfiles.main - INFO - 1 change detected
2026-01-13 12:46:52 - watchfiles.main - INFO - 1 change detected
2026-01-13 12:46:52 - watchfiles.main - INFO - 1 change detected
2026-01-13 12:46:53 - watchfiles.main - INFO - 1 change detected
2026-01-13 12:46:53 - watchfiles.main - INFO - 1 change detected
2026-01-13 12:46:53 - watchfiles.main - INFO - 1 change detected
2026-01-13 12:46:54 - watchfiles.main - INFO - 1 change detected
2026-01-13 12:46:54 - watchfiles.main - INFO - 1 change detected
2026-01-13 12:46:55 - watchfiles.main - INFO - 1 change detected
2026-01-13 12:46:55 - watchfiles.main - INFO - 1 change detected
2026-01-13 12:46:55 - watchfiles.main - INFO - 1 change detected
2026-01-13 12:46:56 - watchfiles.main - INFO - 1 change detected
2026-01-13 12:46:56 - watchfiles.main - INFO - 1 change detected
2026-01-13 12:46:57 - watchfiles.main - INFO - 1 change detected
2026-01-13 12:46:57 - watchfiles.main - INFO - 1 change detected
2026-01-13 12:46:57 - watchfiles.main - INFO - 1 change detected
2026-01-13 12:46:58 - watchfiles.main - INFO - 1 change detected
2026-01-13 12:46:58 - watchfiles.main - INFO - 1 change detected
2026-01-13 12:46:59 - watchfiles.main - INFO - 1 change detected
2026-01-13 12:46:59 - watchfiles.main - INFO - 1 change detected
2026-01-13 12:47:00 - watchfiles.main - INFO - 1 change detected
2026-01-13 12:47:00 - watchfiles.main - INFO - 1 change detected
2026-01-13 12:47:00 - watchfiles.main - INFO - 1 change detected
2026-01-13 12:47:01 - watchfiles.main - INFO - 1 change detected
2026-01-13 12:47:01 - watchfiles.main - INFO - 1 change detected
2026-01-13 12:47:02 - watchfiles.main - INFO - 1 change detected
2026-01-13 12:47:02 - watchfiles.main - INFO - 1 change detected
2026-01-13 12:47:02 - watchfiles.main - INFO - 1 change detected
2026-01-13 12:47:03 - watchfiles.main - INFO - 1 change detected
2026-01-13 12:47:03 - watchfiles.main - INFO - 1 change detected
2026-01-13 12:47:04 - watchfiles.main - INFO - 1 change detected
2026-01-13 12:47:04 - watchfiles.main - INFO - 1 change detected
2026-01-13 12:47:04 - watchfiles.main - INFO - 1 change detected
2026-01-13 12:47:05 - watchfiles.main - INFO - 1 change detected
2026-01-13 12:47:05 - watchfiles.main - INFO - 1 change detected
2026-01-13 12:47:06 - watchfiles.main - INFO - 1 change detected
2026-01-13 12:47:06 - watchfiles.main - INFO - 1 change detected
2026-01-13 12:47:06 - watchfiles.main - INFO - 1 change detected
2026-01-13 12:47:07 - watchfiles.main - INFO - 1 change detected
2026-01-13 12:47:07 - watchfiles.main - INFO - 1 change detected
2026-01-13 12:47:08 - watchfiles.main - INFO - 1 change detected
2026-01-13 12:47:08 - watchfiles.main - INFO - 1 change detected
2026-01-13 12:47:08 - watchfiles.main - INFO - 1 change detected
2026-01-13 12:47:09 - watchfiles.main - INFO - 1 change detected
2026-01-13 12:47:09 - watchfiles.main - INFO - 1 change detected
2026-01-13 12:47:10 - watchfiles.main - INFO - 1 change detected
2026-01-13 12:47:10 - watchfiles.main - INFO - 1 change detected
2026-01-13 12:47:10 - watchfiles.main - INFO - 1 change detected
2026-01-13 12:47:11 - watchfiles.main - INFO - 1 change detected
2026-01-13 12:47:11 - watchfiles.main - INFO - 1 change detected
2026-01-13 12:47:12 - watchfiles.main - INFO - 1 change detected
2026-01-13 12:47:12 - watchfiles.main - INFO - 1 change detected
2026-01-13 12:47:13 - watchfiles.main - INFO - 1 change detected
2026-01-13 12:47:13 - watchfiles.main - INFO - 1 change detected
2026-01-13 12:47:13 - watchfiles.main - INFO - 1 change detected
2026-01-13 12:47:14 - watchfiles.main - INFO - 1 change detected
2026-01-13 12:47:14 - watchfiles.main - INFO - 1 change detected
2026-01-13 12:47:15 - watchfiles.main - INFO - 1 change detected
2026-01-13 12:47:15 - watchfiles.main - INFO - 1 change detected
2026-01-13 12:47:15 - watchfiles.main - INFO - 1 change detected
2026-01-13 12:47:16 - watchfiles.main - INFO - 1 change detected
2026-01-13 12:47:16 - watchfiles.main - INFO - 1 change detected
2026-01-13 12:47:17 - watchfiles.main - INFO - 1 change detected
2026-01-13 12:47:17 - watchfiles.main - INFO - 1 change detected
2026-01-13 12:47:17 - watchfiles.main - INFO - 1 change detected
2026-01-13 12:47:18 - watchfiles.main - INFO - 1 change detected
2026-01-13 12:47:18 - watchfiles.main - INFO - 1 change detected
2026-01-13 12:47:19 - watchfiles.main - INFO - 1 change detected
2026-01-13 12:47:19 - watchfiles.main - INFO - 1 change detected
2026-01-13 12:47:19 - watchfiles.main - INFO - 1 change detected
2026-01-13 12:47:20 - watchfiles.main - INFO - 1 change detected
2026-01-13 12:47:20 - watchfiles.main - INFO - 1 change detected
2026-01-13 12:47:21 - watchfiles.main - INFO - 1 change detected
2026-01-13 12:47:21 - watchfiles.main - INFO - 1 change detected
2026-01-13 12:47:22 - watchfiles.main - INFO - 1 change detected
2026-01-13 12:47:22 - watchfiles.main - INFO - 1 change detected
2026-01-13 12:47:22 - watchfiles.main - INFO - 1 change detected
2026-01-13 12:47:23 - watchfiles.main - INFO - 1 change detected
2026-01-13 12:47:23 - watchfiles.main - INFO - 1 change detected
2026-01-13 12:47:23 - watchfiles.main - INFO - 1 change detected
2026-01-13 12:47:24 - watchfiles.main - INFO - 1 change detected
2026-01-13 12:47:24 - watchfiles.main - INFO - 1 change detected
2026-01-13 12:47:25 - watchfiles.main - INFO - 1 change detected
2026-01-13 12:47:25 - watchfiles.main - INFO - 1 change detected
2026-01-13 12:47:25 - watchfiles.main - INFO - 1 change detected
2026-01-13 12:47:26 - watchfiles.main - INFO - 1 change detected
2026-01-13 12:47:26 - watchfiles.main - INFO - 1 change detected
2026-01-13 12:47:27 - watchfiles.main - INFO - 1 change detected
2026-01-13 12:47:27 - watchfiles.main - INFO - 1 change detected
2026-01-13 12:47:28 - watchfiles.main - INFO - 1 change detected
2026-01-13 12:47:28 - watchfiles.main - INFO - 1 change detected
2026-01-13 12:47:28 - watchfiles.main - INFO - 1 change detected
2026-01-13 12:47:29 - watchfiles.main - INFO - 1 change detected
2026-01-13 12:47:29 - watchfiles.main - INFO - 1 change detected
2026-01-13 12:47:30 - watchfiles.main - INFO - 1 change detected
2026-01-13 12:47:30 - watchfiles.main - INFO - 1 change detected
2026-01-13 12:47:30 - watchfiles.main - INFO - 1 change detected
2026-01-13 12:47:31 - watchfiles.main - INFO - 1 change detected
2026-01-13 12:47:31 - watchfiles.main - INFO - 1 change detected
2026-01-13 12:47:32 - watchfiles.main - INFO - 1 change detected
2026-01-13 12:47:32 - watchfiles.main - INFO - 1 change detected
2026-01-13 12:47:33 - watchfiles.main - INFO - 1 change detected
2026-01-13 12:47:33 - watchfiles.main - INFO - 1 change detected
2026-01-13 12:47:33 - watchfiles.main - INFO - 1 change detected
2026-01-13 12:47:34 - watchfiles.main - INFO - 1 change detected
2026-01-13 12:47:34 - watchfiles.main - INFO - 1 change detected
2026-01-13 12:47:35 - watchfiles.main - INFO - 1 change detected
2026-01-13 12:47:35 - watchfiles.main - INFO - 1 change detected
2026-01-13 12:47:35 - watchfiles.main - INFO - 1 change detected
2026-01-13 12:47:36 - watchfiles.main - INFO - 1 change detected
2026-01-13 12:47:36 - watchfiles.main - INFO - 1 change detected
2026-01-13 12:47:37 - watchfiles.main - INFO - 1 change detected
2026-01-13 12:47:37 - watchfiles.main - INFO - 1 change detected
2026-01-13 12:47:37 - watchfiles.main - INFO - 1 change detected
2026-01-13 12:47:38 - watchfiles.main - INFO - 1 change detected
2026-01-13 12:47:38 - watchfiles.main - INFO - 1 change detected
2026-01-13 12:47:39 - watchfiles.main - INFO - 1 change detected
2026-01-13 12:47:39 - watchfiles.main - INFO - 1 change detected
2026-01-13 12:47:39 - watchfiles.main - INFO - 1 change detected
2026-01-13 12:47:40 - watchfiles.main - INFO - 1 change detected
2026-01-13 12:47:40 - watchfiles.main - INFO - 1 change detected
2026-01-13 12:47:41 - watchfiles.main - INFO - 1 change detected
2026-01-13 12:47:41 - watchfiles.main - INFO - 1 change detected
2026-01-13 12:47:42 - watchfiles.main - INFO - 1 change detected
2026-01-13 12:47:42 - watchfiles.main - INFO - 1 change detected
2026-01-13 12:47:42 - watchfiles.main - INFO - 1 change detected
2026-01-13 12:47:43 - watchfiles.main - INFO - 1 change detected
2026-01-13 12:47:43 - watchfiles.main - INFO - 1 change detected
2026-01-13 12:47:44 - watchfiles.main - INFO - 1 change detected
2026-01-13 12:47:44 - watchfiles.main - INFO - 1 change detected
2026-01-13 12:47:44 - watchfiles.main - INFO - 1 change detected
2026-01-13 12:47:45 - watchfiles.main - INFO - 1 change detected
2026-01-13 12:47:45 - watchfiles.main - INFO - 1 change detected
2026-01-13 12:47:46 - watchfiles.main - INFO - 1 change detected
2026-01-13 12:47:46 - watchfiles.main - INFO - 1 change detected
2026-01-13 12:47:46 - watchfiles.main - INFO - 1 change detected
2026-01-13 12:47:47 - watchfiles.main - INFO - 1 change detected
2026-01-13 12:47:47 - watchfiles.main - INFO - 1 change detected
2026-01-13 12:47:48 - watchfiles.main - INFO - 1 change detected
2026-01-13 12:47:48 - watchfiles.main - INFO - 1 change detected
2026-01-13 12:47:49 - watchfiles.main - INFO - 1 change detected
2026-01-13 12:47:49 - watchfiles.main - INFO - 1 change detected
2026-01-13 12:47:49 - watchfiles.main - INFO - 1 change detected
2026-01-13 12:47:50 - watchfiles.main - INFO - 1 change detected
2026-01-13 12:47:50 - watchfiles.main - INFO - 1 change detected
2026-01-13 12:47:51 - watchfiles.main - INFO - 1 change detected
2026-01-13 12:47:51 - watchfiles.main - INFO - 1 change detected
2026-01-13 12:47:51 - watchfiles.main - INFO - 1 change detected
2026-01-13 12:47:52 - watchfiles.main - INFO - 1 change detected
2026-01-13 12:47:52 - watchfiles.main - INFO - 1 change detected
2026-01-13 12:47:53 - watchfiles.main - INFO - 1 change detected
2026-01-13 12:47:53 - watchfiles.main - INFO - 1 change detected
2026-01-13 12:47:53 - watchfiles.main - INFO - 1 change detected
2026-01-13 12:47:54 - watchfiles.main - INFO - 1 change detected
2026-01-13 12:47:54 - watchfiles.main - INFO - 1 change detected
2026-01-13 12:47:55 - watchfiles.main - INFO - 1 change detected
2026-01-13 12:47:55 - watchfiles.main - INFO - 1 change detected
2026-01-13 12:47:55 - watchfiles.main - INFO - 1 change detected
2026-01-13 12:47:56 - watchfiles.main - INFO - 1 change detected
2026-01-13 12:47:56 - watchfiles.main - INFO - 1 change detected
2026-01-13 12:47:57 - watchfiles.main - INFO - 1 change detected
2026-01-13 12:47:57 - watchfiles.main - INFO - 1 change detected
2026-01-13 12:47:57 - watchfiles.main - INFO - 1 change detected
2026-01-13 12:47:58 - watchfiles.main - INFO - 1 change detected
2026-01-13 12:47:58 - watchfiles.main - INFO - 1 change detected
2026-01-13 12:47:59 - watchfiles.main - INFO - 1 change detected
2026-01-13 12:47:59 - watchfiles.main - INFO - 1 change detected
2026-01-13 12:47:59 - watchfiles.main - INFO - 1 change detected
2026-01-13 12:48:00 - watchfiles.main - INFO - 1 change detected
2026-01-13 12:48:00 - watchfiles.main - INFO - 1 change detected
2026-01-13 12:48:01 - watchfiles.main - INFO - 1 change detected
2026-01-13 12:48:01 - watchfiles.main - INFO - 1 change detected
2026-01-13 12:48:02 - watchfiles.main - INFO - 1 change detected
2026-01-13 12:48:02 - watchfiles.main - INFO - 1 change detected
2026-01-13 12:48:02 - watchfiles.main - INFO - 1 change detected
2026-01-13 12:48:03 - watchfiles.main - INFO - 1 change detected
2026-01-13 12:48:03 - watchfiles.main - INFO - 1 change detected
2026-01-13 12:48:04 - watchfiles.main - INFO - 1 change detected
2026-01-13 12:48:04 - watchfiles.main - INFO - 1 change detected
2026-01-13 12:48:04 - watchfiles.main - INFO - 1 change detected
2026-01-13 12:48:05 - watchfiles.main - INFO - 1 change detected
2026-01-13 12:48:05 - watchfiles.main - INFO - 1 change detected
2026-01-13 12:48:06 - watchfiles.main - INFO - 1 change detected
2026-01-13 12:48:06 - watchfiles.main - INFO - 1 change detected
2026-01-13 12:48:06 - watchfiles.main - INFO - 1 change detected
2026-01-13 12:48:07 - watchfiles.main - INFO - 1 change detected
2026-01-13 12:48:07 - watchfiles.main - INFO - 1 change detected
2026-01-13 12:48:08 - watchfiles.main - INFO - 1 change detected
2026-01-13 12:48:08 - watchfiles.main - INFO - 1 change detected
2026-01-13 12:48:08 - watchfiles.main - INFO - 1 change detected
2026-01-13 12:48:09 - watchfiles.main - INFO - 1 change detected
2026-01-13 12:48:09 - watchfiles.main - INFO - 1 change detected
2026-01-13 12:48:10 - watchfiles.main - INFO - 1 change detected
2026-01-13 12:48:10 - watchfiles.main - INFO - 1 change detected
2026-01-13 12:48:11 - watchfiles.main - INFO - 1 change detected
2026-01-13 12:48:11 - watchfiles.main - INFO - 1 change detected
2026-01-13 12:48:11 - watchfiles.main - INFO - 1 change detected
2026-01-13 12:48:12 - watchfiles.main - INFO - 1 change detected
2026-01-13 12:48:12 - watchfiles.main - INFO - 1 change detected
2026-01-13 12:48:13 - watchfiles.main - INFO - 1 change detected
2026-01-13 12:48:13 - watchfiles.main - INFO - 1 change detected
2026-01-13 12:48:13 - watchfiles.main - INFO - 1 change detected
2026-01-13 12:48:14 - watchfiles.main - INFO - 1 change detected
2026-01-13 12:48:14 - watchfiles.main - INFO - 1 change detected
2026-01-13 12:48:15 - watchfiles.main - INFO - 1 change detected
2026-01-13 12:48:15 - watchfiles.main - INFO - 1 change detected
2026-01-13 12:48:15 - watchfiles.main - INFO - 1 change detected
2026-01-13 12:48:16 - watchfiles.main - INFO - 1 change detected
2026-01-13 12:48:16 - watchfiles.main - INFO - 1 change detected
2026-01-13 12:48:17 - watchfiles.main - INFO - 1 change detected
2026-01-13 12:48:17 - watchfiles.main - INFO - 1 change detected
2026-01-13 12:48:17 - watchfiles.main - INFO - 1 change detected
2026-01-13 12:48:18 - watchfiles.main - INFO - 1 change detected
2026-01-13 12:48:18 - watchfiles.main - INFO - 1 change detected
2026-01-13 12:48:19 - watchfiles.main - INFO - 1 change detected
2026-01-13 12:48:19 - watchfiles.main - INFO - 1 change detected
2026-01-13 12:48:20 - watchfiles.main - INFO - 1 change detected
2026-01-13 12:48:20 - watchfiles.main - INFO - 1 change detected
2026-01-13 12:48:20 - watchfiles.main - INFO - 1 change detected
2026-01-13 12:48:21 - watchfiles.main - INFO - 1 change detected
2026-01-13 12:48:21 - watchfiles.main - INFO - 1 change detected
2026-01-13 12:48:22 - watchfiles.main - INFO - 1 change detected
2026-01-13 12:48:22 - watchfiles.main - INFO - 1 change detected
2026-01-13 12:48:22 - watchfiles.main - INFO - 1 change detected
2026-01-13 12:48:23 - watchfiles.main - INFO - 1 change detected
2026-01-13 12:48:23 - watchfiles.main - INFO - 1 change detected
2026-01-13 12:48:24 - watchfiles.main - INFO - 1 change detected
2026-01-13 12:48:24 - watchfiles.main - INFO - 1 change detected
2026-01-13 12:48:24 - watchfiles.main - INFO - 1 change detected
2026-01-13 12:48:25 - watchfiles.main - INFO - 1 change detected
2026-01-13 12:48:25 - watchfiles.main - INFO - 1 change detected
2026-01-13 12:48:26 - watchfiles.main - INFO - 1 change detected
2026-01-13 12:48:26 - watchfiles.main - INFO - 1 change detected
2026-01-13 12:48:26 - watchfiles.main - INFO - 1 change detected
2026-01-13 12:48:27 - watchfiles.main - INFO - 1 change detected
2026-01-13 12:48:27 - watchfiles.main - INFO - 1 change detected
2026-01-13 12:48:28 - watchfiles.main - INFO - 1 change detected
2026-01-13 12:48:28 - watchfiles.main - INFO - 1 change detected
2026-01-13 12:48:28 - watchfiles.main - INFO - 1 change detected
2026-01-13 12:48:29 - watchfiles.main - INFO - 1 change detected
2026-01-13 12:48:29 - watchfiles.main - INFO - 1 change detected
2026-01-13 12:48:30 - watchfiles.main - INFO - 1 change detected
2026-01-13 12:48:30 - watchfiles.main - INFO - 1 change detected
2026-01-13 12:48:30 - watchfiles.main - INFO - 1 change detected
2026-01-13 12:48:31 - watchfiles.main - INFO - 1 change detected
2026-01-13 12:48:31 - watchfiles.main - INFO - 1 change detected
2026-01-13 12:48:32 - watchfiles.main - INFO - 1 change detected
2026-01-13 12:48:32 - watchfiles.main - INFO - 1 change detected
2026-01-13 12:48:32 - watchfiles.main - INFO - 1 change detected
2026-01-13 12:48:33 - watchfiles.main - INFO - 1 change detected
2026-01-13 12:48:33 - watchfiles.main - INFO - 1 change detected
2026-01-13 12:48:34 - watchfiles.main - INFO - 1 change detected
2026-01-13 12:48:34 - watchfiles.main - INFO - 1 change detected
2026-01-13 12:48:35 - watchfiles.main - INFO - 1 change detected
2026-01-13 12:48:35 - watchfiles.main - INFO - 1 change detected
2026-01-13 12:48:35 - watchfiles.main - INFO - 1 change detected
2026-01-13 12:48:36 - watchfiles.main - INFO - 1 change detected
2026-01-13 12:48:36 - watchfiles.main - INFO - 1 change detected
2026-01-13 12:48:37 - watchfiles.main - INFO - 1 change detected
2026-01-13 12:48:37 - watchfiles.main - INFO - 1 change detected
2026-01-13 12:48:37 - watchfiles.main - INFO - 1 change detected
2026-01-13 12:48:38 - watchfiles.main - INFO - 1 change detected
2026-01-13 12:48:38 - watchfiles.main - INFO - 1 change detected
2026-01-13 12:48:39 - watchfiles.main - INFO - 1 change detected
2026-01-13 12:48:39 - watchfiles.main - INFO - 1 change detected
2026-01-13 12:48:39 - watchfiles.main - INFO - 1 change detected
2026-01-13 12:48:40 - watchfiles.main - INFO - 1 change detected
2026-01-13 12:48:40 - watchfiles.main - INFO - 1 change detected
2026-01-13 12:48:41 - watchfiles.main - INFO - 1 change detected
2026-01-13 12:48:41 - watchfiles.main - INFO - 1 change detected
2026-01-13 12:48:41 - watchfiles.main - INFO - 1 change detected
2026-01-13 12:48:42 - watchfiles.main - INFO - 1 change detected
2026-01-13 12:48:42 - watchfiles.main - INFO - 1 change detected
2026-01-13 12:48:43 - watchfiles.main - INFO - 1 change detected
2026-01-13 12:48:43 - watchfiles.main - INFO - 1 change detected
2026-01-13 12:48:43 - watchfiles.main - INFO - 1 change detected
2026-01-13 12:48:44 - watchfiles.main - INFO - 1 change detected
2026-01-13 12:48:44 - watchfiles.main - INFO - 1 change detected
2026-01-13 12:48:45 - watchfiles.main - INFO - 1 change detected
2026-01-13 12:48:45 - watchfiles.main - INFO - 1 change detected
2026-01-13 12:48:45 - watchfiles.main - INFO - 1 change detected
2026-01-13 12:48:46 - watchfiles.main - INFO - 1 change detected
2026-01-13 12:48:46 - watchfiles.main - INFO - 1 change detected
2026-01-13 12:48:47 - watchfiles.main - INFO - 1 change detected
2026-01-13 12:48:47 - watchfiles.main - INFO - 1 change detected
2026-01-13 12:48:47 - watchfiles.main - INFO - 1 change detected
2026-01-13 12:48:48 - watchfiles.main - INFO - 1 change detected
2026-01-13 12:48:48 - watchfiles.main - INFO - 1 change detected
2026-01-13 12:48:49 - watchfiles.main - INFO - 1 change detected
2026-01-13 12:48:49 - watchfiles.main - INFO - 1 change detected
2026-01-13 12:48:50 - watchfiles.main - INFO - 1 change detected
2026-01-13 12:48:50 - watchfiles.main - INFO - 1 change detected
2026-01-13 12:48:50 - watchfiles.main - INFO - 1 change detected
2026-01-13 12:48:51 - watchfiles.main - INFO - 1 change detected
2026-01-13 12:48:51 - watchfiles.main - INFO - 1 change detected
2026-01-13 12:48:52 - watchfiles.main - INFO - 1 change detected
2026-01-13 12:48:52 - watchfiles.main - INFO - 1 change detected
2026-01-13 12:48:52 - watchfiles.main - INFO - 1 change detected
2026-01-13 12:48:53 - watchfiles.main - INFO - 1 change detected
2026-01-13 12:48:53 - watchfiles.main - INFO - 1 change detected
2026-01-13 12:48:54 - watchfiles.main - INFO - 1 change detected
2026-01-13 12:48:54 - watchfiles.main - INFO - 1 change detected
2026-01-13 12:48:54 - watchfiles.main - INFO - 1 change detected
2026-01-13 12:48:55 - watchfiles.main - INFO - 1 change detected
2026-01-13 12:48:55 - watchfiles.main - INFO - 1 change detected
2026-01-13 12:48:56 - watchfiles.main - INFO - 1 change detected
2026-01-13 12:48:56 - watchfiles.main - INFO - 1 change detected
2026-01-13 12:48:57 - watchfiles.main - INFO - 1 change detected
2026-01-13 12:48:57 - watchfiles.main - INFO - 1 change detected
2026-01-13 12:48:57 - watchfiles.main - INFO - 1 change detected
2026-01-13 12:48:58 - watchfiles.main - INFO - 1 change detected
2026-01-13 12:48:58 - watchfiles.main - INFO - 1 change detected
2026-01-13 12:48:59 - watchfiles.main - INFO - 1 change detected
2026-01-13 12:48:59 - watchfiles.main - INFO - 1 change detected
2026-01-13 12:48:59 - watchfiles.main - INFO - 1 change detected
2026-01-13 12:49:00 - watchfiles.main - INFO - 1 change detected
2026-01-13 12:49:00 - watchfiles.main - INFO - 1 change detected
2026-01-13 12:49:01 - watchfiles.main - INFO - 1 change detected
2026-01-13 12:49:01 - watchfiles.main - INFO - 1 change detected
2026-01-13 12:49:01 - watchfiles.main - INFO - 1 change detected
2026-01-13 12:49:02 - watchfiles.main - INFO - 1 change detected
2026-01-13 12:49:02 - watchfiles.main - INFO - 1 change detected
2026-01-13 12:49:03 - watchfiles.main - INFO - 1 change detected
2026-01-13 12:49:03 - watchfiles.main - INFO - 1 change detected
2026-01-13 12:49:03 - watchfiles.main - INFO - 1 change detected
2026-01-13 12:49:04 - watchfiles.main - INFO - 1 change detected
2026-01-13 12:49:04 - watchfiles.main - INFO - 1 change detected
2026-01-13 12:49:05 - watchfiles.main - INFO - 1 change detected
2026-01-13 12:49:05 - watchfiles.main - INFO - 1 change detected
2026-01-13 12:49:06 - watchfiles.main - INFO - 1 change detected
2026-01-13 12:49:06 - watchfiles.main - INFO - 1 change detected
2026-01-13 12:49:06 - watchfiles.main - INFO - 1 change detected
2026-01-13 12:49:07 - watchfiles.main - INFO - 1 change detected
2026-01-13 12:49:07 - watchfiles.main - INFO - 1 change detected
2026-01-13 12:49:08 - watchfiles.main - INFO - 1 change detected
2026-01-13 12:49:08 - watchfiles.main - INFO - 1 change detected
2026-01-13 12:49:08 - watchfiles.main - INFO - 1 change detected
2026-01-13 12:49:09 - watchfiles.main - INFO - 1 change detected
2026-01-13 12:49:09 - watchfiles.main - INFO - 1 change detected
2026-01-13 12:49:10 - watchfiles.main - INFO - 1 change detected
2026-01-13 12:49:10 - watchfiles.main - INFO - 1 change detected
2026-01-13 12:49:10 - watchfiles.main - INFO - 1 change detected
2026-01-13 12:49:11 - watchfiles.main - INFO - 1 change detected
2026-01-13 12:49:11 - watchfiles.main - INFO - 1 change detected
2026-01-13 12:49:12 - watchfiles.main - INFO - 1 change detected
2026-01-13 12:49:12 - watchfiles.main - INFO - 1 change detected
2026-01-13 12:49:12 - watchfiles.main - INFO - 1 change detected
2026-01-13 12:49:13 - watchfiles.main - INFO - 1 change detected
2026-01-13 12:49:13 - watchfiles.main - INFO - 1 change detected
2026-01-13 12:49:14 - watchfiles.main - INFO - 1 change detected
2026-01-13 12:49:14 - watchfiles.main - INFO - 1 change detected
2026-01-13 12:49:14 - watchfiles.main - INFO - 1 change detected
2026-01-13 12:49:15 - watchfiles.main - INFO - 1 change detected
2026-01-13 12:49:15 - watchfiles.main - INFO - 1 change detected
2026-01-13 12:49:16 - watchfiles.main - INFO - 1 change detected
2026-01-13 12:49:16 - watchfiles.main - INFO - 1 change detected
2026-01-13 12:49:16 - watchfiles.main - INFO - 1 change detected
2026-01-13 12:49:17 - watchfiles.main - INFO - 1 change detected
2026-01-13 12:49:17 - watchfiles.main - INFO - 1 change detected
2026-01-13 12:49:18 - watchfiles.main - INFO - 1 change detected
2026-01-13 12:49:18 - watchfiles.main - INFO - 1 change detected
2026-01-13 12:49:19 - watchfiles.main - INFO - 1 change detected
2026-01-13 12:49:19 - watchfiles.main - INFO - 1 change detected
2026-01-13 12:49:19 - watchfiles.main - INFO - 1 change detected
2026-01-13 12:49:20 - watchfiles.main - INFO - 1 change detected
2026-01-13 12:49:20 - watchfiles.main - INFO - 1 change detected
2026-01-13 12:49:21 - watchfiles.main - INFO - 1 change detected
2026-01-13 12:49:21 - watchfiles.main - INFO - 1 change detected
2026-01-13 12:49:21 - watchfiles.main - INFO - 1 change detected
2026-01-13 12:49:22 - watchfiles.main - INFO - 1 change detected
2026-01-13 12:49:22 - watchfiles.main - INFO - 1 change detected
2026-01-13 12:49:23 - watchfiles.main - INFO - 1 change detected
2026-01-13 12:49:23 - watchfiles.main - INFO - 1 change detected
2026-01-13 12:49:23 - watchfiles.main - INFO - 1 change detected
2026-01-13 12:49:24 - watchfiles.main - INFO - 1 change detected
2026-01-13 12:49:24 - watchfiles.main - INFO - 1 change detected
2026-01-13 12:49:25 - watchfiles.main - INFO - 1 change detected
2026-01-13 12:49:25 - watchfiles.main - INFO - 1 change detected
2026-01-13 12:49:25 - watchfiles.main - INFO - 1 change detected
2026-01-13 12:49:26 - watchfiles.main - INFO - 1 change detected
2026-01-13 12:49:26 - watchfiles.main - INFO - 1 change detected
2026-01-13 12:49:27 - watchfiles.main - INFO - 1 change detected
2026-01-13 12:49:27 - watchfiles.main - INFO - 1 change detected
2026-01-13 12:49:27 - watchfiles.main - INFO - 1 change detected
2026-01-13 12:49:28 - watchfiles.main - INFO - 1 change detected
2026-01-13 12:49:28 - watchfiles.main - INFO - 1 change detected
2026-01-13 12:49:29 - watchfiles.main - INFO - 1 change detected
2026-01-13 12:49:29 - watchfiles.main - INFO - 1 change detected
2026-01-13 12:49:29 - watchfiles.main - INFO - 1 change detected
2026-01-13 12:49:30 - watchfiles.main - INFO - 1 change detected
2026-01-13 12:49:30 - watchfiles.main - INFO - 1 change detected
2026-01-13 12:49:31 - watchfiles.main - INFO - 1 change detected
2026-01-13 12:49:31 - watchfiles.main - INFO - 1 change detected
2026-01-13 12:49:31 - watchfiles.main - INFO - 1 change detected
2026-01-13 12:49:32 - watchfiles.main - INFO - 1 change detected
2026-01-13 12:49:32 - watchfiles.main - INFO - 1 change detected
2026-01-13 12:49:33 - watchfiles.main - INFO - 1 change detected
2026-01-13 12:49:33 - watchfiles.main - INFO - 1 change detected
2026-01-13 12:49:34 - watchfiles.main - INFO - 1 change detected
2026-01-13 12:49:34 - watchfiles.main - INFO - 1 change detected
2026-01-13 12:49:34 - watchfiles.main - INFO - 1 change detected
2026-01-13 12:49:35 - watchfiles.main - INFO - 1 change detected
2026-01-13 12:49:35 - watchfiles.main - INFO - 1 change detected
2026-01-13 12:49:36 - watchfiles.main - INFO - 1 change detected
2026-01-13 12:49:36 - watchfiles.main - INFO - 1 change detected
2026-01-13 12:49:36 - watchfiles.main - INFO - 1 change detected
2026-01-13 12:49:37 - watchfiles.main - INFO - 1 change detected
2026-01-13 12:49:37 - watchfiles.main - INFO - 1 change detected
2026-01-13 12:49:38 - watchfiles.main - INFO - 1 change detected
2026-01-13 12:49:38 - watchfiles.main - INFO - 1 change detected
2026-01-13 12:49:38 - watchfiles.main - INFO - 1 change detected
2026-01-13 12:49:39 - watchfiles.main - INFO - 1 change detected
2026-01-13 12:49:39 - watchfiles.main - INFO - 1 change detected
2026-01-13 12:49:40 - watchfiles.main - INFO - 1 change detected
2026-01-13 12:49:40 - watchfiles.main - INFO - 1 change detected
2026-01-13 12:49:41 - watchfiles.main - INFO - 1 change detected
2026-01-13 12:49:41 - watchfiles.main - INFO - 1 change detected
2026-01-13 12:49:41 - watchfiles.main - INFO - 1 change detected
2026-01-13 12:49:42 - watchfiles.main - INFO - 1 change detected
2026-01-13 12:49:42 - watchfiles.main - INFO - 1 change detected
2026-01-13 12:49:43 - watchfiles.main - INFO - 1 change detected
2026-01-13 12:49:43 - watchfiles.main - INFO - 1 change detected
2026-01-13 12:49:43 - watchfiles.main - INFO - 1 change detected
2026-01-13 12:49:44 - watchfiles.main - INFO - 1 change detected
2026-01-13 12:49:44 - watchfiles.main - INFO - 1 change detected
2026-01-13 12:49:45 - watchfiles.main - INFO - 1 change detected
2026-01-13 12:49:45 - watchfiles.main - INFO - 1 change detected
2026-01-13 12:49:45 - watchfiles.main - INFO - 1 change detected
2026-01-13 12:49:46 - watchfiles.main - INFO - 1 change detected
2026-01-13 12:49:46 - watchfiles.main - INFO - 1 change detected
2026-01-13 12:49:47 - watchfiles.main - INFO - 1 change detected
2026-01-13 12:49:47 - watchfiles.main - INFO - 1 change detected
2026-01-13 12:49:48 - watchfiles.main - INFO - 1 change detected
2026-01-13 12:49:48 - watchfiles.main - INFO - 1 change detected
2026-01-13 12:49:48 - watchfiles.main - INFO - 1 change detected
2026-01-13 12:49:49 - watchfiles.main - INFO - 1 change detected
2026-01-13 12:49:49 - watchfiles.main - INFO - 1 change detected
2026-01-13 12:49:49 - watchfiles.main - INFO - 1 change detected
2026-01-13 12:49:50 - watchfiles.main - INFO - 1 change detected
2026-01-13 12:49:50 - watchfiles.main - INFO - 1 change detected
2026-01-13 12:49:51 - watchfiles.main - INFO - 1 change detected
2026-01-13 12:49:51 - watchfiles.main - INFO - 1 change detected
2026-01-13 12:49:52 - watchfiles.main - INFO - 1 change detected
2026-01-13 12:49:52 - watchfiles.main - INFO - 1 change detected
2026-01-13 12:49:52 - watchfiles.main - INFO - 1 change detected
2026-01-13 12:49:53 - watchfiles.main - INFO - 1 change detected
2026-01-13 12:49:53 - watchfiles.main - INFO - 1 change detected
2026-01-13 12:49:54 - watchfiles.main - INFO - 1 change detected
2026-01-13 12:49:54 - watchfiles.main - INFO - 1 change detected
2026-01-13 12:49:54 - watchfiles.main - INFO - 1 change detected
2026-01-13 12:49:55 - watchfiles.main - INFO - 1 change detected
2026-01-13 12:49:55 - watchfiles.main - INFO - 1 change detected
2026-01-13 12:49:56 - watchfiles.main - INFO - 1 change detected
2026-01-13 12:49:56 - watchfiles.main - INFO - 1 change detected
2026-01-13 12:49:56 - watchfiles.main - INFO - 1 change detected
2026-01-13 12:49:57 - watchfiles.main - INFO - 1 change detected
2026-01-13 12:49:57 - watchfiles.main - INFO - 1 change detected
2026-01-13 12:49:58 - watchfiles.main - INFO - 1 change detected
2026-01-13 12:49:58 - watchfiles.main - INFO - 1 change detected
2026-01-13 12:49:58 - watchfiles.main - INFO - 1 change detected
2026-01-13 12:49:59 - watchfiles.main - INFO - 1 change detected
2026-01-13 12:49:59 - watchfiles.main - INFO - 1 change detected
2026-01-13 12:50:00 - watchfiles.main - INFO - 1 change detected
2026-01-13 12:50:00 - watchfiles.main - INFO - 1 change detected
2026-01-13 12:50:01 - watchfiles.main - INFO - 1 change detected
2026-01-13 12:50:01 - watchfiles.main - INFO - 1 change detected
2026-01-13 12:50:01 - watchfiles.main - INFO - 1 change detected
2026-01-13 12:50:02 - watchfiles.main - INFO - 1 change detected
2026-01-13 12:50:02 - watchfiles.main - INFO - 1 change detected
2026-01-13 12:50:03 - watchfiles.main - INFO - 1 change detected
2026-01-13 12:50:03 - watchfiles.main - INFO - 1 change detected
2026-01-13 12:50:03 - watchfiles.main - INFO - 1 change detected
2026-01-13 12:50:04 - watchfiles.main - INFO - 1 change detected
2026-01-13 12:50:04 - watchfiles.main - INFO - 1 change detected
2026-01-13 12:50:05 - watchfiles.main - INFO - 1 change detected
2026-01-13 12:50:05 - watchfiles.main - INFO - 1 change detected
2026-01-13 12:50:05 - watchfiles.main - INFO - 1 change detected
2026-01-13 12:50:06 - watchfiles.main - INFO - 1 change detected
2026-01-13 12:50:06 - watchfiles.main - INFO - 1 change detected
2026-01-13 12:50:07 - watchfiles.main - INFO - 1 change detected
2026-01-13 12:50:07 - watchfiles.main - INFO - 1 change detected
2026-01-13 12:50:07 - watchfiles.main - INFO - 1 change detected
2026-01-13 12:50:08 - watchfiles.main - INFO - 1 change detected
2026-01-13 12:50:08 - watchfiles.main - INFO - 1 change detected
2026-01-13 12:50:09 - watchfiles.main - INFO - 1 change detected
2026-01-13 12:50:09 - watchfiles.main - INFO - 1 change detected
2026-01-13 12:50:09 - watchfiles.main - INFO - 1 change detected
2026-01-13 12:50:10 - watchfiles.main - INFO - 1 change detected
2026-01-13 12:50:10 - watchfiles.main - INFO - 1 change detected
2026-01-13 12:50:11 - watchfiles.main - INFO - 1 change detected
2026-01-13 12:50:11 - watchfiles.main - INFO - 1 change detected
2026-01-13 12:50:11 - watchfiles.main - INFO - 1 change detected
2026-01-13 12:50:12 - watchfiles.main - INFO - 1 change detected
2026-01-13 12:50:12 - watchfiles.main - INFO - 1 change detected
2026-01-13 12:50:13 - watchfiles.main - INFO - 1 change detected
2026-01-13 12:50:13 - watchfiles.main - INFO - 1 change detected
2026-01-13 12:50:13 - watchfiles.main - INFO - 1 change detected
2026-01-13 12:50:14 - watchfiles.main - INFO - 1 change detected
2026-01-13 12:50:14 - watchfiles.main - INFO - 1 change detected
2026-01-13 12:50:15 - watchfiles.main - INFO - 1 change detected
2026-01-13 12:50:15 - watchfiles.main - INFO - 1 change detected
2026-01-13 12:50:16 - watchfiles.main - INFO - 1 change detected
2026-01-13 12:50:16 - watchfiles.main - INFO - 1 change detected
2026-01-13 12:50:16 - watchfiles.main - INFO - 1 change detected
2026-01-13 12:50:17 - watchfiles.main - INFO - 1 change detected
2026-01-13 12:50:17 - watchfiles.main - INFO - 1 change detected
2026-01-13 12:50:18 - watchfiles.main - INFO - 1 change detected
2026-01-13 12:50:18 - watchfiles.main - INFO - 1 change detected
2026-01-13 12:50:18 - watchfiles.main - INFO - 1 change detected
2026-01-13 12:50:19 - watchfiles.main - INFO - 1 change detected
2026-01-13 12:50:19 - watchfiles.main - INFO - 1 change detected
2026-01-13 12:50:20 - watchfiles.main - INFO - 1 change detected
2026-01-13 12:50:20 - watchfiles.main - INFO - 1 change detected
2026-01-13 12:50:20 - watchfiles.main - INFO - 1 change detected
2026-01-13 12:50:21 - watchfiles.main - INFO - 1 change detected
2026-01-13 12:50:21 - watchfiles.main - INFO - 1 change detected
2026-01-13 12:50:22 - watchfiles.main - INFO - 1 change detected
2026-01-13 12:50:22 - watchfiles.main - INFO - 1 change detected
2026-01-13 12:50:22 - watchfiles.main - INFO - 1 change detected
2026-01-13 12:50:23 - watchfiles.main - INFO - 1 change detected
2026-01-13 12:50:23 - watchfiles.main - INFO - 1 change detected
2026-01-13 12:50:24 - watchfiles.main - INFO - 1 change detected
2026-01-13 12:50:24 - watchfiles.main - INFO - 1 change detected
2026-01-13 12:50:24 - watchfiles.main - INFO - 1 change detected
2026-01-13 12:50:25 - watchfiles.main - INFO - 1 change detected
2026-01-13 12:50:25 - watchfiles.main - INFO - 1 change detected
2026-01-13 12:50:26 - watchfiles.main - INFO - 1 change detected
2026-01-13 12:50:26 - watchfiles.main - INFO - 1 change detected
2026-01-13 12:50:26 - watchfiles.main - INFO - 1 change detected
2026-01-13 12:50:27 - watchfiles.main - INFO - 1 change detected
2026-01-13 12:50:27 - watchfiles.main - INFO - 1 change detected
2026-01-13 12:50:28 - watchfiles.main - INFO - 1 change detected
2026-01-13 12:50:28 - watchfiles.main - INFO - 1 change detected
2026-01-13 12:50:29 - watchfiles.main - INFO - 1 change detected
2026-01-13 12:50:29 - watchfiles.main - INFO - 1 change detected
2026-01-13 12:50:29 - watchfiles.main - INFO - 1 change detected
2026-01-13 12:50:30 - watchfiles.main - INFO - 1 change detected
2026-01-13 12:50:30 - watchfiles.main - INFO - 1 change detected
2026-01-13 12:50:31 - watchfiles.main - INFO - 1 change detected
2026-01-13 12:50:31 - watchfiles.main - INFO - 1 change detected
2026-01-13 12:50:31 - watchfiles.main - INFO - 1 change detected
2026-01-13 12:50:32 - watchfiles.main - INFO - 1 change detected
2026-01-13 12:50:32 - watchfiles.main - INFO - 1 change detected
2026-01-13 12:50:33 - watchfiles.main - INFO - 1 change detected
2026-01-13 12:50:33 - watchfiles.main - INFO - 1 change detected
2026-01-13 12:50:34 - watchfiles.main - INFO - 1 change detected
2026-01-13 12:50:34 - watchfiles.main - INFO - 1 change detected
2026-01-13 12:50:34 - watchfiles.main - INFO - 1 change detected
2026-01-13 12:50:35 - watchfiles.main - INFO - 1 change detected
2026-01-13 12:50:35 - watchfiles.main - INFO - 1 change detected
2026-01-13 12:50:36 - watchfiles.main - INFO - 1 change detected
2026-01-13 12:50:36 - watchfiles.main - INFO - 1 change detected
2026-01-13 12:50:36 - watchfiles.main - INFO - 1 change detected
2026-01-13 12:50:37 - watchfiles.main - INFO - 1 change detected
2026-01-13 12:50:37 - watchfiles.main - INFO - 1 change detected
2026-01-13 12:50:38 - watchfiles.main - INFO - 1 change detected
2026-01-13 12:50:38 - watchfiles.main - INFO - 1 change detected
2026-01-13 12:50:38 - watchfiles.main - INFO - 1 change detected
2026-01-13 12:50:39 - watchfiles.main - INFO - 1 change detected
2026-01-13 12:50:39 - watchfiles.main - INFO - 1 change detected
2026-01-13 12:50:40 - watchfiles.main - INFO - 1 change detected
2026-01-13 12:50:40 - watchfiles.main - INFO - 1 change detected
2026-01-13 12:50:40 - watchfiles.main - INFO - 1 change detected
2026-01-13 12:50:41 - watchfiles.main - INFO - 1 change detected
2026-01-13 12:50:41 - watchfiles.main - INFO - 1 change detected
2026-01-13 12:50:42 - watchfiles.main - INFO - 1 change detected
2026-01-13 12:50:42 - watchfiles.main - INFO - 1 change detected
2026-01-13 12:50:42 - watchfiles.main - INFO - 1 change detected
2026-01-13 12:50:43 - watchfiles.main - INFO - 1 change detected
2026-01-13 12:50:43 - watchfiles.main - INFO - 1 change detected
2026-01-13 12:50:44 - watchfiles.main - INFO - 1 change detected
2026-01-13 12:50:44 - watchfiles.main - INFO - 1 change detected
2026-01-13 12:50:44 - watchfiles.main - INFO - 1 change detected
2026-01-13 12:50:45 - watchfiles.main - INFO - 1 change detected
2026-01-13 12:50:45 - watchfiles.main - INFO - 1 change detected
2026-01-13 12:50:46 - watchfiles.main - INFO - 1 change detected
2026-01-13 12:50:46 - watchfiles.main - INFO - 1 change detected
2026-01-13 12:50:47 - watchfiles.main - INFO - 1 change detected
2026-01-13 12:50:47 - watchfiles.main - INFO - 1 change detected
2026-01-13 12:50:47 - watchfiles.main - INFO - 1 change detected
2026-01-13 12:50:48 - watchfiles.main - INFO - 1 change detected
2026-01-13 12:50:48 - watchfiles.main - INFO - 1 change detected
2026-01-13 12:50:49 - watchfiles.main - INFO - 1 change detected
2026-01-13 12:50:49 - watchfiles.main - INFO - 1 change detected
2026-01-13 12:50:49 - watchfiles.main - INFO - 1 change detected
2026-01-13 12:50:50 - watchfiles.main - INFO - 1 change detected
2026-01-13 12:50:50 - watchfiles.main - INFO - 1 change detected
2026-01-13 12:50:51 - watchfiles.main - INFO - 1 change detected
2026-01-13 12:50:51 - watchfiles.main - INFO - 1 change detected
2026-01-13 12:50:51 - watchfiles.main - INFO - 1 change detected
2026-01-13 12:50:52 - watchfiles.main - INFO - 1 change detected
2026-01-13 12:50:52 - watchfiles.main - INFO - 1 change detected
2026-01-13 12:50:53 - watchfiles.main - INFO - 1 change detected
2026-01-13 12:50:53 - watchfiles.main - INFO - 1 change detected
2026-01-13 12:50:54 - watchfiles.main - INFO - 1 change detected
2026-01-13 12:50:54 - watchfiles.main - INFO - 1 change detected
2026-01-13 12:50:54 - watchfiles.main - INFO - 1 change detected
2026-01-13 12:50:55 - watchfiles.main - INFO - 1 change detected
2026-01-13 12:50:55 - watchfiles.main - INFO - 1 change detected
2026-01-13 12:50:56 - watchfiles.main - INFO - 1 change detected
2026-01-13 12:50:56 - watchfiles.main - INFO - 1 change detected
2026-01-13 12:50:56 - watchfiles.main - INFO - 1 change detected
2026-01-13 12:50:57 - watchfiles.main - INFO - 1 change detected
2026-01-13 12:50:57 - watchfiles.main - INFO - 1 change detected
2026-01-13 12:50:58 - watchfiles.main - INFO - 1 change detected
2026-01-13 12:50:58 - watchfiles.main - INFO - 1 change detected
2026-01-13 12:50:58 - watchfiles.main - INFO - 1 change detected
2026-01-13 12:50:59 - watchfiles.main - INFO - 1 change detected
2026-01-13 12:50:59 - watchfiles.main - INFO - 1 change detected
2026-01-13 12:51:00 - watchfiles.main - INFO - 1 change detected
2026-01-13 12:51:00 - watchfiles.main - INFO - 1 change detected
2026-01-13 12:51:01 - watchfiles.main - INFO - 1 change detected
2026-01-13 12:51:01 - watchfiles.main - INFO - 1 change detected
2026-01-13 12:51:01 - watchfiles.main - INFO - 1 change detected
2026-01-13 12:51:02 - watchfiles.main - INFO - 1 change detected
2026-01-13 12:51:02 - watchfiles.main - INFO - 1 change detected
2026-01-13 12:51:03 - watchfiles.main - INFO - 1 change detected
2026-01-13 12:51:03 - watchfiles.main - INFO - 1 change detected
2026-01-13 12:51:03 - watchfiles.main - INFO - 1 change detected
2026-01-13 12:51:04 - watchfiles.main - INFO - 1 change detected
2026-01-13 12:51:04 - watchfiles.main - INFO - 1 change detected
2026-01-13 12:51:05 - watchfiles.main - INFO - 1 change detected
2026-01-13 12:51:05 - watchfiles.main - INFO - 1 change detected
2026-01-13 12:51:05 - watchfiles.main - INFO - 1 change detected
2026-01-13 12:51:06 - watchfiles.main - INFO - 1 change detected
2026-01-13 12:51:06 - watchfiles.main - INFO - 1 change detected
2026-01-13 12:51:07 - watchfiles.main - INFO - 1 change detected
2026-01-13 12:51:07 - watchfiles.main - INFO - 1 change detected
2026-01-13 12:51:07 - watchfiles.main - INFO - 1 change detected
2026-01-13 12:51:08 - watchfiles.main - INFO - 1 change detected
2026-01-13 12:51:08 - watchfiles.main - INFO - 1 change detected
2026-01-13 12:51:09 - watchfiles.main - INFO - 1 change detected
2026-01-13 12:51:09 - watchfiles.main - INFO - 1 change detected
2026-01-13 12:51:09 - watchfiles.main - INFO - 1 change detected
2026-01-13 12:51:10 - watchfiles.main - INFO - 1 change detected
2026-01-13 12:51:10 - watchfiles.main - INFO - 1 change detected
2026-01-13 12:51:11 - watchfiles.main - INFO - 1 change detected
2026-01-13 12:51:11 - watchfiles.main - INFO - 1 change detected
2026-01-13 12:51:11 - watchfiles.main - INFO - 1 change detected
2026-01-13 12:51:12 - watchfiles.main - INFO - 1 change detected
2026-01-13 12:51:12 - watchfiles.main - INFO - 1 change detected
2026-01-13 12:51:13 - watchfiles.main - INFO - 1 change detected
2026-01-13 12:51:13 - watchfiles.main - INFO - 1 change detected
2026-01-13 12:51:14 - watchfiles.main - INFO - 1 change detected
2026-01-13 12:51:14 - watchfiles.main - INFO - 1 change detected
2026-01-13 12:51:14 - watchfiles.main - INFO - 1 change detected
2026-01-13 12:51:15 - watchfiles.main - INFO - 1 change detected
2026-01-13 12:51:15 - watchfiles.main - INFO - 1 change detected
2026-01-13 12:51:16 - watchfiles.main - INFO - 1 change detected
2026-01-13 12:51:16 - watchfiles.main - INFO - 1 change detected
2026-01-13 12:51:16 - watchfiles.main - INFO - 1 change detected
2026-01-13 12:51:17 - watchfiles.main - INFO - 1 change detected
2026-01-13 12:51:17 - watchfiles.main - INFO - 1 change detected
2026-01-13 12:51:18 - watchfiles.main - INFO - 1 change detected
2026-01-13 12:51:18 - watchfiles.main - INFO - 1 change detected
2026-01-13 12:51:18 - watchfiles.main - INFO - 1 change detected
2026-01-13 12:51:19 - watchfiles.main - INFO - 1 change detected
2026-01-13 12:51:19 - watchfiles.main - INFO - 1 change detected
2026-01-13 12:51:20 - watchfiles.main - INFO - 1 change detected
2026-01-13 12:51:20 - watchfiles.main - INFO - 1 change detected
2026-01-13 12:51:20 - watchfiles.main - INFO - 1 change detected
2026-01-13 12:51:21 - watchfiles.main - INFO - 1 change detected
2026-01-13 12:51:21 - watchfiles.main - INFO - 1 change detected
2026-01-13 12:51:22 - watchfiles.main - INFO - 1 change detected
2026-01-13 12:51:22 - watchfiles.main - INFO - 1 change detected
2026-01-13 12:51:23 - watchfiles.main - INFO - 1 change detected
2026-01-13 12:51:23 - watchfiles.main - INFO - 1 change detected
2026-01-13 12:51:23 - watchfiles.main - INFO - 1 change detected
2026-01-13 12:51:24 - watchfiles.main - INFO - 1 change detected
2026-01-13 12:51:24 - watchfiles.main - INFO - 1 change detected
2026-01-13 12:51:25 - watchfiles.main - INFO - 1 change detected
2026-01-13 12:51:25 - watchfiles.main - INFO - 1 change detected
2026-01-13 12:51:25 - watchfiles.main - INFO - 1 change detected
2026-01-13 12:51:26 - watchfiles.main - INFO - 1 change detected
2026-01-13 12:51:26 - watchfiles.main - INFO - 1 change detected
2026-01-13 12:51:27 - watchfiles.main - INFO - 1 change detected
2026-01-13 12:51:27 - watchfiles.main - INFO - 1 change detected
2026-01-13 12:51:27 - watchfiles.main - INFO - 1 change detected
2026-01-13 12:51:28 - watchfiles.main - INFO - 1 change detected
2026-01-13 12:51:28 - watchfiles.main - INFO - 1 change detected
2026-01-13 12:51:29 - watchfiles.main - INFO - 1 change detected
2026-01-13 12:51:29 - watchfiles.main - INFO - 1 change detected
2026-01-13 12:51:29 - watchfiles.main - INFO - 1 change detected
2026-01-13 12:51:30 - watchfiles.main - INFO - 1 change detected
2026-01-13 12:51:30 - watchfiles.main - INFO - 1 change detected
2026-01-13 12:51:31 - watchfiles.main - INFO - 1 change detected
2026-01-13 12:51:31 - watchfiles.main - INFO - 1 change detected
2026-01-13 12:51:32 - watchfiles.main - INFO - 1 change detected
2026-01-13 12:51:32 - watchfiles.main - INFO - 1 change detected
2026-01-13 12:51:32 - watchfiles.main - INFO - 1 change detected
2026-01-13 12:51:33 - watchfiles.main - INFO - 1 change detected
2026-01-13 12:51:33 - watchfiles.main - INFO - 1 change detected
2026-01-13 12:51:34 - watchfiles.main - INFO - 1 change detected
2026-01-13 12:51:34 - watchfiles.main - INFO - 1 change detected
2026-01-13 12:51:34 - watchfiles.main - INFO - 1 change detected
2026-01-13 12:51:35 - watchfiles.main - INFO - 1 change detected
2026-01-13 12:51:35 - watchfiles.main - INFO - 1 change detected
2026-01-13 12:51:36 - watchfiles.main - INFO - 1 change detected
2026-01-13 12:51:36 - watchfiles.main - INFO - 1 change detected
2026-01-13 12:51:36 - watchfiles.main - INFO - 1 change detected
2026-01-13 12:51:37 - watchfiles.main - INFO - 1 change detected
2026-01-13 12:51:37 - watchfiles.main - INFO - 1 change detected
2026-01-13 12:51:38 - watchfiles.main - INFO - 1 change detected
2026-01-13 12:51:38 - watchfiles.main - INFO - 1 change detected
2026-01-13 12:51:38 - watchfiles.main - INFO - 1 change detected
2026-01-13 12:51:39 - watchfiles.main - INFO - 1 change detected
2026-01-13 12:51:39 - watchfiles.main - INFO - 1 change detected
2026-01-13 12:51:40 - watchfiles.main - INFO - 1 change detected
2026-01-13 12:51:40 - watchfiles.main - INFO - 1 change detected
2026-01-13 12:51:40 - watchfiles.main - INFO - 1 change detected
2026-01-13 12:51:41 - watchfiles.main - INFO - 1 change detected
2026-01-13 12:51:41 - watchfiles.main - INFO - 1 change detected
2026-01-13 12:51:42 - watchfiles.main - INFO - 1 change detected
2026-01-13 12:51:42 - watchfiles.main - INFO - 1 change detected
2026-01-13 12:51:43 - watchfiles.main - INFO - 1 change detected
2026-01-13 12:51:43 - watchfiles.main - INFO - 1 change detected
2026-01-13 12:51:43 - watchfiles.main - INFO - 1 change detected
2026-01-13 12:51:44 - watchfiles.main - INFO - 1 change detected
2026-01-13 12:51:44 - watchfiles.main - INFO - 1 change detected
2026-01-13 12:51:45 - watchfiles.main - INFO - 1 change detected
2026-01-13 12:51:45 - watchfiles.main - INFO - 1 change detected
2026-01-13 12:51:45 - watchfiles.main - INFO - 1 change detected
2026-01-13 12:51:46 - watchfiles.main - INFO - 1 change detected
2026-01-13 12:51:46 - watchfiles.main - INFO - 1 change detected
2026-01-13 12:51:47 - watchfiles.main - INFO - 1 change detected
2026-01-13 12:51:47 - watchfiles.main - INFO - 1 change detected
2026-01-13 12:51:47 - watchfiles.main - INFO - 1 change detected
2026-01-13 12:51:48 - watchfiles.main - INFO - 1 change detected
2026-01-13 12:51:48 - watchfiles.main - INFO - 1 change detected
2026-01-13 12:51:49 - watchfiles.main - INFO - 1 change detected
2026-01-13 12:51:49 - watchfiles.main - INFO - 1 change detected
2026-01-13 12:51:49 - watchfiles.main - INFO - 1 change detected
2026-01-13 12:51:50 - watchfiles.main - INFO - 1 change detected
2026-01-13 12:51:50 - watchfiles.main - INFO - 1 change detected
2026-01-13 12:51:51 - watchfiles.main - INFO - 1 change detected
2026-01-13 12:51:51 - watchfiles.main - INFO - 1 change detected
2026-01-13 12:51:51 - watchfiles.main - INFO - 1 change detected
2026-01-13 12:51:52 - watchfiles.main - INFO - 1 change detected
2026-01-13 12:51:52 - watchfiles.main - INFO - 1 change detected
2026-01-13 12:51:53 - watchfiles.main - INFO - 1 change detected
2026-01-13 12:51:53 - watchfiles.main - INFO - 1 change detected
2026-01-13 12:51:54 - watchfiles.main - INFO - 1 change detected
2026-01-13 12:51:54 - watchfiles.main - INFO - 1 change detected
2026-01-13 12:51:54 - watchfiles.main - INFO - 1 change detected
2026-01-13 12:51:55 - watchfiles.main - INFO - 1 change detected
2026-01-13 12:51:55 - watchfiles.main - INFO - 1 change detected
2026-01-13 12:51:56 - watchfiles.main - INFO - 1 change detected
2026-01-13 12:51:56 - watchfiles.main - INFO - 1 change detected
2026-01-13 12:51:56 - watchfiles.main - INFO - 1 change detected
2026-01-13 12:51:57 - watchfiles.main - INFO - 1 change detected
2026-01-13 12:51:57 - watchfiles.main - INFO - 1 change detected
2026-01-13 12:51:58 - watchfiles.main - INFO - 1 change detected
2026-01-13 12:51:58 - watchfiles.main - INFO - 1 change detected
2026-01-13 12:51:58 - watchfiles.main - INFO - 1 change detected
2026-01-13 12:51:59 - watchfiles.main - INFO - 1 change detected
2026-01-13 12:51:59 - watchfiles.main - INFO - 1 change detected
2026-01-13 12:52:00 - watchfiles.main - INFO - 1 change detected
2026-01-13 12:52:00 - watchfiles.main - INFO - 1 change detected
2026-01-13 12:52:00 - watchfiles.main - INFO - 1 change detected
2026-01-13 12:52:01 - watchfiles.main - INFO - 1 change detected
2026-01-13 12:52:01 - watchfiles.main - INFO - 1 change detected
2026-01-13 12:52:02 - watchfiles.main - INFO - 1 change detected
2026-01-13 12:52:02 - watchfiles.main - INFO - 1 change detected
2026-01-13 12:52:02 - watchfiles.main - INFO - 1 change detected
2026-01-13 12:52:03 - watchfiles.main - INFO - 1 change detected
2026-01-13 12:52:03 - watchfiles.main - INFO - 1 change detected
2026-01-13 12:52:04 - watchfiles.main - INFO - 1 change detected
2026-01-13 12:52:04 - watchfiles.main - INFO - 1 change detected
2026-01-13 12:52:04 - watchfiles.main - INFO - 1 change detected
2026-01-13 12:52:05 - watchfiles.main - INFO - 1 change detected
2026-01-13 12:52:05 - watchfiles.main - INFO - 1 change detected
2026-01-13 12:52:06 - watchfiles.main - INFO - 1 change detected
2026-01-13 12:52:06 - watchfiles.main - INFO - 1 change detected
2026-01-13 12:52:06 - watchfiles.main - INFO - 1 change detected
2026-01-13 12:52:07 - watchfiles.main - INFO - 1 change detected
2026-01-13 12:52:07 - watchfiles.main - INFO - 1 change detected
2026-01-13 12:52:08 - watchfiles.main - INFO - 1 change detected
2026-01-13 12:52:08 - watchfiles.main - INFO - 1 change detected
2026-01-13 12:52:08 - watchfiles.main - INFO - 1 change detected
2026-01-13 12:52:09 - watchfiles.main - INFO - 1 change detected
2026-01-13 12:52:09 - watchfiles.main - INFO - 1 change detected
2026-01-13 12:52:10 - watchfiles.main - INFO - 1 change detected
2026-01-13 12:52:10 - watchfiles.main - INFO - 1 change detected
2026-01-13 12:52:11 - watchfiles.main - INFO - 1 change detected
2026-01-13 12:52:11 - watchfiles.main - INFO - 1 change detected
2026-01-13 12:52:11 - watchfiles.main - INFO - 1 change detected
2026-01-13 12:52:12 - watchfiles.main - INFO - 1 change detected
2026-01-13 12:52:12 - watchfiles.main - INFO - 1 change detected
2026-01-13 12:52:13 - watchfiles.main - INFO - 1 change detected
2026-01-13 12:52:13 - watchfiles.main - INFO - 1 change detected
2026-01-13 12:52:13 - watchfiles.main - INFO - 1 change detected
2026-01-13 12:52:14 - watchfiles.main - INFO - 1 change detected
2026-01-13 12:52:14 - watchfiles.main - INFO - 1 change detected
2026-01-13 12:52:15 - watchfiles.main - INFO - 1 change detected
2026-01-13 12:52:15 - watchfiles.main - INFO - 1 change detected
2026-01-13 12:52:15 - watchfiles.main - INFO - 1 change detected
2026-01-13 12:52:16 - watchfiles.main - INFO - 1 change detected
2026-01-13 12:52:16 - watchfiles.main - INFO - 1 change detected
2026-01-13 12:52:17 - watchfiles.main - INFO - 1 change detected
2026-01-13 12:52:17 - watchfiles.main - INFO - 1 change detected
2026-01-13 12:52:17 - watchfiles.main - INFO - 1 change detected
2026-01-13 12:52:18 - watchfiles.main - INFO - 1 change detected
2026-01-13 12:52:18 - watchfiles.main - INFO - 1 change detected
2026-01-13 12:52:19 - watchfiles.main - INFO - 1 change detected
2026-01-13 12:52:19 - watchfiles.main - INFO - 1 change detected
2026-01-13 12:52:20 - watchfiles.main - INFO - 1 change detected
2026-01-13 12:52:20 - watchfiles.main - INFO - 1 change detected
2026-01-13 12:52:20 - watchfiles.main - INFO - 1 change detected
2026-01-13 12:52:21 - watchfiles.main - INFO - 1 change detected
2026-01-13 12:52:21 - watchfiles.main - INFO - 1 change detected
2026-01-13 12:52:22 - watchfiles.main - INFO - 1 change detected
2026-01-13 12:52:22 - watchfiles.main - INFO - 1 change detected
2026-01-13 12:52:22 - watchfiles.main - INFO - 1 change detected
2026-01-13 12:52:23 - watchfiles.main - INFO - 1 change detected
2026-01-13 12:52:23 - watchfiles.main - INFO - 1 change detected
2026-01-13 12:52:24 - watchfiles.main - INFO - 1 change detected
2026-01-13 12:52:24 - watchfiles.main - INFO - 1 change detected
2026-01-13 12:52:24 - watchfiles.main - INFO - 1 change detected
2026-01-13 12:52:25 - watchfiles.main - INFO - 1 change detected
2026-01-13 12:52:25 - watchfiles.main - INFO - 1 change detected
2026-01-13 12:52:26 - watchfiles.main - INFO - 1 change detected
2026-01-13 12:52:26 - watchfiles.main - INFO - 1 change detected
2026-01-13 12:52:26 - watchfiles.main - INFO - 1 change detected
2026-01-13 12:52:27 - watchfiles.main - INFO - 1 change detected
2026-01-13 12:52:27 - watchfiles.main - INFO - 1 change detected
2026-01-13 12:52:28 - watchfiles.main - INFO - 1 change detected
2026-01-13 12:52:28 - watchfiles.main - INFO - 1 change detected
2026-01-13 12:52:29 - watchfiles.main - INFO - 1 change detected
2026-01-13 12:52:29 - watchfiles.main - INFO - 1 change detected
2026-01-13 12:52:29 - watchfiles.main - INFO - 1 change detected
2026-01-13 12:52:30 - watchfiles.main - INFO - 1 change detected
2026-01-13 12:52:30 - watchfiles.main - INFO - 1 change detected
2026-01-13 12:52:31 - watchfiles.main - INFO - 1 change detected
2026-01-13 12:52:31 - watchfiles.main - INFO - 1 change detected
2026-01-13 12:52:31 - watchfiles.main - INFO - 1 change detected
2026-01-13 12:52:32 - watchfiles.main - INFO - 1 change detected
2026-01-13 12:52:32 - watchfiles.main - INFO - 1 change detected
2026-01-13 12:52:33 - watchfiles.main - INFO - 1 change detected
2026-01-13 12:52:33 - watchfiles.main - INFO - 1 change detected
2026-01-13 12:52:33 - watchfiles.main - INFO - 1 change detected
2026-01-13 12:52:34 - watchfiles.main - INFO - 1 change detected
2026-01-13 12:52:34 - watchfiles.main - INFO - 1 change detected
2026-01-13 12:52:35 - watchfiles.main - INFO - 1 change detected
2026-01-13 12:52:35 - watchfiles.main - INFO - 1 change detected
2026-01-13 12:52:35 - watchfiles.main - INFO - 1 change detected
2026-01-13 12:52:36 - watchfiles.main - INFO - 1 change detected
2026-01-13 12:52:36 - watchfiles.main - INFO - 1 change detected
2026-01-13 12:52:37 - watchfiles.main - INFO - 1 change detected
2026-01-13 12:52:37 - watchfiles.main - INFO - 1 change detected
2026-01-13 12:52:38 - watchfiles.main - INFO - 1 change detected
2026-01-13 12:52:38 - watchfiles.main - INFO - 1 change detected
2026-01-13 12:52:38 - watchfiles.main - INFO - 1 change detected
2026-01-13 12:52:39 - watchfiles.main - INFO - 1 change detected
2026-01-13 12:52:39 - watchfiles.main - INFO - 1 change detected
2026-01-13 12:52:40 - watchfiles.main - INFO - 1 change detected
2026-01-13 12:52:40 - watchfiles.main - INFO - 1 change detected
2026-01-13 12:52:40 - watchfiles.main - INFO - 1 change detected
2026-01-13 12:52:41 - watchfiles.main - INFO - 1 change detected
2026-01-13 12:52:41 - watchfiles.main - INFO - 1 change detected
2026-01-13 12:52:42 - watchfiles.main - INFO - 1 change detected
2026-01-13 12:52:42 - watchfiles.main - INFO - 1 change detected
2026-01-13 12:52:42 - watchfiles.main - INFO - 1 change detected
2026-01-13 12:52:43 - watchfiles.main - INFO - 1 change detected
2026-01-13 12:52:43 - watchfiles.main - INFO - 1 change detected
2026-01-13 12:52:44 - watchfiles.main - INFO - 1 change detected
2026-01-13 12:52:44 - watchfiles.main - INFO - 1 change detected
2026-01-13 12:52:44 - watchfiles.main - INFO - 1 change detected
2026-01-13 12:52:45 - watchfiles.main - INFO - 1 change detected
2026-01-13 12:52:45 - watchfiles.main - INFO - 1 change detected
2026-01-13 12:52:46 - watchfiles.main - INFO - 1 change detected
2026-01-13 12:52:46 - watchfiles.main - INFO - 1 change detected
2026-01-13 12:52:47 - watchfiles.main - INFO - 1 change detected
2026-01-13 12:52:47 - watchfiles.main - INFO - 1 change detected
2026-01-13 12:52:47 - watchfiles.main - INFO - 1 change detected
2026-01-13 12:52:48 - watchfiles.main - INFO - 1 change detected
2026-01-13 12:52:48 - watchfiles.main - INFO - 1 change detected
2026-01-13 12:52:49 - watchfiles.main - INFO - 1 change detected
2026-01-13 12:52:49 - watchfiles.main - INFO - 1 change detected
2026-01-13 12:52:49 - watchfiles.main - INFO - 1 change detected
2026-01-13 12:52:50 - watchfiles.main - INFO - 1 change detected
2026-01-13 12:52:50 - watchfiles.main - INFO - 1 change detected
2026-01-13 12:52:51 - watchfiles.main - INFO - 1 change detected
2026-01-13 12:52:51 - watchfiles.main - INFO - 1 change detected
2026-01-13 12:52:51 - watchfiles.main - INFO - 1 change detected
2026-01-13 12:52:52 - watchfiles.main - INFO - 1 change detected
2026-01-13 12:52:52 - watchfiles.main - INFO - 1 change detected
2026-01-13 12:52:53 - watchfiles.main - INFO - 1 change detected
2026-01-13 12:52:53 - watchfiles.main - INFO - 1 change detected
2026-01-13 12:52:53 - watchfiles.main - INFO - 1 change detected
2026-01-13 12:52:54 - watchfiles.main - INFO - 1 change detected
2026-01-13 12:52:54 - watchfiles.main - INFO - 1 change detected
2026-01-13 12:52:55 - watchfiles.main - INFO - 1 change detected
2026-01-13 12:52:55 - watchfiles.main - INFO - 1 change detected
2026-01-13 12:52:55 - watchfiles.main - INFO - 1 change detected
2026-01-13 12:52:56 - watchfiles.main - INFO - 1 change detected
2026-01-13 12:52:56 - watchfiles.main - INFO - 1 change detected
2026-01-13 12:52:57 - watchfiles.main - INFO - 1 change detected
2026-01-13 12:52:57 - watchfiles.main - INFO - 1 change detected
2026-01-13 12:52:58 - watchfiles.main - INFO - 1 change detected
2026-01-13 12:52:58 - watchfiles.main - INFO - 1 change detected
2026-01-13 12:52:58 - watchfiles.main - INFO - 1 change detected
2026-01-13 12:52:59 - watchfiles.main - INFO - 1 change detected
2026-01-13 12:52:59 - watchfiles.main - INFO - 1 change detected
2026-01-13 12:53:00 - watchfiles.main - INFO - 1 change detected
2026-01-13 12:53:00 - watchfiles.main - INFO - 1 change detected
2026-01-13 12:53:00 - watchfiles.main - INFO - 1 change detected
2026-01-13 12:53:01 - watchfiles.main - INFO - 1 change detected
2026-01-13 12:53:01 - watchfiles.main - INFO - 1 change detected
2026-01-13 12:53:02 - watchfiles.main - INFO - 1 change detected
2026-01-13 12:53:02 - watchfiles.main - INFO - 1 change detected
2026-01-13 12:53:02 - watchfiles.main - INFO - 1 change detected
2026-01-13 12:53:03 - watchfiles.main - INFO - 1 change detected
2026-01-13 12:53:03 - watchfiles.main - INFO - 1 change detected
2026-01-13 12:53:04 - watchfiles.main - INFO - 1 change detected
2026-01-13 12:53:04 - watchfiles.main - INFO - 1 change detected
2026-01-13 12:53:05 - watchfiles.main - INFO - 1 change detected
2026-01-13 12:53:05 - watchfiles.main - INFO - 1 change detected
2026-01-13 12:53:05 - watchfiles.main - INFO - 1 change detected
2026-01-13 12:53:06 - watchfiles.main - INFO - 1 change detected
2026-01-13 12:53:06 - watchfiles.main - INFO - 1 change detected
2026-01-13 12:53:06 - watchfiles.main - INFO - 1 change detected
2026-01-13 12:53:07 - watchfiles.main - INFO - 1 change detected
2026-01-13 12:53:07 - watchfiles.main - INFO - 1 change detected
2026-01-13 12:53:08 - watchfiles.main - INFO - 1 change detected
2026-01-13 12:53:08 - watchfiles.main - INFO - 1 change detected
2026-01-13 12:53:09 - watchfiles.main - INFO - 1 change detected
2026-01-13 12:53:09 - watchfiles.main - INFO - 1 change detected
2026-01-13 12:53:09 - watchfiles.main - INFO - 1 change detected
2026-01-13 12:53:10 - watchfiles.main - INFO - 1 change detected
2026-01-13 12:53:10 - watchfiles.main - INFO - 1 change detected
2026-01-13 12:53:11 - watchfiles.main - INFO - 1 change detected
2026-01-13 12:53:11 - watchfiles.main - INFO - 1 change detected
2026-01-13 12:53:11 - watchfiles.main - INFO - 1 change detected
2026-01-13 12:53:12 - watchfiles.main - INFO - 1 change detected
2026-01-13 12:53:12 - watchfiles.main - INFO - 1 change detected
2026-01-13 12:53:13 - watchfiles.main - INFO - 1 change detected
2026-01-13 12:53:13 - watchfiles.main - INFO - 1 change detected
2026-01-13 12:53:13 - watchfiles.main - INFO - 1 change detected
2026-01-13 12:53:14 - watchfiles.main - INFO - 1 change detected
2026-01-13 12:53:14 - watchfiles.main - INFO - 1 change detected
2026-01-13 12:53:15 - watchfiles.main - INFO - 1 change detected
2026-01-13 12:53:15 - watchfiles.main - INFO - 1 change detected
2026-01-13 12:53:15 - watchfiles.main - INFO - 1 change detected
2026-01-13 12:53:16 - watchfiles.main - INFO - 1 change detected
2026-01-13 12:53:16 - watchfiles.main - INFO - 1 change detected
2026-01-13 12:53:17 - watchfiles.main - INFO - 1 change detected
2026-01-13 12:53:17 - watchfiles.main - INFO - 1 change detected
2026-01-13 12:53:18 - watchfiles.main - INFO - 1 change detected
2026-01-13 12:53:18 - watchfiles.main - INFO - 1 change detected
2026-01-13 12:53:18 - watchfiles.main - INFO - 1 change detected
2026-01-13 12:53:19 - watchfiles.main - INFO - 1 change detected
2026-01-13 12:53:19 - watchfiles.main - INFO - 1 change detected
2026-01-13 12:53:20 - watchfiles.main - INFO - 1 change detected
2026-01-13 12:53:20 - watchfiles.main - INFO - 1 change detected
2026-01-13 12:53:20 - watchfiles.main - INFO - 1 change detected
2026-01-13 12:53:21 - watchfiles.main - INFO - 1 change detected
2026-01-13 12:53:21 - watchfiles.main - INFO - 1 change detected
2026-01-13 12:53:22 - watchfiles.main - INFO - 1 change detected
2026-01-13 12:53:22 - watchfiles.main - INFO - 1 change detected
2026-01-13 12:53:22 - watchfiles.main - INFO - 1 change detected
2026-01-13 12:53:23 - watchfiles.main - INFO - 1 change detected
2026-01-13 12:53:23 - watchfiles.main - INFO - 1 change detected
2026-01-13 12:53:24 - watchfiles.main - INFO - 1 change detected
2026-01-13 12:53:24 - watchfiles.main - INFO - 1 change detected
2026-01-13 12:53:24 - watchfiles.main - INFO - 1 change detected
2026-01-13 12:53:25 - watchfiles.main - INFO - 1 change detected
2026-01-13 12:53:25 - watchfiles.main - INFO - 1 change detected
2026-01-13 12:53:26 - watchfiles.main - INFO - 1 change detected
2026-01-13 12:53:26 - watchfiles.main - INFO - 1 change detected
2026-01-13 12:53:26 - watchfiles.main - INFO - 1 change detected
2026-01-13 12:53:27 - watchfiles.main - INFO - 1 change detected
2026-01-13 12:53:27 - watchfiles.main - INFO - 1 change detected
2026-01-13 12:53:28 - watchfiles.main - INFO - 1 change detected
2026-01-13 12:53:28 - watchfiles.main - INFO - 1 change detected
2026-01-13 12:53:28 - watchfiles.main - INFO - 1 change detected
2026-01-13 12:53:29 - watchfiles.main - INFO - 1 change detected
2026-01-13 12:53:29 - watchfiles.main - INFO - 1 change detected
2026-01-13 12:53:30 - watchfiles.main - INFO - 1 change detected
2026-01-13 12:53:30 - watchfiles.main - INFO - 1 change detected
2026-01-13 12:53:30 - watchfiles.main - INFO - 1 change detected
2026-01-13 12:53:31 - watchfiles.main - INFO - 1 change detected
2026-01-13 12:53:31 - watchfiles.main - INFO - 1 change detected
2026-01-13 12:53:32 - watchfiles.main - INFO - 1 change detected
2026-01-13 12:53:32 - watchfiles.main - INFO - 1 change detected
2026-01-13 12:53:32 - watchfiles.main - INFO - 1 change detected
2026-01-13 12:53:33 - watchfiles.main - INFO - 1 change detected
2026-01-13 12:53:33 - watchfiles.main - INFO - 1 change detected
2026-01-13 12:53:34 - watchfiles.main - INFO - 1 change detected
2026-01-13 12:53:34 - watchfiles.main - INFO - 1 change detected
2026-01-13 12:53:34 - watchfiles.main - INFO - 1 change detected
2026-01-13 12:53:35 - watchfiles.main - INFO - 1 change detected
2026-01-13 12:53:35 - watchfiles.main - INFO - 1 change detected
2026-01-13 12:53:36 - watchfiles.main - INFO - 1 change detected
2026-01-13 12:53:36 - watchfiles.main - INFO - 1 change detected
2026-01-13 12:53:37 - watchfiles.main - INFO - 1 change detected
2026-01-13 12:53:37 - watchfiles.main - INFO - 1 change detected
2026-01-13 12:53:37 - watchfiles.main - INFO - 1 change detected
2026-01-13 12:53:38 - watchfiles.main - INFO - 1 change detected
2026-01-13 12:53:38 - watchfiles.main - INFO - 1 change detected
2026-01-13 12:53:39 - watchfiles.main - INFO - 1 change detected
2026-01-13 12:53:39 - watchfiles.main - INFO - 1 change detected
2026-01-13 12:53:39 - watchfiles.main - INFO - 1 change detected
2026-01-13 12:53:40 - watchfiles.main - INFO - 1 change detected
2026-01-13 12:53:40 - watchfiles.main - INFO - 1 change detected
2026-01-13 12:53:41 - watchfiles.main - INFO - 1 change detected
2026-01-13 12:53:41 - watchfiles.main - INFO - 1 change detected
2026-01-13 12:53:41 - watchfiles.main - INFO - 1 change detected
2026-01-13 12:53:42 - watchfiles.main - INFO - 1 change detected
2026-01-13 12:53:42 - watchfiles.main - INFO - 1 change detected
2026-01-13 12:53:43 - watchfiles.main - INFO - 1 change detected
2026-01-13 12:53:43 - watchfiles.main - INFO - 1 change detected
2026-01-13 12:53:43 - watchfiles.main - INFO - 1 change detected
2026-01-13 12:53:44 - watchfiles.main - INFO - 1 change detected
2026-01-13 12:53:44 - watchfiles.main - INFO - 1 change detected
2026-01-13 12:53:45 - watchfiles.main - INFO - 1 change detected
2026-01-13 12:53:45 - watchfiles.main - INFO - 1 change detected
2026-01-13 12:53:45 - watchfiles.main - INFO - 1 change detected
2026-01-13 12:53:46 - watchfiles.main - INFO - 1 change detected
2026-01-13 12:53:46 - watchfiles.main - INFO - 1 change detected
2026-01-13 12:53:47 - watchfiles.main - INFO - 1 change detected
2026-01-13 12:53:47 - watchfiles.main - INFO - 1 change detected
2026-01-13 12:53:47 - watchfiles.main - INFO - 1 change detected
2026-01-13 12:53:48 - watchfiles.main - INFO - 1 change detected
2026-01-13 12:53:48 - watchfiles.main - INFO - 1 change detected
2026-01-13 12:53:49 - watchfiles.main - INFO - 1 change detected
2026-01-13 12:53:49 - watchfiles.main - INFO - 1 change detected
2026-01-13 12:53:49 - watchfiles.main - INFO - 1 change detected
2026-01-13 12:53:50 - watchfiles.main - INFO - 1 change detected
2026-01-13 12:53:50 - watchfiles.main - INFO - 1 change detected
2026-01-13 12:53:51 - watchfiles.main - INFO - 1 change detected
2026-01-13 12:53:51 - watchfiles.main - INFO - 1 change detected
2026-01-13 12:53:52 - watchfiles.main - INFO - 1 change detected
2026-01-13 12:53:52 - watchfiles.main - INFO - 1 change detected
2026-01-13 12:53:52 - watchfiles.main - INFO - 1 change detected
2026-01-13 12:53:53 - watchfiles.main - INFO - 1 change detected
2026-01-13 12:53:53 - watchfiles.main - INFO - 1 change detected
2026-01-13 12:53:54 - watchfiles.main - INFO - 1 change detected
2026-01-13 12:53:54 - watchfiles.main - INFO - 1 change detected
2026-01-13 12:53:54 - watchfiles.main - INFO - 1 change detected
2026-01-13 12:53:55 - watchfiles.main - INFO - 1 change detected
2026-01-13 12:53:55 - watchfiles.main - INFO - 1 change detected
2026-01-13 12:53:56 - watchfiles.main - INFO - 1 change detected
2026-01-13 12:53:56 - watchfiles.main - INFO - 1 change detected
2026-01-13 12:53:56 - watchfiles.main - INFO - 1 change detected
2026-01-13 12:53:57 - watchfiles.main - INFO - 1 change detected
2026-01-13 12:53:57 - watchfiles.main - INFO - 1 change detected
2026-01-13 12:53:58 - watchfiles.main - INFO - 1 change detected
2026-01-13 12:53:58 - watchfiles.main - INFO - 1 change detected
2026-01-13 12:53:58 - watchfiles.main - INFO - 1 change detected
2026-01-13 12:53:59 - watchfiles.main - INFO - 1 change detected
2026-01-13 12:53:59 - watchfiles.main - INFO - 1 change detected
2026-01-13 12:54:00 - watchfiles.main - INFO - 1 change detected
2026-01-13 12:54:00 - watchfiles.main - INFO - 1 change detected
2026-01-13 12:54:01 - watchfiles.main - INFO - 1 change detected
2026-01-13 12:54:01 - watchfiles.main - INFO - 1 change detected
2026-01-13 12:54:01 - watchfiles.main - INFO - 1 change detected
2026-01-13 12:54:02 - watchfiles.main - INFO - 1 change detected
2026-01-13 12:54:02 - watchfiles.main - INFO - 1 change detected
2026-01-13 12:54:03 - watchfiles.main - INFO - 1 change detected
2026-01-13 12:54:03 - watchfiles.main - INFO - 1 change detected
2026-01-13 12:54:03 - watchfiles.main - INFO - 1 change detected
2026-01-13 12:54:04 - watchfiles.main - INFO - 1 change detected
2026-01-13 12:54:04 - watchfiles.main - INFO - 1 change detected
2026-01-13 12:54:05 - watchfiles.main - INFO - 1 change detected
2026-01-13 12:54:05 - watchfiles.main - INFO - 1 change detected
2026-01-13 12:54:05 - watchfiles.main - INFO - 1 change detected
2026-01-13 12:54:06 - watchfiles.main - INFO - 1 change detected
2026-01-13 12:54:06 - watchfiles.main - INFO - 1 change detected
2026-01-13 12:54:07 - watchfiles.main - INFO - 1 change detected
2026-01-13 12:54:07 - watchfiles.main - INFO - 1 change detected
2026-01-13 12:54:07 - watchfiles.main - INFO - 1 change detected
2026-01-13 12:54:08 - watchfiles.main - INFO - 1 change detected
2026-01-13 12:54:08 - watchfiles.main - INFO - 1 change detected
2026-01-13 12:54:09 - watchfiles.main - INFO - 1 change detected
2026-01-13 12:54:09 - watchfiles.main - INFO - 1 change detected
2026-01-13 12:54:09 - watchfiles.main - INFO - 1 change detected
2026-01-13 12:54:10 - watchfiles.main - INFO - 1 change detected
2026-01-13 12:54:10 - watchfiles.main - INFO - 1 change detected
2026-01-13 12:54:11 - watchfiles.main - INFO - 1 change detected
2026-01-13 12:54:11 - watchfiles.main - INFO - 1 change detected
2026-01-13 12:54:11 - watchfiles.main - INFO - 1 change detected
2026-01-13 12:54:12 - watchfiles.main - INFO - 1 change detected
2026-01-13 12:54:12 - watchfiles.main - INFO - 1 change detected
2026-01-13 12:54:12 - watchfiles.main - INFO - 1 change detected
2026-01-13 12:54:13 - watchfiles.main - INFO - 1 change detected
2026-01-13 12:54:13 - watchfiles.main - INFO - 1 change detected
2026-01-13 12:54:14 - watchfiles.main - INFO - 1 change detected
2026-01-13 12:54:14 - watchfiles.main - INFO - 1 change detected
2026-01-13 12:54:14 - watchfiles.main - INFO - 1 change detected
2026-01-13 12:54:15 - watchfiles.main - INFO - 1 change detected
2026-01-13 12:54:15 - watchfiles.main - INFO - 1 change detected
2026-01-13 12:54:16 - watchfiles.main - INFO - 1 change detected
2026-01-13 12:54:16 - watchfiles.main - INFO - 1 change detected
2026-01-13 12:54:16 - watchfiles.main - INFO - 1 change detected
2026-01-13 12:54:17 - watchfiles.main - INFO - 1 change detected
2026-01-13 12:54:17 - watchfiles.main - INFO - 1 change detected
2026-01-13 12:54:18 - watchfiles.main - INFO - 1 change detected
2026-01-13 12:54:18 - watchfiles.main - INFO - 1 change detected
2026-01-13 12:54:19 - watchfiles.main - INFO - 1 change detected
2026-01-13 12:54:19 - watchfiles.main - INFO - 1 change detected
2026-01-13 12:54:19 - watchfiles.main - INFO - 1 change detected
2026-01-13 12:54:20 - watchfiles.main - INFO - 1 change detected
2026-01-13 12:54:20 - watchfiles.main - INFO - 1 change detected
2026-01-13 12:54:21 - watchfiles.main - INFO - 1 change detected
2026-01-13 12:54:21 - watchfiles.main - INFO - 1 change detected
2026-01-13 12:54:21 - watchfiles.main - INFO - 1 change detected
2026-01-13 12:54:22 - watchfiles.main - INFO - 1 change detected
2026-01-13 12:54:22 - watchfiles.main - INFO - 1 change detected
2026-01-13 12:54:23 - watchfiles.main - INFO - 1 change detected
2026-01-13 12:54:23 - watchfiles.main - INFO - 1 change detected
2026-01-13 12:54:23 - watchfiles.main - INFO - 1 change detected
2026-01-13 12:54:24 - watchfiles.main - INFO - 1 change detected
2026-01-13 12:54:24 - watchfiles.main - INFO - 1 change detected
2026-01-13 12:54:25 - watchfiles.main - INFO - 1 change detected
2026-01-13 12:54:25 - watchfiles.main - INFO - 1 change detected
2026-01-13 12:54:25 - watchfiles.main - INFO - 1 change detected
2026-01-13 12:54:26 - watchfiles.main - INFO - 1 change detected
2026-01-13 12:54:26 - watchfiles.main - INFO - 1 change detected
2026-01-13 12:54:27 - watchfiles.main - INFO - 1 change detected
2026-01-13 12:54:27 - watchfiles.main - INFO - 1 change detected
2026-01-13 12:54:27 - watchfiles.main - INFO - 1 change detected
2026-01-13 12:54:28 - watchfiles.main - INFO - 1 change detected
2026-01-13 12:54:28 - watchfiles.main - INFO - 1 change detected
2026-01-13 12:54:29 - watchfiles.main - INFO - 1 change detected
2026-01-13 12:54:29 - watchfiles.main - INFO - 1 change detected
2026-01-13 12:54:29 - watchfiles.main - INFO - 1 change detected
2026-01-13 12:54:30 - watchfiles.main - INFO - 1 change detected
2026-01-13 12:54:30 - watchfiles.main - INFO - 1 change detected
2026-01-13 12:54:31 - watchfiles.main - INFO - 1 change detected
2026-01-13 12:54:31 - watchfiles.main - INFO - 1 change detected
2026-01-13 12:54:31 - watchfiles.main - INFO - 1 change detected
2026-01-13 12:54:32 - watchfiles.main - INFO - 1 change detected
2026-01-13 12:54:32 - watchfiles.main - INFO - 1 change detected
2026-01-13 12:54:33 - watchfiles.main - INFO - 1 change detected
2026-01-13 12:54:33 - watchfiles.main - INFO - 1 change detected
2026-01-13 12:54:33 - watchfiles.main - INFO - 1 change detected
2026-01-13 12:54:34 - watchfiles.main - INFO - 1 change detected
2026-01-13 12:54:34 - watchfiles.main - INFO - 1 change detected
2026-01-13 12:54:35 - watchfiles.main - INFO - 1 change detected
2026-01-13 12:54:35 - watchfiles.main - INFO - 1 change detected
2026-01-13 12:54:35 - watchfiles.main - INFO - 1 change detected
2026-01-13 12:54:36 - watchfiles.main - INFO - 1 change detected
2026-01-13 12:54:36 - watchfiles.main - INFO - 1 change detected
2026-01-13 12:54:37 - watchfiles.main - INFO - 1 change detected
2026-01-13 12:54:37 - watchfiles.main - INFO - 1 change detected
2026-01-13 12:54:38 - watchfiles.main - INFO - 1 change detected
2026-01-13 12:54:38 - watchfiles.main - INFO - 1 change detected
2026-01-13 12:54:38 - watchfiles.main - INFO - 1 change detected
2026-01-13 12:54:39 - watchfiles.main - INFO - 1 change detected
2026-01-13 12:54:39 - watchfiles.main - INFO - 1 change detected
2026-01-13 12:54:40 - watchfiles.main - INFO - 1 change detected
2026-01-13 12:54:40 - watchfiles.main - INFO - 1 change detected
2026-01-13 12:54:40 - watchfiles.main - INFO - 1 change detected
2026-01-13 12:54:41 - watchfiles.main - INFO - 1 change detected
2026-01-13 12:54:41 - watchfiles.main - INFO - 1 change detected
2026-01-13 12:54:42 - watchfiles.main - INFO - 1 change detected
2026-01-13 12:54:42 - watchfiles.main - INFO - 1 change detected
2026-01-13 12:54:42 - watchfiles.main - INFO - 1 change detected
2026-01-13 12:54:43 - watchfiles.main - INFO - 1 change detected
2026-01-13 12:54:43 - watchfiles.main - INFO - 1 change detected
2026-01-13 12:54:44 - watchfiles.main - INFO - 1 change detected
2026-01-13 12:54:44 - watchfiles.main - INFO - 1 change detected
2026-01-13 12:54:44 - watchfiles.main - INFO - 1 change detected
2026-01-13 12:54:45 - watchfiles.main - INFO - 1 change detected
2026-01-13 12:54:45 - watchfiles.main - INFO - 1 change detected
2026-01-13 12:54:46 - watchfiles.main - INFO - 1 change detected
2026-01-13 12:54:46 - watchfiles.main - INFO - 1 change detected
2026-01-13 12:54:46 - watchfiles.main - INFO - 1 change detected
2026-01-13 12:54:47 - watchfiles.main - INFO - 1 change detected
2026-01-13 12:54:47 - watchfiles.main - INFO - 1 change detected
2026-01-13 12:54:48 - watchfiles.main - INFO - 1 change detected
2026-01-13 12:54:48 - watchfiles.main - INFO - 1 change detected
2026-01-13 12:54:49 - watchfiles.main - INFO - 1 change detected
2026-01-13 12:54:49 - watchfiles.main - INFO - 1 change detected
2026-01-13 12:54:49 - watchfiles.main - INFO - 1 change detected
2026-01-13 12:54:50 - watchfiles.main - INFO - 1 change detected
2026-01-13 12:54:50 - watchfiles.main - INFO - 1 change detected
2026-01-13 12:54:51 - app.api.chatbot_endpoints - INFO - 📨 Chat request: type=ChatbotType.KNOWLEDGE_BASE, message=what is neo...
2026-01-13 12:54:51 - app.api.chatbot_endpoints - INFO - 📚 Using traditional Knowledge Base service
2026-01-13 12:54:51 - app.services.knowledge_base_service - INFO - 🔍 Processing knowledge base query: what is neo...
2026-01-13 12:54:51 - app.services.knowledge_base_service - INFO - 📊 Query classified as: SIMPLE_FACT
2026-01-13 12:54:51 - watchfiles.main - INFO - 1 change detected
2026-01-13 12:54:51 - watchfiles.main - INFO - 1 change detected
2026-01-13 12:54:51 - watchfiles.main - INFO - 1 change detected
2026-01-13 12:54:52 - watchfiles.main - INFO - 1 change detected
2026-01-13 12:54:52 - watchfiles.main - INFO - 1 change detected
2026-01-13 12:54:53 - watchfiles.main - INFO - 1 change detected
2026-01-13 12:54:53 - watchfiles.main - INFO - 1 change detected
2026-01-13 12:54:53 - watchfiles.main - INFO - 1 change detected
2026-01-13 12:54:54 - app.services.vector_store_service - INFO - 📊 Balanced search: 8 results from 5 categories
2026-01-13 12:54:54 - watchfiles.main - INFO - 1 change detected
2026-01-13 12:54:54 - watchfiles.main - INFO - 1 change detected
2026-01-13 12:54:54 - app.services.rlhf_service - WARNING - ⚠️ Skipping DB insert - chat_id 'chat_15543d549433450f' does not exist in chatbot_chat_history. Feedback saved to JSONL only for feedback_id: bc6ae32d-d3e2-401f-935e-2726fdd80a29
2026-01-13 12:54:54 - app.services.rlhf_service - INFO - 📝 Feedback recorded: knowledge_base | neutral | Reward: 0.10
2026-01-13 12:54:54 - app.api.chatbot_endpoints - INFO - ✅ Chat response generated: confidence=0.75
2026-01-13 12:54:55 - watchfiles.main - INFO - 4 changes detected
2026-01-13 12:54:55 - watchfiles.main - INFO - 1 change detected
2026-01-13 12:54:55 - watchfiles.main - INFO - 1 change detected
2026-01-13 12:54:56 - watchfiles.main - INFO - 1 change detected
2026-01-13 12:54:56 - watchfiles.main - INFO - 1 change detected
2026-01-13 12:54:57 - watchfiles.main - INFO - 1 change detected
2026-01-13 12:54:57 - watchfiles.main - INFO - 1 change detected
2026-01-13 12:54:57 - watchfiles.main - INFO - 1 change detected
2026-01-13 12:54:58 - watchfiles.main - INFO - 1 change detected
2026-01-13 12:54:58 - watchfiles.main - INFO - 1 change detected
2026-01-13 12:54:59 - watchfiles.main - INFO - 1 change detected
2026-01-13 12:54:59 - watchfiles.main - INFO - 1 change detected
2026-01-13 12:54:59 - watchfiles.main - INFO - 1 change detected
2026-01-13 12:55:00 - watchfiles.main - INFO - 1 change detected
2026-01-13 12:55:00 - watchfiles.main - INFO - 1 change detected
2026-01-13 12:55:01 - watchfiles.main - INFO - 1 change detected
2026-01-13 12:55:01 - watchfiles.main - INFO - 1 change detected
2026-01-13 12:55:01 - watchfiles.main - INFO - 1 change detected
2026-01-13 12:55:02 - watchfiles.main - INFO - 1 change detected
2026-01-13 12:55:02 - watchfiles.main - INFO - 1 change detected
2026-01-13 12:55:03 - watchfiles.main - INFO - 1 change detected
2026-01-13 12:55:03 - watchfiles.main - INFO - 1 change detected
2026-01-13 12:55:04 - watchfiles.main - INFO - 1 change detected
2026-01-13 12:55:04 - watchfiles.main - INFO - 1 change detected
2026-01-13 12:55:04 - watchfiles.main - INFO - 1 change detected
2026-01-13 12:55:05 - watchfiles.main - INFO - 1 change detected
2026-01-13 12:55:05 - watchfiles.main - INFO - 1 change detected
2026-01-13 12:55:06 - watchfiles.main - INFO - 1 change detected
2026-01-13 12:55:06 - watchfiles.main - INFO - 1 change detected
2026-01-13 12:55:06 - watchfiles.main - INFO - 1 change detected
2026-01-13 12:55:07 - watchfiles.main - INFO - 1 change detected
2026-01-13 12:55:07 - watchfiles.main - INFO - 1 change detected
2026-01-13 12:55:08 - watchfiles.main - INFO - 1 change detected
2026-01-13 12:55:08 - watchfiles.main - INFO - 1 change detected
2026-01-13 12:55:08 - watchfiles.main - INFO - 1 change detected
2026-01-13 12:55:09 - watchfiles.main - INFO - 1 change detected
2026-01-13 12:55:09 - watchfiles.main - INFO - 1 change detected
2026-01-13 12:55:10 - watchfiles.main - INFO - 1 change detected
2026-01-13 12:55:10 - watchfiles.main - INFO - 1 change detected
2026-01-13 12:55:10 - watchfiles.main - INFO - 1 change detected
2026-01-13 12:55:11 - watchfiles.main - INFO - 1 change detected
2026-01-13 12:55:11 - watchfiles.main - INFO - 1 change detected
2026-01-13 12:55:12 - watchfiles.main - INFO - 1 change detected
2026-01-13 12:55:12 - watchfiles.main - INFO - 1 change detected
2026-01-13 12:55:12 - watchfiles.main - INFO - 1 change detected
2026-01-13 12:55:13 - watchfiles.main - INFO - 1 change detected
2026-01-13 12:55:13 - watchfiles.main - INFO - 1 change detected
2026-01-13 12:55:14 - watchfiles.main - INFO - 1 change detected
2026-01-13 12:55:14 - watchfiles.main - INFO - 1 change detected
2026-01-13 12:55:15 - watchfiles.main - INFO - 1 change detected
2026-01-13 12:55:15 - watchfiles.main - INFO - 1 change detected
2026-01-13 12:55:15 - watchfiles.main - INFO - 1 change detected
2026-01-13 12:55:16 - watchfiles.main - INFO - 1 change detected
2026-01-13 12:55:16 - watchfiles.main - INFO - 1 change detected
2026-01-13 12:55:17 - watchfiles.main - INFO - 1 change detected
2026-01-13 12:55:17 - watchfiles.main - INFO - 1 change detected
2026-01-13 12:55:17 - watchfiles.main - INFO - 1 change detected
2026-01-13 12:55:18 - watchfiles.main - INFO - 1 change detected
2026-01-13 12:55:18 - watchfiles.main - INFO - 1 change detected
2026-01-13 12:55:19 - watchfiles.main - INFO - 1 change detected
2026-01-13 12:55:19 - watchfiles.main - INFO - 1 change detected
2026-01-13 12:55:19 - watchfiles.main - INFO - 1 change detected
2026-01-13 12:55:20 - watchfiles.main - INFO - 1 change detected
2026-01-13 12:55:20 - watchfiles.main - INFO - 1 change detected
2026-01-13 12:55:21 - watchfiles.main - INFO - 1 change detected
2026-01-13 12:55:21 - watchfiles.main - INFO - 1 change detected
2026-01-13 12:55:22 - watchfiles.main - INFO - 1 change detected
2026-01-13 12:55:22 - watchfiles.main - INFO - 1 change detected
2026-01-13 12:55:22 - watchfiles.main - INFO - 1 change detected
2026-01-13 12:55:23 - watchfiles.main - INFO - 1 change detected
2026-01-13 12:55:23 - watchfiles.main - INFO - 1 change detected
2026-01-13 12:55:24 - watchfiles.main - INFO - 1 change detected
2026-01-13 12:55:24 - watchfiles.main - INFO - 1 change detected
2026-01-13 12:55:24 - watchfiles.main - INFO - 1 change detected
2026-01-13 12:55:25 - watchfiles.main - INFO - 1 change detected
2026-01-13 12:55:25 - watchfiles.main - INFO - 1 change detected
2026-01-13 12:55:26 - watchfiles.main - INFO - 1 change detected
2026-01-13 12:55:26 - watchfiles.main - INFO - 1 change detected
2026-01-13 12:55:26 - watchfiles.main - INFO - 1 change detected
2026-01-13 12:55:27 - watchfiles.main - INFO - 1 change detected
2026-01-13 12:55:27 - watchfiles.main - INFO - 1 change detected
2026-01-13 12:55:28 - watchfiles.main - INFO - 1 change detected
2026-01-13 12:55:28 - watchfiles.main - INFO - 1 change detected
2026-01-13 12:55:28 - watchfiles.main - INFO - 1 change detected
2026-01-13 12:55:29 - watchfiles.main - INFO - 1 change detected
2026-01-13 12:55:29 - watchfiles.main - INFO - 1 change detected
2026-01-13 12:55:30 - watchfiles.main - INFO - 1 change detected
2026-01-13 12:55:30 - watchfiles.main - INFO - 1 change detected
2026-01-13 12:55:30 - watchfiles.main - INFO - 1 change detected
2026-01-13 12:55:31 - watchfiles.main - INFO - 1 change detected
2026-01-13 12:55:31 - watchfiles.main - INFO - 1 change detected
2026-01-13 12:55:32 - watchfiles.main - INFO - 1 change detected
2026-01-13 12:55:32 - watchfiles.main - INFO - 1 change detected
2026-01-13 12:55:32 - watchfiles.main - INFO - 1 change detected
2026-01-13 12:55:33 - watchfiles.main - INFO - 1 change detected
2026-01-13 12:55:33 - watchfiles.main - INFO - 1 change detected
2026-01-13 12:55:34 - watchfiles.main - INFO - 1 change detected
2026-01-13 12:55:34 - watchfiles.main - INFO - 1 change detected
2026-01-13 12:55:34 - watchfiles.main - INFO - 1 change detected
2026-01-13 12:55:35 - watchfiles.main - INFO - 1 change detected
2026-01-13 12:55:35 - watchfiles.main - INFO - 1 change detected
2026-01-13 12:55:36 - watchfiles.main - INFO - 1 change detected
2026-01-13 12:55:36 - watchfiles.main - INFO - 1 change detected
2026-01-13 12:55:37 - watchfiles.main - INFO - 1 change detected
2026-01-13 12:55:37 - watchfiles.main - INFO - 1 change detected
2026-01-13 12:55:37 - watchfiles.main - INFO - 1 change detected
2026-01-13 12:55:38 - watchfiles.main - INFO - 1 change detected
2026-01-13 12:55:38 - watchfiles.main - INFO - 1 change detected
2026-01-13 12:55:39 - watchfiles.main - INFO - 1 change detected
2026-01-13 12:55:39 - watchfiles.main - INFO - 1 change detected
2026-01-13 12:55:39 - watchfiles.main - INFO - 1 change detected
2026-01-13 12:55:40 - watchfiles.main - INFO - 1 change detected
2026-01-13 12:55:40 - watchfiles.main - INFO - 1 change detected
2026-01-13 12:55:41 - watchfiles.main - INFO - 1 change detected
2026-01-13 12:55:41 - watchfiles.main - INFO - 1 change detected
2026-01-13 12:55:41 - watchfiles.main - INFO - 1 change detected
2026-01-13 12:55:42 - watchfiles.main - INFO - 1 change detected
2026-01-13 12:55:42 - watchfiles.main - INFO - 1 change detected
2026-01-13 12:55:43 - watchfiles.main - INFO - 1 change detected
2026-01-13 12:55:43 - watchfiles.main - INFO - 1 change detected
2026-01-13 12:55:43 - watchfiles.main - INFO - 1 change detected
2026-01-13 12:55:44 - watchfiles.main - INFO - 1 change detected
2026-01-13 12:55:44 - watchfiles.main - INFO - 1 change detected
2026-01-13 12:55:45 - watchfiles.main - INFO - 1 change detected
2026-01-13 12:55:45 - watchfiles.main - INFO - 1 change detected
2026-01-13 12:55:45 - watchfiles.main - INFO - 1 change detected
2026-01-13 12:55:46 - watchfiles.main - INFO - 1 change detected
2026-01-13 12:55:46 - watchfiles.main - INFO - 1 change detected
2026-01-13 12:55:47 - watchfiles.main - INFO - 1 change detected
2026-01-13 12:55:47 - watchfiles.main - INFO - 1 change detected
2026-01-13 12:55:47 - watchfiles.main - INFO - 1 change detected
2026-01-13 12:55:48 - watchfiles.main - INFO - 1 change detected
2026-01-13 12:55:48 - watchfiles.main - INFO - 1 change detected
2026-01-13 12:55:49 - watchfiles.main - INFO - 1 change detected
2026-01-13 12:55:49 - watchfiles.main - INFO - 1 change detected
2026-01-13 12:55:49 - watchfiles.main - INFO - 1 change detected
2026-01-13 12:55:50 - watchfiles.main - INFO - 1 change detected
2026-01-13 12:55:50 - watchfiles.main - INFO - 1 change detected
2026-01-13 12:55:51 - watchfiles.main - INFO - 1 change detected
2026-01-13 12:55:51 - watchfiles.main - INFO - 1 change detected
2026-01-13 12:55:51 - watchfiles.main - INFO - 1 change detected
2026-01-13 12:55:52 - watchfiles.main - INFO - 1 change detected
2026-01-13 12:55:52 - watchfiles.main - INFO - 1 change detected
2026-01-13 12:55:53 - watchfiles.main - INFO - 1 change detected
2026-01-13 12:55:53 - watchfiles.main - INFO - 1 change detected
2026-01-13 12:55:53 - watchfiles.main - INFO - 1 change detected
2026-01-13 12:55:54 - watchfiles.main - INFO - 1 change detected
2026-01-13 12:55:54 - watchfiles.main - INFO - 1 change detected
2026-01-13 12:55:55 - watchfiles.main - INFO - 1 change detected
2026-01-13 12:55:55 - watchfiles.main - INFO - 1 change detected
2026-01-13 12:55:56 - watchfiles.main - INFO - 1 change detected
2026-01-13 12:55:56 - watchfiles.main - INFO - 1 change detected
2026-01-13 12:55:56 - watchfiles.main - INFO - 1 change detected
2026-01-13 12:55:57 - watchfiles.main - INFO - 1 change detected
2026-01-13 12:55:57 - watchfiles.main - INFO - 1 change detected
2026-01-13 12:55:58 - watchfiles.main - INFO - 1 change detected
2026-01-13 12:55:58 - watchfiles.main - INFO - 1 change detected
2026-01-13 12:55:58 - watchfiles.main - INFO - 1 change detected
2026-01-13 12:55:59 - watchfiles.main - INFO - 1 change detected
2026-01-13 12:55:59 - watchfiles.main - INFO - 1 change detected
2026-01-13 12:56:00 - watchfiles.main - INFO - 1 change detected
2026-01-13 12:56:00 - watchfiles.main - INFO - 1 change detected
2026-01-13 12:56:00 - watchfiles.main - INFO - 1 change detected
2026-01-13 12:56:01 - watchfiles.main - INFO - 1 change detected
2026-01-13 12:56:01 - watchfiles.main - INFO - 1 change detected
2026-01-13 12:56:02 - watchfiles.main - INFO - 1 change detected
2026-01-13 12:56:02 - watchfiles.main - INFO - 1 change detected
2026-01-13 12:56:02 - watchfiles.main - INFO - 1 change detected
2026-01-13 12:56:03 - watchfiles.main - INFO - 1 change detected
2026-01-13 12:56:03 - watchfiles.main - INFO - 1 change detected
2026-01-13 12:56:04 - watchfiles.main - INFO - 1 change detected
2026-01-13 12:56:04 - watchfiles.main - INFO - 1 change detected
2026-01-13 12:56:04 - watchfiles.main - INFO - 1 change detected
2026-01-13 12:56:05 - watchfiles.main - INFO - 1 change detected
2026-01-13 12:56:05 - watchfiles.main - INFO - 1 change detected
2026-01-13 12:56:06 - watchfiles.main - INFO - 1 change detected
2026-01-13 12:56:06 - watchfiles.main - INFO - 1 change detected
2026-01-13 12:56:06 - watchfiles.main - INFO - 1 change detected
2026-01-13 12:56:07 - watchfiles.main - INFO - 1 change detected
2026-01-13 12:56:07 - watchfiles.main - INFO - 1 change detected
2026-01-13 12:56:08 - watchfiles.main - INFO - 1 change detected
2026-01-13 12:56:08 - watchfiles.main - INFO - 1 change detected
2026-01-13 12:56:09 - watchfiles.main - INFO - 1 change detected
2026-01-13 12:56:09 - watchfiles.main - INFO - 1 change detected
2026-01-13 12:56:09 - watchfiles.main - INFO - 1 change detected
2026-01-13 12:56:10 - watchfiles.main - INFO - 1 change detected
2026-01-13 12:56:10 - watchfiles.main - INFO - 1 change detected
2026-01-13 12:56:11 - watchfiles.main - INFO - 1 change detected
2026-01-13 12:56:11 - watchfiles.main - INFO - 1 change detected
2026-01-13 12:56:11 - watchfiles.main - INFO - 1 change detected
2026-01-13 12:56:12 - watchfiles.main - INFO - 1 change detected
2026-01-13 12:56:12 - watchfiles.main - INFO - 1 change detected
2026-01-13 12:56:13 - watchfiles.main - INFO - 1 change detected
2026-01-13 12:56:13 - watchfiles.main - INFO - 1 change detected
2026-01-13 12:56:13 - watchfiles.main - INFO - 1 change detected
2026-01-13 12:56:14 - watchfiles.main - INFO - 1 change detected
2026-01-13 12:56:14 - watchfiles.main - INFO - 1 change detected
2026-01-13 12:56:15 - watchfiles.main - INFO - 1 change detected
2026-01-13 12:56:15 - watchfiles.main - INFO - 1 change detected
2026-01-13 12:56:15 - watchfiles.main - INFO - 1 change detected
2026-01-13 12:56:16 - watchfiles.main - INFO - 1 change detected
2026-01-13 12:56:16 - watchfiles.main - INFO - 1 change detected
2026-01-13 12:56:17 - watchfiles.main - INFO - 1 change detected
2026-01-13 12:56:17 - watchfiles.main - INFO - 1 change detected
2026-01-13 12:56:17 - watchfiles.main - INFO - 1 change detected
2026-01-13 12:56:18 - watchfiles.main - INFO - 1 change detected
2026-01-13 12:56:18 - watchfiles.main - INFO - 1 change detected
2026-01-13 12:56:19 - watchfiles.main - INFO - 1 change detected
2026-01-13 12:56:19 - watchfiles.main - INFO - 1 change detected
2026-01-13 12:56:20 - watchfiles.main - INFO - 1 change detected
2026-01-13 12:56:20 - watchfiles.main - INFO - 1 change detected
2026-01-13 12:56:20 - watchfiles.main - INFO - 1 change detected
2026-01-13 12:56:21 - watchfiles.main - INFO - 1 change detected
2026-01-13 12:56:21 - watchfiles.main - INFO - 1 change detected
2026-01-13 12:56:22 - watchfiles.main - INFO - 1 change detected
2026-01-13 12:56:22 - watchfiles.main - INFO - 1 change detected
2026-01-13 12:56:22 - watchfiles.main - INFO - 1 change detected
2026-01-13 12:56:23 - watchfiles.main - INFO - 1 change detected
2026-01-13 12:56:23 - watchfiles.main - INFO - 1 change detected
2026-01-13 12:56:24 - watchfiles.main - INFO - 1 change detected
2026-01-13 12:56:24 - watchfiles.main - INFO - 1 change detected
2026-01-13 12:56:24 - watchfiles.main - INFO - 1 change detected
2026-01-13 12:56:25 - app.api.chatbot_endpoints - INFO - 📨 Chat request: type=ChatbotType.DIAGNOSTIC, message=can you find me the highest selling article till n...
2026-01-13 12:56:25 - app.services.diagnostic_service - INFO - 🔍 Processing intelligent diagnostic query: can you find me the highest selling article till n...
2026-01-13 12:56:25 - app.services.intelligent_diagnostic_service - INFO - 🔍 Starting intelligent diagnosis with self-improving loop: can you find me the highest selling article till now...
2026-01-13 12:56:25 - watchfiles.main - INFO - 1 change detected
2026-01-13 12:56:25 - watchfiles.main - INFO - 1 change detected
2026-01-13 12:56:26 - app.services.intelligent_diagnostic_service - INFO - 🎯 Intent classified: DATA_QUERY - The user is asking for the 'highest selling article till now', which indicates they want to see specific data or query results. This aligns with the DATA_QUERY intent type, where the user expects to see raw data or query results. The response should include the data in a table format and be focused on presenting the data.
2026-01-13 12:56:26 - app.services.intelligent_diagnostic_service - INFO - 🎯 Response format: data_focused
2026-01-13 12:56:26 - watchfiles.main - INFO - 1 change detected
2026-01-13 12:56:26 - watchfiles.main - INFO - 1 change detected
2026-01-13 12:56:26 - app.services.intelligent_diagnostic_service - INFO - 📊 Problem analysis: {'component': 'unknown', 'symptom': 'unknown', 'entity': 'general', 'severity': 'medium', 'likely_tables': ['task_master', 'bot_master', 'order_bin_mapping'], 'keywords': ['can', 'you', 'find', 'me', 'the']}
2026-01-13 12:56:26 - app.services.intelligent_diagnostic_service - INFO - ✅ Generated 0 queries using valid tables: set()
2026-01-13 12:56:26 - app.services.intelligent_diagnostic_service - INFO - Generated 0 diagnostic queries for unknown/unknown
2026-01-13 12:56:27 - watchfiles.main - INFO - 1 change detected
2026-01-13 12:56:27 - watchfiles.main - INFO - 1 change detected
2026-01-13 12:56:27 - watchfiles.main - INFO - 1 change detected
2026-01-13 12:56:28 - watchfiles.main - INFO - 1 change detected
2026-01-13 12:56:28 - app.services.intelligent_diagnostic_service - ERROR - Error searching documentation: 'content'
2026-01-13 12:56:28 - app.services.intelligent_diagnostic_service - INFO - 🔁 Diagnosis refinement iteration 1/3
2026-01-13 12:56:28 - app.services.intelligent_diagnostic_service - INFO - 📋 Retrieved 33 columns for table bot_master
2026-01-13 12:56:28 - app.services.intelligent_diagnostic_service - INFO - 📋 Retrieved 33 columns for table bot_master
2026-01-13 12:56:28 - watchfiles.main - INFO - 1 change detected
2026-01-13 12:56:28 - app.services.sql_assistant_service - INFO - ✅ Query executed: 0 rows returned
2026-01-13 12:56:28 - app.services.intelligent_diagnostic_service - INFO - 📊 Found 0 distinct values for bot_master.STATUS
2026-01-13 12:56:29 - watchfiles.main - INFO - 1 change detected
2026-01-13 12:56:29 - watchfiles.main - INFO - 1 change detected
2026-01-13 12:56:29 - watchfiles.main - INFO - 1 change detected
2026-01-13 12:56:30 - watchfiles.main - INFO - 1 change detected
2026-01-13 12:56:30 - watchfiles.main - INFO - 1 change detected
2026-01-13 12:56:31 - watchfiles.main - INFO - 1 change detected
2026-01-13 12:56:31 - app.services.intelligent_diagnostic_service - INFO - 🧑‍⚖️ Diagnosis Judge (iteration 1): satisfactory=False, confidence=0.30
2026-01-13 12:56:31 - app.services.intelligent_diagnostic_service - INFO - 🧑‍⚖️ Judge: satisfactory=False, confidence=0.30
2026-01-13 12:56:31 - app.services.intelligent_diagnostic_service - INFO - 🔄 Running 2 additional diagnostic queries based on judge feedback
2026-01-13 12:56:31 - app.services.intelligent_diagnostic_service - INFO - 🔍 Executing: Additional diagnostic based on judge feedback
2026-01-13 12:56:31 - app.services.sql_assistant_service - ERROR - ❌ Execution error: Execution failed on sql 'SELECT article_id, SUM(sales_count) as total_sales FROM article_registered GROUP BY article_id ORDER BY total_sales DESC LIMIT 1;': (1054, "Unknown column 'article_id' in 'field list'")
2026-01-13 12:56:31 - app.services.intelligent_diagnostic_service - WARNING - ⚠️ Query failed: Execution failed on sql 'SELECT article_id, SUM(sales_count) as total_sales FROM article_registered GROUP BY article_id ORDER BY total_sales DESC LIMIT 1;': (1054, "Unknown column 'article_id' in 'field list'")
2026-01-13 12:56:31 - app.services.intelligent_diagnostic_service - INFO - 🔍 Executing: Additional diagnostic based on judge feedback
2026-01-13 12:56:31 - app.services.sql_assistant_service - INFO - ✅ Query executed: 0 rows returned
2026-01-13 12:56:31 - app.services.intelligent_diagnostic_service - INFO - ⚠️ Query succeeded but returned 0 records
2026-01-13 12:56:31 - app.services.intelligent_diagnostic_service - INFO - ✨ Collected additional diagnostic data, continuing refinement
2026-01-13 12:56:31 - app.services.intelligent_diagnostic_service - INFO - 🔁 Diagnosis refinement iteration 2/3
2026-01-13 12:56:31 - app.services.intelligent_diagnostic_service - INFO - 📋 Retrieved 33 columns for table bot_master
2026-01-13 12:56:31 - app.services.intelligent_diagnostic_service - INFO - 📋 Retrieved 33 columns for table bot_master
2026-01-13 12:56:31 - app.services.sql_assistant_service - INFO - ✅ Query executed: 0 rows returned
2026-01-13 12:56:31 - app.services.intelligent_diagnostic_service - INFO - 📊 Found 0 distinct values for bot_master.STATUS
2026-01-13 12:56:31 - watchfiles.main - INFO - 1 change detected
2026-01-13 12:56:31 - watchfiles.main - INFO - 1 change detected
2026-01-13 12:56:32 - watchfiles.main - INFO - 1 change detected
2026-01-13 12:56:32 - watchfiles.main - INFO - 1 change detected
2026-01-13 12:56:33 - watchfiles.main - INFO - 1 change detected
2026-01-13 12:56:33 - watchfiles.main - INFO - 1 change detected
2026-01-13 12:56:33 - app.services.intelligent_diagnostic_service - INFO - 🧑‍⚖️ Diagnosis Judge (iteration 2): satisfactory=False, confidence=0.30
2026-01-13 12:56:33 - app.services.intelligent_diagnostic_service - INFO - 🧑‍⚖️ Judge: satisfactory=False, confidence=0.30
2026-01-13 12:56:33 - app.services.intelligent_diagnostic_service - INFO - 🔄 Running 3 additional diagnostic queries based on judge feedback
2026-01-13 12:56:33 - app.services.intelligent_diagnostic_service - INFO - 🔍 Executing: Additional diagnostic based on judge feedback
2026-01-13 12:56:33 - app.services.sql_assistant_service - INFO - ✅ Query executed: 0 rows returned
2026-01-13 12:56:33 - app.services.intelligent_diagnostic_service - INFO - ⚠️ Query succeeded but returned 0 records
2026-01-13 12:56:33 - app.services.intelligent_diagnostic_service - INFO - 🔍 Executing: Additional diagnostic based on judge feedback
2026-01-13 12:56:33 - app.services.sql_assistant_service - INFO - ✅ Query executed: 0 rows returned
2026-01-13 12:56:33 - app.services.intelligent_diagnostic_service - INFO - ⚠️ Query succeeded but returned 0 records
2026-01-13 12:56:33 - app.services.intelligent_diagnostic_service - INFO - 🔍 Executing: Additional diagnostic based on judge feedback
2026-01-13 12:56:33 - app.services.sql_assistant_service - ERROR - ❌ Execution error: Execution failed on sql 'SELECT article_id, COUNT(*) as sales_count FROM bin_loading_wave_order_master GROUP BY article_id ORDER BY sales_count DESC;': (1054, "Unknown column 'article_id' in 'field list'")
2026-01-13 12:56:33 - app.services.intelligent_diagnostic_service - WARNING - ⚠️ Query failed: Execution failed on sql 'SELECT article_id, COUNT(*) as sales_count FROM bin_loading_wave_order_master GROUP BY article_id ORDER BY sales_count DESC;': (1054, "Unknown column 'article_id' in 'field list'")
2026-01-13 12:56:33 - app.services.intelligent_diagnostic_service - INFO - ✨ Collected additional diagnostic data, continuing refinement
2026-01-13 12:56:33 - app.services.intelligent_diagnostic_service - INFO - 🔁 Diagnosis refinement iteration 3/3
2026-01-13 12:56:33 - app.services.intelligent_diagnostic_service - INFO - 📋 Retrieved 33 columns for table bot_master
2026-01-13 12:56:33 - app.services.intelligent_diagnostic_service - INFO - 📋 Retrieved 33 columns for table bot_master
2026-01-13 12:56:33 - app.services.sql_assistant_service - INFO - ✅ Query executed: 0 rows returned
2026-01-13 12:56:33 - app.services.intelligent_diagnostic_service - INFO - 📊 Found 0 distinct values for bot_master.STATUS
2026-01-13 12:56:33 - watchfiles.main - INFO - 1 change detected
2026-01-13 12:56:34 - watchfiles.main - INFO - 1 change detected
2026-01-13 12:56:34 - watchfiles.main - INFO - 1 change detected
2026-01-13 12:56:35 - watchfiles.main - INFO - 1 change detected
2026-01-13 12:56:35 - watchfiles.main - INFO - 1 change detected
2026-01-13 12:56:35 - app.services.intelligent_diagnostic_service - INFO - 🧑‍⚖️ Diagnosis Judge (iteration 3): satisfactory=False, confidence=0.30
2026-01-13 12:56:35 - app.services.intelligent_diagnostic_service - INFO - 🧑‍⚖️ Judge: satisfactory=False, confidence=0.30
2026-01-13 12:56:35 - app.services.intelligent_diagnostic_service - INFO - 🛑 Reached max iterations (3) - using best diagnosis
2026-01-13 12:56:35 - app.services.intelligent_diagnostic_service - INFO - 📈 Diagnosis refinement summary: 3 iterations, final confidence: 0.50
2026-01-13 12:56:36 - app.services.rlhf_service - WARNING - ⚠️ Skipping DB insert - chat_id 'chat_385409b4e5c54b7a' does not exist in chatbot_chat_history. Feedback saved to JSONL only for feedback_id: 071d16e5-e4a1-464a-92bd-b57f46cb8bf4
2026-01-13 12:56:36 - app.services.rlhf_service - INFO - 📝 Feedback recorded: diagnostic_support | neutral | Reward: 0.10
2026-01-13 12:56:36 - app.api.chatbot_endpoints - INFO - ✅ Chat response generated: confidence=0.50
2026-01-13 12:56:36 - watchfiles.main - INFO - 4 changes detected
2026-01-13 12:56:36 - watchfiles.main - INFO - 1 change detected
2026-01-13 12:56:36 - watchfiles.main - INFO - 1 change detected
2026-01-13 12:56:37 - watchfiles.main - INFO - 1 change detected
2026-01-13 12:56:37 - watchfiles.main - INFO - 1 change detected
2026-01-13 12:56:38 - watchfiles.main - INFO - 1 change detected
2026-01-13 12:56:38 - watchfiles.main - INFO - 1 change detected
2026-01-13 12:56:38 - watchfiles.main - INFO - 1 change detected
2026-01-13 12:56:39 - watchfiles.main - INFO - 1 change detected
2026-01-13 12:56:39 - watchfiles.main - INFO - 1 change detected
2026-01-13 12:56:40 - watchfiles.main - INFO - 1 change detected
2026-01-13 12:56:40 - watchfiles.main - INFO - 1 change detected
2026-01-13 12:56:40 - watchfiles.main - INFO - 1 change detected
2026-01-13 12:56:41 - watchfiles.main - INFO - 1 change detected
2026-01-13 12:56:41 - watchfiles.main - INFO - 1 change detected
2026-01-13 12:56:42 - watchfiles.main - INFO - 1 change detected
2026-01-13 12:56:42 - watchfiles.main - INFO - 1 change detected
2026-01-13 12:56:43 - watchfiles.main - INFO - 1 change detected
2026-01-13 12:56:43 - watchfiles.main - INFO - 1 change detected
2026-01-13 12:56:43 - watchfiles.main - INFO - 1 change detected
2026-01-13 12:56:44 - watchfiles.main - INFO - 1 change detected
2026-01-13 12:56:44 - watchfiles.main - INFO - 1 change detected
2026-01-13 12:56:45 - watchfiles.main - INFO - 1 change detected
2026-01-13 12:56:45 - watchfiles.main - INFO - 1 change detected
2026-01-13 12:56:45 - watchfiles.main - INFO - 1 change detected
2026-01-13 12:56:46 - watchfiles.main - INFO - 1 change detected
2026-01-13 12:56:46 - watchfiles.main - INFO - 1 change detected
2026-01-13 12:56:47 - watchfiles.main - INFO - 1 change detected
2026-01-13 12:56:47 - watchfiles.main - INFO - 1 change detected
2026-01-13 12:56:47 - watchfiles.main - INFO - 1 change detected
2026-01-13 12:56:48 - watchfiles.main - INFO - 1 change detected
2026-01-13 12:56:48 - watchfiles.main - INFO - 1 change detected
2026-01-13 12:56:49 - watchfiles.main - INFO - 1 change detected
2026-01-13 12:56:49 - watchfiles.main - INFO - 1 change detected
2026-01-13 12:56:49 - watchfiles.main - INFO - 1 change detected
2026-01-13 12:56:50 - watchfiles.main - INFO - 1 change detected
2026-01-13 12:56:50 - watchfiles.main - INFO - 1 change detected
2026-01-13 12:56:51 - watchfiles.main - INFO - 1 change detected
2026-01-13 12:56:51 - watchfiles.main - INFO - 1 change detected
2026-01-13 12:56:51 - watchfiles.main - INFO - 1 change detected
2026-01-13 12:56:52 - watchfiles.main - INFO - 1 change detected
2026-01-13 12:56:52 - watchfiles.main - INFO - 1 change detected
2026-01-13 12:56:53 - watchfiles.main - INFO - 1 change detected
2026-01-13 12:56:53 - watchfiles.main - INFO - 1 change detected
2026-01-13 12:56:53 - watchfiles.main - INFO - 1 change detected
2026-01-13 12:56:54 - watchfiles.main - INFO - 1 change detected
2026-01-13 12:56:54 - watchfiles.main - INFO - 1 change detected
2026-01-13 12:56:55 - watchfiles.main - INFO - 1 change detected
2026-01-13 12:56:55 - watchfiles.main - INFO - 1 change detected
2026-01-13 12:56:55 - watchfiles.main - INFO - 1 change detected
2026-01-13 12:56:56 - watchfiles.main - INFO - 1 change detected
2026-01-13 12:56:56 - watchfiles.main - INFO - 1 change detected
2026-01-13 12:56:57 - watchfiles.main - INFO - 1 change detected
2026-01-13 12:56:57 - watchfiles.main - INFO - 1 change detected
2026-01-13 12:56:57 - watchfiles.main - INFO - 1 change detected
2026-01-13 12:56:58 - watchfiles.main - INFO - 1 change detected
2026-01-13 12:56:58 - watchfiles.main - INFO - 1 change detected
2026-01-13 12:56:59 - watchfiles.main - INFO - 1 change detected
2026-01-13 12:56:59 - watchfiles.main - INFO - 1 change detected
2026-01-13 12:57:00 - watchfiles.main - INFO - 1 change detected
2026-01-13 12:57:00 - watchfiles.main - INFO - 1 change detected
2026-01-13 12:57:00 - watchfiles.main - INFO - 1 change detected
2026-01-13 12:57:01 - watchfiles.main - INFO - 1 change detected
2026-01-13 12:57:01 - watchfiles.main - INFO - 1 change detected
2026-01-13 12:57:02 - watchfiles.main - INFO - 1 change detected
2026-01-13 12:57:02 - watchfiles.main - INFO - 1 change detected
2026-01-13 12:57:02 - watchfiles.main - INFO - 1 change detected
2026-01-13 12:57:03 - watchfiles.main - INFO - 1 change detected
2026-01-13 12:57:03 - watchfiles.main - INFO - 1 change detected
2026-01-13 12:57:04 - watchfiles.main - INFO - 1 change detected
2026-01-13 12:57:04 - watchfiles.main - INFO - 1 change detected
2026-01-13 12:57:04 - watchfiles.main - INFO - 1 change detected
2026-01-13 12:57:05 - watchfiles.main - INFO - 1 change detected
2026-01-13 12:57:05 - watchfiles.main - INFO - 1 change detected
2026-01-13 12:57:06 - watchfiles.main - INFO - 1 change detected
2026-01-13 12:57:06 - watchfiles.main - INFO - 1 change detected
2026-01-13 12:57:06 - watchfiles.main - INFO - 1 change detected
2026-01-13 12:57:07 - watchfiles.main - INFO - 1 change detected
2026-01-13 12:57:07 - watchfiles.main - INFO - 1 change detected
2026-01-13 12:57:08 - watchfiles.main - INFO - 1 change detected
2026-01-13 12:57:08 - watchfiles.main - INFO - 1 change detected
2026-01-13 12:57:08 - watchfiles.main - INFO - 1 change detected
2026-01-13 12:57:09 - watchfiles.main - INFO - 1 change detected
2026-01-13 12:57:09 - watchfiles.main - INFO - 1 change detected
2026-01-13 12:57:10 - watchfiles.main - INFO - 1 change detected
2026-01-13 12:57:10 - watchfiles.main - INFO - 1 change detected
2026-01-13 12:57:11 - watchfiles.main - INFO - 1 change detected
2026-01-13 12:57:11 - watchfiles.main - INFO - 1 change detected
2026-01-13 12:57:11 - watchfiles.main - INFO - 1 change detected
2026-01-13 12:57:12 - watchfiles.main - INFO - 1 change detected
2026-01-13 12:57:12 - watchfiles.main - INFO - 1 change detected
2026-01-13 12:57:13 - watchfiles.main - INFO - 1 change detected
2026-01-13 12:57:13 - watchfiles.main - INFO - 1 change detected
2026-01-13 12:57:13 - watchfiles.main - INFO - 1 change detected
2026-01-13 12:57:14 - watchfiles.main - INFO - 1 change detected
2026-01-13 12:57:14 - watchfiles.main - INFO - 1 change detected
2026-01-13 12:57:15 - watchfiles.main - INFO - 1 change detected
2026-01-13 12:57:15 - watchfiles.main - INFO - 1 change detected
2026-01-13 12:57:15 - watchfiles.main - INFO - 1 change detected
2026-01-13 12:57:16 - watchfiles.main - INFO - 1 change detected
2026-01-13 12:57:16 - watchfiles.main - INFO - 1 change detected
2026-01-13 12:57:17 - watchfiles.main - INFO - 1 change detected
2026-01-13 12:57:17 - watchfiles.main - INFO - 1 change detected
2026-01-13 12:57:17 - app.api.chatbot_endpoints - INFO - 📨 Chat request: type=ChatbotType.SQL_ASSISTANT, message=can you find top 5 articles ordered till now...
2026-01-13 12:57:17 - app.services.sql_assistant_service - INFO - 🔍 Processing SQL query: can you find top 5 articles ordered till now...
2026-01-13 12:57:17 - app.services.sql_assistant_service - INFO - 🔄 Attempt 1/3 using strategy: direct
2026-01-13 12:57:17 - app.services.sql_assistant_service - INFO - 🎯 Query intent: retrieve, entities: ['order', 'sku']
2026-01-13 12:57:17 - app.services.sql_assistant_service - INFO - 📊 Schema discovery found 40 potential JOINs
2026-01-13 12:57:17 - app.services.sql_assistant_service - INFO - 🔗 Found 20 JOIN paths using all tiers
2026-01-13 12:57:17 - app.services.sql_assistant_service - INFO - 📋 Using 10 relevant tables | JOINs detected: 20
2026-01-13 12:57:17 - app.services.sql_assistant_service - WARNING - ⚠️ Vector search failed: 'VectorStoreService' object has no attribute 'search_sql_examples', trying fallback
2026-01-13 12:57:17 - app.services.chat_history_service - INFO - 📚 Learned from history: 0 successful, 0 failed patterns
2026-01-13 12:57:17 - watchfiles.main - INFO - 1 change detected
2026-01-13 12:57:18 - watchfiles.main - INFO - 1 change detected
2026-01-13 12:57:18 - app.services.sql_assistant_service - INFO - ✅ Table validation passed - all tables exist in schema
2026-01-13 12:57:18 - app.services.sql_assistant_service - INFO - ✅ Column validation passed - all columns exist in their tables
2026-01-13 12:57:18 - app.services.sql_assistant_service - INFO - ✅ Value validation passed - filter values exist in database
2026-01-13 12:57:18 - watchfiles.main - INFO - 1 change detected
2026-01-13 12:57:19 - watchfiles.main - INFO - 1 change detected
2026-01-13 12:57:19 - watchfiles.main - INFO - 1 change detected
2026-01-13 12:57:19 - app.services.sql_assistant_service - INFO - ✅ Query executed: 5 rows returned
2026-01-13 12:57:19 - app.services.sql_assistant_service - INFO - 🎯 Query intent: retrieve, entities: ['order', 'sku']
2026-01-13 12:57:19 - app.services.sql_assistant_service - INFO - 📊 Schema discovery found 30 potential JOINs
2026-01-13 12:57:19 - app.services.sql_assistant_service - INFO - 🔗 Found 15 JOIN paths using all tiers
2026-01-13 12:57:19 - app.services.sql_assistant_service - INFO - 📋 Using 8 relevant tables | JOINs detected: 15
2026-01-13 12:57:19 - app.services.sql_assistant_service - INFO - 🔁 Self-refinement iteration 1/3
2026-01-13 12:57:19 - app.services.sql_assistant_service - INFO - 📊 Validation: confidence=0.90, msg=✅ 5 results found | ✅ Result count looks reasonable | ✅ Results contain meaningful data
2026-01-13 12:57:20 - watchfiles.main - INFO - 1 change detected
2026-01-13 12:57:20 - watchfiles.main - INFO - 1 change detected
2026-01-13 12:57:20 - watchfiles.main - INFO - 1 change detected
2026-01-13 12:57:21 - app.services.sql_assistant_service - INFO - 🧑‍⚖️ Judge decision (iteration 1): satisfactory=False, confidence=0.40
2026-01-13 12:57:21 - app.services.sql_assistant_service - INFO - 🧑‍⚖️ Judge: satisfactory=False, confidence=0.40
2026-01-13 12:57:21 - app.services.sql_assistant_service - INFO - ✅ Very high confidence (0.90) - stopping refinement
2026-01-13 12:57:21 - app.services.chat_history_service - INFO - 💾 Logged chat interaction: 2a2daca5-6f23-4db7-8007-7294272023d1
2026-01-13 12:57:21 - app.services.chat_history_service - INFO - 💾 Logged SQL query for chat: 2a2daca5-6f23-4db7-8007-7294272023d1
2026-01-13 12:57:21 - app.services.rlhf_service - WARNING - ⚠️ Skipping DB insert - chat_id 'chat_633537b8ede443d5' does not exist in chatbot_chat_history. Feedback saved to JSONL only for feedback_id: 8fb1243f-04cb-4ffa-a8bb-d690ab16838c
2026-01-13 12:57:21 - app.services.rlhf_service - INFO - 📝 Feedback recorded: sql_assistant | neutral | Reward: 0.10
2026-01-13 12:57:21 - app.api.chatbot_endpoints - INFO - ✅ Chat response generated: confidence=0.90
2026-01-13 12:57:21 - watchfiles.main - INFO - 4 changes detected
2026-01-13 12:57:21 - watchfiles.main - INFO - 1 change detected
2026-01-13 12:57:21 - watchfiles.main - INFO - 1 change detected
2026-01-13 12:57:22 - watchfiles.main - INFO - 1 change detected
2026-01-13 12:57:22 - watchfiles.main - INFO - 1 change detected
2026-01-13 12:57:23 - watchfiles.main - INFO - 1 change detected
2026-01-13 12:57:23 - watchfiles.main - INFO - 1 change detected
2026-01-13 12:57:23 - watchfiles.main - INFO - 1 change detected
2026-01-13 12:57:24 - watchfiles.main - INFO - 1 change detected
2026-01-13 12:57:24 - watchfiles.main - INFO - 1 change detected
2026-01-13 12:57:25 - watchfiles.main - INFO - 1 change detected
2026-01-13 12:57:25 - watchfiles.main - INFO - 1 change detected
2026-01-13 12:57:25 - watchfiles.main - INFO - 1 change detected
2026-01-13 12:57:26 - watchfiles.main - INFO - 1 change detected
2026-01-13 12:57:26 - watchfiles.main - INFO - 1 change detected
2026-01-13 12:57:27 - watchfiles.main - INFO - 1 change detected
2026-01-13 12:57:27 - watchfiles.main - INFO - 1 change detected
2026-01-13 12:57:28 - watchfiles.main - INFO - 1 change detected
2026-01-13 12:57:28 - watchfiles.main - INFO - 1 change detected
2026-01-13 12:57:28 - watchfiles.main - INFO - 1 change detected
2026-01-13 12:57:29 - watchfiles.main - INFO - 1 change detected
2026-01-13 12:57:29 - watchfiles.main - INFO - 1 change detected
2026-01-13 12:57:30 - watchfiles.main - INFO - 1 change detected
2026-01-13 12:57:30 - watchfiles.main - INFO - 1 change detected
2026-01-13 12:57:30 - watchfiles.main - INFO - 1 change detected
2026-01-13 12:57:31 - watchfiles.main - INFO - 1 change detected
2026-01-13 12:57:31 - watchfiles.main - INFO - 1 change detected
2026-01-13 12:57:32 - watchfiles.main - INFO - 1 change detected
2026-01-13 12:57:32 - watchfiles.main - INFO - 1 change detected
2026-01-13 12:57:32 - watchfiles.main - INFO - 1 change detected
2026-01-13 12:57:33 - watchfiles.main - INFO - 1 change detected
2026-01-13 12:57:33 - watchfiles.main - INFO - 1 change detected
2026-01-13 12:57:34 - watchfiles.main - INFO - 1 change detected
2026-01-13 12:57:34 - watchfiles.main - INFO - 1 change detected
2026-01-13 12:57:34 - watchfiles.main - INFO - 1 change detected
2026-01-13 12:57:35 - watchfiles.main - INFO - 1 change detected
2026-01-13 12:57:35 - watchfiles.main - INFO - 1 change detected
2026-01-13 12:57:36 - watchfiles.main - INFO - 1 change detected
2026-01-13 12:57:36 - watchfiles.main - INFO - 1 change detected
2026-01-13 12:57:36 - watchfiles.main - INFO - 1 change detected
2026-01-13 12:57:37 - watchfiles.main - INFO - 1 change detected
2026-01-13 12:57:37 - watchfiles.main - INFO - 1 change detected
2026-01-13 12:57:38 - watchfiles.main - INFO - 1 change detected
2026-01-13 12:57:38 - watchfiles.main - INFO - 1 change detected
2026-01-13 12:57:39 - watchfiles.main - INFO - 1 change detected
2026-01-13 12:57:39 - watchfiles.main - INFO - 1 change detected
2026-01-13 12:57:39 - watchfiles.main - INFO - 1 change detected
2026-01-13 12:57:40 - watchfiles.main - INFO - 1 change detected
2026-01-13 12:57:40 - watchfiles.main - INFO - 1 change detected
2026-01-13 12:57:41 - watchfiles.main - INFO - 1 change detected
2026-01-13 12:57:41 - watchfiles.main - INFO - 1 change detected
2026-01-13 12:57:41 - watchfiles.main - INFO - 1 change detected
2026-01-13 12:57:42 - watchfiles.main - INFO - 1 change detected
2026-01-13 12:57:42 - watchfiles.main - INFO - 1 change detected
2026-01-13 12:57:43 - watchfiles.main - INFO - 1 change detected
2026-01-13 12:57:43 - watchfiles.main - INFO - 1 change detected
2026-01-13 12:57:43 - watchfiles.main - INFO - 1 change detected
2026-01-13 12:57:44 - watchfiles.main - INFO - 1 change detected
2026-01-13 12:57:44 - watchfiles.main - INFO - 1 change detected
2026-01-13 12:57:45 - watchfiles.main - INFO - 1 change detected
2026-01-13 12:57:45 - watchfiles.main - INFO - 1 change detected
2026-01-13 12:57:45 - watchfiles.main - INFO - 1 change detected
2026-01-13 12:57:46 - watchfiles.main - INFO - 1 change detected
2026-01-13 12:57:46 - watchfiles.main - INFO - 1 change detected
2026-01-13 12:57:47 - watchfiles.main - INFO - 1 change detected
2026-01-13 12:57:47 - watchfiles.main - INFO - 1 change detected
2026-01-13 12:57:47 - watchfiles.main - INFO - 1 change detected
2026-01-13 12:57:48 - watchfiles.main - INFO - 1 change detected
2026-01-13 12:57:48 - watchfiles.main - INFO - 1 change detected
2026-01-13 12:57:49 - watchfiles.main - INFO - 1 change detected
2026-01-13 12:57:49 - watchfiles.main - INFO - 1 change detected
2026-01-13 12:57:50 - watchfiles.main - INFO - 1 change detected
2026-01-13 12:57:50 - watchfiles.main - INFO - 1 change detected
2026-01-13 12:57:50 - watchfiles.main - INFO - 1 change detected
2026-01-13 12:57:51 - watchfiles.main - INFO - 1 change detected
2026-01-13 12:57:51 - watchfiles.main - INFO - 1 change detected
2026-01-13 12:57:52 - watchfiles.main - INFO - 1 change detected
2026-01-13 12:57:52 - watchfiles.main - INFO - 1 change detected
2026-01-13 12:57:52 - watchfiles.main - INFO - 1 change detected
2026-01-13 12:57:53 - app.api.chatbot_endpoints - INFO - 📨 Chat request: type=ChatbotType.SQL_ASSISTANT, message=you give me name of the article as well...
2026-01-13 12:57:53 - app.services.sql_assistant_service - INFO - 🔍 Processing SQL query: you give me name of the article as well...
2026-01-13 12:57:53 - app.services.sql_assistant_service - INFO - 🔄 Attempt 1/3 using strategy: direct
2026-01-13 12:57:53 - app.services.sql_assistant_service - INFO - 🎯 Query intent: retrieve, entities: ['sku']
2026-01-13 12:57:53 - app.services.sql_assistant_service - INFO - 📊 Schema discovery found 18 potential JOINs
2026-01-13 12:57:53 - app.services.sql_assistant_service - INFO - 🔗 Found 9 JOIN paths using all tiers
2026-01-13 12:57:53 - app.services.sql_assistant_service - INFO - 📋 Using 10 relevant tables | JOINs detected: 9
2026-01-13 12:57:53 - app.services.sql_assistant_service - WARNING - ⚠️ Vector search failed: 'VectorStoreService' object has no attribute 'search_sql_examples', trying fallback
2026-01-13 12:57:53 - app.services.chat_history_service - INFO - 📚 Learned from history: 1 successful, 2 failed patterns
2026-01-13 12:57:53 - watchfiles.main - INFO - 1 change detected
2026-01-13 12:57:53 - watchfiles.main - INFO - 1 change detected
2026-01-13 12:57:53 - app.services.sql_assistant_service - INFO - ✅ Table validation passed - all tables exist in schema
2026-01-13 12:57:53 - app.services.sql_assistant_service - INFO - ✅ Column validation passed - all columns exist in their tables
2026-01-13 12:57:53 - app.services.sql_assistant_service - INFO - ✅ Value validation passed - filter values exist in database
2026-01-13 12:57:53 - app.services.sql_assistant_service - INFO - ✅ Query executed: 0 rows returned
2026-01-13 12:57:53 - app.services.sql_assistant_service - INFO - 🎯 Query intent: retrieve, entities: ['sku']
2026-01-13 12:57:53 - app.services.sql_assistant_service - INFO - 📊 Schema discovery found 8 potential JOINs
2026-01-13 12:57:54 - watchfiles.main - INFO - 1 change detected
2026-01-13 12:57:54 - watchfiles.main - INFO - 1 change detected
2026-01-13 12:57:55 - watchfiles.main - INFO - 1 change detected
2026-01-13 12:57:55 - app.services.sql_assistant_service - INFO - 🤖 LLM detected 5 implicit JOIN paths
2026-01-13 12:57:55 - app.services.sql_assistant_service - INFO - 🔗 Found 5 JOIN paths using all tiers
2026-01-13 12:57:55 - app.services.sql_assistant_service - INFO - 📋 Using 8 relevant tables | JOINs detected: 5
2026-01-13 12:57:55 - app.services.sql_assistant_service - INFO - 🔁 Self-refinement iteration 1/3
2026-01-13 12:57:55 - app.services.sql_assistant_service - INFO - 📊 Validation: confidence=0.30, msg=No results returned - query might be too restrictive or data doesn't exist
2026-01-13 12:57:55 - watchfiles.main - INFO - 1 change detected
2026-01-13 12:57:55 - watchfiles.main - INFO - 1 change detected
2026-01-13 12:57:56 - watchfiles.main - INFO - 1 change detected
2026-01-13 12:57:56 - app.services.sql_assistant_service - INFO - 🧑‍⚖️ Judge decision (iteration 1): satisfactory=False, confidence=0.20
2026-01-13 12:57:56 - app.services.sql_assistant_service - INFO - 🧑‍⚖️ Judge: satisfactory=False, confidence=0.20
2026-01-13 12:57:56 - app.services.sql_assistant_service - INFO - 🎯 Query intent: retrieve, entities: ['sku']
2026-01-13 12:57:56 - app.services.sql_assistant_service - INFO - 📊 Schema discovery found 18 potential JOINs
2026-01-13 12:57:56 - app.services.sql_assistant_service - INFO - 🔗 Found 9 JOIN paths using all tiers
2026-01-13 12:57:56 - app.services.sql_assistant_service - INFO - 📋 Using 10 relevant tables | JOINs detected: 9
2026-01-13 12:57:56 - app.services.sql_assistant_service - WARNING - ⚠️ Vector search failed: 'VectorStoreService' object has no attribute 'search_sql_examples', trying fallback
2026-01-13 12:57:56 - app.services.chat_history_service - INFO - 📚 Learned from history: 1 successful, 2 failed patterns
2026-01-13 12:57:56 - groq._base_client - INFO - Retrying request to /openai/v1/chat/completions in 4.000000 seconds
2026-01-13 12:57:56 - watchfiles.main - INFO - 1 change detected
2026-01-13 12:57:57 - watchfiles.main - INFO - 1 change detected
2026-01-13 12:57:57 - watchfiles.main - INFO - 1 change detected
2026-01-13 12:57:57 - watchfiles.main - INFO - 1 change detected
2026-01-13 12:57:58 - watchfiles.main - INFO - 1 change detected
2026-01-13 12:57:58 - watchfiles.main - INFO - 1 change detected
2026-01-13 12:57:59 - watchfiles.main - INFO - 1 change detected
2026-01-13 12:57:59 - watchfiles.main - INFO - 1 change detected
2026-01-13 12:57:59 - watchfiles.main - INFO - 1 change detected
2026-01-13 12:58:00 - watchfiles.main - INFO - 1 change detected
2026-01-13 12:58:00 - watchfiles.main - INFO - 1 change detected
2026-01-13 12:58:01 - app.services.sql_assistant_service - INFO - ✨ Generated improved query based on feedback
2026-01-13 12:58:01 - app.services.sql_assistant_service - INFO - 🔄 Executing improved query (iteration 2)
2026-01-13 12:58:01 - app.services.sql_assistant_service - INFO - ✅ Query executed: 0 rows returned
2026-01-13 12:58:01 - app.services.sql_assistant_service - INFO - ✨ Improved query executed successfully, continuing refinement
2026-01-13 12:58:01 - app.services.sql_assistant_service - INFO - 🔁 Self-refinement iteration 2/3
2026-01-13 12:58:01 - app.services.sql_assistant_service - INFO - 📊 Validation: confidence=0.30, msg=No results returned - query might be too restrictive or data doesn't exist
2026-01-13 12:58:01 - watchfiles.main - INFO - 1 change detected
2026-01-13 12:58:01 - groq._base_client - INFO - Retrying request to /openai/v1/chat/completions in 10.000000 seconds
2026-01-13 12:58:01 - watchfiles.main - INFO - 1 change detected
2026-01-13 12:58:02 - watchfiles.main - INFO - 1 change detected
2026-01-13 12:58:02 - watchfiles.main - INFO - 1 change detected
2026-01-13 12:58:02 - watchfiles.main - INFO - 1 change detected
2026-01-13 12:58:03 - watchfiles.main - INFO - 1 change detected
2026-01-13 12:58:03 - watchfiles.main - INFO - 1 change detected
2026-01-13 12:58:04 - watchfiles.main - INFO - 1 change detected
2026-01-13 12:58:04 - watchfiles.main - INFO - 1 change detected
2026-01-13 12:58:04 - watchfiles.main - INFO - 1 change detected
2026-01-13 12:58:05 - watchfiles.main - INFO - 1 change detected
2026-01-13 12:58:05 - watchfiles.main - INFO - 1 change detected
2026-01-13 12:58:06 - watchfiles.main - INFO - 1 change detected
2026-01-13 12:58:06 - watchfiles.main - INFO - 1 change detected
2026-01-13 12:58:06 - watchfiles.main - INFO - 1 change detected
2026-01-13 12:58:07 - watchfiles.main - INFO - 1 change detected
2026-01-13 12:58:07 - watchfiles.main - INFO - 1 change detected
2026-01-13 12:58:08 - watchfiles.main - INFO - 1 change detected
2026-01-13 12:58:08 - watchfiles.main - INFO - 1 change detected
2026-01-13 12:58:09 - watchfiles.main - INFO - 1 change detected
2026-01-13 12:58:09 - watchfiles.main - INFO - 1 change detected
2026-01-13 12:58:09 - watchfiles.main - INFO - 1 change detected
2026-01-13 12:58:10 - watchfiles.main - INFO - 1 change detected
2026-01-13 12:58:10 - watchfiles.main - INFO - 1 change detected
2026-01-13 12:58:11 - watchfiles.main - INFO - 1 change detected
2026-01-13 12:58:11 - watchfiles.main - INFO - 1 change detected
2026-01-13 12:58:11 - watchfiles.main - INFO - 1 change detected
2026-01-13 12:58:12 - watchfiles.main - INFO - 1 change detected
2026-01-13 12:58:12 - app.services.sql_assistant_service - INFO - 🧑‍⚖️ Judge decision (iteration 2): satisfactory=False, confidence=0.20
2026-01-13 12:58:12 - app.services.sql_assistant_service - INFO - 🧑‍⚖️ Judge: satisfactory=False, confidence=0.20
2026-01-13 12:58:12 - app.services.sql_assistant_service - INFO - 📝 Using judge-provided improved query
2026-01-13 12:58:12 - app.services.sql_assistant_service - INFO - 🔄 Executing improved query (iteration 3)
2026-01-13 12:58:12 - app.services.sql_assistant_service - INFO - ✅ Query executed: 0 rows returned
2026-01-13 12:58:12 - app.services.sql_assistant_service - INFO - ✨ Improved query executed successfully, continuing refinement
2026-01-13 12:58:12 - app.services.sql_assistant_service - INFO - 🔁 Self-refinement iteration 3/3
2026-01-13 12:58:12 - app.services.sql_assistant_service - INFO - 📊 Validation: confidence=0.30, msg=No results returned - query might be too restrictive or data doesn't exist
2026-01-13 12:58:12 - groq._base_client - INFO - Retrying request to /openai/v1/chat/completions in 10.000000 seconds
2026-01-13 12:58:12 - watchfiles.main - INFO - 1 change detected
2026-01-13 12:58:13 - watchfiles.main - INFO - 1 change detected
2026-01-13 12:58:13 - watchfiles.main - INFO - 1 change detected
2026-01-13 12:58:13 - watchfiles.main - INFO - 1 change detected
2026-01-13 12:58:14 - watchfiles.main - INFO - 1 change detected
2026-01-13 12:58:14 - watchfiles.main - INFO - 1 change detected
2026-01-13 12:58:15 - watchfiles.main - INFO - 1 change detected
2026-01-13 12:58:15 - watchfiles.main - INFO - 1 change detected
2026-01-13 12:58:16 - watchfiles.main - INFO - 1 change detected
2026-01-13 12:58:16 - watchfiles.main - INFO - 1 change detected
2026-01-13 12:58:16 - watchfiles.main - INFO - 1 change detected
2026-01-13 12:58:17 - watchfiles.main - INFO - 1 change detected
2026-01-13 12:58:17 - watchfiles.main - INFO - 1 change detected
2026-01-13 12:58:18 - watchfiles.main - INFO - 1 change detected
2026-01-13 12:58:18 - watchfiles.main - INFO - 1 change detected
2026-01-13 12:58:18 - watchfiles.main - INFO - 1 change detected
2026-01-13 12:58:19 - watchfiles.main - INFO - 1 change detected
2026-01-13 12:58:19 - watchfiles.main - INFO - 1 change detected
2026-01-13 12:58:20 - watchfiles.main - INFO - 1 change detected
2026-01-13 12:58:20 - watchfiles.main - INFO - 1 change detected
2026-01-13 12:58:20 - watchfiles.main - INFO - 1 change detected
2026-01-13 12:58:21 - watchfiles.main - INFO - 1 change detected
2026-01-13 12:58:21 - watchfiles.main - INFO - 1 change detected
2026-01-13 12:58:22 - watchfiles.main - INFO - 1 change detected
2026-01-13 12:58:22 - watchfiles.main - INFO - 1 change detected
2026-01-13 12:58:23 - watchfiles.main - INFO - 1 change detected
2026-01-13 12:58:23 - watchfiles.main - INFO - 1 change detected
2026-01-13 12:58:23 - watchfiles.main - INFO - 1 change detected
2026-01-13 12:58:24 - app.services.sql_assistant_service - INFO - 🧑‍⚖️ Judge decision (iteration 3): satisfactory=False, confidence=0.30
2026-01-13 12:58:24 - app.services.sql_assistant_service - INFO - 🧑‍⚖️ Judge: satisfactory=False, confidence=0.30
2026-01-13 12:58:24 - app.services.sql_assistant_service - INFO - 🛑 Reached max iterations (3) - using best result
2026-01-13 12:58:24 - app.services.sql_assistant_service - INFO - 📈 Refinement summary: 3 iterations, final confidence: 0.30
2026-01-13 12:58:24 - app.services.sql_assistant_service - INFO - 🔄 Attempt 2/3 using strategy: with_context
2026-01-13 12:58:24 - app.services.sql_assistant_service - INFO - 🎯 Query intent: retrieve, entities: ['sku']
2026-01-13 12:58:24 - app.services.sql_assistant_service - INFO - 📊 Schema discovery found 18 potential JOINs
2026-01-13 12:58:24 - app.services.sql_assistant_service - INFO - 🔗 Found 9 JOIN paths using all tiers
2026-01-13 12:58:24 - app.services.sql_assistant_service - INFO - 📋 Using 10 relevant tables | JOINs detected: 9
2026-01-13 12:58:24 - app.services.sql_assistant_service - WARNING - ⚠️ Vector search failed: 'VectorStoreService' object has no attribute 'search_sql_examples', trying fallback
2026-01-13 12:58:24 - app.services.chat_history_service - INFO - 📚 Learned from history: 1 successful, 2 failed patterns
2026-01-13 12:58:24 - groq._base_client - INFO - Retrying request to /openai/v1/chat/completions in 20.000000 seconds
2026-01-13 12:58:24 - watchfiles.main - INFO - 1 change detected
2026-01-13 12:58:24 - watchfiles.main - INFO - 1 change detected
2026-01-13 12:58:25 - watchfiles.main - INFO - 1 change detected
2026-01-13 12:58:25 - watchfiles.main - INFO - 1 change detected
2026-01-13 12:58:25 - watchfiles.main - INFO - 1 change detected
2026-01-13 12:58:26 - watchfiles.main - INFO - 1 change detected
2026-01-13 12:58:26 - watchfiles.main - INFO - 1 change detected
2026-01-13 12:58:27 - watchfiles.main - INFO - 1 change detected
2026-01-13 12:58:27 - watchfiles.main - INFO - 1 change detected
2026-01-13 12:58:27 - watchfiles.main - INFO - 1 change detected
2026-01-13 12:58:28 - watchfiles.main - INFO - 1 change detected
2026-01-13 12:58:28 - watchfiles.main - INFO - 1 change detected
2026-01-13 12:58:29 - watchfiles.main - INFO - 1 change detected
2026-01-13 12:58:29 - watchfiles.main - INFO - 1 change detected
2026-01-13 12:58:30 - watchfiles.main - INFO - 1 change detected
2026-01-13 12:58:30 - watchfiles.main - INFO - 1 change detected
2026-01-13 12:58:30 - watchfiles.main - INFO - 1 change detected
2026-01-13 12:58:31 - watchfiles.main - INFO - 1 change detected
2026-01-13 12:58:31 - watchfiles.main - INFO - 1 change detected
2026-01-13 12:58:32 - watchfiles.main - INFO - 1 change detected
2026-01-13 12:58:32 - watchfiles.main - INFO - 1 change detected
2026-01-13 12:58:32 - watchfiles.main - INFO - 1 change detected
2026-01-13 12:58:33 - watchfiles.main - INFO - 1 change detected
2026-01-13 12:58:33 - watchfiles.main - INFO - 1 change detected
2026-01-13 12:58:34 - watchfiles.main - INFO - 1 change detected
2026-01-13 12:58:34 - watchfiles.main - INFO - 1 change detected
2026-01-13 12:58:34 - watchfiles.main - INFO - 1 change detected
2026-01-13 12:58:35 - watchfiles.main - INFO - 1 change detected
2026-01-13 12:58:35 - watchfiles.main - INFO - 1 change detected
2026-01-13 12:58:36 - watchfiles.main - INFO - 1 change detected
2026-01-13 12:58:36 - watchfiles.main - INFO - 1 change detected
2026-01-13 12:58:37 - watchfiles.main - INFO - 1 change detected
2026-01-13 12:58:37 - watchfiles.main - INFO - 1 change detected
2026-01-13 12:58:37 - watchfiles.main - INFO - 1 change detected
2026-01-13 12:58:38 - watchfiles.main - INFO - 1 change detected
2026-01-13 12:58:38 - watchfiles.main - INFO - 1 change detected
2026-01-13 12:58:39 - watchfiles.main - INFO - 1 change detected
2026-01-13 12:58:39 - watchfiles.main - INFO - 1 change detected
2026-01-13 12:58:39 - watchfiles.main - INFO - 1 change detected
2026-01-13 12:58:40 - watchfiles.main - INFO - 1 change detected
2026-01-13 12:58:40 - watchfiles.main - INFO - 1 change detected
2026-01-13 12:58:41 - watchfiles.main - INFO - 1 change detected
2026-01-13 12:58:41 - watchfiles.main - INFO - 1 change detected
2026-01-13 12:58:41 - watchfiles.main - INFO - 1 change detected
2026-01-13 12:58:42 - watchfiles.main - INFO - 1 change detected
2026-01-13 12:58:42 - watchfiles.main - INFO - 1 change detected
2026-01-13 12:58:43 - watchfiles.main - INFO - 1 change detected
2026-01-13 12:58:43 - watchfiles.main - INFO - 1 change detected
2026-01-13 12:58:43 - watchfiles.main - INFO - 1 change detected
2026-01-13 12:58:44 - watchfiles.main - INFO - 1 change detected
2026-01-13 12:58:44 - watchfiles.main - INFO - 1 change detected
2026-01-13 12:58:45 - app.services.sql_assistant_service - INFO - ✅ Table validation passed - all tables exist in schema
2026-01-13 12:58:45 - app.services.sql_assistant_service - INFO - ✅ Column validation passed - all columns exist in their tables
2026-01-13 12:58:45 - app.services.sql_assistant_service - INFO - ✅ Value validation passed - filter values exist in database
2026-01-13 12:58:45 - app.services.sql_assistant_service - INFO - ✅ Query executed: 0 rows returned
2026-01-13 12:58:45 - app.services.sql_assistant_service - INFO - 🎯 Query intent: retrieve, entities: ['sku']
2026-01-13 12:58:45 - app.services.sql_assistant_service - INFO - 📊 Schema discovery found 8 potential JOINs
2026-01-13 12:58:45 - watchfiles.main - INFO - 1 change detected
2026-01-13 12:58:45 - groq._base_client - INFO - Retrying request to /openai/v1/chat/completions in 4.000000 seconds
2026-01-13 12:58:45 - watchfiles.main - INFO - 1 change detected
2026-01-13 12:58:46 - watchfiles.main - INFO - 1 change detected
2026-01-13 12:58:46 - watchfiles.main - INFO - 1 change detected
2026-01-13 12:58:46 - watchfiles.main - INFO - 1 change detected
2026-01-13 12:58:47 - watchfiles.main - INFO - 1 change detected
2026-01-13 12:58:47 - watchfiles.main - INFO - 1 change detected
2026-01-13 12:58:48 - watchfiles.main - INFO - 1 change detected
2026-01-13 12:58:48 - watchfiles.main - INFO - 1 change detected
2026-01-13 12:58:48 - watchfiles.main - INFO - 1 change detected
2026-01-13 12:58:49 - watchfiles.main - INFO - 1 change detected
2026-01-13 12:58:49 - watchfiles.main - INFO - 1 change detected
2026-01-13 12:58:50 - watchfiles.main - INFO - 1 change detected
2026-01-13 12:58:50 - app.services.sql_assistant_service - INFO - 🤖 LLM detected 6 implicit JOIN paths
2026-01-13 12:58:50 - app.services.sql_assistant_service - INFO - 🔗 Found 6 JOIN paths using all tiers
2026-01-13 12:58:50 - app.services.sql_assistant_service - INFO - 📋 Using 8 relevant tables | JOINs detected: 6
2026-01-13 12:58:50 - app.services.sql_assistant_service - INFO - 🔁 Self-refinement iteration 1/3
2026-01-13 12:58:50 - app.services.sql_assistant_service - INFO - 📊 Validation: confidence=0.30, msg=No results returned - query might be too restrictive or data doesn't exist
2026-01-13 12:58:50 - groq._base_client - INFO - Retrying request to /openai/v1/chat/completions in 11.000000 seconds
2026-01-13 12:58:50 - watchfiles.main - INFO - 1 change detected
2026-01-13 12:58:51 - watchfiles.main - INFO - 1 change detected
2026-01-13 12:58:51 - watchfiles.main - INFO - 1 change detected
2026-01-13 12:58:51 - watchfiles.main - INFO - 1 change detected
2026-01-13 12:58:52 - watchfiles.main - INFO - 1 change detected
2026-01-13 12:58:52 - watchfiles.main - INFO - 1 change detected
2026-01-13 12:58:53 - watchfiles.main - INFO - 1 change detected
2026-01-13 12:58:53 - watchfiles.main - INFO - 1 change detected
2026-01-13 12:58:53 - watchfiles.main - INFO - 1 change detected
2026-01-13 12:58:54 - watchfiles.main - INFO - 1 change detected
2026-01-13 12:58:54 - watchfiles.main - INFO - 1 change detected
2026-01-13 12:58:55 - watchfiles.main - INFO - 1 change detected
2026-01-13 12:58:55 - watchfiles.main - INFO - 1 change detected
2026-01-13 12:58:56 - watchfiles.main - INFO - 1 change detected
2026-01-13 12:58:56 - watchfiles.main - INFO - 1 change detected
2026-01-13 12:58:56 - watchfiles.main - INFO - 1 change detected
2026-01-13 12:58:57 - watchfiles.main - INFO - 1 change detected
2026-01-13 12:58:57 - watchfiles.main - INFO - 1 change detected
2026-01-13 12:58:58 - watchfiles.main - INFO - 1 change detected
2026-01-13 12:58:58 - watchfiles.main - INFO - 1 change detected
2026-01-13 12:58:58 - watchfiles.main - INFO - 1 change detected
2026-01-13 12:58:59 - watchfiles.main - INFO - 1 change detected
2026-01-13 12:58:59 - watchfiles.main - INFO - 1 change detected
2026-01-13 12:59:00 - watchfiles.main - INFO - 1 change detected
2026-01-13 12:59:00 - watchfiles.main - INFO - 1 change detected
2026-01-13 12:59:00 - watchfiles.main - INFO - 1 change detected
2026-01-13 12:59:01 - watchfiles.main - INFO - 1 change detected
2026-01-13 12:59:01 - watchfiles.main - INFO - 1 change detected
2026-01-13 12:59:02 - watchfiles.main - INFO - 1 change detected
2026-01-13 12:59:02 - watchfiles.main - INFO - 1 change detected
2026-01-13 12:59:02 - app.services.sql_assistant_service - INFO - 🧑‍⚖️ Judge decision (iteration 1): satisfactory=False, confidence=0.20
2026-01-13 12:59:02 - app.services.sql_assistant_service - INFO - 🧑‍⚖️ Judge: satisfactory=False, confidence=0.20
2026-01-13 12:59:02 - app.services.sql_assistant_service - INFO - 📝 Using judge-provided improved query
2026-01-13 12:59:02 - app.services.sql_assistant_service - INFO - 🔄 Executing improved query (iteration 2)
2026-01-13 12:59:02 - app.services.sql_assistant_service - INFO - ✅ Query executed: 0 rows returned
2026-01-13 12:59:02 - app.services.sql_assistant_service - INFO - ✨ Improved query executed successfully, continuing refinement
2026-01-13 12:59:02 - app.services.sql_assistant_service - INFO - 🔁 Self-refinement iteration 2/3
2026-01-13 12:59:02 - app.services.sql_assistant_service - INFO - 📊 Validation: confidence=0.30, msg=No results returned - query might be too restrictive or data doesn't exist
2026-01-13 12:59:02 - groq._base_client - INFO - Retrying request to /openai/v1/chat/completions in 11.000000 seconds
2026-01-13 12:59:03 - watchfiles.main - INFO - 1 change detected
2026-01-13 12:59:03 - watchfiles.main - INFO - 1 change detected
2026-01-13 12:59:03 - watchfiles.main - INFO - 1 change detected
2026-01-13 12:59:04 - watchfiles.main - INFO - 1 change detected
2026-01-13 12:59:04 - watchfiles.main - INFO - 1 change detected
2026-01-13 12:59:05 - watchfiles.main - INFO - 1 change detected
2026-01-13 12:59:05 - watchfiles.main - INFO - 1 change detected
2026-01-13 12:59:05 - watchfiles.main - INFO - 1 change detected
2026-01-13 12:59:06 - watchfiles.main - INFO - 1 change detected
2026-01-13 12:59:06 - watchfiles.main - INFO - 1 change detected
2026-01-13 12:59:07 - watchfiles.main - INFO - 1 change detected
2026-01-13 12:59:07 - watchfiles.main - INFO - 1 change detected
2026-01-13 12:59:08 - watchfiles.main - INFO - 1 change detected
2026-01-13 12:59:08 - watchfiles.main - INFO - 1 change detected
2026-01-13 12:59:08 - watchfiles.main - INFO - 1 change detected
2026-01-13 12:59:09 - watchfiles.main - INFO - 1 change detected
2026-01-13 12:59:09 - watchfiles.main - INFO - 1 change detected
2026-01-13 12:59:10 - watchfiles.main - INFO - 1 change detected
2026-01-13 12:59:10 - watchfiles.main - INFO - 1 change detected
2026-01-13 12:59:10 - watchfiles.main - INFO - 1 change detected
2026-01-13 12:59:11 - watchfiles.main - INFO - 1 change detected
2026-01-13 12:59:11 - watchfiles.main - INFO - 1 change detected
2026-01-13 12:59:12 - watchfiles.main - INFO - 1 change detected
2026-01-13 12:59:12 - watchfiles.main - INFO - 1 change detected
2026-01-13 12:59:12 - watchfiles.main - INFO - 1 change detected
2026-01-13 12:59:13 - watchfiles.main - INFO - 1 change detected
2026-01-13 12:59:13 - watchfiles.main - INFO - 1 change detected
2026-01-13 12:59:14 - watchfiles.main - INFO - 1 change detected
2026-01-13 12:59:14 - watchfiles.main - INFO - 1 change detected
2026-01-13 12:59:15 - watchfiles.main - INFO - 1 change detected
2026-01-13 12:59:15 - app.services.sql_assistant_service - INFO - 🧑‍⚖️ Judge decision (iteration 2): satisfactory=False, confidence=0.30
2026-01-13 12:59:15 - app.services.sql_assistant_service - INFO - 🧑‍⚖️ Judge: satisfactory=False, confidence=0.30
2026-01-13 12:59:15 - app.services.sql_assistant_service - INFO - 🎯 Query intent: retrieve, entities: ['sku']
2026-01-13 12:59:15 - app.services.sql_assistant_service - INFO - 📊 Schema discovery found 18 potential JOINs
2026-01-13 12:59:15 - app.services.sql_assistant_service - INFO - 🔗 Found 9 JOIN paths using all tiers
2026-01-13 12:59:15 - app.services.sql_assistant_service - INFO - 📋 Using 10 relevant tables | JOINs detected: 9
2026-01-13 12:59:15 - app.services.sql_assistant_service - WARNING - ⚠️ Vector search failed: 'VectorStoreService' object has no attribute 'search_sql_examples', trying fallback
2026-01-13 12:59:15 - app.services.chat_history_service - INFO - 📚 Learned from history: 1 successful, 2 failed patterns
2026-01-13 12:59:15 - watchfiles.main - INFO - 1 change detected
2026-01-13 12:59:15 - groq._base_client - INFO - Retrying request to /openai/v1/chat/completions in 28.000000 seconds
2026-01-13 12:59:15 - watchfiles.main - INFO - 1 change detected
2026-01-13 12:59:16 - watchfiles.main - INFO - 1 change detected
2026-01-13 12:59:16 - watchfiles.main - INFO - 1 change detected
2026-01-13 12:59:17 - watchfiles.main - INFO - 1 change detected
2026-01-13 12:59:17 - watchfiles.main - INFO - 1 change detected
2026-01-13 12:59:17 - watchfiles.main - INFO - 1 change detected
2026-01-13 12:59:18 - watchfiles.main - INFO - 1 change detected
2026-01-13 12:59:18 - watchfiles.main - INFO - 1 change detected
2026-01-13 12:59:19 - watchfiles.main - INFO - 1 change detected
2026-01-13 12:59:19 - watchfiles.main - INFO - 1 change detected
2026-01-13 12:59:20 - watchfiles.main - INFO - 1 change detected
2026-01-13 12:59:20 - watchfiles.main - INFO - 1 change detected
2026-01-13 12:59:20 - watchfiles.main - INFO - 1 change detected
2026-01-13 12:59:21 - watchfiles.main - INFO - 1 change detected
2026-01-13 12:59:21 - watchfiles.main - INFO - 1 change detected
2026-01-13 12:59:22 - watchfiles.main - INFO - 1 change detected
2026-01-13 12:59:22 - watchfiles.main - INFO - 1 change detected
2026-01-13 12:59:22 - watchfiles.main - INFO - 1 change detected
2026-01-13 12:59:23 - watchfiles.main - INFO - 1 change detected
2026-01-13 12:59:23 - watchfiles.main - INFO - 1 change detected
2026-01-13 12:59:24 - watchfiles.main - INFO - 1 change detected
2026-01-13 12:59:24 - watchfiles.main - INFO - 1 change detected
2026-01-13 12:59:24 - watchfiles.main - INFO - 1 change detected
2026-01-13 12:59:25 - watchfiles.main - INFO - 1 change detected
2026-01-13 12:59:25 - watchfiles.main - INFO - 1 change detected
2026-01-13 12:59:26 - watchfiles.main - INFO - 1 change detected
2026-01-13 12:59:26 - watchfiles.main - INFO - 1 change detected
2026-01-13 12:59:27 - watchfiles.main - INFO - 1 change detected
2026-01-13 12:59:27 - watchfiles.main - INFO - 1 change detected
2026-01-13 12:59:27 - watchfiles.main - INFO - 1 change detected
2026-01-13 12:59:28 - watchfiles.main - INFO - 1 change detected
2026-01-13 12:59:28 - watchfiles.main - INFO - 1 change detected
2026-01-13 12:59:29 - watchfiles.main - INFO - 1 change detected
2026-01-13 12:59:29 - watchfiles.main - INFO - 1 change detected
2026-01-13 12:59:29 - watchfiles.main - INFO - 1 change detected
2026-01-13 12:59:30 - watchfiles.main - INFO - 1 change detected
2026-01-13 12:59:30 - watchfiles.main - INFO - 1 change detected
2026-01-13 12:59:31 - watchfiles.main - INFO - 1 change detected
2026-01-13 12:59:31 - watchfiles.main - INFO - 1 change detected
2026-01-13 12:59:32 - watchfiles.main - INFO - 1 change detected
2026-01-13 12:59:32 - watchfiles.main - INFO - 1 change detected
2026-01-13 12:59:32 - watchfiles.main - INFO - 1 change detected
2026-01-13 12:59:33 - watchfiles.main - INFO - 1 change detected
2026-01-13 12:59:33 - watchfiles.main - INFO - 1 change detected
2026-01-13 12:59:34 - watchfiles.main - INFO - 1 change detected
2026-01-13 12:59:34 - watchfiles.main - INFO - 1 change detected
2026-01-13 12:59:35 - watchfiles.main - INFO - 1 change detected
2026-01-13 12:59:35 - watchfiles.main - INFO - 1 change detected
2026-01-13 12:59:35 - watchfiles.main - INFO - 1 change detected
2026-01-13 12:59:36 - watchfiles.main - INFO - 1 change detected
2026-01-13 12:59:36 - watchfiles.main - INFO - 1 change detected
2026-01-13 12:59:37 - watchfiles.main - INFO - 1 change detected
2026-01-13 12:59:37 - watchfiles.main - INFO - 1 change detected
2026-01-13 12:59:37 - watchfiles.main - INFO - 1 change detected
2026-01-13 12:59:38 - watchfiles.main - INFO - 1 change detected
2026-01-13 12:59:38 - watchfiles.main - INFO - 1 change detected
2026-01-13 12:59:39 - watchfiles.main - INFO - 1 change detected
2026-01-13 12:59:39 - watchfiles.main - INFO - 1 change detected
2026-01-13 12:59:39 - watchfiles.main - INFO - 1 change detected
2026-01-13 12:59:40 - watchfiles.main - INFO - 1 change detected
2026-01-13 12:59:40 - watchfiles.main - INFO - 1 change detected
2026-01-13 12:59:41 - watchfiles.main - INFO - 1 change detected
2026-01-13 12:59:41 - watchfiles.main - INFO - 1 change detected
2026-01-13 12:59:42 - watchfiles.main - INFO - 1 change detected
2026-01-13 12:59:42 - watchfiles.main - INFO - 1 change detected
2026-01-13 12:59:42 - watchfiles.main - INFO - 1 change detected
2026-01-13 12:59:43 - watchfiles.main - INFO - 1 change detected
2026-01-13 12:59:43 - watchfiles.main - INFO - 1 change detected
2026-01-13 12:59:44 - watchfiles.main - INFO - 1 change detected
2026-01-13 12:59:44 - app.services.sql_assistant_service - INFO - ✨ Generated improved query based on feedback
2026-01-13 12:59:44 - app.services.sql_assistant_service - INFO - 🔄 Executing improved query (iteration 3)
2026-01-13 12:59:44 - app.services.sql_assistant_service - INFO - ✅ Query executed: 0 rows returned
2026-01-13 12:59:44 - app.services.sql_assistant_service - INFO - ✨ Improved query executed successfully, continuing refinement
2026-01-13 12:59:44 - app.services.sql_assistant_service - INFO - 🔁 Self-refinement iteration 3/3
2026-01-13 12:59:44 - app.services.sql_assistant_service - INFO - 📊 Validation: confidence=0.30, msg=No results returned - query might be too restrictive or data doesn't exist
2026-01-13 12:59:44 - groq._base_client - INFO - Retrying request to /openai/v1/chat/completions in 10.000000 seconds
2026-01-13 12:59:44 - watchfiles.main - INFO - 1 change detected
2026-01-13 12:59:44 - watchfiles.main - INFO - 1 change detected
2026-01-13 12:59:45 - watchfiles.main - INFO - 1 change detected
2026-01-13 12:59:45 - watchfiles.main - INFO - 1 change detected
2026-01-13 12:59:46 - watchfiles.main - INFO - 1 change detected
2026-01-13 12:59:46 - watchfiles.main - INFO - 1 change detected
2026-01-13 12:59:47 - watchfiles.main - INFO - 1 change detected
2026-01-13 12:59:47 - watchfiles.main - INFO - 1 change detected
2026-01-13 12:59:47 - watchfiles.main - INFO - 1 change detected
2026-01-13 12:59:48 - watchfiles.main - INFO - 1 change detected
2026-01-13 12:59:48 - watchfiles.main - INFO - 1 change detected
2026-01-13 12:59:49 - watchfiles.main - INFO - 1 change detected
2026-01-13 12:59:49 - watchfiles.main - INFO - 1 change detected
2026-01-13 12:59:49 - watchfiles.main - INFO - 1 change detected
2026-01-13 12:59:50 - watchfiles.main - INFO - 1 change detected
2026-01-13 12:59:50 - watchfiles.main - INFO - 1 change detected
2026-01-13 12:59:51 - watchfiles.main - INFO - 1 change detected
2026-01-13 12:59:51 - watchfiles.main - INFO - 1 change detected
2026-01-13 12:59:51 - watchfiles.main - INFO - 1 change detected
2026-01-13 12:59:52 - watchfiles.main - INFO - 1 change detected
2026-01-13 12:59:52 - watchfiles.main - INFO - 1 change detected
2026-01-13 12:59:53 - watchfiles.main - INFO - 1 change detected
2026-01-13 12:59:53 - watchfiles.main - INFO - 1 change detected
2026-01-13 12:59:54 - watchfiles.main - INFO - 1 change detected
2026-01-13 12:59:54 - watchfiles.main - INFO - 1 change detected
2026-01-13 12:59:54 - watchfiles.main - INFO - 1 change detected
2026-01-13 12:59:55 - watchfiles.main - INFO - 1 change detected
2026-01-13 12:59:55 - app.services.sql_assistant_service - INFO - 🧑‍⚖️ Judge decision (iteration 3): satisfactory=False, confidence=0.20
2026-01-13 12:59:55 - app.services.sql_assistant_service - INFO - 🧑‍⚖️ Judge: satisfactory=False, confidence=0.20
2026-01-13 12:59:55 - app.services.sql_assistant_service - INFO - 🛑 Reached max iterations (3) - using best result
2026-01-13 12:59:55 - app.services.sql_assistant_service - INFO - 📈 Refinement summary: 3 iterations, final confidence: 0.30
2026-01-13 12:59:55 - app.services.sql_assistant_service - INFO - 🔄 Attempt 3/3 using strategy: simplified
2026-01-13 12:59:55 - app.services.sql_assistant_service - INFO - 🎯 Query intent: retrieve, entities: ['sku']
2026-01-13 12:59:55 - app.services.sql_assistant_service - INFO - 📊 Schema discovery found 18 potential JOINs
2026-01-13 12:59:55 - app.services.sql_assistant_service - INFO - 🔗 Found 9 JOIN paths using all tiers
2026-01-13 12:59:55 - app.services.sql_assistant_service - INFO - 📋 Using 10 relevant tables | JOINs detected: 9
2026-01-13 12:59:55 - app.services.sql_assistant_service - WARNING - ⚠️ Vector search failed: 'VectorStoreService' object has no attribute 'search_sql_examples', trying fallback
2026-01-13 12:59:55 - app.services.chat_history_service - INFO - 📚 Learned from history: 1 successful, 2 failed patterns
2026-01-13 12:59:55 - groq._base_client - INFO - Retrying request to /openai/v1/chat/completions in 21.000000 seconds
2026-01-13 12:59:55 - watchfiles.main - INFO - 1 change detected
2026-01-13 12:59:56 - watchfiles.main - INFO - 1 change detected
2026-01-13 12:59:56 - watchfiles.main - INFO - 1 change detected
2026-01-13 12:59:56 - watchfiles.main - INFO - 1 change detected
2026-01-13 12:59:57 - watchfiles.main - INFO - 1 change detected
2026-01-13 12:59:57 - watchfiles.main - INFO - 1 change detected
2026-01-13 12:59:58 - watchfiles.main - INFO - 1 change detected
2026-01-13 12:59:58 - watchfiles.main - INFO - 1 change detected
2026-01-13 12:59:59 - watchfiles.main - INFO - 1 change detected
2026-01-13 12:59:59 - watchfiles.main - INFO - 1 change detected
2026-01-13 12:59:59 - watchfiles.main - INFO - 1 change detected
2026-01-13 13:00:00 - watchfiles.main - INFO - 1 change detected
2026-01-13 13:00:00 - watchfiles.main - INFO - 1 change detected
2026-01-13 13:00:01 - watchfiles.main - INFO - 1 change detected
2026-01-13 13:00:01 - watchfiles.main - INFO - 1 change detected
2026-01-13 13:00:01 - watchfiles.main - INFO - 1 change detected
2026-01-13 13:00:02 - watchfiles.main - INFO - 1 change detected
2026-01-13 13:00:02 - watchfiles.main - INFO - 1 change detected
2026-01-13 13:00:03 - watchfiles.main - INFO - 1 change detected
2026-01-13 13:00:03 - watchfiles.main - INFO - 1 change detected
2026-01-13 13:00:04 - watchfiles.main - INFO - 1 change detected
2026-01-13 13:00:04 - watchfiles.main - INFO - 1 change detected
2026-01-13 13:00:04 - watchfiles.main - INFO - 1 change detected
2026-01-13 13:00:05 - watchfiles.main - INFO - 1 change detected
2026-01-13 13:00:05 - watchfiles.main - INFO - 1 change detected
2026-01-13 13:00:06 - watchfiles.main - INFO - 1 change detected
2026-01-13 13:00:06 - watchfiles.main - INFO - 1 change detected
2026-01-13 13:00:06 - watchfiles.main - INFO - 1 change detected
2026-01-13 13:00:07 - watchfiles.main - INFO - 1 change detected
2026-01-13 13:00:07 - watchfiles.main - INFO - 1 change detected
2026-01-13 13:00:08 - watchfiles.main - INFO - 1 change detected
2026-01-13 13:00:08 - watchfiles.main - INFO - 1 change detected
2026-01-13 13:00:09 - watchfiles.main - INFO - 1 change detected
2026-01-13 13:00:09 - watchfiles.main - INFO - 1 change detected
2026-01-13 13:00:09 - watchfiles.main - INFO - 1 change detected
2026-01-13 13:00:10 - watchfiles.main - INFO - 1 change detected
2026-01-13 13:00:10 - watchfiles.main - INFO - 1 change detected
2026-01-13 13:00:11 - watchfiles.main - INFO - 1 change detected
2026-01-13 13:00:11 - watchfiles.main - INFO - 1 change detected
2026-01-13 13:00:11 - watchfiles.main - INFO - 1 change detected
2026-01-13 13:00:12 - watchfiles.main - INFO - 1 change detected
2026-01-13 13:00:12 - watchfiles.main - INFO - 1 change detected
2026-01-13 13:00:13 - watchfiles.main - INFO - 1 change detected
2026-01-13 13:00:13 - watchfiles.main - INFO - 1 change detected
2026-01-13 13:00:14 - watchfiles.main - INFO - 1 change detected
2026-01-13 13:00:14 - watchfiles.main - INFO - 1 change detected
2026-01-13 13:00:14 - watchfiles.main - INFO - 1 change detected
2026-01-13 13:00:15 - watchfiles.main - INFO - 1 change detected
2026-01-13 13:00:15 - watchfiles.main - INFO - 1 change detected
2026-01-13 13:00:16 - watchfiles.main - INFO - 1 change detected
2026-01-13 13:00:16 - watchfiles.main - INFO - 1 change detected
2026-01-13 13:00:17 - watchfiles.main - INFO - 1 change detected
2026-01-13 13:00:17 - app.services.sql_assistant_service - INFO - ✅ Table validation passed - all tables exist in schema
2026-01-13 13:00:17 - app.services.sql_assistant_service - INFO - ✅ Column validation passed - all columns exist in their tables
2026-01-13 13:00:17 - app.services.sql_assistant_service - INFO - ✅ Value validation passed - filter values exist in database
2026-01-13 13:00:17 - app.services.sql_assistant_service - INFO - ✅ Query executed: 0 rows returned
2026-01-13 13:00:17 - app.services.sql_assistant_service - INFO - 🎯 Query intent: retrieve, entities: ['sku']
2026-01-13 13:00:17 - app.services.sql_assistant_service - INFO - 📊 Schema discovery found 8 potential JOINs
2026-01-13 13:00:17 - groq._base_client - INFO - Retrying request to /openai/v1/chat/completions in 3.000000 seconds
2026-01-13 13:00:17 - watchfiles.main - INFO - 1 change detected
2026-01-13 13:00:17 - watchfiles.main - INFO - 1 change detected
2026-01-13 13:00:18 - watchfiles.main - INFO - 1 change detected
2026-01-13 13:00:18 - watchfiles.main - INFO - 1 change detected
2026-01-13 13:00:19 - watchfiles.main - INFO - 1 change detected
2026-01-13 13:00:19 - watchfiles.main - INFO - 1 change detected
2026-01-13 13:00:19 - watchfiles.main - INFO - 1 change detected
2026-01-13 13:00:20 - watchfiles.main - INFO - 1 change detected
2026-01-13 13:00:20 - watchfiles.main - INFO - 1 change detected
2026-01-13 13:00:21 - watchfiles.main - INFO - 1 change detected
2026-01-13 13:00:21 - app.services.sql_assistant_service - INFO - 🤖 LLM detected 5 implicit JOIN paths
2026-01-13 13:00:21 - app.services.sql_assistant_service - INFO - 🔗 Found 5 JOIN paths using all tiers
2026-01-13 13:00:21 - app.services.sql_assistant_service - INFO - 📋 Using 8 relevant tables | JOINs detected: 5
2026-01-13 13:00:21 - app.services.sql_assistant_service - INFO - 🔁 Self-refinement iteration 1/3
2026-01-13 13:00:21 - app.services.sql_assistant_service - INFO - 📊 Validation: confidence=0.30, msg=No results returned - query might be too restrictive or data doesn't exist
2026-01-13 13:00:21 - groq._base_client - INFO - Retrying request to /openai/v1/chat/completions in 11.000000 seconds
2026-01-13 13:00:21 - watchfiles.main - INFO - 1 change detected
2026-01-13 13:00:21 - watchfiles.main - INFO - 1 change detected
2026-01-13 13:00:22 - watchfiles.main - INFO - 1 change detected
2026-01-13 13:00:22 - watchfiles.main - INFO - 1 change detected
2026-01-13 13:00:23 - watchfiles.main - INFO - 1 change detected
2026-01-13 13:00:23 - watchfiles.main - INFO - 1 change detected
2026-01-13 13:00:24 - watchfiles.main - INFO - 1 change detected
2026-01-13 13:00:24 - watchfiles.main - INFO - 1 change detected
2026-01-13 13:00:24 - watchfiles.main - INFO - 1 change detected
2026-01-13 13:00:25 - watchfiles.main - INFO - 1 change detected
2026-01-13 13:00:25 - watchfiles.main - INFO - 1 change detected
2026-01-13 13:00:26 - watchfiles.main - INFO - 1 change detected
2026-01-13 13:00:26 - watchfiles.main - INFO - 1 change detected
2026-01-13 13:00:26 - watchfiles.main - INFO - 1 change detected
2026-01-13 13:00:27 - watchfiles.main - INFO - 1 change detected
2026-01-13 13:00:27 - watchfiles.main - INFO - 1 change detected
2026-01-13 13:00:28 - watchfiles.main - INFO - 1 change detected
2026-01-13 13:00:28 - watchfiles.main - INFO - 1 change detected
2026-01-13 13:00:29 - watchfiles.main - INFO - 1 change detected
2026-01-13 13:00:29 - watchfiles.main - INFO - 1 change detected
2026-01-13 13:00:29 - watchfiles.main - INFO - 1 change detected
2026-01-13 13:00:30 - watchfiles.main - INFO - 1 change detected
2026-01-13 13:00:30 - watchfiles.main - INFO - 1 change detected
2026-01-13 13:00:31 - watchfiles.main - INFO - 1 change detected
2026-01-13 13:00:31 - watchfiles.main - INFO - 1 change detected
2026-01-13 13:00:31 - watchfiles.main - INFO - 1 change detected
2026-01-13 13:00:32 - watchfiles.main - INFO - 1 change detected
2026-01-13 13:00:32 - watchfiles.main - INFO - 1 change detected
2026-01-13 13:00:33 - watchfiles.main - INFO - 1 change detected
2026-01-13 13:00:33 - watchfiles.main - INFO - 1 change detected
2026-01-13 13:00:33 - app.services.sql_assistant_service - INFO - 🧑‍⚖️ Judge decision (iteration 1): satisfactory=False, confidence=0.30
2026-01-13 13:00:33 - app.services.sql_assistant_service - INFO - 🧑‍⚖️ Judge: satisfactory=False, confidence=0.30
2026-01-13 13:00:33 - app.services.sql_assistant_service - INFO - 🎯 Query intent: retrieve, entities: ['sku']
2026-01-13 13:00:33 - app.services.sql_assistant_service - INFO - 📊 Schema discovery found 18 potential JOINs
2026-01-13 13:00:33 - app.services.sql_assistant_service - INFO - 🔗 Found 9 JOIN paths using all tiers
2026-01-13 13:00:33 - app.services.sql_assistant_service - INFO - 📋 Using 10 relevant tables | JOINs detected: 9
2026-01-13 13:00:33 - app.services.sql_assistant_service - WARNING - ⚠️ Vector search failed: 'VectorStoreService' object has no attribute 'search_sql_examples', trying fallback
2026-01-13 13:00:33 - app.services.chat_history_service - INFO - 📚 Learned from history: 1 successful, 2 failed patterns
2026-01-13 13:00:33 - groq._base_client - INFO - Retrying request to /openai/v1/chat/completions in 27.000000 seconds
2026-01-13 13:00:33 - watchfiles.main - INFO - 1 change detected
2026-01-13 13:00:34 - watchfiles.main - INFO - 1 change detected
2026-01-13 13:00:34 - watchfiles.main - INFO - 1 change detected
2026-01-13 13:00:35 - watchfiles.main - INFO - 1 change detected
2026-01-13 13:00:35 - watchfiles.main - INFO - 1 change detected
2026-01-13 13:00:36 - watchfiles.main - INFO - 1 change detected
2026-01-13 13:00:36 - watchfiles.main - INFO - 1 change detected
2026-01-13 13:00:36 - watchfiles.main - INFO - 1 change detected
2026-01-13 13:00:37 - watchfiles.main - INFO - 1 change detected
2026-01-13 13:00:37 - watchfiles.main - INFO - 1 change detected
2026-01-13 13:00:38 - watchfiles.main - INFO - 1 change detected
2026-01-13 13:00:38 - watchfiles.main - INFO - 1 change detected
2026-01-13 13:00:38 - watchfiles.main - INFO - 1 change detected
2026-01-13 13:00:39 - watchfiles.main - INFO - 1 change detected
2026-01-13 13:00:39 - watchfiles.main - INFO - 1 change detected
2026-01-13 13:00:40 - watchfiles.main - INFO - 1 change detected
2026-01-13 13:00:40 - watchfiles.main - INFO - 1 change detected
2026-01-13 13:00:41 - watchfiles.main - INFO - 1 change detected
2026-01-13 13:00:41 - watchfiles.main - INFO - 1 change detected
2026-01-13 13:00:41 - watchfiles.main - INFO - 1 change detected
2026-01-13 13:00:42 - watchfiles.main - INFO - 1 change detected
2026-01-13 13:00:42 - watchfiles.main - INFO - 1 change detected
2026-01-13 13:00:43 - watchfiles.main - INFO - 1 change detected
2026-01-13 13:00:43 - watchfiles.main - INFO - 1 change detected
2026-01-13 13:00:43 - watchfiles.main - INFO - 1 change detected
2026-01-13 13:00:44 - watchfiles.main - INFO - 1 change detected
2026-01-13 13:00:44 - watchfiles.main - INFO - 1 change detected
2026-01-13 13:00:45 - watchfiles.main - INFO - 1 change detected
2026-01-13 13:00:45 - watchfiles.main - INFO - 1 change detected
2026-01-13 13:00:45 - watchfiles.main - INFO - 1 change detected
2026-01-13 13:00:46 - watchfiles.main - INFO - 1 change detected
2026-01-13 13:00:46 - watchfiles.main - INFO - 1 change detected
2026-01-13 13:00:47 - watchfiles.main - INFO - 1 change detected
2026-01-13 13:00:47 - watchfiles.main - INFO - 1 change detected
2026-01-13 13:00:48 - watchfiles.main - INFO - 1 change detected
2026-01-13 13:00:48 - watchfiles.main - INFO - 1 change detected
2026-01-13 13:00:48 - watchfiles.main - INFO - 1 change detected
2026-01-13 13:00:49 - watchfiles.main - INFO - 1 change detected
2026-01-13 13:00:49 - watchfiles.main - INFO - 1 change detected
2026-01-13 13:00:50 - watchfiles.main - INFO - 1 change detected
2026-01-13 13:00:50 - watchfiles.main - INFO - 1 change detected
2026-01-13 13:00:50 - watchfiles.main - INFO - 1 change detected
2026-01-13 13:00:51 - watchfiles.main - INFO - 1 change detected
2026-01-13 13:00:51 - watchfiles.main - INFO - 1 change detected
2026-01-13 13:00:52 - watchfiles.main - INFO - 1 change detected
2026-01-13 13:00:52 - watchfiles.main - INFO - 1 change detected
2026-01-13 13:00:52 - watchfiles.main - INFO - 1 change detected
2026-01-13 13:00:53 - watchfiles.main - INFO - 1 change detected
2026-01-13 13:00:53 - watchfiles.main - INFO - 1 change detected
2026-01-13 13:00:54 - watchfiles.main - INFO - 1 change detected
2026-01-13 13:00:54 - watchfiles.main - INFO - 1 change detected
2026-01-13 13:00:54 - watchfiles.main - INFO - 1 change detected
2026-01-13 13:00:55 - watchfiles.main - INFO - 1 change detected
2026-01-13 13:00:55 - watchfiles.main - INFO - 1 change detected
2026-01-13 13:00:56 - watchfiles.main - INFO - 1 change detected
2026-01-13 13:00:56 - watchfiles.main - INFO - 1 change detected
2026-01-13 13:00:56 - watchfiles.main - INFO - 1 change detected
2026-01-13 13:00:57 - watchfiles.main - INFO - 1 change detected
2026-01-13 13:00:57 - watchfiles.main - INFO - 1 change detected
2026-01-13 13:00:58 - watchfiles.main - INFO - 1 change detected
2026-01-13 13:00:58 - watchfiles.main - INFO - 1 change detected
2026-01-13 13:00:59 - watchfiles.main - INFO - 1 change detected
2026-01-13 13:00:59 - watchfiles.main - INFO - 1 change detected
2026-01-13 13:00:59 - watchfiles.main - INFO - 1 change detected
2026-01-13 13:01:00 - watchfiles.main - INFO - 1 change detected
2026-01-13 13:01:00 - watchfiles.main - INFO - 1 change detected
2026-01-13 13:01:01 - watchfiles.main - INFO - 1 change detected
2026-01-13 13:01:01 - watchfiles.main - INFO - 1 change detected
2026-01-13 13:01:01 - app.services.sql_assistant_service - INFO - ✨ Generated improved query based on feedback
2026-01-13 13:01:01 - app.services.sql_assistant_service - INFO - 🔄 Executing improved query (iteration 2)
2026-01-13 13:01:01 - app.services.sql_assistant_service - INFO - ✅ Query executed: 0 rows returned
2026-01-13 13:01:01 - app.services.sql_assistant_service - INFO - ✨ Improved query executed successfully, continuing refinement
2026-01-13 13:01:01 - app.services.sql_assistant_service - INFO - 🔁 Self-refinement iteration 2/3
2026-01-13 13:01:01 - app.services.sql_assistant_service - INFO - 📊 Validation: confidence=0.30, msg=No results returned - query might be too restrictive or data doesn't exist
2026-01-13 13:01:01 - groq._base_client - INFO - Retrying request to /openai/v1/chat/completions in 10.000000 seconds
2026-01-13 13:01:01 - watchfiles.main - INFO - 1 change detected
2026-01-13 13:01:02 - watchfiles.main - INFO - 1 change detected
2026-01-13 13:01:02 - watchfiles.main - INFO - 1 change detected
2026-01-13 13:01:03 - watchfiles.main - INFO - 1 change detected
2026-01-13 13:01:03 - watchfiles.main - INFO - 1 change detected
2026-01-13 13:01:03 - watchfiles.main - INFO - 1 change detected
2026-01-13 13:01:04 - watchfiles.main - INFO - 1 change detected
2026-01-13 13:01:04 - watchfiles.main - INFO - 1 change detected
2026-01-13 13:01:05 - watchfiles.main - INFO - 1 change detected
2026-01-13 13:01:05 - watchfiles.main - INFO - 1 change detected
2026-01-13 13:01:05 - watchfiles.main - INFO - 1 change detected
2026-01-13 13:01:06 - watchfiles.main - INFO - 1 change detected
2026-01-13 13:01:06 - watchfiles.main - INFO - 1 change detected
2026-01-13 13:01:07 - watchfiles.main - INFO - 1 change detected
2026-01-13 13:01:07 - watchfiles.main - INFO - 1 change detected
2026-01-13 13:01:08 - watchfiles.main - INFO - 1 change detected
2026-01-13 13:01:08 - watchfiles.main - INFO - 1 change detected
2026-01-13 13:01:08 - watchfiles.main - INFO - 1 change detected
2026-01-13 13:01:09 - watchfiles.main - INFO - 1 change detected
2026-01-13 13:01:09 - watchfiles.main - INFO - 1 change detected
2026-01-13 13:01:10 - watchfiles.main - INFO - 1 change detected
2026-01-13 13:01:10 - watchfiles.main - INFO - 1 change detected
2026-01-13 13:01:10 - watchfiles.main - INFO - 1 change detected
2026-01-13 13:01:11 - watchfiles.main - INFO - 1 change detected
2026-01-13 13:01:11 - watchfiles.main - INFO - 1 change detected
2026-01-13 13:01:12 - watchfiles.main - INFO - 1 change detected
2026-01-13 13:01:12 - watchfiles.main - INFO - 1 change detected
2026-01-13 13:01:12 - app.services.sql_assistant_service - INFO - 🧑‍⚖️ Judge decision (iteration 2): satisfactory=False, confidence=0.30
2026-01-13 13:01:12 - app.services.sql_assistant_service - INFO - 🧑‍⚖️ Judge: satisfactory=False, confidence=0.30
2026-01-13 13:01:12 - app.services.sql_assistant_service - INFO - 🎯 Query intent: retrieve, entities: ['sku']
2026-01-13 13:01:12 - app.services.sql_assistant_service - INFO - 📊 Schema discovery found 18 potential JOINs
2026-01-13 13:01:12 - app.services.sql_assistant_service - INFO - 🔗 Found 9 JOIN paths using all tiers
2026-01-13 13:01:12 - app.services.sql_assistant_service - INFO - 📋 Using 10 relevant tables | JOINs detected: 9
2026-01-13 13:01:12 - app.services.sql_assistant_service - WARNING - ⚠️ Vector search failed: 'VectorStoreService' object has no attribute 'search_sql_examples', trying fallback
2026-01-13 13:01:12 - app.services.chat_history_service - INFO - 📚 Learned from history: 1 successful, 2 failed patterns
2026-01-13 13:01:12 - watchfiles.main - INFO - 1 change detected
2026-01-13 13:01:12 - groq._base_client - INFO - Retrying request to /openai/v1/chat/completions in 28.000000 seconds
2026-01-13 13:01:13 - watchfiles.main - INFO - 1 change detected
2026-01-13 13:01:13 - watchfiles.main - INFO - 1 change detected
2026-01-13 13:01:14 - watchfiles.main - INFO - 1 change detected
2026-01-13 13:01:14 - watchfiles.main - INFO - 1 change detected
2026-01-13 13:01:14 - watchfiles.main - INFO - 1 change detected
2026-01-13 13:01:15 - watchfiles.main - INFO - 1 change detected
2026-01-13 13:01:15 - watchfiles.main - INFO - 1 change detected
2026-01-13 13:01:16 - watchfiles.main - INFO - 1 change detected
2026-01-13 13:01:16 - watchfiles.main - INFO - 1 change detected
2026-01-13 13:01:17 - watchfiles.main - INFO - 1 change detected
2026-01-13 13:01:17 - watchfiles.main - INFO - 1 change detected
2026-01-13 13:01:17 - watchfiles.main - INFO - 1 change detected
2026-01-13 13:01:18 - watchfiles.main - INFO - 1 change detected
2026-01-13 13:01:18 - watchfiles.main - INFO - 1 change detected
2026-01-13 13:01:19 - watchfiles.main - INFO - 1 change detected
2026-01-13 13:01:19 - watchfiles.main - INFO - 1 change detected
2026-01-13 13:01:19 - watchfiles.main - INFO - 1 change detected
2026-01-13 13:01:20 - watchfiles.main - INFO - 1 change detected
2026-01-13 13:01:20 - watchfiles.main - INFO - 1 change detected
2026-01-13 13:01:21 - watchfiles.main - INFO - 1 change detected
2026-01-13 13:01:21 - watchfiles.main - INFO - 1 change detected
2026-01-13 13:01:21 - watchfiles.main - INFO - 1 change detected
2026-01-13 13:01:22 - watchfiles.main - INFO - 1 change detected
2026-01-13 13:01:22 - watchfiles.main - INFO - 1 change detected
2026-01-13 13:01:23 - watchfiles.main - INFO - 1 change detected
2026-01-13 13:01:23 - watchfiles.main - INFO - 1 change detected
2026-01-13 13:01:24 - watchfiles.main - INFO - 1 change detected
2026-01-13 13:01:24 - watchfiles.main - INFO - 1 change detected
2026-01-13 13:01:24 - watchfiles.main - INFO - 1 change detected
2026-01-13 13:01:25 - watchfiles.main - INFO - 1 change detected
2026-01-13 13:01:25 - watchfiles.main - INFO - 1 change detected
2026-01-13 13:01:26 - watchfiles.main - INFO - 1 change detected
2026-01-13 13:01:26 - watchfiles.main - INFO - 1 change detected
2026-01-13 13:01:26 - watchfiles.main - INFO - 1 change detected
2026-01-13 13:01:27 - watchfiles.main - INFO - 1 change detected
2026-01-13 13:01:27 - watchfiles.main - INFO - 1 change detected
2026-01-13 13:01:28 - watchfiles.main - INFO - 1 change detected
2026-01-13 13:01:28 - watchfiles.main - INFO - 1 change detected
2026-01-13 13:01:29 - watchfiles.main - INFO - 1 change detected
2026-01-13 13:01:29 - watchfiles.main - INFO - 1 change detected
2026-01-13 13:01:29 - watchfiles.main - INFO - 1 change detected
2026-01-13 13:01:30 - watchfiles.main - INFO - 1 change detected
2026-01-13 13:01:30 - watchfiles.main - INFO - 1 change detected
2026-01-13 13:01:31 - watchfiles.main - INFO - 1 change detected
2026-01-13 13:01:31 - watchfiles.main - INFO - 1 change detected
2026-01-13 13:01:31 - watchfiles.main - INFO - 1 change detected
2026-01-13 13:01:32 - watchfiles.main - INFO - 1 change detected
2026-01-13 13:01:32 - watchfiles.main - INFO - 1 change detected
2026-01-13 13:01:33 - watchfiles.main - INFO - 1 change detected
2026-01-13 13:01:33 - watchfiles.main - INFO - 1 change detected
2026-01-13 13:01:33 - watchfiles.main - INFO - 1 change detected
2026-01-13 13:01:34 - watchfiles.main - INFO - 1 change detected
2026-01-13 13:01:34 - watchfiles.main - INFO - 1 change detected
2026-01-13 13:01:35 - watchfiles.main - INFO - 1 change detected
2026-01-13 13:01:35 - watchfiles.main - INFO - 1 change detected
2026-01-13 13:01:36 - watchfiles.main - INFO - 1 change detected
2026-01-13 13:01:36 - watchfiles.main - INFO - 1 change detected
2026-01-13 13:01:36 - watchfiles.main - INFO - 1 change detected
2026-01-13 13:01:37 - watchfiles.main - INFO - 1 change detected
2026-01-13 13:01:37 - watchfiles.main - INFO - 1 change detected
2026-01-13 13:01:38 - watchfiles.main - INFO - 1 change detected
2026-01-13 13:01:38 - watchfiles.main - INFO - 1 change detected
2026-01-13 13:01:38 - watchfiles.main - INFO - 1 change detected
2026-01-13 13:01:39 - watchfiles.main - INFO - 1 change detected
2026-01-13 13:01:39 - watchfiles.main - INFO - 1 change detected
2026-01-13 13:01:40 - watchfiles.main - INFO - 1 change detected
2026-01-13 13:01:40 - watchfiles.main - INFO - 1 change detected
2026-01-13 13:01:40 - watchfiles.main - INFO - 1 change detected
2026-01-13 13:01:41 - watchfiles.main - INFO - 1 change detected
2026-01-13 13:01:41 - app.services.sql_assistant_service - INFO - ✨ Generated improved query based on feedback
2026-01-13 13:01:41 - app.services.sql_assistant_service - INFO - 🔄 Executing improved query (iteration 3)
2026-01-13 13:01:41 - watchfiles.main - INFO - 1 change detected
2026-01-13 13:01:41 - app.services.sql_assistant_service - INFO - ✅ Query executed: 0 rows returned
2026-01-13 13:01:41 - app.services.sql_assistant_service - INFO - ✨ Improved query executed successfully, continuing refinement
2026-01-13 13:01:41 - app.services.sql_assistant_service - INFO - 🔁 Self-refinement iteration 3/3
2026-01-13 13:01:41 - app.services.sql_assistant_service - INFO - 📊 Validation: confidence=0.30, msg=No results returned - query might be too restrictive or data doesn't exist
2026-01-13 13:01:41 - groq._base_client - INFO - Retrying request to /openai/v1/chat/completions in 10.000000 seconds
2026-01-13 13:01:42 - watchfiles.main - INFO - 1 change detected
2026-01-13 13:01:42 - watchfiles.main - INFO - 1 change detected
2026-01-13 13:01:43 - watchfiles.main - INFO - 1 change detected
2026-01-13 13:01:43 - watchfiles.main - INFO - 1 change detected
2026-01-13 13:01:43 - watchfiles.main - INFO - 1 change detected
2026-01-13 13:01:44 - watchfiles.main - INFO - 1 change detected
2026-01-13 13:01:44 - watchfiles.main - INFO - 1 change detected
2026-01-13 13:01:45 - watchfiles.main - INFO - 1 change detected
2026-01-13 13:01:45 - watchfiles.main - INFO - 1 change detected
2026-01-13 13:01:45 - watchfiles.main - INFO - 1 change detected
2026-01-13 13:01:46 - watchfiles.main - INFO - 1 change detected
2026-01-13 13:01:46 - watchfiles.main - INFO - 1 change detected
2026-01-13 13:01:47 - watchfiles.main - INFO - 1 change detected
2026-01-13 13:01:47 - watchfiles.main - INFO - 1 change detected
2026-01-13 13:01:47 - watchfiles.main - INFO - 1 change detected
2026-01-13 13:01:48 - watchfiles.main - INFO - 1 change detected
2026-01-13 13:01:48 - watchfiles.main - INFO - 1 change detected
2026-01-13 13:01:49 - watchfiles.main - INFO - 1 change detected
2026-01-13 13:01:49 - watchfiles.main - INFO - 1 change detected
2026-01-13 13:01:50 - watchfiles.main - INFO - 1 change detected
2026-01-13 13:01:50 - watchfiles.main - INFO - 1 change detected
2026-01-13 13:01:50 - watchfiles.main - INFO - 1 change detected
2026-01-13 13:01:51 - watchfiles.main - INFO - 1 change detected
2026-01-13 13:01:51 - watchfiles.main - INFO - 1 change detected
2026-01-13 13:01:52 - watchfiles.main - INFO - 1 change detected
2026-01-13 13:01:52 - watchfiles.main - INFO - 1 change detected
2026-01-13 13:01:52 - app.services.sql_assistant_service - INFO - 🧑‍⚖️ Judge decision (iteration 3): satisfactory=False, confidence=0.30
2026-01-13 13:01:52 - app.services.sql_assistant_service - INFO - 🧑‍⚖️ Judge: satisfactory=False, confidence=0.30
2026-01-13 13:01:52 - app.services.sql_assistant_service - INFO - 🛑 Reached max iterations (3) - using best result
2026-01-13 13:01:52 - app.services.sql_assistant_service - INFO - 📈 Refinement summary: 3 iterations, final confidence: 0.30
2026-01-13 13:01:52 - app.services.sql_assistant_service - WARNING - ⚠️ All attempts failed to produce confident results
2026-01-13 13:01:52 - app.api.chatbot_endpoints - INFO - ✅ Chat response generated: confidence=0.50
2026-01-13 13:01:52 - watchfiles.main - INFO - 1 change detected
2026-01-13 13:01:53 - watchfiles.main - INFO - 1 change detected
2026-01-13 13:01:53 - watchfiles.main - INFO - 1 change detected
2026-01-13 13:01:54 - watchfiles.main - INFO - 1 change detected
2026-01-13 13:01:54 - watchfiles.main - INFO - 1 change detected
2026-01-13 13:01:55 - watchfiles.main - INFO - 1 change detected
2026-01-13 13:01:55 - watchfiles.main - INFO - 1 change detected
2026-01-13 13:01:55 - watchfiles.main - INFO - 1 change detected
2026-01-13 13:01:56 - watchfiles.main - INFO - 1 change detected
2026-01-13 13:01:56 - watchfiles.main - INFO - 1 change detected
2026-01-13 13:01:57 - watchfiles.main - INFO - 1 change detected
2026-01-13 13:01:57 - watchfiles.main - INFO - 1 change detected
2026-01-13 13:01:57 - watchfiles.main - INFO - 1 change detected
2026-01-13 13:01:58 - watchfiles.main - INFO - 1 change detected
2026-01-13 13:01:58 - watchfiles.main - INFO - 1 change detected
2026-01-13 13:01:59 - watchfiles.main - INFO - 1 change detected
2026-01-13 13:01:59 - watchfiles.main - INFO - 1 change detected
2026-01-13 13:01:59 - watchfiles.main - INFO - 1 change detected
2026-01-13 13:02:00 - watchfiles.main - INFO - 1 change detected
2026-01-13 13:02:00 - watchfiles.main - INFO - 1 change detected
2026-01-13 13:02:01 - watchfiles.main - INFO - 1 change detected
2026-01-13 13:02:01 - watchfiles.main - INFO - 1 change detected
2026-01-13 13:02:02 - watchfiles.main - INFO - 1 change detected
2026-01-13 13:02:02 - watchfiles.main - INFO - 1 change detected
2026-01-13 13:02:02 - watchfiles.main - INFO - 1 change detected
2026-01-13 13:02:03 - watchfiles.main - INFO - 1 change detected
2026-01-13 13:02:03 - watchfiles.main - INFO - 1 change detected
2026-01-13 13:02:04 - watchfiles.main - INFO - 1 change detected
2026-01-13 13:02:04 - watchfiles.main - INFO - 1 change detected
2026-01-13 13:02:04 - watchfiles.main - INFO - 1 change detected
2026-01-13 13:02:05 - watchfiles.main - INFO - 1 change detected
2026-01-13 13:02:05 - watchfiles.main - INFO - 1 change detected
2026-01-13 13:02:06 - watchfiles.main - INFO - 1 change detected
2026-01-13 13:02:06 - watchfiles.main - INFO - 1 change detected
2026-01-13 13:02:06 - watchfiles.main - INFO - 1 change detected
2026-01-13 13:02:07 - watchfiles.main - INFO - 1 change detected
2026-01-13 13:02:07 - watchfiles.main - INFO - 1 change detected
2026-01-13 13:02:08 - watchfiles.main - INFO - 1 change detected
2026-01-13 13:02:08 - watchfiles.main - INFO - 1 change detected
2026-01-13 13:02:08 - watchfiles.main - INFO - 1 change detected
2026-01-13 13:02:09 - watchfiles.main - INFO - 1 change detected
2026-01-13 13:02:09 - watchfiles.main - INFO - 1 change detected
2026-01-13 13:02:10 - watchfiles.main - INFO - 1 change detected
2026-01-13 13:02:10 - watchfiles.main - INFO - 1 change detected
2026-01-13 13:02:11 - watchfiles.main - INFO - 1 change detected
2026-01-13 13:02:11 - watchfiles.main - INFO - 1 change detected
2026-01-13 13:02:11 - watchfiles.main - INFO - 1 change detected
2026-01-13 13:02:12 - watchfiles.main - INFO - 1 change detected
2026-01-13 13:02:12 - watchfiles.main - INFO - 1 change detected
2026-01-13 13:02:13 - watchfiles.main - INFO - 1 change detected
2026-01-13 13:02:13 - watchfiles.main - INFO - 1 change detected
2026-01-13 13:02:13 - watchfiles.main - INFO - 1 change detected
2026-01-13 13:02:14 - watchfiles.main - INFO - 1 change detected
2026-01-13 13:02:14 - watchfiles.main - INFO - 1 change detected
2026-01-13 13:02:15 - watchfiles.main - INFO - 1 change detected
2026-01-13 13:02:15 - watchfiles.main - INFO - 1 change detected
2026-01-13 13:02:15 - watchfiles.main - INFO - 1 change detected
2026-01-13 13:02:16 - watchfiles.main - INFO - 1 change detected
2026-01-13 13:02:16 - watchfiles.main - INFO - 1 change detected
2026-01-13 13:02:17 - watchfiles.main - INFO - 1 change detected
2026-01-13 13:02:17 - watchfiles.main - INFO - 1 change detected
2026-01-13 13:02:17 - watchfiles.main - INFO - 1 change detected
2026-01-13 13:02:18 - watchfiles.main - INFO - 1 change detected
2026-01-13 13:02:18 - watchfiles.main - INFO - 1 change detected
2026-01-13 13:02:19 - watchfiles.main - INFO - 1 change detected
2026-01-13 13:02:19 - watchfiles.main - INFO - 1 change detected
2026-01-13 13:02:20 - watchfiles.main - INFO - 1 change detected
2026-01-13 13:02:20 - watchfiles.main - INFO - 1 change detected
2026-01-13 13:02:20 - watchfiles.main - INFO - 1 change detected
2026-01-13 13:02:21 - watchfiles.main - INFO - 1 change detected
2026-01-13 13:02:21 - watchfiles.main - INFO - 1 change detected
2026-01-13 13:02:22 - watchfiles.main - INFO - 1 change detected
2026-01-13 13:02:22 - watchfiles.main - INFO - 1 change detected
2026-01-13 13:02:22 - watchfiles.main - INFO - 1 change detected
2026-01-13 13:02:23 - watchfiles.main - INFO - 1 change detected
2026-01-13 13:02:23 - watchfiles.main - INFO - 1 change detected
2026-01-13 13:02:24 - watchfiles.main - INFO - 1 change detected
2026-01-13 13:02:24 - watchfiles.main - INFO - 1 change detected
2026-01-13 13:02:25 - watchfiles.main - INFO - 1 change detected
2026-01-13 13:02:25 - watchfiles.main - INFO - 1 change detected
2026-01-13 13:02:25 - watchfiles.main - INFO - 1 change detected
2026-01-13 13:02:26 - watchfiles.main - INFO - 1 change detected
2026-01-13 13:02:26 - watchfiles.main - INFO - 1 change detected
2026-01-13 13:02:27 - watchfiles.main - INFO - 1 change detected
2026-01-13 13:02:27 - watchfiles.main - INFO - 1 change detected
2026-01-13 13:02:27 - watchfiles.main - INFO - 1 change detected
2026-01-13 13:02:28 - watchfiles.main - INFO - 1 change detected
2026-01-13 13:02:28 - watchfiles.main - INFO - 1 change detected
2026-01-13 13:02:29 - watchfiles.main - INFO - 1 change detected
2026-01-13 13:02:29 - watchfiles.main - INFO - 1 change detected
2026-01-13 13:02:29 - watchfiles.main - INFO - 1 change detected
2026-01-13 13:02:30 - watchfiles.main - INFO - 1 change detected
2026-01-13 13:02:30 - watchfiles.main - INFO - 1 change detected
2026-01-13 13:02:31 - watchfiles.main - INFO - 1 change detected
2026-01-13 13:02:31 - watchfiles.main - INFO - 1 change detected
2026-01-13 13:02:31 - watchfiles.main - INFO - 1 change detected
2026-01-13 13:02:32 - watchfiles.main - INFO - 1 change detected
2026-01-13 13:02:32 - watchfiles.main - INFO - 1 change detected
2026-01-13 13:02:33 - watchfiles.main - INFO - 1 change detected
2026-01-13 13:02:33 - watchfiles.main - INFO - 1 change detected
2026-01-13 13:02:34 - watchfiles.main - INFO - 1 change detected
2026-01-13 13:02:34 - watchfiles.main - INFO - 1 change detected
2026-01-13 13:02:34 - watchfiles.main - INFO - 1 change detected
2026-01-13 13:02:35 - watchfiles.main - INFO - 1 change detected
2026-01-13 13:02:35 - watchfiles.main - INFO - 1 change detected
2026-01-13 13:02:36 - watchfiles.main - INFO - 1 change detected
2026-01-13 13:02:36 - watchfiles.main - INFO - 1 change detected
2026-01-13 13:02:36 - watchfiles.main - INFO - 1 change detected
2026-01-13 13:02:37 - watchfiles.main - INFO - 1 change detected
2026-01-13 13:02:37 - watchfiles.main - INFO - 1 change detected
2026-01-13 13:02:38 - watchfiles.main - INFO - 1 change detected
2026-01-13 13:02:38 - watchfiles.main - INFO - 1 change detected
2026-01-13 13:02:38 - watchfiles.main - INFO - 1 change detected
2026-01-13 13:02:39 - watchfiles.main - INFO - 1 change detected
2026-01-13 13:02:39 - watchfiles.main - INFO - 1 change detected
2026-01-13 13:02:40 - watchfiles.main - INFO - 1 change detected
2026-01-13 13:02:40 - watchfiles.main - INFO - 1 change detected
2026-01-13 13:02:41 - watchfiles.main - INFO - 1 change detected
2026-01-13 13:02:41 - watchfiles.main - INFO - 1 change detected
2026-01-13 13:02:41 - watchfiles.main - INFO - 1 change detected
2026-01-13 13:02:42 - watchfiles.main - INFO - 1 change detected
2026-01-13 13:02:42 - watchfiles.main - INFO - 1 change detected
2026-01-13 13:02:43 - watchfiles.main - INFO - 1 change detected
2026-01-13 13:02:43 - watchfiles.main - INFO - 1 change detected
2026-01-13 13:02:43 - watchfiles.main - INFO - 1 change detected
2026-01-13 13:02:44 - watchfiles.main - INFO - 1 change detected
2026-01-13 13:02:44 - watchfiles.main - INFO - 1 change detected
2026-01-13 13:02:45 - watchfiles.main - INFO - 1 change detected
2026-01-13 13:02:45 - watchfiles.main - INFO - 1 change detected
2026-01-13 13:02:45 - watchfiles.main - INFO - 1 change detected
2026-01-13 13:02:46 - watchfiles.main - INFO - 1 change detected
2026-01-13 13:02:46 - watchfiles.main - INFO - 1 change detected
2026-01-13 13:02:47 - watchfiles.main - INFO - 1 change detected
2026-01-13 13:02:47 - watchfiles.main - INFO - 1 change detected
2026-01-13 13:02:47 - watchfiles.main - INFO - 1 change detected
2026-01-13 13:02:48 - watchfiles.main - INFO - 1 change detected
2026-01-13 13:02:48 - watchfiles.main - INFO - 1 change detected
2026-01-13 13:02:49 - watchfiles.main - INFO - 1 change detected
2026-01-13 13:02:49 - watchfiles.main - INFO - 1 change detected
2026-01-13 13:02:50 - watchfiles.main - INFO - 1 change detected
2026-01-13 13:02:50 - watchfiles.main - INFO - 1 change detected
2026-01-13 13:02:50 - watchfiles.main - INFO - 1 change detected
2026-01-13 13:02:51 - watchfiles.main - INFO - 1 change detected
2026-01-13 13:02:51 - watchfiles.main - INFO - 1 change detected
2026-01-13 13:02:52 - watchfiles.main - INFO - 1 change detected
2026-01-13 13:02:52 - watchfiles.main - INFO - 1 change detected
2026-01-13 13:02:52 - watchfiles.main - INFO - 1 change detected
2026-01-13 13:02:53 - watchfiles.main - INFO - 1 change detected
2026-01-13 13:02:53 - watchfiles.main - INFO - 1 change detected
2026-01-13 13:02:54 - watchfiles.main - INFO - 1 change detected
2026-01-13 13:02:54 - watchfiles.main - INFO - 1 change detected
2026-01-13 13:02:54 - watchfiles.main - INFO - 1 change detected
2026-01-13 13:02:55 - watchfiles.main - INFO - 1 change detected
2026-01-13 13:02:55 - watchfiles.main - INFO - 1 change detected
2026-01-13 13:02:56 - watchfiles.main - INFO - 1 change detected
2026-01-13 13:02:56 - watchfiles.main - INFO - 1 change detected
2026-01-13 13:02:56 - watchfiles.main - INFO - 1 change detected
2026-01-13 13:02:57 - watchfiles.main - INFO - 1 change detected
2026-01-13 13:02:57 - watchfiles.main - INFO - 1 change detected
2026-01-13 13:02:58 - watchfiles.main - INFO - 1 change detected
2026-01-13 13:02:58 - watchfiles.main - INFO - 1 change detected
2026-01-13 13:02:59 - watchfiles.main - INFO - 1 change detected
2026-01-13 13:02:59 - watchfiles.main - INFO - 1 change detected
2026-01-13 13:02:59 - watchfiles.main - INFO - 1 change detected
2026-01-13 13:03:00 - watchfiles.main - INFO - 1 change detected
2026-01-13 13:03:00 - watchfiles.main - INFO - 1 change detected
2026-01-13 13:03:01 - watchfiles.main - INFO - 1 change detected
2026-01-13 13:03:01 - watchfiles.main - INFO - 1 change detected
2026-01-13 13:03:01 - watchfiles.main - INFO - 1 change detected
2026-01-13 13:03:02 - watchfiles.main - INFO - 1 change detected
2026-01-13 13:03:02 - watchfiles.main - INFO - 1 change detected
2026-01-13 13:03:03 - watchfiles.main - INFO - 1 change detected
2026-01-13 13:03:03 - watchfiles.main - INFO - 1 change detected
2026-01-13 13:03:03 - watchfiles.main - INFO - 1 change detected
2026-01-13 13:03:04 - watchfiles.main - INFO - 1 change detected
2026-01-13 13:03:04 - watchfiles.main - INFO - 1 change detected
2026-01-13 13:03:05 - watchfiles.main - INFO - 1 change detected
2026-01-13 13:03:05 - watchfiles.main - INFO - 1 change detected
2026-01-13 13:03:06 - watchfiles.main - INFO - 1 change detected
2026-01-13 13:03:06 - watchfiles.main - INFO - 1 change detected
2026-01-13 13:03:06 - watchfiles.main - INFO - 1 change detected
2026-01-13 13:03:07 - watchfiles.main - INFO - 1 change detected
2026-01-13 13:03:07 - watchfiles.main - INFO - 1 change detected
2026-01-13 13:03:08 - watchfiles.main - INFO - 1 change detected
2026-01-13 13:03:08 - watchfiles.main - INFO - 1 change detected
2026-01-13 13:03:08 - watchfiles.main - INFO - 1 change detected
2026-01-13 13:03:09 - watchfiles.main - INFO - 1 change detected
2026-01-13 13:03:09 - watchfiles.main - INFO - 1 change detected
2026-01-13 13:03:10 - watchfiles.main - INFO - 1 change detected
2026-01-13 13:03:10 - watchfiles.main - INFO - 1 change detected
2026-01-13 13:03:10 - watchfiles.main - INFO - 1 change detected
2026-01-13 13:03:11 - watchfiles.main - INFO - 1 change detected
2026-01-13 13:03:11 - watchfiles.main - INFO - 1 change detected
2026-01-13 13:03:12 - watchfiles.main - INFO - 1 change detected
2026-01-13 13:03:12 - watchfiles.main - INFO - 1 change detected
2026-01-13 13:03:13 - watchfiles.main - INFO - 1 change detected
2026-01-13 13:03:13 - watchfiles.main - INFO - 1 change detected
2026-01-13 13:03:13 - watchfiles.main - INFO - 1 change detected
2026-01-13 13:03:14 - watchfiles.main - INFO - 1 change detected
2026-01-13 13:03:14 - watchfiles.main - INFO - 1 change detected
2026-01-13 13:03:15 - watchfiles.main - INFO - 1 change detected
2026-01-13 13:03:15 - watchfiles.main - INFO - 1 change detected
2026-01-13 13:03:15 - watchfiles.main - INFO - 1 change detected
2026-01-13 13:03:16 - watchfiles.main - INFO - 1 change detected
2026-01-13 13:03:16 - watchfiles.main - INFO - 1 change detected
2026-01-13 13:03:17 - watchfiles.main - INFO - 1 change detected
2026-01-13 13:03:17 - watchfiles.main - INFO - 1 change detected
2026-01-13 13:03:18 - watchfiles.main - INFO - 1 change detected
2026-01-13 13:03:18 - watchfiles.main - INFO - 1 change detected
2026-01-13 13:03:18 - watchfiles.main - INFO - 1 change detected
2026-01-13 13:03:19 - watchfiles.main - INFO - 1 change detected
2026-01-13 13:03:19 - watchfiles.main - INFO - 1 change detected
2026-01-13 13:03:20 - watchfiles.main - INFO - 1 change detected
2026-01-13 13:03:20 - watchfiles.main - INFO - 1 change detected
2026-01-13 13:03:20 - watchfiles.main - INFO - 1 change detected
2026-01-13 13:03:21 - watchfiles.main - INFO - 1 change detected
2026-01-13 13:03:21 - watchfiles.main - INFO - 1 change detected
2026-01-13 13:03:22 - watchfiles.main - INFO - 1 change detected
2026-01-13 13:03:22 - watchfiles.main - INFO - 1 change detected
2026-01-13 13:03:23 - watchfiles.main - INFO - 1 change detected
2026-01-13 13:03:23 - watchfiles.main - INFO - 1 change detected
2026-01-13 13:03:23 - watchfiles.main - INFO - 1 change detected
2026-01-13 13:03:24 - watchfiles.main - INFO - 1 change detected
2026-01-13 13:03:24 - watchfiles.main - INFO - 1 change detected
2026-01-13 13:03:25 - watchfiles.main - INFO - 1 change detected
2026-01-13 13:03:25 - watchfiles.main - INFO - 1 change detected
2026-01-13 13:03:25 - watchfiles.main - INFO - 1 change detected
2026-01-13 13:03:26 - watchfiles.main - INFO - 1 change detected
2026-01-13 13:03:26 - watchfiles.main - INFO - 1 change detected
2026-01-13 13:03:27 - watchfiles.main - INFO - 1 change detected
2026-01-13 13:03:27 - watchfiles.main - INFO - 1 change detected
2026-01-13 13:03:27 - watchfiles.main - INFO - 1 change detected
2026-01-13 13:03:28 - watchfiles.main - INFO - 1 change detected
2026-01-13 13:03:28 - watchfiles.main - INFO - 1 change detected
2026-01-13 13:03:29 - watchfiles.main - INFO - 1 change detected
2026-01-13 13:03:29 - watchfiles.main - INFO - 1 change detected
2026-01-13 13:03:29 - watchfiles.main - INFO - 1 change detected
2026-01-13 13:03:30 - watchfiles.main - INFO - 1 change detected
2026-01-13 13:03:30 - watchfiles.main - INFO - 1 change detected
2026-01-13 13:03:31 - watchfiles.main - INFO - 1 change detected
2026-01-13 13:03:31 - watchfiles.main - INFO - 1 change detected
2026-01-13 13:03:32 - watchfiles.main - INFO - 1 change detected
2026-01-13 13:03:32 - watchfiles.main - INFO - 1 change detected
2026-01-13 13:03:32 - watchfiles.main - INFO - 1 change detected
2026-01-13 13:03:33 - watchfiles.main - INFO - 1 change detected
2026-01-13 13:03:33 - watchfiles.main - INFO - 1 change detected
2026-01-13 13:03:34 - watchfiles.main - INFO - 1 change detected
2026-01-13 13:03:34 - watchfiles.main - INFO - 1 change detected
2026-01-13 13:03:34 - watchfiles.main - INFO - 1 change detected
2026-01-13 13:03:35 - watchfiles.main - INFO - 1 change detected
2026-01-13 13:03:35 - watchfiles.main - INFO - 1 change detected
2026-01-13 13:03:36 - watchfiles.main - INFO - 1 change detected
2026-01-13 13:03:36 - watchfiles.main - INFO - 1 change detected
2026-01-13 13:03:36 - watchfiles.main - INFO - 1 change detected
2026-01-13 13:03:37 - watchfiles.main - INFO - 1 change detected
2026-01-13 13:03:37 - watchfiles.main - INFO - 1 change detected
2026-01-13 13:03:38 - watchfiles.main - INFO - 1 change detected
2026-01-13 13:03:38 - watchfiles.main - INFO - 1 change detected
2026-01-13 13:03:39 - watchfiles.main - INFO - 1 change detected
2026-01-13 13:03:39 - watchfiles.main - INFO - 1 change detected
2026-01-13 13:03:39 - watchfiles.main - INFO - 1 change detected
2026-01-13 13:03:40 - watchfiles.main - INFO - 1 change detected
2026-01-13 13:03:40 - watchfiles.main - INFO - 1 change detected
2026-01-13 13:03:41 - watchfiles.main - INFO - 1 change detected
2026-01-13 13:03:41 - watchfiles.main - INFO - 1 change detected
2026-01-13 13:03:41 - watchfiles.main - INFO - 1 change detected
2026-01-13 13:03:42 - watchfiles.main - INFO - 1 change detected
2026-01-13 13:03:42 - watchfiles.main - INFO - 1 change detected
2026-01-13 13:03:43 - watchfiles.main - INFO - 1 change detected
2026-01-13 13:03:43 - watchfiles.main - INFO - 1 change detected
2026-01-13 13:03:44 - watchfiles.main - INFO - 1 change detected
2026-01-13 13:03:44 - watchfiles.main - INFO - 1 change detected
2026-01-13 13:03:44 - watchfiles.main - INFO - 1 change detected
2026-01-13 13:03:45 - watchfiles.main - INFO - 1 change detected
2026-01-13 13:03:45 - watchfiles.main - INFO - 1 change detected
2026-01-13 13:03:46 - watchfiles.main - INFO - 1 change detected
2026-01-13 13:03:46 - watchfiles.main - INFO - 1 change detected
2026-01-13 13:03:46 - watchfiles.main - INFO - 1 change detected
2026-01-13 13:03:47 - watchfiles.main - INFO - 1 change detected
2026-01-13 13:03:47 - watchfiles.main - INFO - 1 change detected
2026-01-13 13:03:48 - watchfiles.main - INFO - 1 change detected
2026-01-13 13:03:48 - watchfiles.main - INFO - 1 change detected
2026-01-13 13:03:49 - watchfiles.main - INFO - 1 change detected
2026-01-13 13:03:49 - watchfiles.main - INFO - 1 change detected
2026-01-13 13:03:49 - watchfiles.main - INFO - 1 change detected
2026-01-13 13:03:50 - watchfiles.main - INFO - 1 change detected
2026-01-13 13:03:50 - watchfiles.main - INFO - 1 change detected
2026-01-13 13:03:51 - watchfiles.main - INFO - 1 change detected
2026-01-13 13:03:51 - watchfiles.main - INFO - 1 change detected
2026-01-13 13:03:51 - watchfiles.main - INFO - 1 change detected
2026-01-13 13:03:52 - watchfiles.main - INFO - 1 change detected
2026-01-13 13:03:52 - watchfiles.main - INFO - 1 change detected
2026-01-13 13:03:53 - watchfiles.main - INFO - 1 change detected
2026-01-13 13:03:53 - watchfiles.main - INFO - 1 change detected
2026-01-13 13:03:53 - watchfiles.main - INFO - 1 change detected
2026-01-13 13:03:54 - watchfiles.main - INFO - 1 change detected
2026-01-13 13:03:54 - watchfiles.main - INFO - 1 change detected
2026-01-13 13:03:55 - watchfiles.main - INFO - 1 change detected
2026-01-13 13:03:55 - watchfiles.main - INFO - 1 change detected
2026-01-13 13:03:55 - watchfiles.main - INFO - 1 change detected
2026-01-13 13:03:56 - watchfiles.main - INFO - 1 change detected
2026-01-13 13:03:56 - watchfiles.main - INFO - 1 change detected
2026-01-13 13:03:57 - watchfiles.main - INFO - 1 change detected
2026-01-13 13:03:57 - watchfiles.main - INFO - 1 change detected
2026-01-13 13:03:58 - watchfiles.main - INFO - 1 change detected
2026-01-13 13:03:58 - watchfiles.main - INFO - 1 change detected
2026-01-13 13:03:58 - watchfiles.main - INFO - 1 change detected
2026-01-13 13:03:59 - watchfiles.main - INFO - 1 change detected
2026-01-13 13:03:59 - watchfiles.main - INFO - 1 change detected
2026-01-13 13:04:00 - watchfiles.main - INFO - 1 change detected
2026-01-13 13:04:00 - watchfiles.main - INFO - 1 change detected
2026-01-13 13:04:00 - watchfiles.main - INFO - 1 change detected
2026-01-13 13:04:01 - watchfiles.main - INFO - 1 change detected
2026-01-13 13:04:01 - watchfiles.main - INFO - 1 change detected
2026-01-13 13:04:02 - watchfiles.main - INFO - 1 change detected
2026-01-13 13:04:02 - watchfiles.main - INFO - 1 change detected
2026-01-13 13:04:02 - watchfiles.main - INFO - 1 change detected
2026-01-13 13:04:03 - watchfiles.main - INFO - 1 change detected
2026-01-13 13:04:03 - watchfiles.main - INFO - 1 change detected
2026-01-13 13:04:04 - watchfiles.main - INFO - 1 change detected
2026-01-13 13:04:04 - watchfiles.main - INFO - 1 change detected
2026-01-13 13:04:04 - watchfiles.main - INFO - 1 change detected
2026-01-13 13:04:05 - watchfiles.main - INFO - 1 change detected
2026-01-13 13:04:05 - watchfiles.main - INFO - 1 change detected
2026-01-13 13:04:06 - watchfiles.main - INFO - 1 change detected
2026-01-13 13:04:06 - watchfiles.main - INFO - 1 change detected
2026-01-13 13:04:07 - watchfiles.main - INFO - 1 change detected
2026-01-13 13:04:07 - watchfiles.main - INFO - 1 change detected
2026-01-13 13:04:07 - watchfiles.main - INFO - 1 change detected
2026-01-13 13:04:08 - watchfiles.main - INFO - 1 change detected
2026-01-13 13:04:08 - watchfiles.main - INFO - 1 change detected
2026-01-13 13:04:09 - watchfiles.main - INFO - 1 change detected
2026-01-13 13:04:09 - watchfiles.main - INFO - 1 change detected
2026-01-13 13:04:09 - watchfiles.main - INFO - 1 change detected
2026-01-13 13:04:10 - watchfiles.main - INFO - 1 change detected
2026-01-13 13:04:10 - watchfiles.main - INFO - 1 change detected
2026-01-13 13:04:11 - watchfiles.main - INFO - 1 change detected
2026-01-13 13:04:11 - watchfiles.main - INFO - 1 change detected
2026-01-13 13:04:11 - watchfiles.main - INFO - 1 change detected
2026-01-13 13:04:12 - watchfiles.main - INFO - 1 change detected
2026-01-13 13:04:12 - watchfiles.main - INFO - 1 change detected
2026-01-13 13:04:13 - watchfiles.main - INFO - 1 change detected
2026-01-13 13:04:13 - watchfiles.main - INFO - 1 change detected
2026-01-13 13:04:14 - watchfiles.main - INFO - 1 change detected
2026-01-13 13:04:14 - watchfiles.main - INFO - 1 change detected
2026-01-13 13:04:14 - watchfiles.main - INFO - 1 change detected
2026-01-13 13:04:15 - watchfiles.main - INFO - 1 change detected
2026-01-13 13:04:15 - watchfiles.main - INFO - 1 change detected
2026-01-13 13:04:16 - watchfiles.main - INFO - 1 change detected
2026-01-13 13:04:16 - watchfiles.main - INFO - 1 change detected
2026-01-13 13:04:16 - watchfiles.main - INFO - 1 change detected
2026-01-13 13:04:17 - watchfiles.main - INFO - 1 change detected
2026-01-13 13:04:17 - watchfiles.main - INFO - 1 change detected
2026-01-13 13:04:18 - watchfiles.main - INFO - 1 change detected
2026-01-13 13:04:18 - watchfiles.main - INFO - 1 change detected
2026-01-13 13:04:18 - watchfiles.main - INFO - 1 change detected
2026-01-13 13:04:19 - watchfiles.main - INFO - 1 change detected
2026-01-13 13:04:19 - watchfiles.main - INFO - 1 change detected
2026-01-13 13:04:20 - watchfiles.main - INFO - 1 change detected
2026-01-13 13:04:20 - watchfiles.main - INFO - 1 change detected
2026-01-13 13:04:21 - watchfiles.main - INFO - 1 change detected
2026-01-13 13:04:21 - watchfiles.main - INFO - 1 change detected
2026-01-13 13:04:21 - watchfiles.main - INFO - 1 change detected
2026-01-13 13:04:22 - watchfiles.main - INFO - 1 change detected
2026-01-13 13:04:22 - watchfiles.main - INFO - 1 change detected
2026-01-13 13:04:23 - watchfiles.main - INFO - 1 change detected
2026-01-13 13:04:23 - watchfiles.main - INFO - 1 change detected
2026-01-13 13:04:23 - watchfiles.main - INFO - 1 change detected
2026-01-13 13:04:24 - watchfiles.main - INFO - 1 change detected
2026-01-13 13:04:24 - watchfiles.main - INFO - 1 change detected
2026-01-13 13:04:25 - watchfiles.main - INFO - 1 change detected
2026-01-13 13:04:25 - watchfiles.main - INFO - 1 change detected
2026-01-13 13:04:25 - watchfiles.main - INFO - 1 change detected
2026-01-13 13:04:26 - watchfiles.main - INFO - 1 change detected
2026-01-13 13:04:26 - watchfiles.main - INFO - 1 change detected
2026-01-13 13:04:27 - watchfiles.main - INFO - 1 change detected
2026-01-13 13:04:27 - watchfiles.main - INFO - 1 change detected
2026-01-13 13:04:27 - watchfiles.main - INFO - 1 change detected
2026-01-13 13:04:28 - watchfiles.main - INFO - 1 change detected
2026-01-13 13:04:28 - watchfiles.main - INFO - 1 change detected
2026-01-13 13:04:29 - watchfiles.main - INFO - 1 change detected
2026-01-13 13:04:29 - watchfiles.main - INFO - 1 change detected
2026-01-13 13:04:30 - watchfiles.main - INFO - 1 change detected
2026-01-13 13:04:30 - watchfiles.main - INFO - 1 change detected
2026-01-13 13:04:30 - watchfiles.main - INFO - 1 change detected
2026-01-13 13:04:31 - watchfiles.main - INFO - 1 change detected
2026-01-13 13:04:31 - watchfiles.main - INFO - 1 change detected
2026-01-13 13:04:32 - watchfiles.main - INFO - 1 change detected
2026-01-13 13:04:32 - watchfiles.main - INFO - 1 change detected
2026-01-13 13:04:33 - watchfiles.main - INFO - 1 change detected
2026-01-13 13:04:33 - watchfiles.main - INFO - 1 change detected
2026-01-13 13:04:33 - watchfiles.main - INFO - 1 change detected
2026-01-13 13:04:34 - watchfiles.main - INFO - 1 change detected
2026-01-13 13:04:34 - watchfiles.main - INFO - 1 change detected
2026-01-13 13:04:35 - watchfiles.main - INFO - 1 change detected
2026-01-13 13:04:35 - watchfiles.main - INFO - 1 change detected
2026-01-13 13:04:35 - watchfiles.main - INFO - 1 change detected
2026-01-13 13:04:36 - watchfiles.main - INFO - 1 change detected
2026-01-13 13:04:36 - watchfiles.main - INFO - 1 change detected
2026-01-13 13:04:37 - watchfiles.main - INFO - 1 change detected
2026-01-13 13:04:37 - watchfiles.main - INFO - 1 change detected
2026-01-13 13:04:37 - watchfiles.main - INFO - 1 change detected
2026-01-13 13:04:38 - watchfiles.main - INFO - 1 change detected
2026-01-13 13:04:38 - watchfiles.main - INFO - 1 change detected
2026-01-13 13:04:39 - watchfiles.main - INFO - 1 change detected
2026-01-13 13:04:39 - watchfiles.main - INFO - 1 change detected
2026-01-13 13:04:39 - watchfiles.main - INFO - 1 change detected
2026-01-13 13:04:40 - watchfiles.main - INFO - 1 change detected
2026-01-13 13:04:40 - watchfiles.main - INFO - 1 change detected
2026-01-13 13:04:41 - watchfiles.main - INFO - 1 change detected
2026-01-13 13:04:41 - watchfiles.main - INFO - 1 change detected
2026-01-13 13:04:42 - watchfiles.main - INFO - 1 change detected
2026-01-13 13:04:42 - watchfiles.main - INFO - 1 change detected
2026-01-13 13:04:42 - watchfiles.main - INFO - 1 change detected
2026-01-13 13:04:43 - watchfiles.main - INFO - 1 change detected
2026-01-13 13:04:43 - watchfiles.main - INFO - 1 change detected
2026-01-13 13:04:44 - watchfiles.main - INFO - 1 change detected
2026-01-13 13:04:44 - watchfiles.main - INFO - 1 change detected
2026-01-13 13:04:44 - watchfiles.main - INFO - 1 change detected
2026-01-13 13:04:45 - watchfiles.main - INFO - 1 change detected
2026-01-13 13:04:45 - watchfiles.main - INFO - 1 change detected
2026-01-13 13:04:46 - watchfiles.main - INFO - 1 change detected
2026-01-13 13:04:46 - watchfiles.main - INFO - 1 change detected
2026-01-13 13:04:46 - watchfiles.main - INFO - 1 change detected
2026-01-13 13:04:47 - watchfiles.main - INFO - 1 change detected
2026-01-13 13:04:47 - watchfiles.main - INFO - 1 change detected
2026-01-13 13:04:48 - watchfiles.main - INFO - 1 change detected
2026-01-13 13:04:48 - watchfiles.main - INFO - 1 change detected
2026-01-13 13:04:48 - watchfiles.main - INFO - 1 change detected
2026-01-13 13:04:49 - watchfiles.main - INFO - 1 change detected
2026-01-13 13:04:49 - watchfiles.main - INFO - 1 change detected
2026-01-13 13:04:50 - watchfiles.main - INFO - 1 change detected
2026-01-13 13:04:50 - watchfiles.main - INFO - 1 change detected
2026-01-13 13:04:51 - watchfiles.main - INFO - 1 change detected
2026-01-13 13:04:51 - watchfiles.main - INFO - 1 change detected
2026-01-13 13:04:51 - watchfiles.main - INFO - 1 change detected
2026-01-13 13:04:52 - watchfiles.main - INFO - 1 change detected
2026-01-13 13:04:52 - watchfiles.main - INFO - 1 change detected
2026-01-13 13:04:53 - watchfiles.main - INFO - 1 change detected
2026-01-13 13:04:53 - watchfiles.main - INFO - 1 change detected
2026-01-13 13:04:53 - watchfiles.main - INFO - 1 change detected
2026-01-13 13:04:54 - watchfiles.main - INFO - 1 change detected
2026-01-13 13:04:54 - watchfiles.main - INFO - 1 change detected
2026-01-13 13:04:55 - watchfiles.main - INFO - 1 change detected
2026-01-13 13:04:55 - watchfiles.main - INFO - 1 change detected
2026-01-13 13:04:55 - watchfiles.main - INFO - 1 change detected
2026-01-13 13:04:56 - watchfiles.main - INFO - 1 change detected
2026-01-13 13:04:56 - watchfiles.main - INFO - 1 change detected
2026-01-13 13:04:57 - watchfiles.main - INFO - 1 change detected
2026-01-13 13:04:57 - watchfiles.main - INFO - 1 change detected
2026-01-13 13:04:58 - watchfiles.main - INFO - 1 change detected
2026-01-13 13:04:58 - watchfiles.main - INFO - 1 change detected
2026-01-13 13:04:58 - watchfiles.main - INFO - 1 change detected
2026-01-13 13:04:59 - watchfiles.main - INFO - 1 change detected
2026-01-13 13:04:59 - watchfiles.main - INFO - 1 change detected
2026-01-13 13:05:00 - watchfiles.main - INFO - 1 change detected
2026-01-13 13:05:00 - watchfiles.main - INFO - 1 change detected
2026-01-13 13:05:00 - watchfiles.main - INFO - 1 change detected
2026-01-13 13:05:01 - watchfiles.main - INFO - 1 change detected
2026-01-13 13:05:01 - watchfiles.main - INFO - 1 change detected
2026-01-13 13:05:02 - watchfiles.main - INFO - 1 change detected
2026-01-13 13:05:02 - watchfiles.main - INFO - 1 change detected
2026-01-13 13:05:02 - watchfiles.main - INFO - 1 change detected
2026-01-13 13:05:03 - watchfiles.main - INFO - 1 change detected
2026-01-13 13:05:03 - watchfiles.main - INFO - 1 change detected
2026-01-13 13:05:04 - watchfiles.main - INFO - 1 change detected
2026-01-13 13:05:04 - watchfiles.main - INFO - 1 change detected
2026-01-13 13:05:04 - watchfiles.main - INFO - 1 change detected
2026-01-13 13:05:05 - watchfiles.main - INFO - 1 change detected
2026-01-13 13:05:05 - watchfiles.main - INFO - 1 change detected
2026-01-13 13:05:06 - watchfiles.main - INFO - 1 change detected
2026-01-13 13:05:06 - watchfiles.main - INFO - 1 change detected
2026-01-13 13:05:07 - watchfiles.main - INFO - 1 change detected
2026-01-13 13:05:07 - watchfiles.main - INFO - 1 change detected
2026-01-13 13:05:07 - watchfiles.main - INFO - 1 change detected
2026-01-13 13:05:08 - watchfiles.main - INFO - 1 change detected
2026-01-13 13:05:08 - watchfiles.main - INFO - 1 change detected
2026-01-13 13:05:09 - watchfiles.main - INFO - 1 change detected
2026-01-13 13:05:09 - watchfiles.main - INFO - 1 change detected
2026-01-13 13:05:09 - watchfiles.main - INFO - 1 change detected
2026-01-13 13:05:10 - watchfiles.main - INFO - 1 change detected
2026-01-13 13:05:10 - watchfiles.main - INFO - 1 change detected
2026-01-13 13:05:11 - watchfiles.main - INFO - 1 change detected
2026-01-13 13:05:11 - watchfiles.main - INFO - 1 change detected
2026-01-13 13:05:11 - watchfiles.main - INFO - 1 change detected
2026-01-13 13:05:12 - watchfiles.main - INFO - 1 change detected
2026-01-13 13:05:12 - watchfiles.main - INFO - 1 change detected
2026-01-13 13:05:13 - watchfiles.main - INFO - 1 change detected
2026-01-13 13:05:13 - watchfiles.main - INFO - 1 change detected
2026-01-13 13:05:14 - watchfiles.main - INFO - 1 change detected
2026-01-13 13:05:14 - watchfiles.main - INFO - 1 change detected
2026-01-13 13:05:14 - watchfiles.main - INFO - 1 change detected
2026-01-13 13:05:15 - watchfiles.main - INFO - 1 change detected
2026-01-13 13:05:15 - watchfiles.main - INFO - 1 change detected
2026-01-13 13:05:16 - watchfiles.main - INFO - 1 change detected
2026-01-13 13:05:16 - watchfiles.main - INFO - 1 change detected
2026-01-13 13:05:16 - watchfiles.main - INFO - 1 change detected
2026-01-13 13:05:17 - watchfiles.main - INFO - 1 change detected
2026-01-13 13:05:17 - watchfiles.main - INFO - 1 change detected
2026-01-13 13:05:18 - watchfiles.main - INFO - 1 change detected
2026-01-13 13:05:18 - watchfiles.main - INFO - 1 change detected
2026-01-13 13:05:18 - watchfiles.main - INFO - 1 change detected
2026-01-13 13:05:19 - watchfiles.main - INFO - 1 change detected
2026-01-13 13:05:19 - watchfiles.main - INFO - 1 change detected
2026-01-13 13:05:20 - watchfiles.main - INFO - 1 change detected
2026-01-13 13:05:20 - watchfiles.main - INFO - 1 change detected
2026-01-13 13:05:21 - watchfiles.main - INFO - 1 change detected
2026-01-13 13:05:21 - watchfiles.main - INFO - 1 change detected
2026-01-13 13:05:21 - watchfiles.main - INFO - 1 change detected
2026-01-13 13:05:22 - watchfiles.main - INFO - 1 change detected
2026-01-13 13:05:22 - watchfiles.main - INFO - 1 change detected
2026-01-13 13:05:23 - watchfiles.main - INFO - 1 change detected
2026-01-13 13:05:23 - watchfiles.main - INFO - 1 change detected
2026-01-13 13:05:23 - watchfiles.main - INFO - 1 change detected
2026-01-13 13:05:24 - watchfiles.main - INFO - 1 change detected
2026-01-13 13:05:24 - watchfiles.main - INFO - 1 change detected
2026-01-13 13:05:25 - watchfiles.main - INFO - 1 change detected
2026-01-13 13:05:25 - watchfiles.main - INFO - 1 change detected
2026-01-13 13:05:26 - watchfiles.main - INFO - 1 change detected
2026-01-13 13:05:26 - watchfiles.main - INFO - 1 change detected
2026-01-13 13:05:26 - watchfiles.main - INFO - 1 change detected
2026-01-13 13:05:27 - watchfiles.main - INFO - 1 change detected
2026-01-13 13:05:27 - watchfiles.main - INFO - 1 change detected
2026-01-13 13:05:28 - watchfiles.main - INFO - 1 change detected
2026-01-13 13:05:28 - watchfiles.main - INFO - 1 change detected
2026-01-13 13:05:28 - watchfiles.main - INFO - 1 change detected
2026-01-13 13:05:29 - watchfiles.main - INFO - 1 change detected
2026-01-13 13:05:29 - watchfiles.main - INFO - 1 change detected
2026-01-13 13:05:30 - watchfiles.main - INFO - 1 change detected
2026-01-13 13:05:30 - watchfiles.main - INFO - 1 change detected
2026-01-13 13:05:30 - watchfiles.main - INFO - 1 change detected
2026-01-13 13:05:31 - watchfiles.main - INFO - 1 change detected
2026-01-13 13:05:31 - watchfiles.main - INFO - 1 change detected
2026-01-13 13:05:32 - watchfiles.main - INFO - 1 change detected
2026-01-13 13:05:32 - watchfiles.main - INFO - 1 change detected
2026-01-13 13:05:32 - watchfiles.main - INFO - 1 change detected
2026-01-13 13:05:33 - watchfiles.main - INFO - 1 change detected
2026-01-13 13:05:33 - watchfiles.main - INFO - 1 change detected
2026-01-13 13:05:34 - watchfiles.main - INFO - 1 change detected
2026-01-13 13:05:34 - watchfiles.main - INFO - 1 change detected
2026-01-13 13:05:35 - watchfiles.main - INFO - 1 change detected
2026-01-13 13:05:35 - watchfiles.main - INFO - 1 change detected
2026-01-13 13:05:35 - watchfiles.main - INFO - 1 change detected
2026-01-13 13:05:36 - watchfiles.main - INFO - 1 change detected
2026-01-13 13:05:36 - watchfiles.main - INFO - 1 change detected
2026-01-13 13:05:37 - watchfiles.main - INFO - 1 change detected
2026-01-13 13:05:37 - watchfiles.main - INFO - 1 change detected
2026-01-13 13:05:37 - watchfiles.main - INFO - 1 change detected
2026-01-13 13:05:38 - watchfiles.main - INFO - 1 change detected
2026-01-13 13:05:38 - watchfiles.main - INFO - 1 change detected
2026-01-13 13:05:39 - watchfiles.main - INFO - 1 change detected
2026-01-13 13:05:39 - watchfiles.main - INFO - 1 change detected
2026-01-13 13:05:39 - watchfiles.main - INFO - 1 change detected
2026-01-13 13:05:40 - watchfiles.main - INFO - 1 change detected
2026-01-13 13:05:40 - watchfiles.main - INFO - 1 change detected
2026-01-13 13:05:41 - watchfiles.main - INFO - 1 change detected
2026-01-13 13:05:41 - watchfiles.main - INFO - 1 change detected
2026-01-13 13:05:42 - watchfiles.main - INFO - 1 change detected
2026-01-13 13:05:42 - watchfiles.main - INFO - 1 change detected
2026-01-13 13:05:42 - watchfiles.main - INFO - 1 change detected
2026-01-13 13:05:43 - watchfiles.main - INFO - 1 change detected
2026-01-13 13:05:43 - watchfiles.main - INFO - 1 change detected
2026-01-13 13:05:44 - watchfiles.main - INFO - 1 change detected
2026-01-13 13:05:44 - watchfiles.main - INFO - 1 change detected
2026-01-13 13:05:44 - watchfiles.main - INFO - 1 change detected
2026-01-13 13:05:45 - watchfiles.main - INFO - 1 change detected
2026-01-13 13:05:45 - watchfiles.main - INFO - 1 change detected
2026-01-13 13:05:46 - watchfiles.main - INFO - 1 change detected
2026-01-13 13:05:46 - watchfiles.main - INFO - 1 change detected
2026-01-13 13:05:46 - watchfiles.main - INFO - 1 change detected
2026-01-13 13:05:47 - watchfiles.main - INFO - 1 change detected
2026-01-13 13:05:47 - watchfiles.main - INFO - 1 change detected
2026-01-13 13:05:48 - watchfiles.main - INFO - 1 change detected
2026-01-13 13:05:48 - watchfiles.main - INFO - 1 change detected
2026-01-13 13:05:49 - watchfiles.main - INFO - 1 change detected
2026-01-13 13:05:49 - watchfiles.main - INFO - 1 change detected
2026-01-13 13:05:49 - watchfiles.main - INFO - 1 change detected
2026-01-13 13:05:50 - watchfiles.main - INFO - 1 change detected
2026-01-13 13:05:50 - watchfiles.main - INFO - 1 change detected
2026-01-13 13:05:51 - watchfiles.main - INFO - 1 change detected
2026-01-13 13:05:51 - watchfiles.main - INFO - 1 change detected
2026-01-13 13:05:51 - watchfiles.main - INFO - 1 change detected
2026-01-13 13:05:52 - watchfiles.main - INFO - 1 change detected
2026-01-13 13:05:52 - watchfiles.main - INFO - 1 change detected
2026-01-13 13:05:53 - watchfiles.main - INFO - 1 change detected
2026-01-13 13:05:53 - watchfiles.main - INFO - 1 change detected
2026-01-13 13:05:54 - watchfiles.main - INFO - 1 change detected
2026-01-13 13:05:54 - watchfiles.main - INFO - 1 change detected
2026-01-13 13:05:54 - watchfiles.main - INFO - 1 change detected
2026-01-13 13:05:55 - watchfiles.main - INFO - 1 change detected
2026-01-13 13:05:55 - watchfiles.main - INFO - 1 change detected
2026-01-13 13:05:56 - watchfiles.main - INFO - 1 change detected
2026-01-13 13:05:56 - watchfiles.main - INFO - 1 change detected
2026-01-13 13:05:56 - watchfiles.main - INFO - 1 change detected
2026-01-13 13:05:57 - watchfiles.main - INFO - 1 change detected
2026-01-13 13:05:57 - watchfiles.main - INFO - 1 change detected
2026-01-13 13:05:58 - watchfiles.main - INFO - 1 change detected
2026-01-13 13:05:58 - watchfiles.main - INFO - 1 change detected
2026-01-13 13:05:59 - watchfiles.main - INFO - 1 change detected
2026-01-13 13:05:59 - watchfiles.main - INFO - 1 change detected
2026-01-13 13:05:59 - watchfiles.main - INFO - 1 change detected
2026-01-13 13:06:00 - watchfiles.main - INFO - 1 change detected
2026-01-13 13:06:00 - watchfiles.main - INFO - 1 change detected
2026-01-13 13:06:01 - watchfiles.main - INFO - 1 change detected
2026-01-13 13:06:01 - watchfiles.main - INFO - 1 change detected
2026-01-13 13:06:01 - watchfiles.main - INFO - 1 change detected
2026-01-13 13:06:02 - watchfiles.main - INFO - 1 change detected
2026-01-13 13:06:02 - watchfiles.main - INFO - 1 change detected
2026-01-13 13:06:03 - watchfiles.main - INFO - 1 change detected
2026-01-13 13:06:03 - watchfiles.main - INFO - 1 change detected
2026-01-13 13:06:03 - watchfiles.main - INFO - 1 change detected
2026-01-13 13:06:04 - watchfiles.main - INFO - 1 change detected
2026-01-13 13:06:04 - watchfiles.main - INFO - 1 change detected
2026-01-13 13:06:05 - watchfiles.main - INFO - 1 change detected
2026-01-13 13:06:05 - watchfiles.main - INFO - 1 change detected
2026-01-13 13:06:06 - watchfiles.main - INFO - 1 change detected
2026-01-13 13:06:06 - watchfiles.main - INFO - 1 change detected
2026-01-13 13:06:06 - watchfiles.main - INFO - 1 change detected
2026-01-13 13:06:07 - watchfiles.main - INFO - 1 change detected
2026-01-13 13:06:07 - watchfiles.main - INFO - 1 change detected
2026-01-13 13:06:08 - watchfiles.main - INFO - 1 change detected
2026-01-13 13:06:08 - watchfiles.main - INFO - 1 change detected
2026-01-13 13:06:08 - watchfiles.main - INFO - 1 change detected
2026-01-13 13:06:09 - watchfiles.main - INFO - 1 change detected
2026-01-13 13:06:09 - watchfiles.main - INFO - 1 change detected
2026-01-13 13:06:10 - watchfiles.main - INFO - 1 change detected
2026-01-13 13:06:10 - watchfiles.main - INFO - 1 change detected
2026-01-13 13:06:10 - watchfiles.main - INFO - 1 change detected
2026-01-13 13:06:11 - watchfiles.main - INFO - 1 change detected
2026-01-13 13:06:11 - watchfiles.main - INFO - 1 change detected
2026-01-13 13:06:12 - watchfiles.main - INFO - 1 change detected
2026-01-13 13:06:12 - watchfiles.main - INFO - 1 change detected
2026-01-13 13:06:13 - watchfiles.main - INFO - 1 change detected
2026-01-13 13:06:13 - watchfiles.main - INFO - 1 change detected
2026-01-13 13:06:13 - watchfiles.main - INFO - 1 change detected
2026-01-13 13:06:14 - watchfiles.main - INFO - 1 change detected
2026-01-13 13:06:14 - watchfiles.main - INFO - 1 change detected
2026-01-13 13:06:15 - watchfiles.main - INFO - 1 change detected
2026-01-13 13:06:15 - watchfiles.main - INFO - 1 change detected
2026-01-13 13:06:15 - watchfiles.main - INFO - 1 change detected
2026-01-13 13:06:16 - watchfiles.main - INFO - 1 change detected
2026-01-13 13:06:16 - watchfiles.main - INFO - 1 change detected
2026-01-13 13:06:17 - watchfiles.main - INFO - 1 change detected
2026-01-13 13:06:17 - watchfiles.main - INFO - 1 change detected
2026-01-13 13:06:17 - watchfiles.main - INFO - 1 change detected
2026-01-13 13:06:18 - watchfiles.main - INFO - 1 change detected
2026-01-13 13:06:18 - watchfiles.main - INFO - 1 change detected
2026-01-13 13:06:19 - watchfiles.main - INFO - 1 change detected
2026-01-13 13:06:19 - watchfiles.main - INFO - 1 change detected
2026-01-13 13:06:19 - watchfiles.main - INFO - 1 change detected
2026-01-13 13:06:20 - watchfiles.main - INFO - 1 change detected
2026-01-13 13:06:20 - watchfiles.main - INFO - 1 change detected
2026-01-13 13:06:21 - watchfiles.main - INFO - 1 change detected
2026-01-13 13:06:21 - watchfiles.main - INFO - 1 change detected
2026-01-13 13:06:22 - watchfiles.main - INFO - 1 change detected
2026-01-13 13:06:22 - watchfiles.main - INFO - 1 change detected
2026-01-13 13:06:22 - watchfiles.main - INFO - 1 change detected
2026-01-13 13:06:23 - watchfiles.main - INFO - 1 change detected
2026-01-13 13:06:23 - watchfiles.main - INFO - 1 change detected
2026-01-13 13:06:24 - watchfiles.main - INFO - 1 change detected
2026-01-13 13:06:24 - watchfiles.main - INFO - 1 change detected
2026-01-13 13:06:24 - watchfiles.main - INFO - 1 change detected
2026-01-13 13:06:25 - watchfiles.main - INFO - 1 change detected
2026-01-13 13:06:25 - watchfiles.main - INFO - 1 change detected
2026-01-13 13:06:26 - watchfiles.main - INFO - 1 change detected
2026-01-13 13:06:26 - watchfiles.main - INFO - 1 change detected
2026-01-13 13:06:27 - watchfiles.main - INFO - 1 change detected
2026-01-13 13:06:27 - watchfiles.main - INFO - 1 change detected
2026-01-13 13:06:27 - watchfiles.main - INFO - 1 change detected
2026-01-13 13:06:28 - watchfiles.main - INFO - 1 change detected
2026-01-13 13:06:28 - watchfiles.main - INFO - 1 change detected
2026-01-13 13:06:29 - watchfiles.main - INFO - 1 change detected
2026-01-13 13:06:29 - watchfiles.main - INFO - 1 change detected
2026-01-13 13:06:29 - watchfiles.main - INFO - 1 change detected
2026-01-13 13:06:30 - watchfiles.main - INFO - 1 change detected
2026-01-13 13:06:30 - watchfiles.main - INFO - 1 change detected
2026-01-13 13:06:31 - watchfiles.main - INFO - 1 change detected
2026-01-13 13:06:31 - watchfiles.main - INFO - 1 change detected
2026-01-13 13:06:31 - watchfiles.main - INFO - 1 change detected
2026-01-13 13:06:32 - watchfiles.main - INFO - 1 change detected
2026-01-13 13:06:32 - watchfiles.main - INFO - 1 change detected
2026-01-13 13:06:33 - watchfiles.main - INFO - 1 change detected
2026-01-13 13:06:33 - watchfiles.main - INFO - 1 change detected
2026-01-13 13:06:34 - watchfiles.main - INFO - 1 change detected
2026-01-13 13:06:34 - watchfiles.main - INFO - 1 change detected
2026-01-13 13:06:34 - watchfiles.main - INFO - 1 change detected
2026-01-13 13:06:35 - watchfiles.main - INFO - 1 change detected
2026-01-13 13:06:35 - watchfiles.main - INFO - 1 change detected
2026-01-13 13:06:36 - watchfiles.main - INFO - 1 change detected
2026-01-13 13:06:36 - watchfiles.main - INFO - 1 change detected
2026-01-13 13:06:36 - watchfiles.main - INFO - 1 change detected
2026-01-13 13:06:37 - watchfiles.main - INFO - 1 change detected
2026-01-13 13:06:37 - watchfiles.main - INFO - 1 change detected
2026-01-13 13:06:38 - watchfiles.main - INFO - 1 change detected
2026-01-13 13:06:38 - watchfiles.main - INFO - 1 change detected
2026-01-13 13:06:38 - watchfiles.main - INFO - 1 change detected
2026-01-13 13:06:39 - watchfiles.main - INFO - 1 change detected
2026-01-13 13:06:39 - watchfiles.main - INFO - 1 change detected
2026-01-13 13:06:40 - watchfiles.main - INFO - 1 change detected
2026-01-13 13:06:40 - watchfiles.main - INFO - 1 change detected
2026-01-13 13:06:40 - watchfiles.main - INFO - 1 change detected
2026-01-13 13:06:41 - watchfiles.main - INFO - 1 change detected
2026-01-13 13:06:41 - watchfiles.main - INFO - 1 change detected
2026-01-13 13:06:42 - watchfiles.main - INFO - 1 change detected
2026-01-13 13:06:42 - watchfiles.main - INFO - 1 change detected
2026-01-13 13:06:43 - watchfiles.main - INFO - 1 change detected
2026-01-13 13:06:43 - watchfiles.main - INFO - 1 change detected
2026-01-13 13:06:43 - watchfiles.main - INFO - 1 change detected
2026-01-13 13:06:44 - watchfiles.main - INFO - 1 change detected
2026-01-13 13:06:44 - watchfiles.main - INFO - 1 change detected
2026-01-13 13:06:45 - watchfiles.main - INFO - 1 change detected
2026-01-13 13:06:45 - watchfiles.main - INFO - 1 change detected
2026-01-13 13:06:45 - watchfiles.main - INFO - 1 change detected
2026-01-13 13:06:46 - watchfiles.main - INFO - 1 change detected
2026-01-13 13:06:46 - watchfiles.main - INFO - 1 change detected
2026-01-13 13:06:47 - watchfiles.main - INFO - 1 change detected
2026-01-13 13:06:47 - watchfiles.main - INFO - 1 change detected
2026-01-13 13:06:48 - watchfiles.main - INFO - 1 change detected
2026-01-13 13:06:48 - watchfiles.main - INFO - 1 change detected
2026-01-13 13:06:48 - watchfiles.main - INFO - 1 change detected
2026-01-13 13:06:49 - watchfiles.main - INFO - 1 change detected
2026-01-13 13:06:49 - watchfiles.main - INFO - 1 change detected
2026-01-13 13:06:50 - watchfiles.main - INFO - 1 change detected
2026-01-13 13:06:50 - watchfiles.main - INFO - 1 change detected
2026-01-13 13:06:50 - watchfiles.main - INFO - 1 change detected
2026-01-13 13:06:51 - watchfiles.main - INFO - 1 change detected
2026-01-13 13:06:51 - watchfiles.main - INFO - 1 change detected
2026-01-13 13:06:52 - watchfiles.main - INFO - 1 change detected
2026-01-13 13:06:52 - watchfiles.main - INFO - 1 change detected
2026-01-13 13:06:52 - watchfiles.main - INFO - 1 change detected
2026-01-13 13:06:53 - watchfiles.main - INFO - 1 change detected
2026-01-13 13:06:53 - watchfiles.main - INFO - 1 change detected
2026-01-13 13:06:54 - watchfiles.main - INFO - 1 change detected
2026-01-13 13:06:54 - watchfiles.main - INFO - 1 change detected
2026-01-13 13:06:55 - watchfiles.main - INFO - 1 change detected
2026-01-13 13:06:55 - watchfiles.main - INFO - 1 change detected
2026-01-13 13:06:55 - watchfiles.main - INFO - 1 change detected
2026-01-13 13:06:56 - watchfiles.main - INFO - 1 change detected
2026-01-13 13:06:56 - watchfiles.main - INFO - 1 change detected
2026-01-13 13:06:57 - watchfiles.main - INFO - 1 change detected
2026-01-13 13:06:57 - watchfiles.main - INFO - 1 change detected
2026-01-13 13:06:57 - watchfiles.main - INFO - 1 change detected
2026-01-13 13:06:58 - watchfiles.main - INFO - 1 change detected
2026-01-13 13:06:58 - watchfiles.main - INFO - 1 change detected
2026-01-13 13:06:59 - watchfiles.main - INFO - 1 change detected
2026-01-13 13:06:59 - watchfiles.main - INFO - 1 change detected
2026-01-13 13:07:00 - watchfiles.main - INFO - 1 change detected
2026-01-13 13:07:00 - watchfiles.main - INFO - 1 change detected
2026-01-13 13:07:00 - watchfiles.main - INFO - 1 change detected
2026-01-13 13:07:01 - watchfiles.main - INFO - 1 change detected
2026-01-13 13:07:01 - watchfiles.main - INFO - 1 change detected
2026-01-13 13:07:02 - watchfiles.main - INFO - 1 change detected
2026-01-13 13:07:02 - watchfiles.main - INFO - 1 change detected
2026-01-13 13:07:02 - watchfiles.main - INFO - 1 change detected
2026-01-13 13:07:03 - watchfiles.main - INFO - 1 change detected
2026-01-13 13:07:03 - watchfiles.main - INFO - 1 change detected
2026-01-13 13:07:04 - watchfiles.main - INFO - 1 change detected
2026-01-13 13:07:04 - watchfiles.main - INFO - 1 change detected
2026-01-13 13:07:04 - watchfiles.main - INFO - 1 change detected
2026-01-13 13:07:05 - watchfiles.main - INFO - 1 change detected
2026-01-13 13:07:05 - watchfiles.main - INFO - 1 change detected
2026-01-13 13:07:06 - watchfiles.main - INFO - 1 change detected
2026-01-13 13:07:06 - watchfiles.main - INFO - 1 change detected
2026-01-13 13:07:07 - watchfiles.main - INFO - 1 change detected
2026-01-13 13:07:07 - watchfiles.main - INFO - 1 change detected
2026-01-13 13:07:07 - watchfiles.main - INFO - 1 change detected
2026-01-13 13:07:08 - watchfiles.main - INFO - 1 change detected
2026-01-13 13:07:08 - watchfiles.main - INFO - 1 change detected
2026-01-13 13:07:09 - watchfiles.main - INFO - 1 change detected
2026-01-13 13:07:09 - watchfiles.main - INFO - 1 change detected
2026-01-13 13:07:09 - watchfiles.main - INFO - 1 change detected
2026-01-13 13:07:10 - watchfiles.main - INFO - 1 change detected
2026-01-13 13:07:10 - watchfiles.main - INFO - 1 change detected
2026-01-13 13:07:11 - watchfiles.main - INFO - 1 change detected
2026-01-13 13:07:11 - watchfiles.main - INFO - 1 change detected
2026-01-13 13:07:11 - watchfiles.main - INFO - 1 change detected
2026-01-13 13:07:12 - watchfiles.main - INFO - 1 change detected
2026-01-13 13:07:12 - watchfiles.main - INFO - 1 change detected
2026-01-13 13:07:13 - watchfiles.main - INFO - 1 change detected
2026-01-13 13:07:13 - watchfiles.main - INFO - 1 change detected
2026-01-13 13:07:14 - watchfiles.main - INFO - 1 change detected
2026-01-13 13:07:14 - watchfiles.main - INFO - 1 change detected
2026-01-13 13:07:14 - watchfiles.main - INFO - 1 change detected
2026-01-13 13:07:15 - watchfiles.main - INFO - 1 change detected
2026-01-13 13:07:15 - watchfiles.main - INFO - 1 change detected
2026-01-13 13:07:16 - watchfiles.main - INFO - 1 change detected
2026-01-13 13:07:16 - watchfiles.main - INFO - 1 change detected
2026-01-13 13:07:16 - watchfiles.main - INFO - 1 change detected
2026-01-13 13:07:17 - watchfiles.main - INFO - 1 change detected
2026-01-13 13:07:17 - watchfiles.main - INFO - 1 change detected
2026-01-13 13:07:18 - watchfiles.main - INFO - 1 change detected
2026-01-13 13:07:18 - watchfiles.main - INFO - 1 change detected
2026-01-13 13:07:18 - watchfiles.main - INFO - 1 change detected
2026-01-13 13:07:19 - watchfiles.main - INFO - 1 change detected
2026-01-13 13:07:19 - watchfiles.main - INFO - 1 change detected
2026-01-13 13:07:20 - watchfiles.main - INFO - 1 change detected
2026-01-13 13:07:20 - watchfiles.main - INFO - 1 change detected
2026-01-13 13:07:20 - watchfiles.main - INFO - 1 change detected
2026-01-13 13:07:21 - watchfiles.main - INFO - 1 change detected
2026-01-13 13:07:21 - watchfiles.main - INFO - 1 change detected
2026-01-13 13:07:22 - watchfiles.main - INFO - 1 change detected
2026-01-13 13:07:22 - watchfiles.main - INFO - 1 change detected
2026-01-13 13:07:23 - watchfiles.main - INFO - 1 change detected
2026-01-13 13:07:23 - watchfiles.main - INFO - 1 change detected
2026-01-13 13:07:23 - watchfiles.main - INFO - 1 change detected
2026-01-13 13:07:24 - watchfiles.main - INFO - 1 change detected
2026-01-13 13:07:24 - watchfiles.main - INFO - 1 change detected
2026-01-13 13:07:25 - watchfiles.main - INFO - 1 change detected
2026-01-13 13:07:25 - watchfiles.main - INFO - 1 change detected
2026-01-13 13:07:25 - watchfiles.main - INFO - 1 change detected
2026-01-13 13:07:26 - watchfiles.main - INFO - 1 change detected
2026-01-13 13:07:26 - watchfiles.main - INFO - 1 change detected
2026-01-13 13:07:27 - watchfiles.main - INFO - 1 change detected
2026-01-13 13:07:27 - watchfiles.main - INFO - 1 change detected
2026-01-13 13:07:27 - watchfiles.main - INFO - 1 change detected
2026-01-13 13:07:28 - watchfiles.main - INFO - 1 change detected
2026-01-13 13:07:28 - watchfiles.main - INFO - 1 change detected
2026-01-13 13:07:29 - watchfiles.main - INFO - 1 change detected
2026-01-13 13:07:29 - watchfiles.main - INFO - 1 change detected
2026-01-13 13:07:30 - watchfiles.main - INFO - 1 change detected
2026-01-13 13:07:30 - watchfiles.main - INFO - 1 change detected
2026-01-13 13:07:30 - watchfiles.main - INFO - 1 change detected
2026-01-13 13:07:31 - watchfiles.main - INFO - 1 change detected
2026-01-13 13:07:31 - watchfiles.main - INFO - 1 change detected
2026-01-13 13:07:32 - watchfiles.main - INFO - 1 change detected
2026-01-13 13:07:32 - watchfiles.main - INFO - 1 change detected
2026-01-13 13:07:32 - watchfiles.main - INFO - 1 change detected
2026-01-13 13:07:33 - watchfiles.main - INFO - 1 change detected
2026-01-13 13:07:33 - watchfiles.main - INFO - 1 change detected
2026-01-13 13:07:34 - watchfiles.main - INFO - 1 change detected
2026-01-13 13:07:34 - watchfiles.main - INFO - 1 change detected
2026-01-13 13:07:35 - watchfiles.main - INFO - 1 change detected
2026-01-13 13:07:35 - watchfiles.main - INFO - 1 change detected
2026-01-13 13:07:35 - watchfiles.main - INFO - 1 change detected
2026-01-13 13:07:36 - watchfiles.main - INFO - 1 change detected
2026-01-13 13:07:36 - watchfiles.main - INFO - 1 change detected
2026-01-13 13:07:37 - watchfiles.main - INFO - 1 change detected
2026-01-13 13:07:37 - watchfiles.main - INFO - 1 change detected
2026-01-13 13:07:37 - watchfiles.main - INFO - 1 change detected
2026-01-13 13:07:38 - watchfiles.main - INFO - 1 change detected
2026-01-13 13:07:38 - watchfiles.main - INFO - 1 change detected
2026-01-13 13:07:39 - watchfiles.main - INFO - 1 change detected
2026-01-13 13:07:39 - watchfiles.main - INFO - 1 change detected
2026-01-13 13:07:39 - watchfiles.main - INFO - 1 change detected
2026-01-13 13:07:40 - watchfiles.main - INFO - 1 change detected
2026-01-13 13:07:40 - watchfiles.main - INFO - 1 change detected
2026-01-13 13:07:41 - watchfiles.main - INFO - 1 change detected
2026-01-13 13:07:41 - watchfiles.main - INFO - 1 change detected
2026-01-13 13:07:41 - watchfiles.main - INFO - 1 change detected
2026-01-13 13:07:42 - watchfiles.main - INFO - 1 change detected
2026-01-13 13:07:42 - watchfiles.main - INFO - 1 change detected
2026-01-13 13:07:43 - watchfiles.main - INFO - 1 change detected
2026-01-13 13:07:43 - watchfiles.main - INFO - 1 change detected
2026-01-13 13:07:44 - watchfiles.main - INFO - 1 change detected
2026-01-13 13:07:44 - watchfiles.main - INFO - 1 change detected
2026-01-13 13:07:44 - watchfiles.main - INFO - 1 change detected
2026-01-13 13:07:45 - watchfiles.main - INFO - 1 change detected
2026-01-13 13:07:45 - watchfiles.main - INFO - 1 change detected
2026-01-13 13:07:46 - watchfiles.main - INFO - 1 change detected
2026-01-13 13:07:46 - watchfiles.main - INFO - 1 change detected
2026-01-13 13:07:46 - watchfiles.main - INFO - 1 change detected
2026-01-13 13:07:47 - watchfiles.main - INFO - 1 change detected
2026-01-13 13:07:47 - watchfiles.main - INFO - 1 change detected
2026-01-13 13:07:48 - watchfiles.main - INFO - 1 change detected
2026-01-13 13:07:48 - watchfiles.main - INFO - 1 change detected
2026-01-13 13:07:49 - watchfiles.main - INFO - 1 change detected
2026-01-13 13:07:49 - watchfiles.main - INFO - 1 change detected
2026-01-13 13:07:49 - watchfiles.main - INFO - 1 change detected
2026-01-13 13:07:50 - watchfiles.main - INFO - 1 change detected
2026-01-13 13:07:50 - watchfiles.main - INFO - 1 change detected
2026-01-13 13:07:51 - watchfiles.main - INFO - 1 change detected
2026-01-13 13:07:51 - watchfiles.main - INFO - 1 change detected
2026-01-13 13:07:51 - watchfiles.main - INFO - 1 change detected
2026-01-13 13:07:52 - watchfiles.main - INFO - 1 change detected
2026-01-13 13:07:52 - watchfiles.main - INFO - 1 change detected
2026-01-13 13:07:53 - watchfiles.main - INFO - 1 change detected
2026-01-13 13:07:53 - watchfiles.main - INFO - 1 change detected
2026-01-13 13:07:54 - watchfiles.main - INFO - 1 change detected
2026-01-13 13:07:54 - watchfiles.main - INFO - 1 change detected
2026-01-13 13:07:54 - watchfiles.main - INFO - 1 change detected
2026-01-13 13:07:55 - watchfiles.main - INFO - 1 change detected
2026-01-13 13:07:55 - watchfiles.main - INFO - 1 change detected
2026-01-13 13:07:56 - watchfiles.main - INFO - 1 change detected
2026-01-13 13:07:56 - watchfiles.main - INFO - 1 change detected
2026-01-13 13:07:56 - watchfiles.main - INFO - 1 change detected
2026-01-13 13:07:57 - watchfiles.main - INFO - 1 change detected
2026-01-13 13:07:57 - watchfiles.main - INFO - 1 change detected
2026-01-13 13:07:58 - watchfiles.main - INFO - 1 change detected
2026-01-13 13:07:58 - watchfiles.main - INFO - 1 change detected
2026-01-13 13:07:58 - watchfiles.main - INFO - 1 change detected
2026-01-13 13:07:59 - watchfiles.main - INFO - 1 change detected
2026-01-13 13:07:59 - watchfiles.main - INFO - 1 change detected
2026-01-13 13:08:00 - watchfiles.main - INFO - 1 change detected
2026-01-13 13:08:00 - watchfiles.main - INFO - 1 change detected
2026-01-13 13:08:01 - watchfiles.main - INFO - 1 change detected
2026-01-13 13:08:01 - watchfiles.main - INFO - 1 change detected
2026-01-13 13:08:01 - watchfiles.main - INFO - 1 change detected
2026-01-13 13:08:02 - watchfiles.main - INFO - 1 change detected
2026-01-13 13:08:02 - watchfiles.main - INFO - 1 change detected
2026-01-13 13:08:03 - watchfiles.main - INFO - 1 change detected
2026-01-13 13:08:03 - watchfiles.main - INFO - 1 change detected
2026-01-13 13:08:03 - watchfiles.main - INFO - 1 change detected
2026-01-13 13:08:04 - watchfiles.main - INFO - 1 change detected
2026-01-13 13:08:04 - watchfiles.main - INFO - 1 change detected
2026-01-13 13:08:05 - watchfiles.main - INFO - 1 change detected
2026-01-13 13:08:05 - watchfiles.main - INFO - 1 change detected
2026-01-13 13:08:05 - watchfiles.main - INFO - 1 change detected
2026-01-13 13:08:06 - watchfiles.main - INFO - 1 change detected
2026-01-13 13:08:06 - watchfiles.main - INFO - 1 change detected
2026-01-13 13:08:07 - watchfiles.main - INFO - 1 change detected
2026-01-13 13:08:07 - watchfiles.main - INFO - 1 change detected
2026-01-13 13:08:07 - watchfiles.main - INFO - 1 change detected
2026-01-13 13:08:08 - watchfiles.main - INFO - 1 change detected
2026-01-13 13:08:08 - watchfiles.main - INFO - 1 change detected
2026-01-13 13:08:09 - watchfiles.main - INFO - 1 change detected
2026-01-13 13:08:09 - watchfiles.main - INFO - 1 change detected
2026-01-13 13:08:10 - watchfiles.main - INFO - 1 change detected
2026-01-13 13:08:10 - watchfiles.main - INFO - 1 change detected
2026-01-13 13:08:10 - watchfiles.main - INFO - 1 change detected
2026-01-13 13:08:11 - watchfiles.main - INFO - 1 change detected
2026-01-13 13:08:11 - watchfiles.main - INFO - 1 change detected
2026-01-13 13:08:12 - watchfiles.main - INFO - 1 change detected
2026-01-13 13:08:12 - watchfiles.main - INFO - 1 change detected
2026-01-13 13:08:12 - watchfiles.main - INFO - 1 change detected
2026-01-13 13:08:13 - watchfiles.main - INFO - 1 change detected
2026-01-13 13:08:13 - watchfiles.main - INFO - 1 change detected
2026-01-13 13:08:14 - watchfiles.main - INFO - 1 change detected
2026-01-13 13:08:14 - watchfiles.main - INFO - 1 change detected
2026-01-13 13:08:15 - watchfiles.main - INFO - 1 change detected
2026-01-13 13:08:15 - watchfiles.main - INFO - 1 change detected
2026-01-13 13:08:15 - watchfiles.main - INFO - 1 change detected
2026-01-13 13:08:16 - watchfiles.main - INFO - 1 change detected
2026-01-13 13:08:16 - watchfiles.main - INFO - 1 change detected
2026-01-13 13:08:17 - watchfiles.main - INFO - 1 change detected
2026-01-13 13:08:17 - watchfiles.main - INFO - 1 change detected
2026-01-13 13:08:17 - watchfiles.main - INFO - 1 change detected
2026-01-13 13:08:18 - watchfiles.main - INFO - 1 change detected
2026-01-13 13:08:18 - watchfiles.main - INFO - 1 change detected
2026-01-13 13:08:19 - watchfiles.main - INFO - 1 change detected
2026-01-13 13:08:19 - watchfiles.main - INFO - 1 change detected
2026-01-13 13:08:19 - watchfiles.main - INFO - 1 change detected
2026-01-13 13:08:20 - watchfiles.main - INFO - 1 change detected
2026-01-13 13:08:20 - watchfiles.main - INFO - 1 change detected
2026-01-13 13:08:21 - watchfiles.main - INFO - 1 change detected
2026-01-13 13:08:21 - watchfiles.main - INFO - 1 change detected
2026-01-13 13:08:21 - watchfiles.main - INFO - 1 change detected
2026-01-13 13:08:22 - watchfiles.main - INFO - 1 change detected
2026-01-13 13:08:22 - watchfiles.main - INFO - 1 change detected
2026-01-13 13:08:23 - watchfiles.main - INFO - 1 change detected
2026-01-13 13:08:23 - watchfiles.main - INFO - 1 change detected
2026-01-13 13:08:23 - watchfiles.main - INFO - 1 change detected
2026-01-13 13:08:24 - watchfiles.main - INFO - 1 change detected
2026-01-13 13:08:24 - watchfiles.main - INFO - 1 change detected
2026-01-13 13:08:25 - watchfiles.main - INFO - 1 change detected
2026-01-13 13:08:25 - watchfiles.main - INFO - 1 change detected
2026-01-13 13:08:26 - watchfiles.main - INFO - 1 change detected
2026-01-13 13:08:26 - watchfiles.main - INFO - 1 change detected
2026-01-13 13:08:26 - watchfiles.main - INFO - 1 change detected
2026-01-13 13:08:27 - watchfiles.main - INFO - 1 change detected
2026-01-13 13:08:27 - watchfiles.main - INFO - 1 change detected
2026-01-13 13:08:28 - watchfiles.main - INFO - 1 change detected
2026-01-13 13:08:28 - watchfiles.main - INFO - 1 change detected
2026-01-13 13:08:28 - watchfiles.main - INFO - 1 change detected
2026-01-13 13:08:29 - watchfiles.main - INFO - 1 change detected
2026-01-13 13:08:29 - watchfiles.main - INFO - 1 change detected
2026-01-13 13:08:30 - watchfiles.main - INFO - 1 change detected
2026-01-13 13:08:30 - watchfiles.main - INFO - 1 change detected
2026-01-13 13:08:31 - watchfiles.main - INFO - 1 change detected
2026-01-13 13:08:31 - watchfiles.main - INFO - 1 change detected
2026-01-13 13:08:31 - watchfiles.main - INFO - 1 change detected
2026-01-13 13:08:32 - watchfiles.main - INFO - 1 change detected
2026-01-13 13:08:32 - watchfiles.main - INFO - 1 change detected
2026-01-13 13:08:33 - watchfiles.main - INFO - 1 change detected
2026-01-13 13:08:33 - watchfiles.main - INFO - 1 change detected
2026-01-13 13:08:33 - watchfiles.main - INFO - 1 change detected
2026-01-13 13:08:34 - watchfiles.main - INFO - 1 change detected
2026-01-13 13:08:34 - watchfiles.main - INFO - 1 change detected
2026-01-13 13:08:35 - watchfiles.main - INFO - 1 change detected
2026-01-13 13:08:35 - watchfiles.main - INFO - 1 change detected
2026-01-13 13:08:35 - watchfiles.main - INFO - 1 change detected
2026-01-13 13:08:36 - watchfiles.main - INFO - 1 change detected
2026-01-13 13:08:36 - watchfiles.main - INFO - 1 change detected
2026-01-13 13:08:37 - watchfiles.main - INFO - 1 change detected
2026-01-13 13:08:37 - watchfiles.main - INFO - 1 change detected
2026-01-13 13:08:38 - watchfiles.main - INFO - 1 change detected
2026-01-13 13:08:38 - watchfiles.main - INFO - 1 change detected
2026-01-13 13:08:38 - watchfiles.main - INFO - 1 change detected
2026-01-13 13:08:39 - watchfiles.main - INFO - 1 change detected
2026-01-13 13:08:39 - watchfiles.main - INFO - 1 change detected
2026-01-13 13:08:40 - watchfiles.main - INFO - 1 change detected
2026-01-13 13:08:40 - watchfiles.main - INFO - 1 change detected
2026-01-13 13:08:40 - watchfiles.main - INFO - 1 change detected
2026-01-13 13:08:41 - watchfiles.main - INFO - 1 change detected
2026-01-13 13:08:41 - watchfiles.main - INFO - 1 change detected
2026-01-13 13:08:42 - watchfiles.main - INFO - 1 change detected
2026-01-13 13:08:42 - watchfiles.main - INFO - 1 change detected
2026-01-13 13:08:43 - watchfiles.main - INFO - 1 change detected
2026-01-13 13:08:43 - watchfiles.main - INFO - 1 change detected
2026-01-13 13:08:43 - watchfiles.main - INFO - 1 change detected
2026-01-13 13:08:44 - watchfiles.main - INFO - 1 change detected
2026-01-13 13:08:44 - watchfiles.main - INFO - 1 change detected
2026-01-13 13:08:45 - watchfiles.main - INFO - 1 change detected
2026-01-13 13:08:45 - watchfiles.main - INFO - 1 change detected
2026-01-13 13:08:45 - watchfiles.main - INFO - 1 change detected
2026-01-13 13:08:46 - watchfiles.main - INFO - 1 change detected
2026-01-13 13:08:46 - watchfiles.main - INFO - 1 change detected
2026-01-13 13:08:47 - watchfiles.main - INFO - 1 change detected
2026-01-13 13:08:47 - watchfiles.main - INFO - 1 change detected
2026-01-13 13:08:47 - watchfiles.main - INFO - 1 change detected
2026-01-13 13:08:48 - watchfiles.main - INFO - 1 change detected
2026-01-13 13:08:48 - watchfiles.main - INFO - 1 change detected
2026-01-13 13:08:49 - watchfiles.main - INFO - 1 change detected
2026-01-13 13:08:49 - watchfiles.main - INFO - 1 change detected
2026-01-13 13:08:49 - watchfiles.main - INFO - 1 change detected
2026-01-13 13:08:50 - watchfiles.main - INFO - 1 change detected
2026-01-13 13:08:50 - watchfiles.main - INFO - 1 change detected
2026-01-13 13:08:51 - watchfiles.main - INFO - 1 change detected
2026-01-13 13:08:51 - watchfiles.main - INFO - 1 change detected
2026-01-13 13:08:52 - watchfiles.main - INFO - 1 change detected
2026-01-13 13:08:52 - watchfiles.main - INFO - 1 change detected
2026-01-13 13:08:52 - watchfiles.main - INFO - 1 change detected
2026-01-13 13:08:53 - watchfiles.main - INFO - 1 change detected
2026-01-13 13:08:53 - watchfiles.main - INFO - 1 change detected
2026-01-13 13:08:54 - watchfiles.main - INFO - 1 change detected
2026-01-13 13:08:54 - watchfiles.main - INFO - 1 change detected
2026-01-13 13:08:54 - watchfiles.main - INFO - 1 change detected
2026-01-13 13:08:55 - watchfiles.main - INFO - 1 change detected
2026-01-13 13:08:55 - watchfiles.main - INFO - 1 change detected
2026-01-13 13:08:56 - watchfiles.main - INFO - 1 change detected
2026-01-13 13:08:56 - watchfiles.main - INFO - 1 change detected
2026-01-13 13:08:56 - watchfiles.main - INFO - 1 change detected
2026-01-13 13:08:57 - watchfiles.main - INFO - 1 change detected
2026-01-13 13:08:57 - watchfiles.main - INFO - 1 change detected
2026-01-13 13:08:58 - watchfiles.main - INFO - 1 change detected
2026-01-13 13:08:58 - watchfiles.main - INFO - 1 change detected
2026-01-13 13:08:59 - watchfiles.main - INFO - 1 change detected
2026-01-13 13:08:59 - watchfiles.main - INFO - 1 change detected
2026-01-13 13:08:59 - watchfiles.main - INFO - 1 change detected
2026-01-13 13:09:00 - watchfiles.main - INFO - 1 change detected
2026-01-13 13:09:00 - watchfiles.main - INFO - 1 change detected
2026-01-13 13:09:01 - watchfiles.main - INFO - 1 change detected
2026-01-13 13:09:01 - watchfiles.main - INFO - 1 change detected
2026-01-13 13:09:01 - watchfiles.main - INFO - 1 change detected
2026-01-13 13:09:02 - watchfiles.main - INFO - 1 change detected
2026-01-13 13:09:02 - watchfiles.main - INFO - 1 change detected
2026-01-13 13:09:03 - watchfiles.main - INFO - 1 change detected
2026-01-13 13:09:03 - watchfiles.main - INFO - 1 change detected
2026-01-13 13:09:03 - watchfiles.main - INFO - 1 change detected
2026-01-13 13:09:04 - watchfiles.main - INFO - 1 change detected
2026-01-13 13:09:04 - watchfiles.main - INFO - 1 change detected
2026-01-13 13:09:05 - watchfiles.main - INFO - 1 change detected
2026-01-13 13:09:05 - watchfiles.main - INFO - 1 change detected
2026-01-13 13:09:06 - watchfiles.main - INFO - 1 change detected
2026-01-13 13:09:06 - watchfiles.main - INFO - 1 change detected
2026-01-13 13:09:06 - watchfiles.main - INFO - 1 change detected
2026-01-13 13:09:07 - watchfiles.main - INFO - 1 change detected
2026-01-13 13:09:07 - watchfiles.main - INFO - 1 change detected
2026-01-13 13:09:08 - watchfiles.main - INFO - 1 change detected
2026-01-13 13:09:08 - watchfiles.main - INFO - 1 change detected
2026-01-13 13:09:08 - watchfiles.main - INFO - 1 change detected
2026-01-13 13:09:09 - watchfiles.main - INFO - 1 change detected
2026-01-13 13:09:09 - watchfiles.main - INFO - 1 change detected
2026-01-13 13:09:10 - watchfiles.main - INFO - 1 change detected
2026-01-13 13:09:10 - watchfiles.main - INFO - 1 change detected
2026-01-13 13:09:11 - watchfiles.main - INFO - 1 change detected
2026-01-13 13:09:11 - watchfiles.main - INFO - 1 change detected
2026-01-13 13:09:11 - watchfiles.main - INFO - 1 change detected
2026-01-13 13:09:12 - watchfiles.main - INFO - 1 change detected
2026-01-13 13:09:12 - watchfiles.main - INFO - 1 change detected
2026-01-13 13:09:13 - watchfiles.main - INFO - 1 change detected
2026-01-13 13:09:13 - watchfiles.main - INFO - 1 change detected
2026-01-13 13:09:13 - watchfiles.main - INFO - 1 change detected
2026-01-13 13:09:14 - watchfiles.main - INFO - 1 change detected
2026-01-13 13:09:14 - watchfiles.main - INFO - 1 change detected
2026-01-13 13:09:15 - watchfiles.main - INFO - 1 change detected
2026-01-13 13:09:15 - watchfiles.main - INFO - 1 change detected
2026-01-13 13:09:15 - watchfiles.main - INFO - 1 change detected
2026-01-13 13:09:16 - watchfiles.main - INFO - 1 change detected
2026-01-13 13:09:16 - watchfiles.main - INFO - 1 change detected
2026-01-13 13:09:17 - watchfiles.main - INFO - 1 change detected
2026-01-13 13:09:17 - watchfiles.main - INFO - 1 change detected
2026-01-13 13:09:18 - watchfiles.main - INFO - 1 change detected
2026-01-13 13:09:18 - watchfiles.main - INFO - 1 change detected
2026-01-13 13:09:18 - watchfiles.main - INFO - 1 change detected
2026-01-13 13:09:19 - watchfiles.main - INFO - 1 change detected
2026-01-13 13:09:19 - watchfiles.main - INFO - 1 change detected
2026-01-13 13:09:20 - watchfiles.main - INFO - 1 change detected
2026-01-13 13:09:20 - watchfiles.main - INFO - 1 change detected
2026-01-13 13:09:20 - watchfiles.main - INFO - 1 change detected
2026-01-13 13:09:21 - watchfiles.main - INFO - 1 change detected
2026-01-13 13:09:21 - watchfiles.main - INFO - 1 change detected
2026-01-13 13:09:22 - watchfiles.main - INFO - 1 change detected
2026-01-13 13:09:22 - watchfiles.main - INFO - 1 change detected
2026-01-13 13:09:23 - watchfiles.main - INFO - 1 change detected
2026-01-13 13:09:23 - watchfiles.main - INFO - 1 change detected
2026-01-13 13:09:23 - watchfiles.main - INFO - 1 change detected
2026-01-13 13:09:24 - watchfiles.main - INFO - 1 change detected
2026-01-13 13:09:24 - watchfiles.main - INFO - 1 change detected
2026-01-13 13:09:25 - watchfiles.main - INFO - 1 change detected
2026-01-13 13:09:25 - watchfiles.main - INFO - 1 change detected
2026-01-13 13:09:25 - watchfiles.main - INFO - 1 change detected
2026-01-13 13:09:26 - watchfiles.main - INFO - 1 change detected
2026-01-13 13:09:26 - watchfiles.main - INFO - 1 change detected
2026-01-13 13:09:27 - watchfiles.main - INFO - 1 change detected
2026-01-13 13:09:27 - watchfiles.main - INFO - 1 change detected
2026-01-13 13:09:28 - watchfiles.main - INFO - 1 change detected
2026-01-13 13:09:28 - watchfiles.main - INFO - 1 change detected
2026-01-13 13:09:28 - watchfiles.main - INFO - 1 change detected
2026-01-13 13:09:29 - watchfiles.main - INFO - 1 change detected
2026-01-13 13:09:29 - watchfiles.main - INFO - 1 change detected
2026-01-13 13:09:30 - watchfiles.main - INFO - 1 change detected
2026-01-13 13:09:30 - watchfiles.main - INFO - 1 change detected
2026-01-13 13:09:30 - watchfiles.main - INFO - 1 change detected
2026-01-13 13:09:31 - watchfiles.main - INFO - 1 change detected
2026-01-13 13:09:31 - watchfiles.main - INFO - 1 change detected
2026-01-13 13:09:32 - watchfiles.main - INFO - 1 change detected
2026-01-13 13:09:32 - watchfiles.main - INFO - 1 change detected
2026-01-13 13:09:33 - watchfiles.main - INFO - 1 change detected
2026-01-13 13:09:33 - watchfiles.main - INFO - 1 change detected
2026-01-13 13:09:33 - watchfiles.main - INFO - 1 change detected
2026-01-13 13:09:34 - watchfiles.main - INFO - 1 change detected
2026-01-13 13:09:34 - watchfiles.main - INFO - 1 change detected
2026-01-13 13:09:35 - watchfiles.main - INFO - 1 change detected
2026-01-13 13:09:35 - watchfiles.main - INFO - 1 change detected
2026-01-13 13:09:35 - watchfiles.main - INFO - 1 change detected
2026-01-13 13:09:36 - watchfiles.main - INFO - 1 change detected
2026-01-13 13:09:36 - watchfiles.main - INFO - 1 change detected
2026-01-13 13:09:37 - watchfiles.main - INFO - 1 change detected
2026-01-13 13:09:37 - watchfiles.main - INFO - 1 change detected
2026-01-13 13:09:37 - watchfiles.main - INFO - 1 change detected
2026-01-13 13:09:38 - watchfiles.main - INFO - 1 change detected
2026-01-13 13:09:38 - watchfiles.main - INFO - 1 change detected
2026-01-13 13:09:39 - watchfiles.main - INFO - 1 change detected
2026-01-13 13:09:39 - watchfiles.main - INFO - 1 change detected
2026-01-13 13:09:40 - watchfiles.main - INFO - 1 change detected
2026-01-13 13:09:40 - watchfiles.main - INFO - 1 change detected
2026-01-13 13:09:40 - watchfiles.main - INFO - 1 change detected
2026-01-13 13:09:41 - watchfiles.main - INFO - 1 change detected
2026-01-13 13:09:41 - watchfiles.main - INFO - 1 change detected
2026-01-13 13:09:42 - watchfiles.main - INFO - 1 change detected
2026-01-13 13:09:42 - watchfiles.main - INFO - 1 change detected
2026-01-13 13:09:42 - watchfiles.main - INFO - 1 change detected
2026-01-13 13:09:43 - watchfiles.main - INFO - 1 change detected
2026-01-13 13:09:43 - watchfiles.main - INFO - 1 change detected
2026-01-13 13:09:44 - watchfiles.main - INFO - 1 change detected
2026-01-13 13:09:44 - watchfiles.main - INFO - 1 change detected
2026-01-13 13:09:44 - watchfiles.main - INFO - 1 change detected
2026-01-13 13:09:45 - watchfiles.main - INFO - 1 change detected
2026-01-13 13:09:45 - watchfiles.main - INFO - 1 change detected
2026-01-13 13:09:46 - watchfiles.main - INFO - 1 change detected
2026-01-13 13:09:46 - watchfiles.main - INFO - 1 change detected
2026-01-13 13:09:47 - watchfiles.main - INFO - 1 change detected
2026-01-13 13:09:47 - watchfiles.main - INFO - 1 change detected
2026-01-13 13:09:47 - watchfiles.main - INFO - 1 change detected
2026-01-13 13:09:48 - watchfiles.main - INFO - 1 change detected
2026-01-13 13:09:48 - watchfiles.main - INFO - 1 change detected
2026-01-13 13:09:49 - watchfiles.main - INFO - 1 change detected
2026-01-13 13:09:49 - watchfiles.main - INFO - 1 change detected
2026-01-13 13:09:49 - watchfiles.main - INFO - 1 change detected
2026-01-13 13:09:50 - watchfiles.main - INFO - 1 change detected
2026-01-13 13:09:50 - watchfiles.main - INFO - 1 change detected
2026-01-13 13:09:51 - watchfiles.main - INFO - 1 change detected
2026-01-13 13:09:51 - watchfiles.main - INFO - 1 change detected
2026-01-13 13:09:52 - watchfiles.main - INFO - 1 change detected
2026-01-13 13:09:52 - watchfiles.main - INFO - 1 change detected
2026-01-13 13:09:52 - watchfiles.main - INFO - 1 change detected
2026-01-13 13:09:53 - watchfiles.main - INFO - 1 change detected
2026-01-13 13:09:53 - watchfiles.main - INFO - 1 change detected
2026-01-13 13:09:54 - watchfiles.main - INFO - 1 change detected
2026-01-13 13:09:54 - watchfiles.main - INFO - 1 change detected
2026-01-13 13:09:54 - watchfiles.main - INFO - 1 change detected
2026-01-13 13:09:55 - watchfiles.main - INFO - 1 change detected
2026-01-13 13:09:55 - watchfiles.main - INFO - 1 change detected
2026-01-13 13:09:56 - watchfiles.main - INFO - 1 change detected
2026-01-13 13:09:56 - watchfiles.main - INFO - 1 change detected
2026-01-13 13:09:56 - watchfiles.main - INFO - 1 change detected
2026-01-13 13:09:57 - watchfiles.main - INFO - 1 change detected
2026-01-13 13:09:57 - watchfiles.main - INFO - 1 change detected
2026-01-13 13:09:58 - watchfiles.main - INFO - 1 change detected
2026-01-13 13:09:58 - watchfiles.main - INFO - 1 change detected
2026-01-13 13:09:58 - watchfiles.main - INFO - 1 change detected
2026-01-13 13:09:59 - watchfiles.main - INFO - 1 change detected
2026-01-13 13:09:59 - watchfiles.main - INFO - 1 change detected
2026-01-13 13:10:00 - watchfiles.main - INFO - 1 change detected
2026-01-13 13:10:00 - watchfiles.main - INFO - 1 change detected
2026-01-13 13:10:00 - watchfiles.main - INFO - 1 change detected
2026-01-13 13:10:01 - watchfiles.main - INFO - 1 change detected
2026-01-13 13:10:01 - watchfiles.main - INFO - 1 change detected
2026-01-13 13:10:02 - watchfiles.main - INFO - 1 change detected
2026-01-13 13:10:02 - watchfiles.main - INFO - 1 change detected
2026-01-13 13:10:03 - watchfiles.main - INFO - 1 change detected
2026-01-13 13:10:03 - watchfiles.main - INFO - 1 change detected
2026-01-13 13:10:03 - watchfiles.main - INFO - 1 change detected
2026-01-13 13:10:04 - watchfiles.main - INFO - 1 change detected
2026-01-13 13:10:04 - watchfiles.main - INFO - 1 change detected
2026-01-13 13:10:05 - watchfiles.main - INFO - 1 change detected
2026-01-13 13:10:05 - watchfiles.main - INFO - 1 change detected
2026-01-13 13:10:05 - watchfiles.main - INFO - 1 change detected
2026-01-13 13:10:06 - watchfiles.main - INFO - 1 change detected
2026-01-13 13:10:06 - watchfiles.main - INFO - 1 change detected
2026-01-13 13:10:07 - watchfiles.main - INFO - 1 change detected
2026-01-13 13:10:07 - watchfiles.main - INFO - 1 change detected
2026-01-13 13:10:07 - watchfiles.main - INFO - 1 change detected
2026-01-13 13:10:08 - watchfiles.main - INFO - 1 change detected
2026-01-13 13:10:08 - watchfiles.main - INFO - 1 change detected
2026-01-13 13:10:09 - watchfiles.main - INFO - 1 change detected
2026-01-13 13:10:09 - watchfiles.main - INFO - 1 change detected
2026-01-13 13:10:09 - watchfiles.main - INFO - 1 change detected
2026-01-13 13:10:10 - watchfiles.main - INFO - 1 change detected
2026-01-13 13:10:10 - watchfiles.main - INFO - 1 change detected
2026-01-13 13:10:11 - watchfiles.main - INFO - 1 change detected
2026-01-13 13:10:11 - watchfiles.main - INFO - 1 change detected
2026-01-13 13:10:12 - watchfiles.main - INFO - 1 change detected
2026-01-13 13:10:12 - watchfiles.main - INFO - 1 change detected
2026-01-13 13:10:12 - watchfiles.main - INFO - 1 change detected
2026-01-13 13:10:13 - watchfiles.main - INFO - 1 change detected
2026-01-13 13:10:13 - watchfiles.main - INFO - 1 change detected
2026-01-13 13:10:14 - watchfiles.main - INFO - 1 change detected
2026-01-13 13:10:14 - watchfiles.main - INFO - 1 change detected
2026-01-13 13:10:14 - watchfiles.main - INFO - 1 change detected
2026-01-13 13:10:15 - watchfiles.main - INFO - 1 change detected
2026-01-13 13:10:15 - watchfiles.main - INFO - 1 change detected
2026-01-13 13:10:16 - watchfiles.main - INFO - 1 change detected
2026-01-13 13:10:16 - watchfiles.main - INFO - 1 change detected
2026-01-13 13:10:17 - watchfiles.main - INFO - 1 change detected
2026-01-13 13:10:17 - watchfiles.main - INFO - 1 change detected
2026-01-13 13:10:17 - watchfiles.main - INFO - 1 change detected
2026-01-13 13:10:18 - watchfiles.main - INFO - 1 change detected
2026-01-13 13:10:18 - watchfiles.main - INFO - 1 change detected
2026-01-13 13:10:19 - watchfiles.main - INFO - 1 change detected
2026-01-13 13:10:19 - watchfiles.main - INFO - 1 change detected
2026-01-13 13:10:19 - watchfiles.main - INFO - 1 change detected
2026-01-13 13:10:20 - watchfiles.main - INFO - 1 change detected
2026-01-13 13:10:20 - watchfiles.main - INFO - 1 change detected
2026-01-13 13:10:21 - watchfiles.main - INFO - 1 change detected
2026-01-13 13:10:21 - watchfiles.main - INFO - 1 change detected
2026-01-13 13:10:22 - watchfiles.main - INFO - 1 change detected
2026-01-13 13:10:22 - watchfiles.main - INFO - 1 change detected
2026-01-13 13:10:22 - watchfiles.main - INFO - 1 change detected
2026-01-13 13:10:23 - watchfiles.main - INFO - 1 change detected
2026-01-13 13:10:23 - watchfiles.main - INFO - 1 change detected
2026-01-13 13:10:24 - watchfiles.main - INFO - 1 change detected
2026-01-13 13:10:24 - watchfiles.main - INFO - 1 change detected
2026-01-13 13:10:24 - watchfiles.main - INFO - 1 change detected
2026-01-13 13:10:25 - watchfiles.main - INFO - 1 change detected
2026-01-13 13:10:25 - watchfiles.main - INFO - 1 change detected
2026-01-13 13:10:26 - watchfiles.main - INFO - 1 change detected
2026-01-13 13:10:26 - watchfiles.main - INFO - 1 change detected
2026-01-13 13:10:26 - watchfiles.main - INFO - 1 change detected
2026-01-13 13:10:27 - watchfiles.main - INFO - 1 change detected
2026-01-13 13:10:27 - watchfiles.main - INFO - 1 change detected
2026-01-13 13:10:28 - watchfiles.main - INFO - 1 change detected
2026-01-13 13:10:28 - watchfiles.main - INFO - 1 change detected
2026-01-13 13:10:28 - watchfiles.main - INFO - 1 change detected
2026-01-13 13:10:29 - watchfiles.main - INFO - 1 change detected
2026-01-13 13:10:29 - watchfiles.main - INFO - 1 change detected
2026-01-13 13:10:30 - watchfiles.main - INFO - 1 change detected
2026-01-13 13:10:30 - watchfiles.main - INFO - 1 change detected
2026-01-13 13:10:31 - watchfiles.main - INFO - 1 change detected
2026-01-13 13:10:31 - watchfiles.main - INFO - 1 change detected
2026-01-13 13:10:31 - watchfiles.main - INFO - 1 change detected
2026-01-13 13:10:32 - watchfiles.main - INFO - 1 change detected
2026-01-13 13:10:32 - watchfiles.main - INFO - 1 change detected
2026-01-13 13:10:33 - watchfiles.main - INFO - 1 change detected
2026-01-13 13:10:33 - watchfiles.main - INFO - 1 change detected
2026-01-13 13:10:34 - watchfiles.main - INFO - 1 change detected
2026-01-13 13:10:34 - watchfiles.main - INFO - 1 change detected
2026-01-13 13:10:34 - watchfiles.main - INFO - 1 change detected
2026-01-13 13:10:35 - watchfiles.main - INFO - 1 change detected
2026-01-13 13:10:35 - watchfiles.main - INFO - 1 change detected
2026-01-13 13:10:36 - watchfiles.main - INFO - 1 change detected
2026-01-13 13:10:36 - watchfiles.main - INFO - 1 change detected
2026-01-13 13:10:36 - watchfiles.main - INFO - 1 change detected
2026-01-13 13:10:37 - watchfiles.main - INFO - 1 change detected
2026-01-13 13:10:37 - watchfiles.main - INFO - 1 change detected
2026-01-13 13:10:38 - watchfiles.main - INFO - 1 change detected
2026-01-13 13:10:38 - watchfiles.main - INFO - 1 change detected
2026-01-13 13:10:38 - watchfiles.main - INFO - 1 change detected
2026-01-13 13:10:39 - watchfiles.main - INFO - 1 change detected
2026-01-13 13:10:39 - watchfiles.main - INFO - 1 change detected
2026-01-13 13:10:40 - watchfiles.main - INFO - 1 change detected
2026-01-13 13:10:40 - watchfiles.main - INFO - 1 change detected
2026-01-13 13:10:40 - watchfiles.main - INFO - 1 change detected
2026-01-13 13:10:41 - watchfiles.main - INFO - 1 change detected
2026-01-13 13:10:41 - watchfiles.main - INFO - 1 change detected
2026-01-13 13:10:42 - watchfiles.main - INFO - 1 change detected
2026-01-13 13:10:42 - watchfiles.main - INFO - 1 change detected
2026-01-13 13:10:42 - watchfiles.main - INFO - 1 change detected
2026-01-13 13:10:43 - watchfiles.main - INFO - 1 change detected
2026-01-13 13:10:43 - watchfiles.main - INFO - 1 change detected
2026-01-13 13:10:44 - watchfiles.main - INFO - 1 change detected
2026-01-13 13:10:44 - watchfiles.main - INFO - 1 change detected
2026-01-13 13:10:45 - watchfiles.main - INFO - 1 change detected
2026-01-13 13:10:45 - watchfiles.main - INFO - 1 change detected
2026-01-13 13:10:45 - watchfiles.main - INFO - 1 change detected
2026-01-13 13:10:46 - watchfiles.main - INFO - 1 change detected
2026-01-13 13:10:46 - watchfiles.main - INFO - 1 change detected
2026-01-13 13:10:47 - watchfiles.main - INFO - 1 change detected
2026-01-13 13:10:47 - watchfiles.main - INFO - 1 change detected
2026-01-13 13:10:47 - watchfiles.main - INFO - 1 change detected
2026-01-13 13:10:48 - watchfiles.main - INFO - 1 change detected
2026-01-13 13:10:48 - watchfiles.main - INFO - 1 change detected
2026-01-13 13:10:49 - watchfiles.main - INFO - 1 change detected
2026-01-13 13:10:49 - watchfiles.main - INFO - 1 change detected
2026-01-13 13:10:49 - watchfiles.main - INFO - 1 change detected
2026-01-13 13:10:50 - watchfiles.main - INFO - 1 change detected
2026-01-13 13:10:50 - watchfiles.main - INFO - 1 change detected
2026-01-13 13:10:51 - watchfiles.main - INFO - 1 change detected
2026-01-13 13:10:51 - watchfiles.main - INFO - 1 change detected
2026-01-13 13:10:51 - watchfiles.main - INFO - 1 change detected
2026-01-13 13:10:52 - watchfiles.main - INFO - 1 change detected
2026-01-13 13:10:52 - watchfiles.main - INFO - 1 change detected
2026-01-13 13:10:53 - watchfiles.main - INFO - 1 change detected
2026-01-13 13:10:53 - watchfiles.main - INFO - 1 change detected
2026-01-13 13:10:53 - watchfiles.main - INFO - 1 change detected
2026-01-13 13:10:54 - watchfiles.main - INFO - 1 change detected
2026-01-13 13:10:54 - watchfiles.main - INFO - 1 change detected
2026-01-13 13:10:55 - watchfiles.main - INFO - 1 change detected
2026-01-13 13:10:55 - watchfiles.main - INFO - 1 change detected
2026-01-13 13:10:56 - watchfiles.main - INFO - 1 change detected
2026-01-13 13:10:56 - watchfiles.main - INFO - 1 change detected
2026-01-13 13:10:56 - watchfiles.main - INFO - 1 change detected
2026-01-13 13:10:57 - watchfiles.main - INFO - 1 change detected
2026-01-13 13:10:57 - watchfiles.main - INFO - 1 change detected
2026-01-13 13:10:58 - watchfiles.main - INFO - 1 change detected
2026-01-13 13:10:58 - watchfiles.main - INFO - 1 change detected
2026-01-13 13:10:58 - watchfiles.main - INFO - 1 change detected
2026-01-13 13:10:59 - watchfiles.main - INFO - 1 change detected
2026-01-13 13:10:59 - watchfiles.main - INFO - 1 change detected
2026-01-13 13:11:00 - watchfiles.main - INFO - 1 change detected
2026-01-13 13:11:00 - watchfiles.main - INFO - 1 change detected
2026-01-13 13:11:00 - watchfiles.main - INFO - 1 change detected
2026-01-13 13:11:01 - watchfiles.main - INFO - 1 change detected
2026-01-13 13:11:01 - watchfiles.main - INFO - 1 change detected
2026-01-13 13:11:02 - watchfiles.main - INFO - 1 change detected
2026-01-13 13:11:02 - watchfiles.main - INFO - 1 change detected
2026-01-13 13:11:02 - watchfiles.main - INFO - 1 change detected
2026-01-13 13:11:03 - watchfiles.main - INFO - 1 change detected
2026-01-13 13:11:03 - watchfiles.main - INFO - 1 change detected
2026-01-13 13:11:04 - watchfiles.main - INFO - 1 change detected
2026-01-13 13:11:04 - watchfiles.main - INFO - 1 change detected
2026-01-13 13:11:04 - watchfiles.main - INFO - 1 change detected
2026-01-13 13:11:05 - watchfiles.main - INFO - 1 change detected
2026-01-13 13:11:05 - watchfiles.main - INFO - 1 change detected
2026-01-13 13:11:06 - watchfiles.main - INFO - 1 change detected
2026-01-13 13:11:06 - watchfiles.main - INFO - 1 change detected
2026-01-13 13:11:07 - watchfiles.main - INFO - 1 change detected
2026-01-13 13:11:07 - watchfiles.main - INFO - 1 change detected
2026-01-13 13:11:07 - watchfiles.main - INFO - 1 change detected
2026-01-13 13:11:08 - watchfiles.main - INFO - 1 change detected
2026-01-13 13:11:08 - watchfiles.main - INFO - 1 change detected
2026-01-13 13:11:09 - watchfiles.main - INFO - 1 change detected
2026-01-13 13:11:09 - watchfiles.main - INFO - 1 change detected
2026-01-13 13:11:09 - watchfiles.main - INFO - 1 change detected
2026-01-13 13:11:10 - watchfiles.main - INFO - 1 change detected
2026-01-13 13:11:10 - watchfiles.main - INFO - 1 change detected
2026-01-13 13:11:11 - watchfiles.main - INFO - 1 change detected
2026-01-13 13:11:11 - watchfiles.main - INFO - 1 change detected
2026-01-13 13:11:11 - watchfiles.main - INFO - 1 change detected
2026-01-13 13:11:12 - watchfiles.main - INFO - 1 change detected
2026-01-13 13:11:12 - watchfiles.main - INFO - 1 change detected
2026-01-13 13:11:13 - watchfiles.main - INFO - 1 change detected
2026-01-13 13:11:13 - watchfiles.main - INFO - 1 change detected
2026-01-13 13:11:13 - watchfiles.main - INFO - 1 change detected
2026-01-13 13:11:14 - watchfiles.main - INFO - 1 change detected
2026-01-13 13:11:14 - watchfiles.main - INFO - 1 change detected
2026-01-13 13:11:15 - watchfiles.main - INFO - 1 change detected
2026-01-13 13:11:15 - watchfiles.main - INFO - 1 change detected
2026-01-13 13:11:15 - watchfiles.main - INFO - 1 change detected
2026-01-13 13:11:16 - watchfiles.main - INFO - 1 change detected
2026-01-13 13:11:16 - watchfiles.main - INFO - 1 change detected
2026-01-13 13:11:17 - watchfiles.main - INFO - 1 change detected
2026-01-13 13:11:17 - watchfiles.main - INFO - 1 change detected
2026-01-13 13:11:17 - watchfiles.main - INFO - 1 change detected
2026-01-13 13:11:18 - watchfiles.main - INFO - 1 change detected
2026-01-13 13:11:18 - watchfiles.main - INFO - 1 change detected
2026-01-13 13:11:19 - watchfiles.main - INFO - 1 change detected
2026-01-13 13:11:19 - watchfiles.main - INFO - 1 change detected
2026-01-13 13:11:20 - watchfiles.main - INFO - 1 change detected
2026-01-13 13:11:20 - watchfiles.main - INFO - 1 change detected
2026-01-13 13:11:20 - watchfiles.main - INFO - 1 change detected
2026-01-13 13:38:00 - watchfiles.main - INFO - 1 change detected
2026-01-13 13:38:03 - watchfiles.main - INFO - 1 change detected
2026-01-13 13:38:04 - watchfiles.main - INFO - 1 change detected
2026-01-13 13:38:04 - watchfiles.main - INFO - 1 change detected
2026-01-13 13:38:05 - watchfiles.main - INFO - 1 change detected
2026-01-13 13:38:05 - watchfiles.main - INFO - 1 change detected
2026-01-13 13:38:06 - watchfiles.main - INFO - 1 change detected
2026-01-13 13:38:06 - watchfiles.main - INFO - 1 change detected
2026-01-13 13:38:07 - watchfiles.main - INFO - 1 change detected
2026-01-13 13:38:07 - watchfiles.main - INFO - 1 change detected
2026-01-13 13:38:07 - watchfiles.main - INFO - 1 change detected
2026-01-13 13:38:08 - watchfiles.main - INFO - 1 change detected
2026-01-13 13:38:08 - watchfiles.main - INFO - 1 change detected
2026-01-13 13:38:09 - watchfiles.main - INFO - 1 change detected
2026-01-13 13:38:09 - watchfiles.main - INFO - 1 change detected
2026-01-13 13:38:10 - watchfiles.main - INFO - 1 change detected
2026-01-13 13:38:10 - watchfiles.main - INFO - 1 change detected
2026-01-13 13:38:11 - watchfiles.main - INFO - 1 change detected
2026-01-13 13:38:11 - watchfiles.main - INFO - 1 change detected
2026-01-13 13:38:12 - watchfiles.main - INFO - 1 change detected
2026-01-13 13:38:12 - watchfiles.main - INFO - 1 change detected
2026-01-13 13:38:12 - watchfiles.main - INFO - 1 change detected
2026-01-13 13:38:13 - watchfiles.main - INFO - 1 change detected
2026-01-13 13:38:13 - watchfiles.main - INFO - 1 change detected
2026-01-13 13:38:14 - watchfiles.main - INFO - 1 change detected
2026-01-13 13:38:14 - watchfiles.main - INFO - 1 change detected
2026-01-13 13:38:14 - watchfiles.main - INFO - 1 change detected
2026-01-13 13:38:15 - watchfiles.main - INFO - 1 change detected
2026-01-13 13:38:15 - watchfiles.main - INFO - 1 change detected
2026-01-13 13:38:16 - watchfiles.main - INFO - 1 change detected
2026-01-13 13:38:16 - watchfiles.main - INFO - 1 change detected
2026-01-13 13:38:16 - watchfiles.main - INFO - 1 change detected
2026-01-13 13:38:17 - watchfiles.main - INFO - 1 change detected
2026-01-13 13:38:17 - watchfiles.main - INFO - 1 change detected
2026-01-13 13:38:18 - watchfiles.main - INFO - 1 change detected
2026-01-13 13:38:18 - watchfiles.main - INFO - 1 change detected
2026-01-13 13:38:18 - watchfiles.main - INFO - 1 change detected
2026-01-13 13:38:19 - watchfiles.main - INFO - 1 change detected
2026-01-13 13:38:19 - watchfiles.main - INFO - 1 change detected
2026-01-13 13:38:20 - watchfiles.main - INFO - 1 change detected
2026-01-13 13:38:20 - watchfiles.main - INFO - 1 change detected
2026-01-13 13:38:20 - watchfiles.main - INFO - 1 change detected
2026-01-13 13:38:21 - watchfiles.main - INFO - 1 change detected
2026-01-13 13:38:21 - watchfiles.main - INFO - 1 change detected
2026-01-13 13:38:22 - watchfiles.main - INFO - 1 change detected
2026-01-13 13:38:22 - watchfiles.main - INFO - 1 change detected
2026-01-13 13:38:22 - watchfiles.main - INFO - 1 change detected
2026-01-13 13:38:23 - watchfiles.main - INFO - 1 change detected
2026-01-13 13:38:23 - watchfiles.main - INFO - 1 change detected
2026-01-13 13:38:24 - watchfiles.main - INFO - 1 change detected
2026-01-13 13:38:24 - watchfiles.main - INFO - 1 change detected
2026-01-13 13:38:25 - watchfiles.main - INFO - 1 change detected
2026-01-13 13:38:25 - watchfiles.main - INFO - 1 change detected
2026-01-13 13:38:25 - watchfiles.main - INFO - 1 change detected
2026-01-13 13:38:26 - watchfiles.main - INFO - 1 change detected
2026-01-13 13:38:26 - watchfiles.main - INFO - 1 change detected
2026-01-13 13:38:27 - watchfiles.main - INFO - 1 change detected
2026-01-13 13:38:27 - watchfiles.main - INFO - 1 change detected
2026-01-13 13:38:27 - watchfiles.main - INFO - 1 change detected
2026-01-13 13:38:28 - watchfiles.main - INFO - 1 change detected
2026-01-13 13:38:28 - watchfiles.main - INFO - 1 change detected
2026-01-13 13:38:29 - watchfiles.main - INFO - 1 change detected
2026-01-13 13:38:29 - watchfiles.main - INFO - 1 change detected
2026-01-13 13:38:29 - watchfiles.main - INFO - 1 change detected
2026-01-13 13:38:30 - watchfiles.main - INFO - 1 change detected
2026-01-13 13:38:30 - watchfiles.main - INFO - 1 change detected
2026-01-13 13:38:31 - watchfiles.main - INFO - 1 change detected
2026-01-13 13:38:31 - watchfiles.main - INFO - 1 change detected
2026-01-13 13:38:31 - watchfiles.main - INFO - 1 change detected
2026-01-13 13:38:32 - watchfiles.main - INFO - 1 change detected
2026-01-13 13:38:32 - watchfiles.main - INFO - 1 change detected
2026-01-13 13:38:33 - watchfiles.main - INFO - 1 change detected
2026-01-13 13:38:33 - watchfiles.main - INFO - 1 change detected
2026-01-13 13:38:33 - watchfiles.main - INFO - 1 change detected
2026-01-13 13:38:34 - watchfiles.main - INFO - 1 change detected
2026-01-13 13:38:34 - watchfiles.main - INFO - 1 change detected
2026-01-13 13:38:35 - watchfiles.main - INFO - 1 change detected
2026-01-13 13:38:35 - watchfiles.main - INFO - 1 change detected
2026-01-13 13:38:35 - watchfiles.main - INFO - 1 change detected
2026-01-13 13:38:36 - watchfiles.main - INFO - 1 change detected
2026-01-13 13:38:36 - watchfiles.main - INFO - 1 change detected
2026-01-13 13:38:37 - watchfiles.main - INFO - 1 change detected
2026-01-13 13:38:37 - watchfiles.main - INFO - 1 change detected
2026-01-13 13:38:37 - watchfiles.main - INFO - 1 change detected
2026-01-13 13:38:38 - watchfiles.main - INFO - 1 change detected
2026-01-13 13:38:38 - watchfiles.main - INFO - 1 change detected
2026-01-13 13:38:39 - watchfiles.main - INFO - 1 change detected
2026-01-13 13:38:39 - watchfiles.main - INFO - 1 change detected
2026-01-13 13:38:39 - watchfiles.main - INFO - 1 change detected
2026-01-13 13:38:40 - watchfiles.main - INFO - 1 change detected
2026-01-13 13:38:40 - watchfiles.main - INFO - 1 change detected
2026-01-13 13:38:41 - watchfiles.main - INFO - 1 change detected
2026-01-13 13:38:41 - watchfiles.main - INFO - 1 change detected
2026-01-13 13:38:42 - watchfiles.main - INFO - 1 change detected
2026-01-13 13:38:42 - watchfiles.main - INFO - 1 change detected
2026-01-13 13:38:42 - watchfiles.main - INFO - 1 change detected
2026-01-13 13:38:43 - watchfiles.main - INFO - 1 change detected
2026-01-13 13:38:43 - watchfiles.main - INFO - 1 change detected
2026-01-13 13:38:44 - watchfiles.main - INFO - 1 change detected
2026-01-13 13:38:44 - watchfiles.main - INFO - 1 change detected
2026-01-13 13:38:44 - watchfiles.main - INFO - 1 change detected
2026-01-13 13:38:45 - watchfiles.main - INFO - 1 change detected
2026-01-13 13:38:45 - watchfiles.main - INFO - 1 change detected
2026-01-13 13:38:45 - watchfiles.main - INFO - 1 change detected
2026-01-13 13:38:46 - watchfiles.main - INFO - 1 change detected
2026-01-13 13:38:46 - watchfiles.main - INFO - 1 change detected
2026-01-13 13:38:47 - watchfiles.main - INFO - 1 change detected
2026-01-13 13:38:47 - watchfiles.main - INFO - 1 change detected
2026-01-13 13:38:48 - watchfiles.main - INFO - 1 change detected
2026-01-13 13:38:48 - watchfiles.main - INFO - 1 change detected
2026-01-13 13:38:48 - watchfiles.main - INFO - 1 change detected
2026-01-13 13:38:49 - watchfiles.main - INFO - 1 change detected
2026-01-13 13:38:49 - watchfiles.main - INFO - 1 change detected
2026-01-13 13:38:50 - watchfiles.main - INFO - 1 change detected
2026-01-13 13:38:50 - watchfiles.main - INFO - 1 change detected
2026-01-13 13:38:50 - watchfiles.main - INFO - 1 change detected
2026-01-13 13:38:51 - watchfiles.main - INFO - 1 change detected
2026-01-13 13:38:51 - watchfiles.main - INFO - 1 change detected
2026-01-13 13:38:52 - watchfiles.main - INFO - 1 change detected
2026-01-13 13:38:52 - watchfiles.main - INFO - 1 change detected
2026-01-13 13:38:52 - watchfiles.main - INFO - 1 change detected
2026-01-13 13:38:53 - watchfiles.main - INFO - 1 change detected
2026-01-13 13:38:53 - watchfiles.main - INFO - 1 change detected
2026-01-13 13:38:54 - watchfiles.main - INFO - 1 change detected
2026-01-13 13:38:54 - watchfiles.main - INFO - 1 change detected
2026-01-13 13:38:54 - watchfiles.main - INFO - 1 change detected
2026-01-13 13:38:55 - watchfiles.main - INFO - 1 change detected
2026-01-13 13:38:55 - watchfiles.main - INFO - 1 change detected
2026-01-13 13:38:56 - watchfiles.main - INFO - 1 change detected
2026-01-13 13:38:56 - watchfiles.main - INFO - 1 change detected
2026-01-13 13:38:56 - watchfiles.main - INFO - 1 change detected
2026-01-13 13:38:57 - watchfiles.main - INFO - 1 change detected
2026-01-13 13:38:57 - watchfiles.main - INFO - 1 change detected
2026-01-13 13:38:58 - watchfiles.main - INFO - 1 change detected
2026-01-13 13:38:58 - watchfiles.main - INFO - 1 change detected
2026-01-13 13:38:58 - watchfiles.main - INFO - 1 change detected
2026-01-13 13:38:59 - watchfiles.main - INFO - 1 change detected
2026-01-13 13:38:59 - watchfiles.main - INFO - 1 change detected
2026-01-13 13:39:00 - watchfiles.main - INFO - 1 change detected
2026-01-13 13:39:00 - watchfiles.main - INFO - 1 change detected
2026-01-13 13:39:00 - watchfiles.main - INFO - 1 change detected
2026-01-13 13:39:01 - watchfiles.main - INFO - 1 change detected
2026-01-13 13:39:01 - watchfiles.main - INFO - 1 change detected
2026-01-13 13:39:02 - watchfiles.main - INFO - 1 change detected
2026-01-13 13:39:02 - watchfiles.main - INFO - 1 change detected
2026-01-13 13:39:02 - watchfiles.main - INFO - 1 change detected
2026-01-13 13:39:03 - watchfiles.main - INFO - 1 change detected
2026-01-13 13:39:03 - watchfiles.main - INFO - 1 change detected
2026-01-13 13:39:04 - watchfiles.main - INFO - 1 change detected
2026-01-13 13:39:04 - watchfiles.main - INFO - 1 change detected
2026-01-13 13:39:05 - watchfiles.main - INFO - 1 change detected
2026-01-13 13:39:05 - watchfiles.main - INFO - 1 change detected
2026-01-13 13:39:05 - watchfiles.main - INFO - 1 change detected
2026-01-13 13:39:06 - watchfiles.main - INFO - 1 change detected
2026-01-13 13:39:06 - watchfiles.main - INFO - 1 change detected
2026-01-13 13:39:06 - watchfiles.main - INFO - 1 change detected
2026-01-13 13:39:07 - watchfiles.main - INFO - 1 change detected
2026-01-13 13:39:07 - watchfiles.main - INFO - 1 change detected
2026-01-13 13:39:08 - watchfiles.main - INFO - 1 change detected
2026-01-13 13:39:08 - watchfiles.main - INFO - 1 change detected
2026-01-13 13:39:09 - watchfiles.main - INFO - 1 change detected
2026-01-13 13:39:09 - watchfiles.main - INFO - 1 change detected
2026-01-13 13:39:09 - watchfiles.main - INFO - 1 change detected
2026-01-13 13:39:10 - watchfiles.main - INFO - 1 change detected
2026-01-13 13:39:10 - watchfiles.main - INFO - 1 change detected
2026-01-13 13:39:11 - watchfiles.main - INFO - 1 change detected
2026-01-13 13:39:11 - watchfiles.main - INFO - 1 change detected
2026-01-13 13:39:11 - watchfiles.main - INFO - 1 change detected
2026-01-13 13:39:12 - watchfiles.main - INFO - 1 change detected
2026-01-13 13:39:12 - watchfiles.main - INFO - 1 change detected
2026-01-13 13:39:13 - watchfiles.main - INFO - 1 change detected
2026-01-13 13:39:13 - watchfiles.main - INFO - 1 change detected
2026-01-13 13:39:13 - watchfiles.main - INFO - 1 change detected
2026-01-13 13:39:14 - watchfiles.main - INFO - 1 change detected
2026-01-13 13:39:14 - watchfiles.main - INFO - 1 change detected
2026-01-13 13:39:15 - watchfiles.main - INFO - 1 change detected
2026-01-13 13:39:15 - watchfiles.main - INFO - 1 change detected
2026-01-13 13:39:15 - watchfiles.main - INFO - 1 change detected
2026-01-13 13:39:16 - watchfiles.main - INFO - 1 change detected
2026-01-13 13:39:16 - watchfiles.main - INFO - 1 change detected
2026-01-13 13:39:17 - watchfiles.main - INFO - 1 change detected
2026-01-13 13:39:17 - watchfiles.main - INFO - 1 change detected
2026-01-13 13:39:17 - watchfiles.main - INFO - 1 change detected
2026-01-13 13:39:18 - watchfiles.main - INFO - 1 change detected
2026-01-13 13:39:18 - watchfiles.main - INFO - 1 change detected
2026-01-13 13:39:19 - watchfiles.main - INFO - 1 change detected
2026-01-13 13:39:19 - watchfiles.main - INFO - 1 change detected
2026-01-13 13:39:19 - watchfiles.main - INFO - 1 change detected
2026-01-13 13:39:20 - watchfiles.main - INFO - 1 change detected
2026-01-13 13:39:20 - watchfiles.main - INFO - 1 change detected
2026-01-13 13:39:21 - watchfiles.main - INFO - 1 change detected
2026-01-13 13:39:21 - watchfiles.main - INFO - 1 change detected
2026-01-13 13:39:22 - watchfiles.main - INFO - 1 change detected
2026-01-13 13:39:22 - watchfiles.main - INFO - 1 change detected
2026-01-13 13:39:22 - watchfiles.main - INFO - 1 change detected
2026-01-13 13:39:23 - watchfiles.main - INFO - 1 change detected
2026-01-13 13:39:23 - watchfiles.main - INFO - 1 change detected
2026-01-13 13:39:24 - watchfiles.main - INFO - 1 change detected
2026-01-13 13:39:24 - watchfiles.main - INFO - 1 change detected
2026-01-13 13:39:24 - watchfiles.main - INFO - 1 change detected
2026-01-13 13:39:25 - watchfiles.main - INFO - 1 change detected
2026-01-13 13:39:25 - watchfiles.main - INFO - 1 change detected
2026-01-13 13:39:26 - watchfiles.main - INFO - 1 change detected
2026-01-13 13:39:26 - watchfiles.main - INFO - 1 change detected
2026-01-13 13:39:26 - watchfiles.main - INFO - 1 change detected
2026-01-13 13:39:27 - watchfiles.main - INFO - 1 change detected
2026-01-13 13:39:27 - watchfiles.main - INFO - 1 change detected
2026-01-13 13:39:28 - watchfiles.main - INFO - 1 change detected
2026-01-13 13:39:28 - watchfiles.main - INFO - 1 change detected
2026-01-13 13:39:28 - watchfiles.main - INFO - 1 change detected
2026-01-13 13:39:29 - watchfiles.main - INFO - 1 change detected
2026-01-13 13:39:29 - watchfiles.main - INFO - 1 change detected
2026-01-13 13:39:30 - watchfiles.main - INFO - 1 change detected
2026-01-13 13:39:30 - watchfiles.main - INFO - 1 change detected
2026-01-13 13:39:30 - watchfiles.main - INFO - 1 change detected
2026-01-13 13:39:31 - watchfiles.main - INFO - 1 change detected
2026-01-13 13:39:31 - watchfiles.main - INFO - 1 change detected
2026-01-13 13:39:32 - watchfiles.main - INFO - 1 change detected
2026-01-13 13:39:32 - watchfiles.main - INFO - 1 change detected
2026-01-13 13:39:32 - watchfiles.main - INFO - 1 change detected
2026-01-13 13:39:33 - watchfiles.main - INFO - 1 change detected
2026-01-13 13:39:33 - watchfiles.main - INFO - 1 change detected
2026-01-13 13:39:34 - watchfiles.main - INFO - 1 change detected
2026-01-13 13:39:34 - watchfiles.main - INFO - 1 change detected
2026-01-13 13:39:34 - watchfiles.main - INFO - 1 change detected
2026-01-13 13:39:35 - watchfiles.main - INFO - 1 change detected
2026-01-13 13:39:35 - watchfiles.main - INFO - 1 change detected
2026-01-13 13:39:36 - watchfiles.main - INFO - 1 change detected
2026-01-13 13:39:36 - watchfiles.main - INFO - 1 change detected
2026-01-13 13:39:36 - watchfiles.main - INFO - 1 change detected
2026-01-13 13:39:37 - watchfiles.main - INFO - 1 change detected
2026-01-13 13:39:37 - watchfiles.main - INFO - 1 change detected
2026-01-13 13:39:38 - watchfiles.main - INFO - 1 change detected
2026-01-13 13:39:38 - watchfiles.main - INFO - 1 change detected
2026-01-13 13:39:38 - watchfiles.main - INFO - 1 change detected
2026-01-13 13:39:39 - watchfiles.main - INFO - 1 change detected
2026-01-13 13:39:39 - watchfiles.main - INFO - 1 change detected
2026-01-13 13:39:40 - watchfiles.main - INFO - 1 change detected
2026-01-13 13:39:40 - watchfiles.main - INFO - 1 change detected
2026-01-13 13:39:40 - watchfiles.main - INFO - 1 change detected
2026-01-13 13:39:41 - watchfiles.main - INFO - 1 change detected
2026-01-13 13:39:41 - watchfiles.main - INFO - 1 change detected
2026-01-13 13:39:42 - watchfiles.main - INFO - 1 change detected
2026-01-13 13:39:42 - watchfiles.main - INFO - 1 change detected
2026-01-13 13:39:43 - watchfiles.main - INFO - 1 change detected
2026-01-13 13:39:43 - watchfiles.main - INFO - 1 change detected
2026-01-13 13:39:43 - watchfiles.main - INFO - 1 change detected
2026-01-13 13:39:44 - watchfiles.main - INFO - 1 change detected
2026-01-13 13:39:44 - watchfiles.main - INFO - 1 change detected
2026-01-13 13:39:45 - watchfiles.main - INFO - 1 change detected
2026-01-13 13:39:45 - watchfiles.main - INFO - 1 change detected
2026-01-13 13:39:45 - watchfiles.main - INFO - 1 change detected
2026-01-13 13:39:46 - watchfiles.main - INFO - 1 change detected
2026-01-13 13:39:46 - watchfiles.main - INFO - 1 change detected
2026-01-13 13:39:47 - watchfiles.main - INFO - 1 change detected
2026-01-13 13:39:47 - watchfiles.main - INFO - 1 change detected
2026-01-13 13:39:47 - watchfiles.main - INFO - 1 change detected
2026-01-13 13:39:48 - watchfiles.main - INFO - 1 change detected
2026-01-13 13:39:48 - watchfiles.main - INFO - 1 change detected
2026-01-13 13:39:49 - watchfiles.main - INFO - 1 change detected
2026-01-13 13:39:49 - watchfiles.main - INFO - 1 change detected
2026-01-13 13:39:49 - watchfiles.main - INFO - 1 change detected
2026-01-13 13:39:50 - watchfiles.main - INFO - 1 change detected
2026-01-13 13:39:50 - watchfiles.main - INFO - 1 change detected
2026-01-13 13:39:51 - watchfiles.main - INFO - 1 change detected
2026-01-13 13:39:51 - watchfiles.main - INFO - 1 change detected
2026-01-13 13:39:51 - watchfiles.main - INFO - 1 change detected
2026-01-13 13:39:52 - watchfiles.main - INFO - 1 change detected
2026-01-13 13:39:52 - watchfiles.main - INFO - 1 change detected
2026-01-13 13:39:53 - watchfiles.main - INFO - 1 change detected
2026-01-13 13:39:53 - watchfiles.main - INFO - 1 change detected
2026-01-13 13:39:53 - watchfiles.main - INFO - 1 change detected
2026-01-13 13:39:54 - watchfiles.main - INFO - 1 change detected
2026-01-13 13:39:54 - watchfiles.main - INFO - 1 change detected
2026-01-13 13:39:55 - watchfiles.main - INFO - 1 change detected
2026-01-13 13:39:55 - watchfiles.main - INFO - 1 change detected
2026-01-13 13:39:55 - watchfiles.main - INFO - 1 change detected
2026-01-13 13:39:56 - watchfiles.main - INFO - 1 change detected
2026-01-13 13:39:56 - watchfiles.main - INFO - 1 change detected
2026-01-13 13:39:57 - watchfiles.main - INFO - 1 change detected
2026-01-13 13:39:57 - watchfiles.main - INFO - 1 change detected
2026-01-13 13:39:57 - watchfiles.main - INFO - 1 change detected
2026-01-13 13:39:58 - watchfiles.main - INFO - 1 change detected
2026-01-13 13:39:58 - watchfiles.main - INFO - 1 change detected
2026-01-13 13:39:59 - watchfiles.main - INFO - 1 change detected
2026-01-13 13:39:59 - watchfiles.main - INFO - 1 change detected
2026-01-13 13:39:59 - watchfiles.main - INFO - 1 change detected
2026-01-13 13:40:00 - watchfiles.main - INFO - 1 change detected
2026-01-13 13:40:00 - watchfiles.main - INFO - 1 change detected
2026-01-13 13:40:01 - watchfiles.main - INFO - 1 change detected
2026-01-13 13:40:01 - watchfiles.main - INFO - 1 change detected
2026-01-13 13:40:02 - watchfiles.main - INFO - 1 change detected
2026-01-13 13:40:02 - watchfiles.main - INFO - 1 change detected
2026-01-13 13:40:02 - watchfiles.main - INFO - 1 change detected
2026-01-13 13:40:03 - watchfiles.main - INFO - 1 change detected
2026-01-13 13:40:03 - watchfiles.main - INFO - 1 change detected
2026-01-13 13:40:04 - watchfiles.main - INFO - 1 change detected
2026-01-13 13:40:04 - watchfiles.main - INFO - 1 change detected
2026-01-13 13:40:04 - watchfiles.main - INFO - 1 change detected
2026-01-13 13:40:05 - watchfiles.main - INFO - 1 change detected
2026-01-13 13:40:05 - watchfiles.main - INFO - 1 change detected
2026-01-13 13:40:06 - watchfiles.main - INFO - 1 change detected
2026-01-13 13:40:06 - watchfiles.main - INFO - 1 change detected
2026-01-13 13:40:06 - watchfiles.main - INFO - 1 change detected
2026-01-13 13:40:07 - watchfiles.main - INFO - 1 change detected
2026-01-13 13:40:07 - watchfiles.main - INFO - 1 change detected
2026-01-13 13:40:08 - watchfiles.main - INFO - 1 change detected
2026-01-13 13:40:08 - watchfiles.main - INFO - 1 change detected
2026-01-13 13:40:08 - watchfiles.main - INFO - 1 change detected
2026-01-13 13:40:09 - watchfiles.main - INFO - 1 change detected
2026-01-13 13:40:09 - watchfiles.main - INFO - 1 change detected
2026-01-13 13:40:10 - watchfiles.main - INFO - 1 change detected
2026-01-13 13:40:10 - watchfiles.main - INFO - 1 change detected
2026-01-13 13:40:10 - watchfiles.main - INFO - 1 change detected
2026-01-13 13:40:11 - watchfiles.main - INFO - 1 change detected
2026-01-13 13:40:11 - watchfiles.main - INFO - 1 change detected
2026-01-13 13:40:12 - watchfiles.main - INFO - 1 change detected
2026-01-13 13:40:12 - watchfiles.main - INFO - 1 change detected
2026-01-13 13:40:12 - watchfiles.main - INFO - 1 change detected
2026-01-13 13:40:13 - watchfiles.main - INFO - 1 change detected
2026-01-13 13:40:13 - watchfiles.main - INFO - 1 change detected
2026-01-13 13:40:14 - watchfiles.main - INFO - 1 change detected
2026-01-13 13:40:14 - watchfiles.main - INFO - 1 change detected
2026-01-13 13:40:14 - watchfiles.main - INFO - 1 change detected
2026-01-13 13:40:15 - watchfiles.main - INFO - 1 change detected
2026-01-13 13:40:15 - watchfiles.main - INFO - 1 change detected
2026-01-13 13:40:16 - watchfiles.main - INFO - 1 change detected
2026-01-13 13:40:16 - watchfiles.main - INFO - 1 change detected
2026-01-13 13:40:17 - watchfiles.main - INFO - 1 change detected
2026-01-13 13:40:17 - watchfiles.main - INFO - 1 change detected
2026-01-13 13:40:17 - watchfiles.main - INFO - 1 change detected
2026-01-13 13:40:18 - watchfiles.main - INFO - 1 change detected
2026-01-13 13:40:18 - watchfiles.main - INFO - 1 change detected
2026-01-13 13:40:19 - watchfiles.main - INFO - 1 change detected
2026-01-13 13:40:19 - watchfiles.main - INFO - 1 change detected
2026-01-13 13:40:19 - watchfiles.main - INFO - 1 change detected
2026-01-13 13:40:20 - watchfiles.main - INFO - 1 change detected
2026-01-13 13:40:20 - watchfiles.main - INFO - 1 change detected
2026-01-13 13:40:21 - watchfiles.main - INFO - 1 change detected
2026-01-13 13:40:21 - watchfiles.main - INFO - 1 change detected
2026-01-13 13:40:21 - watchfiles.main - INFO - 1 change detected
2026-01-13 13:40:22 - watchfiles.main - INFO - 1 change detected
2026-01-13 13:40:22 - watchfiles.main - INFO - 1 change detected
2026-01-13 13:40:23 - watchfiles.main - INFO - 1 change detected
2026-01-13 13:40:23 - watchfiles.main - INFO - 1 change detected
2026-01-13 13:40:23 - watchfiles.main - INFO - 1 change detected
2026-01-13 13:40:24 - watchfiles.main - INFO - 1 change detected
2026-01-13 13:40:24 - watchfiles.main - INFO - 1 change detected
2026-01-13 13:40:25 - watchfiles.main - INFO - 1 change detected
2026-01-13 13:40:25 - watchfiles.main - INFO - 1 change detected
2026-01-13 13:40:25 - watchfiles.main - INFO - 1 change detected
2026-01-13 13:40:26 - watchfiles.main - INFO - 1 change detected
2026-01-13 13:40:26 - watchfiles.main - INFO - 1 change detected
2026-01-13 13:40:27 - watchfiles.main - INFO - 1 change detected
2026-01-13 13:40:27 - watchfiles.main - INFO - 1 change detected
2026-01-13 13:40:27 - watchfiles.main - INFO - 1 change detected
2026-01-13 13:40:28 - watchfiles.main - INFO - 1 change detected
2026-01-13 13:40:28 - watchfiles.main - INFO - 1 change detected
2026-01-13 13:40:29 - watchfiles.main - INFO - 1 change detected
2026-01-13 13:40:29 - watchfiles.main - INFO - 1 change detected
2026-01-13 13:40:29 - watchfiles.main - INFO - 1 change detected
2026-01-13 13:40:30 - watchfiles.main - INFO - 1 change detected
2026-01-13 13:40:30 - watchfiles.main - INFO - 1 change detected
2026-01-13 13:40:31 - watchfiles.main - INFO - 1 change detected
2026-01-13 13:40:31 - watchfiles.main - INFO - 1 change detected
2026-01-13 13:40:31 - watchfiles.main - INFO - 1 change detected
2026-01-13 13:40:32 - watchfiles.main - INFO - 1 change detected
2026-01-13 13:40:32 - watchfiles.main - INFO - 1 change detected
2026-01-13 13:40:33 - watchfiles.main - INFO - 1 change detected
2026-01-13 13:40:33 - watchfiles.main - INFO - 1 change detected
2026-01-13 13:40:33 - watchfiles.main - INFO - 1 change detected
2026-01-13 13:40:34 - watchfiles.main - INFO - 1 change detected
2026-01-13 13:40:34 - watchfiles.main - INFO - 1 change detected
2026-01-13 13:40:35 - watchfiles.main - INFO - 1 change detected
2026-01-13 13:40:35 - watchfiles.main - INFO - 1 change detected
2026-01-13 13:40:35 - watchfiles.main - INFO - 1 change detected
2026-01-13 13:40:36 - watchfiles.main - INFO - 1 change detected
2026-01-13 13:40:36 - watchfiles.main - INFO - 1 change detected
2026-01-13 13:40:37 - watchfiles.main - INFO - 1 change detected
2026-01-13 13:40:37 - watchfiles.main - INFO - 1 change detected
2026-01-13 13:40:37 - watchfiles.main - INFO - 1 change detected
2026-01-13 13:40:38 - watchfiles.main - INFO - 1 change detected
2026-01-13 13:40:38 - watchfiles.main - INFO - 1 change detected
2026-01-13 13:40:39 - watchfiles.main - INFO - 1 change detected
2026-01-13 13:40:39 - watchfiles.main - INFO - 1 change detected
2026-01-13 13:40:39 - watchfiles.main - INFO - 1 change detected
2026-01-13 13:40:40 - watchfiles.main - INFO - 1 change detected
2026-01-13 13:40:40 - watchfiles.main - INFO - 1 change detected
2026-01-13 13:40:41 - watchfiles.main - INFO - 1 change detected
2026-01-13 13:40:41 - watchfiles.main - INFO - 1 change detected
2026-01-13 13:40:41 - watchfiles.main - INFO - 1 change detected
2026-01-13 13:40:42 - watchfiles.main - INFO - 1 change detected
2026-01-13 13:40:42 - watchfiles.main - INFO - 1 change detected
2026-01-13 13:40:43 - watchfiles.main - INFO - 1 change detected
2026-01-13 13:40:43 - watchfiles.main - INFO - 1 change detected
2026-01-13 13:40:43 - watchfiles.main - INFO - 1 change detected
2026-01-13 13:40:44 - watchfiles.main - INFO - 1 change detected
2026-01-13 13:40:44 - watchfiles.main - INFO - 1 change detected
2026-01-13 13:40:45 - watchfiles.main - INFO - 1 change detected
2026-01-13 13:40:45 - watchfiles.main - INFO - 1 change detected
2026-01-13 13:40:45 - watchfiles.main - INFO - 1 change detected
2026-01-13 13:40:46 - watchfiles.main - INFO - 1 change detected
2026-01-13 13:40:46 - watchfiles.main - INFO - 1 change detected
2026-01-13 13:40:47 - watchfiles.main - INFO - 1 change detected
2026-01-13 13:40:47 - watchfiles.main - INFO - 1 change detected
2026-01-13 13:40:47 - watchfiles.main - INFO - 1 change detected
2026-01-13 13:40:48 - watchfiles.main - INFO - 1 change detected
2026-01-13 13:40:48 - watchfiles.main - INFO - 1 change detected
2026-01-13 13:40:49 - watchfiles.main - INFO - 1 change detected
2026-01-13 13:40:49 - watchfiles.main - INFO - 1 change detected
2026-01-13 13:40:49 - watchfiles.main - INFO - 1 change detected
2026-01-13 13:40:50 - watchfiles.main - INFO - 1 change detected
2026-01-13 13:40:50 - watchfiles.main - INFO - 1 change detected
2026-01-13 13:40:51 - watchfiles.main - INFO - 1 change detected
2026-01-13 13:40:51 - watchfiles.main - INFO - 1 change detected
2026-01-13 13:40:52 - watchfiles.main - INFO - 1 change detected
2026-01-13 13:40:52 - watchfiles.main - INFO - 1 change detected
2026-01-13 13:40:52 - watchfiles.main - INFO - 1 change detected
2026-01-13 13:40:53 - watchfiles.main - INFO - 1 change detected
2026-01-13 13:40:53 - watchfiles.main - INFO - 1 change detected
2026-01-13 13:40:53 - watchfiles.main - INFO - 1 change detected
2026-01-13 13:40:54 - watchfiles.main - INFO - 1 change detected
2026-01-13 13:40:54 - watchfiles.main - INFO - 1 change detected
2026-01-13 13:40:55 - watchfiles.main - INFO - 1 change detected
2026-01-13 13:40:55 - watchfiles.main - INFO - 1 change detected
2026-01-13 13:40:56 - watchfiles.main - INFO - 1 change detected
2026-01-13 13:40:56 - watchfiles.main - INFO - 1 change detected
2026-01-13 13:40:56 - watchfiles.main - INFO - 1 change detected
2026-01-13 13:40:57 - watchfiles.main - INFO - 1 change detected
2026-01-13 13:40:57 - watchfiles.main - INFO - 1 change detected
2026-01-13 13:40:58 - watchfiles.main - INFO - 1 change detected
2026-01-13 13:40:58 - watchfiles.main - INFO - 1 change detected
2026-01-13 13:40:58 - watchfiles.main - INFO - 1 change detected
2026-01-13 13:40:59 - watchfiles.main - INFO - 1 change detected
2026-01-13 13:40:59 - watchfiles.main - INFO - 1 change detected
2026-01-13 13:41:00 - watchfiles.main - INFO - 1 change detected
2026-01-13 13:41:00 - watchfiles.main - INFO - 1 change detected
2026-01-13 13:41:00 - watchfiles.main - INFO - 1 change detected
2026-01-13 13:41:01 - watchfiles.main - INFO - 1 change detected
2026-01-13 13:41:01 - watchfiles.main - INFO - 1 change detected
2026-01-13 13:41:02 - watchfiles.main - INFO - 1 change detected
2026-01-13 13:41:02 - watchfiles.main - INFO - 1 change detected
2026-01-13 13:41:02 - watchfiles.main - INFO - 1 change detected
2026-01-13 13:41:03 - watchfiles.main - INFO - 1 change detected
2026-01-13 13:41:03 - watchfiles.main - INFO - 1 change detected
2026-01-13 13:41:04 - watchfiles.main - INFO - 1 change detected
2026-01-13 13:41:04 - watchfiles.main - INFO - 1 change detected
2026-01-13 13:41:05 - watchfiles.main - INFO - 1 change detected
2026-01-13 13:41:05 - watchfiles.main - INFO - 1 change detected
2026-01-13 13:41:05 - watchfiles.main - INFO - 1 change detected
2026-01-13 13:41:06 - watchfiles.main - INFO - 1 change detected
2026-01-13 13:41:06 - watchfiles.main - INFO - 1 change detected
2026-01-13 13:41:07 - watchfiles.main - INFO - 1 change detected
2026-01-13 13:41:07 - watchfiles.main - INFO - 1 change detected
2026-01-13 13:41:07 - watchfiles.main - INFO - 1 change detected
2026-01-13 13:41:08 - watchfiles.main - INFO - 1 change detected
2026-01-13 13:41:08 - watchfiles.main - INFO - 1 change detected
2026-01-13 13:41:09 - watchfiles.main - INFO - 1 change detected
2026-01-13 13:41:09 - watchfiles.main - INFO - 1 change detected
2026-01-13 13:41:09 - watchfiles.main - INFO - 1 change detected
2026-01-13 13:41:10 - watchfiles.main - INFO - 1 change detected
2026-01-13 13:41:10 - watchfiles.main - INFO - 1 change detected
2026-01-13 13:41:11 - watchfiles.main - INFO - 1 change detected
2026-01-13 13:41:11 - watchfiles.main - INFO - 1 change detected
2026-01-13 13:41:11 - watchfiles.main - INFO - 1 change detected
2026-01-13 13:41:12 - watchfiles.main - INFO - 1 change detected
2026-01-13 13:41:12 - watchfiles.main - INFO - 1 change detected
2026-01-13 13:41:13 - watchfiles.main - INFO - 1 change detected
2026-01-13 13:41:13 - watchfiles.main - INFO - 1 change detected
2026-01-13 13:41:13 - watchfiles.main - INFO - 1 change detected
2026-01-13 13:41:14 - watchfiles.main - INFO - 1 change detected
2026-01-13 13:41:14 - watchfiles.main - INFO - 1 change detected
2026-01-13 13:41:15 - watchfiles.main - INFO - 1 change detected
2026-01-13 13:41:15 - watchfiles.main - INFO - 1 change detected
2026-01-13 14:29:59 - watchfiles.main - INFO - 1 change detected
2026-01-13 14:30:00 - watchfiles.main - INFO - 1 change detected
2026-01-13 14:30:00 - watchfiles.main - INFO - 1 change detected
2026-01-13 14:30:01 - watchfiles.main - INFO - 1 change detected
2026-01-13 14:30:01 - watchfiles.main - INFO - 1 change detected
2026-01-13 14:30:02 - watchfiles.main - INFO - 1 change detected
2026-01-13 14:30:02 - watchfiles.main - INFO - 1 change detected
2026-01-13 14:30:02 - watchfiles.main - INFO - 1 change detected
2026-01-13 14:30:03 - watchfiles.main - INFO - 1 change detected
2026-01-13 14:30:03 - watchfiles.main - INFO - 1 change detected
2026-01-13 14:30:04 - watchfiles.main - INFO - 1 change detected
2026-01-13 14:30:04 - watchfiles.main - INFO - 1 change detected
2026-01-13 14:30:04 - watchfiles.main - INFO - 1 change detected
2026-01-13 14:30:05 - watchfiles.main - INFO - 1 change detected
2026-01-13 14:30:05 - watchfiles.main - INFO - 1 change detected
2026-01-13 14:30:06 - watchfiles.main - INFO - 1 change detected
2026-01-13 14:30:06 - watchfiles.main - INFO - 1 change detected
2026-01-13 14:30:53 - watchfiles.main - INFO - 1 change detected
2026-01-13 14:30:54 - watchfiles.main - INFO - 1 change detected
2026-01-13 14:30:54 - watchfiles.main - INFO - 1 change detected
2026-01-13 14:30:54 - watchfiles.main - INFO - 1 change detected
2026-01-13 14:30:55 - watchfiles.main - INFO - 1 change detected
2026-01-13 14:30:55 - watchfiles.main - INFO - 1 change detected
2026-01-13 14:30:55 - watchfiles.main - INFO - 1 change detected
2026-01-13 14:30:56 - watchfiles.main - INFO - 1 change detected
2026-01-13 14:30:56 - watchfiles.main - INFO - 1 change detected
2026-01-13 14:30:57 - watchfiles.main - INFO - 1 change detected
2026-01-13 14:30:57 - watchfiles.main - INFO - 1 change detected
2026-01-13 14:30:57 - watchfiles.main - INFO - 1 change detected
2026-01-13 14:30:58 - watchfiles.main - INFO - 1 change detected
2026-01-13 14:30:58 - watchfiles.main - INFO - 1 change detected
2026-01-13 14:30:59 - watchfiles.main - INFO - 1 change detected
2026-01-13 14:30:59 - watchfiles.main - INFO - 1 change detected
2026-01-13 14:31:00 - watchfiles.main - INFO - 1 change detected
2026-01-13 14:31:00 - watchfiles.main - INFO - 1 change detected
2026-01-13 14:31:01 - watchfiles.main - INFO - 1 change detected
2026-01-13 14:31:01 - watchfiles.main - INFO - 1 change detected
2026-01-13 14:31:01 - watchfiles.main - INFO - 1 change detected
2026-01-13 14:31:02 - watchfiles.main - INFO - 1 change detected
2026-01-13 14:31:02 - watchfiles.main - INFO - 1 change detected
2026-01-13 14:31:03 - watchfiles.main - INFO - 1 change detected
2026-01-13 14:31:03 - watchfiles.main - INFO - 1 change detected
2026-01-13 14:31:03 - watchfiles.main - INFO - 1 change detected
2026-01-13 14:31:04 - watchfiles.main - INFO - 1 change detected
2026-01-13 14:31:04 - watchfiles.main - INFO - 1 change detected
2026-01-13 14:31:05 - watchfiles.main - INFO - 1 change detected
2026-01-13 14:31:05 - watchfiles.main - INFO - 1 change detected
2026-01-13 14:31:05 - watchfiles.main - INFO - 1 change detected
2026-01-13 14:31:06 - watchfiles.main - INFO - 1 change detected
2026-01-13 14:31:06 - watchfiles.main - INFO - 1 change detected
2026-01-13 14:31:07 - watchfiles.main - INFO - 1 change detected
2026-01-13 14:31:07 - watchfiles.main - INFO - 1 change detected
2026-01-13 14:31:07 - watchfiles.main - INFO - 1 change detected
2026-01-13 14:31:08 - watchfiles.main - INFO - 1 change detected
2026-01-13 14:31:08 - watchfiles.main - INFO - 1 change detected
2026-01-13 14:31:09 - watchfiles.main - INFO - 1 change detected
2026-01-13 14:31:09 - watchfiles.main - INFO - 1 change detected
2026-01-13 14:31:10 - watchfiles.main - INFO - 1 change detected
2026-01-13 14:31:10 - watchfiles.main - INFO - 1 change detected
2026-01-13 14:31:10 - watchfiles.main - INFO - 1 change detected
2026-01-13 14:31:11 - watchfiles.main - INFO - 1 change detected
2026-01-13 14:31:11 - watchfiles.main - INFO - 1 change detected
2026-01-13 14:31:12 - watchfiles.main - INFO - 1 change detected
2026-01-13 14:31:12 - watchfiles.main - INFO - 1 change detected
2026-01-13 14:31:12 - watchfiles.main - INFO - 1 change detected
2026-01-13 14:31:13 - watchfiles.main - INFO - 1 change detected
2026-01-13 14:31:13 - watchfiles.main - INFO - 1 change detected
2026-01-13 14:31:14 - watchfiles.main - INFO - 1 change detected
2026-01-13 14:31:14 - watchfiles.main - INFO - 1 change detected
2026-01-13 14:31:14 - watchfiles.main - INFO - 1 change detected
2026-01-13 14:31:15 - watchfiles.main - INFO - 1 change detected
2026-01-13 14:31:15 - watchfiles.main - INFO - 1 change detected
2026-01-13 14:31:16 - watchfiles.main - INFO - 1 change detected
2026-01-13 14:31:16 - watchfiles.main - INFO - 1 change detected
2026-01-13 14:31:16 - watchfiles.main - INFO - 1 change detected
2026-01-13 14:31:17 - watchfiles.main - INFO - 1 change detected
2026-01-13 14:31:17 - watchfiles.main - INFO - 1 change detected
2026-01-13 14:31:18 - watchfiles.main - INFO - 1 change detected
2026-01-13 14:31:18 - watchfiles.main - INFO - 1 change detected
2026-01-13 14:31:18 - watchfiles.main - INFO - 1 change detected
2026-01-13 14:31:19 - watchfiles.main - INFO - 1 change detected
2026-01-13 14:31:19 - watchfiles.main - INFO - 1 change detected
2026-01-13 14:31:20 - watchfiles.main - INFO - 1 change detected
2026-01-13 14:31:20 - watchfiles.main - INFO - 1 change detected
2026-01-13 14:31:20 - watchfiles.main - INFO - 1 change detected
2026-01-13 14:31:21 - watchfiles.main - INFO - 1 change detected
2026-01-13 14:31:21 - watchfiles.main - INFO - 1 change detected
2026-01-13 14:31:22 - watchfiles.main - INFO - 1 change detected
2026-01-13 14:31:22 - watchfiles.main - INFO - 1 change detected
2026-01-13 14:31:22 - watchfiles.main - INFO - 1 change detected
2026-01-13 14:31:23 - watchfiles.main - INFO - 1 change detected
2026-01-13 14:31:23 - watchfiles.main - INFO - 1 change detected
2026-01-13 14:31:24 - watchfiles.main - INFO - 1 change detected
2026-01-13 14:31:24 - watchfiles.main - INFO - 1 change detected
2026-01-13 14:31:25 - watchfiles.main - INFO - 1 change detected
2026-01-13 14:31:25 - watchfiles.main - INFO - 1 change detected
2026-01-13 14:31:25 - watchfiles.main - INFO - 1 change detected
2026-01-13 14:31:26 - watchfiles.main - INFO - 1 change detected
2026-01-13 14:31:26 - watchfiles.main - INFO - 1 change detected
2026-01-13 14:31:27 - watchfiles.main - INFO - 1 change detected
2026-01-13 14:31:27 - watchfiles.main - INFO - 1 change detected
2026-01-13 14:31:27 - watchfiles.main - INFO - 1 change detected
2026-01-13 14:31:28 - watchfiles.main - INFO - 1 change detected
2026-01-13 14:31:28 - watchfiles.main - INFO - 1 change detected
2026-01-13 14:31:29 - watchfiles.main - INFO - 1 change detected
2026-01-13 14:31:29 - watchfiles.main - INFO - 1 change detected
2026-01-13 14:31:29 - watchfiles.main - INFO - 1 change detected
2026-01-13 14:31:30 - watchfiles.main - INFO - 1 change detected
2026-01-13 14:31:30 - watchfiles.main - INFO - 1 change detected
2026-01-13 14:31:31 - watchfiles.main - INFO - 1 change detected
2026-01-13 14:31:31 - watchfiles.main - INFO - 1 change detected
2026-01-13 14:31:31 - watchfiles.main - INFO - 1 change detected
2026-01-13 14:31:32 - watchfiles.main - INFO - 1 change detected
2026-01-13 14:31:32 - watchfiles.main - INFO - 1 change detected
2026-01-13 14:31:33 - watchfiles.main - INFO - 1 change detected
2026-01-13 14:31:33 - watchfiles.main - INFO - 1 change detected
2026-01-13 14:31:33 - watchfiles.main - INFO - 1 change detected
2026-01-13 14:31:34 - watchfiles.main - INFO - 1 change detected
2026-01-13 14:31:34 - watchfiles.main - INFO - 1 change detected
2026-01-13 14:31:35 - watchfiles.main - INFO - 1 change detected
2026-01-13 14:31:35 - watchfiles.main - INFO - 1 change detected
2026-01-13 14:31:35 - watchfiles.main - INFO - 1 change detected
2026-01-13 14:31:36 - watchfiles.main - INFO - 1 change detected
2026-01-13 14:31:36 - watchfiles.main - INFO - 1 change detected
2026-01-13 14:31:37 - watchfiles.main - INFO - 1 change detected
2026-01-13 14:31:37 - watchfiles.main - INFO - 1 change detected
2026-01-13 14:31:37 - watchfiles.main - INFO - 1 change detected
2026-01-13 14:31:38 - watchfiles.main - INFO - 1 change detected
2026-01-13 14:31:38 - watchfiles.main - INFO - 1 change detected
2026-01-13 14:31:39 - watchfiles.main - INFO - 1 change detected
2026-01-13 14:31:39 - watchfiles.main - INFO - 1 change detected
2026-01-13 14:31:39 - watchfiles.main - INFO - 1 change detected
2026-01-13 14:31:40 - watchfiles.main - INFO - 1 change detected
2026-01-13 14:31:40 - watchfiles.main - INFO - 1 change detected
2026-01-13 14:31:41 - watchfiles.main - INFO - 1 change detected
2026-01-13 14:31:41 - watchfiles.main - INFO - 1 change detected
2026-01-13 14:31:41 - watchfiles.main - INFO - 1 change detected
2026-01-13 14:31:42 - watchfiles.main - INFO - 1 change detected
2026-01-13 14:31:42 - watchfiles.main - INFO - 1 change detected
2026-01-13 14:31:43 - watchfiles.main - INFO - 1 change detected
2026-01-13 14:31:43 - watchfiles.main - INFO - 1 change detected
2026-01-13 14:31:43 - watchfiles.main - INFO - 1 change detected
2026-01-13 14:31:44 - watchfiles.main - INFO - 1 change detected
2026-01-13 14:31:44 - watchfiles.main - INFO - 1 change detected
2026-01-13 14:31:45 - watchfiles.main - INFO - 1 change detected
2026-01-13 14:31:45 - watchfiles.main - INFO - 1 change detected
2026-01-13 14:31:46 - watchfiles.main - INFO - 1 change detected
2026-01-13 14:31:46 - watchfiles.main - INFO - 1 change detected
2026-01-13 14:31:46 - watchfiles.main - INFO - 1 change detected
2026-01-13 14:31:47 - watchfiles.main - INFO - 1 change detected
2026-01-13 14:31:47 - watchfiles.main - INFO - 1 change detected
2026-01-13 14:31:48 - watchfiles.main - INFO - 1 change detected
2026-01-13 14:31:48 - watchfiles.main - INFO - 1 change detected
2026-01-13 14:31:48 - watchfiles.main - INFO - 1 change detected
2026-01-13 14:31:49 - watchfiles.main - INFO - 1 change detected
2026-01-13 14:31:49 - watchfiles.main - INFO - 1 change detected
2026-01-13 14:31:50 - watchfiles.main - INFO - 1 change detected
2026-01-13 14:31:50 - watchfiles.main - INFO - 1 change detected
2026-01-13 14:31:50 - watchfiles.main - INFO - 1 change detected
2026-01-13 14:31:51 - watchfiles.main - INFO - 1 change detected
2026-01-13 14:31:51 - watchfiles.main - INFO - 1 change detected
2026-01-13 14:31:52 - watchfiles.main - INFO - 1 change detected
2026-01-13 14:31:52 - watchfiles.main - INFO - 1 change detected
2026-01-13 14:31:52 - watchfiles.main - INFO - 1 change detected
2026-01-13 14:31:53 - watchfiles.main - INFO - 1 change detected
2026-01-13 14:31:53 - watchfiles.main - INFO - 1 change detected
2026-01-13 14:31:54 - watchfiles.main - INFO - 1 change detected
2026-01-13 14:31:54 - watchfiles.main - INFO - 1 change detected
2026-01-13 14:31:55 - watchfiles.main - INFO - 1 change detected
2026-01-13 14:31:55 - watchfiles.main - INFO - 1 change detected
2026-01-13 14:31:55 - watchfiles.main - INFO - 1 change detected
2026-01-13 14:31:56 - watchfiles.main - INFO - 1 change detected
2026-01-13 14:31:56 - watchfiles.main - INFO - 1 change detected
2026-01-13 14:31:57 - watchfiles.main - INFO - 1 change detected
2026-01-13 14:31:57 - watchfiles.main - INFO - 1 change detected
2026-01-13 14:31:57 - watchfiles.main - INFO - 1 change detected
2026-01-13 14:31:58 - watchfiles.main - INFO - 1 change detected
2026-01-13 14:31:58 - watchfiles.main - INFO - 1 change detected
2026-01-13 14:31:59 - watchfiles.main - INFO - 1 change detected
2026-01-13 14:31:59 - watchfiles.main - INFO - 1 change detected
2026-01-13 14:31:59 - watchfiles.main - INFO - 1 change detected
2026-01-13 14:32:00 - watchfiles.main - INFO - 1 change detected
2026-01-13 14:32:00 - watchfiles.main - INFO - 1 change detected
2026-01-13 14:32:01 - watchfiles.main - INFO - 1 change detected
2026-01-13 14:32:01 - watchfiles.main - INFO - 1 change detected
2026-01-13 14:32:01 - watchfiles.main - INFO - 1 change detected
2026-01-13 14:32:02 - watchfiles.main - INFO - 1 change detected
2026-01-13 14:32:02 - watchfiles.main - INFO - 1 change detected
2026-01-13 14:32:03 - watchfiles.main - INFO - 1 change detected
2026-01-13 14:32:03 - watchfiles.main - INFO - 1 change detected
2026-01-13 14:32:03 - watchfiles.main - INFO - 1 change detected
2026-01-13 14:32:04 - watchfiles.main - INFO - 1 change detected
2026-01-13 14:32:04 - watchfiles.main - INFO - 1 change detected
2026-01-13 14:32:05 - watchfiles.main - INFO - 1 change detected
2026-01-13 14:32:05 - watchfiles.main - INFO - 1 change detected
2026-01-13 14:32:05 - watchfiles.main - INFO - 1 change detected
2026-01-13 14:32:06 - watchfiles.main - INFO - 1 change detected
2026-01-13 14:32:06 - watchfiles.main - INFO - 1 change detected
2026-01-13 14:32:07 - watchfiles.main - INFO - 1 change detected
2026-01-13 14:32:07 - watchfiles.main - INFO - 1 change detected
2026-01-13 14:32:08 - watchfiles.main - INFO - 1 change detected
2026-01-13 14:32:08 - watchfiles.main - INFO - 1 change detected
2026-01-13 14:32:08 - watchfiles.main - INFO - 1 change detected
2026-01-13 14:32:09 - watchfiles.main - INFO - 1 change detected
2026-01-13 14:32:09 - watchfiles.main - INFO - 1 change detected
2026-01-13 14:32:10 - watchfiles.main - INFO - 1 change detected
2026-01-13 14:32:10 - watchfiles.main - INFO - 1 change detected
2026-01-13 14:32:10 - watchfiles.main - INFO - 1 change detected
2026-01-13 14:32:11 - watchfiles.main - INFO - 1 change detected
2026-01-13 14:32:11 - watchfiles.main - INFO - 1 change detected
2026-01-13 14:32:12 - watchfiles.main - INFO - 1 change detected
2026-01-13 14:32:12 - watchfiles.main - INFO - 1 change detected
2026-01-13 14:32:12 - watchfiles.main - INFO - 1 change detected
2026-01-13 14:32:13 - watchfiles.main - INFO - 1 change detected
2026-01-13 14:32:13 - watchfiles.main - INFO - 1 change detected
2026-01-13 14:32:14 - watchfiles.main - INFO - 1 change detected
2026-01-13 14:32:14 - watchfiles.main - INFO - 1 change detected
2026-01-13 14:32:14 - watchfiles.main - INFO - 1 change detected
2026-01-13 14:32:15 - watchfiles.main - INFO - 1 change detected
2026-01-13 14:32:15 - watchfiles.main - INFO - 1 change detected
2026-01-13 14:32:16 - watchfiles.main - INFO - 1 change detected
2026-01-13 14:32:16 - watchfiles.main - INFO - 1 change detected
2026-01-13 14:32:16 - watchfiles.main - INFO - 1 change detected
2026-01-13 14:32:17 - watchfiles.main - INFO - 1 change detected
2026-01-13 14:32:17 - watchfiles.main - INFO - 1 change detected
2026-01-13 14:32:18 - watchfiles.main - INFO - 1 change detected
2026-01-13 14:32:18 - watchfiles.main - INFO - 1 change detected
2026-01-13 14:32:19 - watchfiles.main - INFO - 1 change detected
2026-01-13 14:32:19 - watchfiles.main - INFO - 1 change detected
2026-01-13 14:32:19 - watchfiles.main - INFO - 1 change detected
2026-01-13 14:32:20 - watchfiles.main - INFO - 1 change detected
2026-01-13 14:32:20 - watchfiles.main - INFO - 1 change detected
2026-01-13 14:32:21 - watchfiles.main - INFO - 1 change detected
2026-01-13 14:32:21 - watchfiles.main - INFO - 1 change detected
2026-01-13 14:32:21 - watchfiles.main - INFO - 1 change detected
2026-01-13 14:32:22 - watchfiles.main - INFO - 1 change detected
2026-01-13 14:32:22 - watchfiles.main - INFO - 1 change detected
2026-01-13 14:32:23 - watchfiles.main - INFO - 1 change detected
2026-01-13 14:32:23 - watchfiles.main - INFO - 1 change detected
2026-01-13 14:32:23 - watchfiles.main - INFO - 1 change detected
2026-01-13 14:32:24 - watchfiles.main - INFO - 1 change detected
2026-01-13 14:32:24 - watchfiles.main - INFO - 1 change detected
2026-01-13 14:32:25 - watchfiles.main - INFO - 1 change detected
2026-01-13 14:32:25 - watchfiles.main - INFO - 1 change detected
2026-01-13 14:32:26 - watchfiles.main - INFO - 1 change detected
2026-01-13 14:32:26 - watchfiles.main - INFO - 1 change detected
2026-01-13 14:32:26 - watchfiles.main - INFO - 1 change detected
2026-01-13 14:32:27 - watchfiles.main - INFO - 1 change detected
2026-01-13 14:32:27 - watchfiles.main - INFO - 1 change detected
2026-01-13 14:32:28 - watchfiles.main - INFO - 1 change detected
2026-01-13 14:32:28 - watchfiles.main - INFO - 1 change detected
2026-01-13 14:32:28 - watchfiles.main - INFO - 1 change detected
2026-01-13 14:32:29 - watchfiles.main - INFO - 1 change detected
2026-01-13 14:32:29 - watchfiles.main - INFO - 1 change detected
2026-01-13 14:32:30 - watchfiles.main - INFO - 1 change detected
2026-01-13 14:32:30 - watchfiles.main - INFO - 1 change detected
2026-01-13 14:32:30 - watchfiles.main - INFO - 1 change detected
2026-01-13 14:32:31 - watchfiles.main - INFO - 1 change detected
2026-01-13 14:32:31 - watchfiles.main - INFO - 1 change detected
2026-01-13 14:32:32 - watchfiles.main - INFO - 1 change detected
2026-01-13 14:32:32 - watchfiles.main - INFO - 1 change detected
2026-01-13 14:32:32 - watchfiles.main - INFO - 1 change detected
2026-01-13 14:32:33 - watchfiles.main - INFO - 1 change detected
2026-01-13 14:32:33 - watchfiles.main - INFO - 1 change detected
2026-01-13 14:32:34 - watchfiles.main - INFO - 1 change detected
2026-01-13 14:32:34 - watchfiles.main - INFO - 1 change detected
2026-01-13 14:32:34 - watchfiles.main - INFO - 1 change detected
2026-01-13 14:32:35 - watchfiles.main - INFO - 1 change detected
2026-01-13 14:32:35 - watchfiles.main - INFO - 1 change detected
2026-01-13 14:32:36 - watchfiles.main - INFO - 1 change detected
2026-01-13 14:32:36 - watchfiles.main - INFO - 1 change detected
2026-01-13 14:32:37 - watchfiles.main - INFO - 1 change detected
2026-01-13 14:32:37 - watchfiles.main - INFO - 1 change detected
2026-01-13 14:32:37 - watchfiles.main - INFO - 1 change detected
2026-01-13 14:32:38 - watchfiles.main - INFO - 1 change detected
2026-01-13 14:32:38 - watchfiles.main - INFO - 1 change detected
2026-01-13 14:32:39 - watchfiles.main - INFO - 1 change detected
2026-01-13 14:32:39 - watchfiles.main - INFO - 1 change detected
2026-01-13 14:32:39 - watchfiles.main - INFO - 1 change detected
2026-01-13 14:32:40 - watchfiles.main - INFO - 1 change detected
2026-01-13 14:32:40 - watchfiles.main - INFO - 1 change detected
2026-01-13 14:32:41 - watchfiles.main - INFO - 1 change detected
2026-01-13 14:32:41 - watchfiles.main - INFO - 1 change detected
2026-01-13 14:32:41 - watchfiles.main - INFO - 1 change detected
2026-01-13 14:32:42 - watchfiles.main - INFO - 1 change detected
2026-01-13 14:32:42 - watchfiles.main - INFO - 1 change detected
2026-01-13 14:32:43 - watchfiles.main - INFO - 1 change detected
2026-01-13 14:32:43 - watchfiles.main - INFO - 1 change detected
2026-01-13 14:32:43 - watchfiles.main - INFO - 1 change detected
2026-01-13 14:32:44 - watchfiles.main - INFO - 1 change detected
2026-01-13 14:32:44 - watchfiles.main - INFO - 1 change detected
2026-01-13 14:32:45 - watchfiles.main - INFO - 1 change detected
2026-01-13 14:32:45 - watchfiles.main - INFO - 1 change detected
2026-01-13 14:32:45 - watchfiles.main - INFO - 1 change detected
2026-01-13 14:32:46 - watchfiles.main - INFO - 1 change detected
2026-01-13 14:32:46 - watchfiles.main - INFO - 1 change detected
2026-01-13 14:32:47 - watchfiles.main - INFO - 1 change detected
2026-01-13 14:32:47 - watchfiles.main - INFO - 1 change detected
2026-01-13 14:32:47 - watchfiles.main - INFO - 1 change detected
2026-01-13 14:32:48 - watchfiles.main - INFO - 1 change detected
2026-01-13 14:32:48 - watchfiles.main - INFO - 1 change detected
2026-01-13 14:32:49 - watchfiles.main - INFO - 1 change detected
2026-01-13 14:32:49 - watchfiles.main - INFO - 1 change detected
2026-01-13 14:32:49 - watchfiles.main - INFO - 1 change detected
2026-01-13 14:32:50 - watchfiles.main - INFO - 1 change detected
2026-01-13 14:32:50 - watchfiles.main - INFO - 1 change detected
2026-01-13 14:32:51 - watchfiles.main - INFO - 1 change detected
2026-01-13 14:32:51 - watchfiles.main - INFO - 1 change detected
2026-01-13 14:32:51 - watchfiles.main - INFO - 1 change detected
2026-01-13 14:32:52 - watchfiles.main - INFO - 1 change detected
2026-01-13 14:32:52 - watchfiles.main - INFO - 1 change detected
2026-01-13 14:32:53 - watchfiles.main - INFO - 1 change detected
2026-01-13 14:32:53 - watchfiles.main - INFO - 1 change detected
2026-01-13 14:32:53 - watchfiles.main - INFO - 1 change detected
2026-01-13 14:32:54 - watchfiles.main - INFO - 1 change detected
2026-01-13 14:32:54 - watchfiles.main - INFO - 1 change detected
2026-01-13 14:32:55 - watchfiles.main - INFO - 1 change detected
2026-01-13 14:32:55 - watchfiles.main - INFO - 1 change detected
2026-01-13 14:32:56 - watchfiles.main - INFO - 1 change detected
2026-01-13 14:32:56 - watchfiles.main - INFO - 1 change detected
2026-01-13 14:32:56 - watchfiles.main - INFO - 1 change detected
2026-01-13 14:32:57 - watchfiles.main - INFO - 1 change detected
2026-01-13 14:32:57 - watchfiles.main - INFO - 1 change detected
2026-01-13 14:32:58 - watchfiles.main - INFO - 1 change detected
2026-01-13 14:32:58 - watchfiles.main - INFO - 1 change detected
2026-01-13 14:32:58 - watchfiles.main - INFO - 1 change detected
2026-01-13 14:32:59 - watchfiles.main - INFO - 1 change detected
2026-01-13 14:32:59 - watchfiles.main - INFO - 1 change detected
2026-01-13 14:33:00 - watchfiles.main - INFO - 1 change detected
2026-01-13 14:33:00 - watchfiles.main - INFO - 1 change detected
2026-01-13 14:33:00 - watchfiles.main - INFO - 1 change detected
2026-01-13 14:33:01 - watchfiles.main - INFO - 1 change detected
2026-01-13 14:33:01 - watchfiles.main - INFO - 1 change detected
2026-01-13 14:33:02 - watchfiles.main - INFO - 1 change detected
2026-01-13 14:33:02 - watchfiles.main - INFO - 1 change detected
2026-01-13 14:33:02 - watchfiles.main - INFO - 1 change detected
2026-01-13 14:33:03 - watchfiles.main - INFO - 1 change detected
2026-01-13 14:33:03 - watchfiles.main - INFO - 1 change detected
2026-01-13 14:33:04 - watchfiles.main - INFO - 1 change detected
2026-01-13 14:33:04 - watchfiles.main - INFO - 1 change detected
2026-01-13 14:33:04 - watchfiles.main - INFO - 1 change detected
2026-01-13 14:33:05 - watchfiles.main - INFO - 1 change detected
2026-01-13 14:33:05 - watchfiles.main - INFO - 1 change detected
2026-01-13 14:33:06 - watchfiles.main - INFO - 1 change detected
2026-01-13 14:33:06 - watchfiles.main - INFO - 1 change detected
2026-01-13 14:33:06 - watchfiles.main - INFO - 1 change detected
2026-01-13 14:33:07 - watchfiles.main - INFO - 1 change detected
2026-01-13 14:33:07 - watchfiles.main - INFO - 1 change detected
2026-01-13 14:33:08 - watchfiles.main - INFO - 1 change detected
2026-01-13 14:33:08 - watchfiles.main - INFO - 1 change detected
2026-01-13 14:33:08 - watchfiles.main - INFO - 1 change detected
2026-01-13 14:33:09 - watchfiles.main - INFO - 1 change detected
2026-01-13 14:33:09 - watchfiles.main - INFO - 1 change detected
2026-01-13 14:33:10 - watchfiles.main - INFO - 1 change detected
2026-01-13 14:33:10 - watchfiles.main - INFO - 1 change detected
2026-01-13 14:33:10 - watchfiles.main - INFO - 1 change detected
2026-01-13 14:33:11 - watchfiles.main - INFO - 1 change detected
2026-01-13 14:33:11 - watchfiles.main - INFO - 1 change detected
2026-01-13 14:33:12 - watchfiles.main - INFO - 1 change detected
2026-01-13 14:33:12 - watchfiles.main - INFO - 1 change detected
2026-01-13 14:33:12 - watchfiles.main - INFO - 1 change detected
2026-01-13 14:33:13 - watchfiles.main - INFO - 1 change detected
2026-01-13 14:33:13 - watchfiles.main - INFO - 1 change detected
2026-01-13 14:33:14 - watchfiles.main - INFO - 1 change detected
2026-01-13 14:33:14 - watchfiles.main - INFO - 1 change detected
2026-01-13 14:33:14 - watchfiles.main - INFO - 1 change detected
2026-01-13 14:33:15 - watchfiles.main - INFO - 1 change detected
2026-01-13 14:33:15 - watchfiles.main - INFO - 1 change detected
2026-01-13 14:33:16 - watchfiles.main - INFO - 1 change detected
2026-01-13 14:33:16 - watchfiles.main - INFO - 1 change detected
2026-01-13 14:33:17 - watchfiles.main - INFO - 1 change detected
2026-01-13 14:33:17 - watchfiles.main - INFO - 1 change detected
2026-01-13 14:33:17 - watchfiles.main - INFO - 1 change detected
2026-01-13 14:33:18 - watchfiles.main - INFO - 1 change detected
2026-01-13 14:33:18 - watchfiles.main - INFO - 1 change detected
2026-01-13 14:33:19 - watchfiles.main - INFO - 1 change detected
2026-01-13 14:33:19 - watchfiles.main - INFO - 1 change detected
2026-01-13 14:33:19 - watchfiles.main - INFO - 1 change detected
2026-01-13 14:33:20 - watchfiles.main - INFO - 1 change detected
2026-01-13 14:33:20 - watchfiles.main - INFO - 1 change detected
2026-01-13 14:33:21 - watchfiles.main - INFO - 1 change detected
2026-01-13 14:33:21 - watchfiles.main - INFO - 1 change detected
2026-01-13 14:33:21 - watchfiles.main - INFO - 1 change detected
2026-01-13 14:33:22 - watchfiles.main - INFO - 1 change detected
2026-01-13 14:33:22 - watchfiles.main - INFO - 1 change detected
2026-01-13 14:33:23 - watchfiles.main - INFO - 1 change detected
2026-01-13 14:33:23 - watchfiles.main - INFO - 1 change detected
2026-01-13 14:33:24 - watchfiles.main - INFO - 1 change detected
2026-01-13 14:33:24 - watchfiles.main - INFO - 1 change detected
2026-01-13 14:33:24 - watchfiles.main - INFO - 1 change detected
2026-01-13 14:33:25 - watchfiles.main - INFO - 1 change detected
2026-01-13 14:33:25 - watchfiles.main - INFO - 1 change detected
2026-01-13 14:33:26 - watchfiles.main - INFO - 1 change detected
2026-01-13 14:33:26 - watchfiles.main - INFO - 1 change detected
2026-01-13 14:33:26 - watchfiles.main - INFO - 1 change detected
2026-01-13 14:33:27 - watchfiles.main - INFO - 1 change detected
2026-01-13 14:33:27 - watchfiles.main - INFO - 1 change detected
2026-01-13 14:33:28 - watchfiles.main - INFO - 1 change detected
2026-01-13 14:33:28 - watchfiles.main - INFO - 1 change detected
2026-01-13 14:33:28 - watchfiles.main - INFO - 1 change detected
2026-01-13 14:33:29 - watchfiles.main - INFO - 1 change detected
2026-01-13 14:33:29 - watchfiles.main - INFO - 1 change detected
2026-01-13 14:33:30 - watchfiles.main - INFO - 1 change detected
2026-01-13 14:33:30 - watchfiles.main - INFO - 1 change detected
2026-01-13 14:33:30 - watchfiles.main - INFO - 1 change detected
2026-01-13 14:33:31 - watchfiles.main - INFO - 1 change detected
2026-01-13 14:33:31 - watchfiles.main - INFO - 1 change detected
2026-01-13 14:33:32 - watchfiles.main - INFO - 1 change detected
2026-01-13 14:33:32 - watchfiles.main - INFO - 1 change detected
2026-01-13 14:33:32 - watchfiles.main - INFO - 1 change detected
2026-01-13 14:33:33 - watchfiles.main - INFO - 1 change detected
2026-01-13 14:33:33 - watchfiles.main - INFO - 1 change detected
2026-01-13 14:33:34 - watchfiles.main - INFO - 1 change detected
2026-01-13 14:33:34 - watchfiles.main - INFO - 1 change detected
2026-01-13 14:33:34 - watchfiles.main - INFO - 1 change detected
2026-01-13 14:33:35 - watchfiles.main - INFO - 1 change detected
2026-01-13 14:33:35 - watchfiles.main - INFO - 1 change detected
2026-01-13 14:33:36 - watchfiles.main - INFO - 1 change detected
2026-01-13 14:33:36 - watchfiles.main - INFO - 1 change detected
2026-01-13 14:33:36 - watchfiles.main - INFO - 1 change detected
2026-01-13 14:33:37 - watchfiles.main - INFO - 1 change detected
2026-01-13 14:33:37 - watchfiles.main - INFO - 1 change detected
2026-01-13 14:33:38 - watchfiles.main - INFO - 1 change detected
2026-01-13 14:33:38 - watchfiles.main - INFO - 1 change detected
2026-01-13 14:33:39 - watchfiles.main - INFO - 1 change detected
2026-01-13 14:33:39 - watchfiles.main - INFO - 1 change detected
2026-01-13 14:33:39 - watchfiles.main - INFO - 1 change detected
2026-01-13 14:33:40 - watchfiles.main - INFO - 1 change detected
2026-01-13 14:33:40 - watchfiles.main - INFO - 1 change detected
2026-01-13 14:33:41 - watchfiles.main - INFO - 1 change detected
2026-01-13 14:33:41 - watchfiles.main - INFO - 1 change detected
2026-01-13 14:33:41 - watchfiles.main - INFO - 1 change detected
2026-01-13 14:33:42 - watchfiles.main - INFO - 1 change detected
2026-01-13 14:33:42 - watchfiles.main - INFO - 1 change detected
2026-01-13 14:33:43 - watchfiles.main - INFO - 1 change detected
2026-01-13 14:33:43 - watchfiles.main - INFO - 1 change detected
2026-01-13 14:33:43 - watchfiles.main - INFO - 1 change detected
2026-01-13 14:33:44 - watchfiles.main - INFO - 1 change detected
2026-01-13 14:33:44 - watchfiles.main - INFO - 1 change detected
2026-01-13 14:33:45 - watchfiles.main - INFO - 1 change detected
2026-01-13 14:33:45 - watchfiles.main - INFO - 1 change detected
2026-01-13 14:33:45 - watchfiles.main - INFO - 1 change detected
2026-01-13 14:33:46 - watchfiles.main - INFO - 1 change detected
2026-01-13 14:33:46 - watchfiles.main - INFO - 1 change detected
2026-01-13 14:33:47 - watchfiles.main - INFO - 1 change detected
2026-01-13 14:33:47 - watchfiles.main - INFO - 1 change detected
2026-01-13 14:33:47 - watchfiles.main - INFO - 1 change detected
2026-01-13 14:33:48 - watchfiles.main - INFO - 1 change detected
2026-01-13 14:33:48 - watchfiles.main - INFO - 1 change detected
2026-01-13 14:33:49 - watchfiles.main - INFO - 1 change detected
2026-01-13 14:33:49 - watchfiles.main - INFO - 1 change detected
2026-01-13 14:33:49 - watchfiles.main - INFO - 1 change detected
2026-01-13 14:33:50 - watchfiles.main - INFO - 1 change detected
2026-01-13 14:33:50 - watchfiles.main - INFO - 1 change detected
2026-01-13 14:33:51 - watchfiles.main - INFO - 1 change detected
2026-01-13 14:33:51 - watchfiles.main - INFO - 1 change detected
2026-01-13 14:33:51 - watchfiles.main - INFO - 1 change detected
2026-01-13 14:33:52 - watchfiles.main - INFO - 1 change detected
2026-01-13 14:33:52 - watchfiles.main - INFO - 1 change detected
2026-01-13 14:33:53 - watchfiles.main - INFO - 1 change detected
2026-01-13 14:33:53 - watchfiles.main - INFO - 1 change detected
2026-01-13 14:33:54 - watchfiles.main - INFO - 1 change detected
2026-01-13 14:33:54 - watchfiles.main - INFO - 1 change detected
2026-01-13 14:33:54 - watchfiles.main - INFO - 1 change detected
2026-01-13 14:33:55 - watchfiles.main - INFO - 1 change detected
2026-01-13 14:33:55 - watchfiles.main - INFO - 1 change detected
2026-01-13 14:33:56 - watchfiles.main - INFO - 1 change detected
2026-01-13 14:33:56 - watchfiles.main - INFO - 1 change detected
2026-01-13 14:33:56 - watchfiles.main - INFO - 1 change detected
2026-01-13 14:33:57 - watchfiles.main - INFO - 1 change detected
2026-01-13 14:33:57 - watchfiles.main - INFO - 1 change detected
2026-01-13 14:33:58 - watchfiles.main - INFO - 1 change detected
2026-01-13 14:33:58 - watchfiles.main - INFO - 1 change detected
2026-01-13 14:33:58 - watchfiles.main - INFO - 1 change detected
2026-01-13 14:33:59 - watchfiles.main - INFO - 1 change detected
2026-01-13 14:33:59 - watchfiles.main - INFO - 1 change detected
2026-01-13 14:34:00 - watchfiles.main - INFO - 1 change detected
2026-01-13 14:34:00 - watchfiles.main - INFO - 1 change detected
2026-01-13 14:34:00 - watchfiles.main - INFO - 1 change detected
2026-01-13 14:34:01 - watchfiles.main - INFO - 1 change detected
2026-01-13 14:34:01 - watchfiles.main - INFO - 1 change detected
2026-01-13 14:34:02 - watchfiles.main - INFO - 1 change detected
2026-01-13 14:34:02 - watchfiles.main - INFO - 1 change detected
2026-01-13 14:34:03 - watchfiles.main - INFO - 1 change detected
2026-01-13 14:34:03 - watchfiles.main - INFO - 1 change detected
2026-01-13 14:34:03 - watchfiles.main - INFO - 1 change detected
2026-01-13 14:34:04 - watchfiles.main - INFO - 1 change detected
2026-01-13 14:34:04 - watchfiles.main - INFO - 1 change detected
2026-01-13 14:34:05 - watchfiles.main - INFO - 1 change detected
2026-01-13 14:34:05 - watchfiles.main - INFO - 1 change detected
2026-01-13 14:34:05 - watchfiles.main - INFO - 1 change detected
2026-01-13 14:34:06 - watchfiles.main - INFO - 1 change detected
2026-01-13 14:34:06 - watchfiles.main - INFO - 1 change detected
2026-01-13 14:34:07 - watchfiles.main - INFO - 1 change detected
2026-01-13 14:34:07 - watchfiles.main - INFO - 1 change detected
2026-01-13 14:34:07 - watchfiles.main - INFO - 1 change detected
2026-01-13 14:34:08 - watchfiles.main - INFO - 1 change detected
2026-01-13 14:34:08 - watchfiles.main - INFO - 1 change detected
2026-01-13 14:34:09 - watchfiles.main - INFO - 1 change detected
2026-01-13 14:34:09 - watchfiles.main - INFO - 1 change detected
2026-01-13 14:34:09 - watchfiles.main - INFO - 1 change detected
2026-01-13 14:34:10 - watchfiles.main - INFO - 1 change detected
2026-01-13 14:34:10 - watchfiles.main - INFO - 1 change detected
2026-01-13 14:34:11 - watchfiles.main - INFO - 1 change detected
2026-01-13 14:34:11 - watchfiles.main - INFO - 1 change detected
2026-01-13 14:34:11 - watchfiles.main - INFO - 1 change detected
2026-01-13 14:34:12 - watchfiles.main - INFO - 1 change detected
2026-01-13 14:34:12 - watchfiles.main - INFO - 1 change detected
2026-01-13 14:34:13 - watchfiles.main - INFO - 1 change detected
2026-01-13 14:34:13 - watchfiles.main - INFO - 1 change detected
2026-01-13 14:34:13 - watchfiles.main - INFO - 1 change detected
2026-01-13 14:34:14 - watchfiles.main - INFO - 1 change detected
2026-01-13 14:34:14 - watchfiles.main - INFO - 1 change detected
2026-01-13 14:34:15 - watchfiles.main - INFO - 1 change detected
2026-01-13 14:34:15 - watchfiles.main - INFO - 1 change detected
2026-01-13 14:34:16 - watchfiles.main - INFO - 1 change detected
2026-01-13 14:34:16 - watchfiles.main - INFO - 1 change detected
2026-01-13 14:34:16 - watchfiles.main - INFO - 1 change detected
2026-01-13 14:34:17 - watchfiles.main - INFO - 1 change detected
2026-01-13 14:34:17 - watchfiles.main - INFO - 1 change detected
2026-01-13 14:34:18 - watchfiles.main - INFO - 1 change detected
2026-01-13 14:34:18 - watchfiles.main - INFO - 1 change detected
2026-01-13 14:34:18 - watchfiles.main - INFO - 1 change detected
2026-01-13 14:34:19 - watchfiles.main - INFO - 1 change detected
2026-01-13 14:34:19 - watchfiles.main - INFO - 1 change detected
2026-01-13 14:34:20 - watchfiles.main - INFO - 1 change detected
2026-01-13 14:34:20 - watchfiles.main - INFO - 1 change detected
2026-01-13 14:34:20 - watchfiles.main - INFO - 1 change detected
2026-01-13 14:34:21 - watchfiles.main - INFO - 1 change detected
2026-01-13 14:34:21 - watchfiles.main - INFO - 1 change detected
2026-01-13 14:34:22 - watchfiles.main - INFO - 1 change detected
2026-01-13 14:34:22 - watchfiles.main - INFO - 1 change detected
2026-01-13 14:34:22 - watchfiles.main - INFO - 1 change detected
2026-01-13 14:34:23 - watchfiles.main - INFO - 1 change detected
2026-01-13 14:34:23 - watchfiles.main - INFO - 1 change detected
2026-01-13 14:34:24 - watchfiles.main - INFO - 1 change detected
2026-01-13 14:34:24 - watchfiles.main - INFO - 1 change detected
2026-01-13 14:34:24 - watchfiles.main - INFO - 1 change detected
2026-01-13 14:34:25 - watchfiles.main - INFO - 1 change detected
2026-01-13 14:34:25 - watchfiles.main - INFO - 1 change detected
2026-01-13 14:34:26 - watchfiles.main - INFO - 1 change detected
2026-01-13 14:34:26 - watchfiles.main - INFO - 1 change detected
2026-01-13 14:34:27 - watchfiles.main - INFO - 1 change detected
2026-01-13 14:34:27 - watchfiles.main - INFO - 1 change detected
2026-01-13 14:34:27 - watchfiles.main - INFO - 1 change detected
2026-01-13 14:34:28 - watchfiles.main - INFO - 1 change detected
2026-01-13 14:34:28 - watchfiles.main - INFO - 1 change detected
2026-01-13 14:34:29 - watchfiles.main - INFO - 1 change detected
2026-01-13 14:34:29 - watchfiles.main - INFO - 1 change detected
2026-01-13 14:34:29 - watchfiles.main - INFO - 1 change detected
2026-01-13 14:34:30 - watchfiles.main - INFO - 1 change detected
2026-01-13 14:34:30 - watchfiles.main - INFO - 1 change detected
2026-01-13 14:34:31 - watchfiles.main - INFO - 1 change detected
2026-01-13 14:34:31 - watchfiles.main - INFO - 1 change detected
2026-01-13 14:34:31 - watchfiles.main - INFO - 1 change detected
2026-01-13 14:34:32 - watchfiles.main - INFO - 1 change detected
2026-01-13 14:34:32 - watchfiles.main - INFO - 1 change detected
2026-01-13 14:34:33 - watchfiles.main - INFO - 1 change detected
2026-01-13 14:34:33 - watchfiles.main - INFO - 1 change detected
2026-01-13 14:34:33 - watchfiles.main - INFO - 1 change detected
2026-01-13 14:34:34 - watchfiles.main - INFO - 1 change detected
2026-01-13 14:34:34 - watchfiles.main - INFO - 1 change detected
2026-01-13 14:34:35 - watchfiles.main - INFO - 1 change detected
2026-01-13 14:34:35 - watchfiles.main - INFO - 1 change detected
2026-01-13 14:34:35 - watchfiles.main - INFO - 1 change detected
2026-01-13 14:34:36 - watchfiles.main - INFO - 1 change detected
2026-01-13 14:34:36 - watchfiles.main - INFO - 1 change detected
2026-01-13 14:34:37 - watchfiles.main - INFO - 1 change detected
2026-01-13 14:34:37 - watchfiles.main - INFO - 1 change detected
2026-01-13 14:34:38 - watchfiles.main - INFO - 1 change detected
2026-01-13 14:34:38 - watchfiles.main - INFO - 1 change detected
2026-01-13 14:34:38 - watchfiles.main - INFO - 1 change detected
2026-01-13 14:34:39 - watchfiles.main - INFO - 1 change detected
2026-01-13 14:34:39 - watchfiles.main - INFO - 1 change detected
2026-01-13 14:34:40 - watchfiles.main - INFO - 1 change detected
2026-01-13 14:34:40 - watchfiles.main - INFO - 1 change detected
2026-01-13 14:34:40 - watchfiles.main - INFO - 1 change detected
2026-01-13 14:34:41 - watchfiles.main - INFO - 1 change detected
2026-01-13 14:34:41 - watchfiles.main - INFO - 1 change detected
2026-01-13 14:34:42 - watchfiles.main - INFO - 1 change detected
2026-01-13 14:34:42 - watchfiles.main - INFO - 1 change detected
2026-01-13 14:34:42 - watchfiles.main - INFO - 1 change detected
2026-01-13 14:34:43 - watchfiles.main - INFO - 1 change detected
2026-01-13 14:34:43 - watchfiles.main - INFO - 1 change detected
2026-01-13 14:34:44 - watchfiles.main - INFO - 1 change detected
2026-01-13 14:34:44 - watchfiles.main - INFO - 1 change detected
2026-01-13 14:34:44 - watchfiles.main - INFO - 1 change detected
2026-01-13 14:34:45 - watchfiles.main - INFO - 1 change detected
2026-01-13 14:34:45 - watchfiles.main - INFO - 1 change detected
2026-01-13 14:34:46 - watchfiles.main - INFO - 1 change detected
2026-01-13 14:34:46 - watchfiles.main - INFO - 1 change detected
2026-01-13 14:34:46 - watchfiles.main - INFO - 1 change detected
2026-01-13 14:34:47 - watchfiles.main - INFO - 1 change detected
2026-01-13 14:34:47 - watchfiles.main - INFO - 1 change detected
2026-01-13 14:34:48 - watchfiles.main - INFO - 1 change detected
2026-01-13 14:34:48 - watchfiles.main - INFO - 1 change detected
2026-01-13 14:34:48 - watchfiles.main - INFO - 1 change detected
2026-01-13 14:34:49 - watchfiles.main - INFO - 1 change detected
2026-01-13 14:34:49 - watchfiles.main - INFO - 1 change detected
2026-01-13 14:34:50 - watchfiles.main - INFO - 1 change detected
2026-01-13 14:34:50 - watchfiles.main - INFO - 1 change detected
2026-01-13 14:34:50 - watchfiles.main - INFO - 1 change detected
2026-01-13 14:34:51 - watchfiles.main - INFO - 1 change detected
2026-01-13 14:34:51 - watchfiles.main - INFO - 1 change detected
2026-01-13 14:34:52 - watchfiles.main - INFO - 1 change detected
2026-01-13 14:34:52 - watchfiles.main - INFO - 1 change detected
2026-01-13 14:34:52 - watchfiles.main - INFO - 1 change detected
2026-01-13 14:34:53 - watchfiles.main - INFO - 1 change detected
2026-01-13 14:34:53 - watchfiles.main - INFO - 1 change detected
2026-01-13 14:34:54 - watchfiles.main - INFO - 1 change detected
2026-01-13 14:34:54 - watchfiles.main - INFO - 1 change detected
2026-01-13 14:34:54 - watchfiles.main - INFO - 1 change detected
2026-01-13 14:34:55 - watchfiles.main - INFO - 1 change detected
2026-01-13 14:34:55 - watchfiles.main - INFO - 1 change detected
2026-01-13 14:34:56 - watchfiles.main - INFO - 1 change detected
2026-01-13 14:34:56 - watchfiles.main - INFO - 1 change detected
2026-01-13 14:34:57 - watchfiles.main - INFO - 1 change detected
2026-01-13 14:34:57 - watchfiles.main - INFO - 1 change detected
2026-01-13 14:34:57 - watchfiles.main - INFO - 1 change detected
2026-01-13 14:34:58 - watchfiles.main - INFO - 1 change detected
2026-01-13 14:34:58 - watchfiles.main - INFO - 1 change detected
2026-01-13 14:34:59 - watchfiles.main - INFO - 1 change detected
2026-01-13 14:34:59 - watchfiles.main - INFO - 1 change detected
2026-01-13 14:34:59 - watchfiles.main - INFO - 1 change detected
2026-01-13 14:35:00 - watchfiles.main - INFO - 1 change detected
2026-01-13 14:35:00 - watchfiles.main - INFO - 1 change detected
2026-01-13 14:35:01 - watchfiles.main - INFO - 1 change detected
2026-01-13 14:35:01 - watchfiles.main - INFO - 1 change detected
2026-01-13 14:35:01 - watchfiles.main - INFO - 1 change detected
2026-01-13 14:35:02 - watchfiles.main - INFO - 1 change detected
2026-01-13 14:35:02 - watchfiles.main - INFO - 1 change detected
2026-01-13 14:35:03 - watchfiles.main - INFO - 1 change detected
2026-01-13 14:35:03 - watchfiles.main - INFO - 1 change detected
2026-01-13 14:35:03 - watchfiles.main - INFO - 1 change detected
2026-01-13 14:35:04 - watchfiles.main - INFO - 1 change detected
2026-01-13 14:35:04 - watchfiles.main - INFO - 1 change detected
2026-01-13 14:35:05 - watchfiles.main - INFO - 1 change detected
2026-01-13 14:35:05 - watchfiles.main - INFO - 1 change detected
2026-01-13 14:35:05 - watchfiles.main - INFO - 1 change detected
2026-01-13 14:35:06 - watchfiles.main - INFO - 1 change detected
2026-01-13 14:35:06 - watchfiles.main - INFO - 1 change detected
2026-01-13 14:35:07 - watchfiles.main - INFO - 1 change detected
2026-01-13 14:35:07 - watchfiles.main - INFO - 1 change detected
2026-01-13 14:35:08 - watchfiles.main - INFO - 1 change detected
2026-01-13 14:35:08 - watchfiles.main - INFO - 1 change detected
2026-01-13 14:35:08 - watchfiles.main - INFO - 1 change detected
2026-01-13 14:35:09 - watchfiles.main - INFO - 1 change detected
2026-01-13 14:35:09 - watchfiles.main - INFO - 1 change detected
2026-01-13 14:35:10 - watchfiles.main - INFO - 1 change detected
2026-01-13 14:35:10 - watchfiles.main - INFO - 1 change detected
2026-01-13 14:35:10 - watchfiles.main - INFO - 1 change detected
2026-01-13 14:35:11 - watchfiles.main - INFO - 1 change detected
2026-01-13 14:35:11 - watchfiles.main - INFO - 1 change detected
2026-01-13 14:35:12 - watchfiles.main - INFO - 1 change detected
2026-01-13 14:35:12 - watchfiles.main - INFO - 1 change detected
2026-01-13 14:35:12 - watchfiles.main - INFO - 1 change detected
2026-01-13 14:35:13 - watchfiles.main - INFO - 1 change detected
2026-01-13 14:35:13 - watchfiles.main - INFO - 1 change detected
2026-01-13 14:35:14 - watchfiles.main - INFO - 1 change detected
2026-01-13 14:35:14 - watchfiles.main - INFO - 1 change detected
2026-01-13 14:35:14 - watchfiles.main - INFO - 1 change detected
2026-01-13 14:35:15 - watchfiles.main - INFO - 1 change detected
2026-01-13 14:35:15 - watchfiles.main - INFO - 1 change detected
2026-01-13 14:35:16 - watchfiles.main - INFO - 1 change detected
2026-01-13 14:35:16 - watchfiles.main - INFO - 1 change detected
2026-01-13 14:35:17 - watchfiles.main - INFO - 1 change detected
2026-01-13 14:35:17 - watchfiles.main - INFO - 1 change detected
2026-01-13 14:35:17 - watchfiles.main - INFO - 1 change detected
2026-01-13 14:35:18 - watchfiles.main - INFO - 1 change detected
2026-01-13 14:35:18 - watchfiles.main - INFO - 1 change detected
2026-01-13 14:35:19 - watchfiles.main - INFO - 1 change detected
2026-01-13 14:35:19 - watchfiles.main - INFO - 1 change detected
2026-01-13 14:35:19 - watchfiles.main - INFO - 1 change detected
2026-01-13 14:35:20 - watchfiles.main - INFO - 1 change detected
2026-01-13 14:35:20 - watchfiles.main - INFO - 1 change detected
2026-01-13 14:35:21 - watchfiles.main - INFO - 1 change detected
2026-01-13 14:35:21 - watchfiles.main - INFO - 1 change detected
2026-01-13 14:35:21 - watchfiles.main - INFO - 1 change detected
2026-01-13 14:35:22 - watchfiles.main - INFO - 1 change detected
2026-01-13 18:41:25 - watchfiles.main - INFO - 1 change detected
2026-01-13 18:41:25 - watchfiles.main - INFO - 1 change detected
2026-01-13 18:41:26 - watchfiles.main - INFO - 1 change detected
2026-01-13 18:41:26 - watchfiles.main - INFO - 1 change detected
2026-01-13 18:41:27 - watchfiles.main - INFO - 1 change detected
2026-01-13 18:41:27 - watchfiles.main - INFO - 1 change detected
2026-01-13 18:41:27 - watchfiles.main - INFO - 1 change detected
2026-01-13 18:41:28 - watchfiles.main - INFO - 1 change detected
2026-01-13 18:41:28 - watchfiles.main - INFO - 1 change detected
2026-01-13 18:41:29 - watchfiles.main - INFO - 1 change detected
2026-01-13 18:41:29 - watchfiles.main - INFO - 1 change detected
2026-01-13 18:41:29 - watchfiles.main - INFO - 1 change detected
2026-01-13 18:41:30 - watchfiles.main - INFO - 1 change detected
2026-01-13 18:41:30 - watchfiles.main - INFO - 1 change detected
2026-01-13 18:41:31 - watchfiles.main - INFO - 1 change detected
2026-01-13 18:41:31 - watchfiles.main - INFO - 1 change detected
2026-01-13 18:41:32 - watchfiles.main - INFO - 1 change detected
2026-01-13 18:41:32 - watchfiles.main - INFO - 1 change detected
2026-01-13 18:47:02 - watchfiles.main - INFO - 1 change detected
2026-01-13 18:47:03 - watchfiles.main - INFO - 1 change detected
2026-01-13 18:47:04 - watchfiles.main - INFO - 1 change detected
2026-01-13 18:47:04 - watchfiles.main - INFO - 1 change detected
2026-01-13 18:47:04 - watchfiles.main - INFO - 1 change detected
2026-01-13 18:47:05 - watchfiles.main - INFO - 1 change detected
2026-01-13 18:47:05 - watchfiles.main - INFO - 1 change detected
2026-01-13 18:47:06 - watchfiles.main - INFO - 1 change detected
2026-01-13 18:47:06 - watchfiles.main - INFO - 1 change detected
2026-01-13 18:47:07 - watchfiles.main - INFO - 1 change detected
2026-01-13 18:47:07 - watchfiles.main - INFO - 1 change detected
2026-01-13 18:47:07 - watchfiles.main - INFO - 1 change detected
2026-01-13 18:47:08 - watchfiles.main - INFO - 1 change detected
2026-01-13 18:47:08 - watchfiles.main - INFO - 1 change detected
2026-01-13 18:47:09 - watchfiles.main - INFO - 1 change detected
2026-01-13 18:47:09 - watchfiles.main - INFO - 1 change detected
2026-01-13 18:47:09 - watchfiles.main - INFO - 1 change detected
2026-01-13 18:47:10 - watchfiles.main - INFO - 1 change detected
2026-01-13 18:47:10 - watchfiles.main - INFO - 1 change detected
2026-01-13 18:47:11 - watchfiles.main - INFO - 1 change detected
2026-01-13 18:47:11 - watchfiles.main - INFO - 1 change detected
2026-01-13 18:47:11 - watchfiles.main - INFO - 1 change detected
2026-01-13 18:47:12 - watchfiles.main - INFO - 1 change detected
2026-01-13 18:47:12 - watchfiles.main - INFO - 1 change detected
2026-01-13 18:47:13 - watchfiles.main - INFO - 1 change detected
2026-01-13 18:47:13 - watchfiles.main - INFO - 1 change detected
2026-01-13 18:47:13 - watchfiles.main - INFO - 1 change detected
2026-01-13 18:47:14 - watchfiles.main - INFO - 1 change detected
2026-01-13 18:47:14 - watchfiles.main - INFO - 1 change detected
2026-01-13 18:47:15 - watchfiles.main - INFO - 1 change detected
2026-01-13 18:47:15 - watchfiles.main - INFO - 1 change detected
2026-01-13 18:47:16 - watchfiles.main - INFO - 1 change detected
2026-01-13 18:47:16 - watchfiles.main - INFO - 1 change detected
2026-01-13 18:47:16 - watchfiles.main - INFO - 1 change detected
2026-01-13 18:47:17 - watchfiles.main - INFO - 1 change detected
2026-01-13 18:47:17 - watchfiles.main - INFO - 1 change detected
2026-01-13 18:47:18 - watchfiles.main - INFO - 1 change detected
2026-01-13 18:47:18 - watchfiles.main - INFO - 1 change detected
2026-01-13 18:47:18 - watchfiles.main - INFO - 1 change detected
2026-01-13 18:47:19 - watchfiles.main - INFO - 1 change detected
2026-01-13 18:47:19 - watchfiles.main - INFO - 1 change detected
2026-01-13 18:47:20 - watchfiles.main - INFO - 1 change detected
2026-01-13 18:47:21 - watchfiles.main - INFO - 1 change detected
2026-01-13 18:47:21 - watchfiles.main - INFO - 1 change detected
2026-01-13 18:47:22 - watchfiles.main - INFO - 1 change detected
2026-01-13 18:47:22 - watchfiles.main - INFO - 1 change detected
2026-01-13 18:47:23 - watchfiles.main - INFO - 1 change detected
2026-01-13 18:47:23 - watchfiles.main - INFO - 1 change detected
2026-01-13 18:47:23 - watchfiles.main - INFO - 1 change detected
2026-01-13 18:47:24 - watchfiles.main - INFO - 1 change detected
2026-01-13 18:47:24 - watchfiles.main - INFO - 1 change detected
2026-01-13 18:47:25 - watchfiles.main - INFO - 1 change detected
2026-01-13 18:47:25 - watchfiles.main - INFO - 1 change detected
2026-01-13 18:47:25 - watchfiles.main - INFO - 1 change detected
2026-01-13 18:47:26 - watchfiles.main - INFO - 1 change detected
2026-01-13 18:47:26 - watchfiles.main - INFO - 1 change detected
2026-01-13 18:47:27 - watchfiles.main - INFO - 1 change detected
2026-01-13 18:47:27 - watchfiles.main - INFO - 1 change detected
2026-01-13 18:47:28 - watchfiles.main - INFO - 1 change detected
2026-01-13 18:47:28 - watchfiles.main - INFO - 1 change detected
2026-01-13 18:47:28 - watchfiles.main - INFO - 1 change detected
2026-01-13 18:47:29 - watchfiles.main - INFO - 1 change detected
2026-01-13 18:47:29 - watchfiles.main - INFO - 1 change detected
2026-01-13 18:47:29 - watchfiles.main - INFO - 1 change detected
2026-01-13 18:47:30 - watchfiles.main - INFO - 1 change detected
2026-01-13 18:47:30 - watchfiles.main - INFO - 1 change detected
2026-01-13 18:47:31 - watchfiles.main - INFO - 1 change detected
2026-01-13 18:47:31 - watchfiles.main - INFO - 1 change detected
2026-01-13 18:47:32 - watchfiles.main - INFO - 1 change detected
2026-01-13 18:47:32 - watchfiles.main - INFO - 1 change detected
2026-01-13 18:47:32 - watchfiles.main - INFO - 1 change detected
2026-01-13 18:47:33 - watchfiles.main - INFO - 1 change detected
2026-01-13 18:47:33 - watchfiles.main - INFO - 1 change detected
2026-01-13 18:47:33 - watchfiles.main - INFO - 1 change detected
2026-01-13 18:47:34 - watchfiles.main - INFO - 1 change detected
2026-01-13 18:47:34 - watchfiles.main - INFO - 1 change detected
2026-01-13 18:47:35 - watchfiles.main - INFO - 1 change detected
2026-01-13 18:47:35 - watchfiles.main - INFO - 1 change detected
2026-01-13 18:47:36 - watchfiles.main - INFO - 1 change detected
2026-01-13 18:47:36 - watchfiles.main - INFO - 1 change detected
2026-01-13 18:47:36 - watchfiles.main - INFO - 1 change detected
2026-01-13 18:47:37 - watchfiles.main - INFO - 1 change detected
2026-01-13 18:47:37 - watchfiles.main - INFO - 1 change detected
2026-01-13 18:47:37 - watchfiles.main - INFO - 1 change detected
2026-01-13 18:47:38 - watchfiles.main - INFO - 1 change detected
2026-01-13 18:47:38 - watchfiles.main - INFO - 1 change detected
2026-01-13 18:47:39 - watchfiles.main - INFO - 1 change detected
2026-01-13 18:47:39 - watchfiles.main - INFO - 1 change detected
2026-01-13 18:47:40 - watchfiles.main - INFO - 1 change detected
2026-01-13 18:47:40 - watchfiles.main - INFO - 1 change detected
2026-01-13 18:47:40 - watchfiles.main - INFO - 1 change detected
2026-01-13 18:47:41 - watchfiles.main - INFO - 1 change detected
2026-01-13 18:47:41 - watchfiles.main - INFO - 1 change detected
2026-01-13 18:47:42 - watchfiles.main - INFO - 1 change detected
2026-01-13 18:47:42 - watchfiles.main - INFO - 1 change detected
2026-01-13 18:47:42 - watchfiles.main - INFO - 1 change detected
2026-01-13 18:47:43 - watchfiles.main - INFO - 1 change detected
2026-01-13 18:47:43 - watchfiles.main - INFO - 1 change detected
2026-01-13 18:47:44 - watchfiles.main - INFO - 1 change detected
2026-01-13 18:47:44 - watchfiles.main - INFO - 1 change detected
2026-01-13 18:47:44 - watchfiles.main - INFO - 1 change detected
2026-01-13 18:47:45 - watchfiles.main - INFO - 1 change detected
2026-01-13 18:47:45 - watchfiles.main - INFO - 1 change detected
2026-01-13 18:47:46 - watchfiles.main - INFO - 1 change detected
2026-01-13 18:47:46 - watchfiles.main - INFO - 1 change detected
2026-01-13 18:47:46 - watchfiles.main - INFO - 1 change detected
2026-01-13 18:47:47 - watchfiles.main - INFO - 1 change detected
2026-01-13 18:47:47 - watchfiles.main - INFO - 1 change detected
2026-01-13 18:47:48 - watchfiles.main - INFO - 1 change detected
2026-01-13 18:47:48 - watchfiles.main - INFO - 1 change detected
2026-01-13 18:47:48 - watchfiles.main - INFO - 1 change detected
2026-01-13 18:47:49 - watchfiles.main - INFO - 1 change detected
2026-01-13 18:47:49 - watchfiles.main - INFO - 1 change detected
2026-01-13 18:47:50 - watchfiles.main - INFO - 1 change detected
2026-01-13 18:47:50 - watchfiles.main - INFO - 1 change detected
2026-01-13 18:47:50 - watchfiles.main - INFO - 1 change detected
2026-01-13 18:47:51 - watchfiles.main - INFO - 1 change detected
2026-01-13 18:47:51 - watchfiles.main - INFO - 1 change detected
2026-01-13 18:47:52 - watchfiles.main - INFO - 1 change detected
2026-01-13 18:47:52 - watchfiles.main - INFO - 1 change detected
2026-01-13 18:47:52 - watchfiles.main - INFO - 1 change detected
2026-01-13 18:47:53 - watchfiles.main - INFO - 1 change detected
2026-01-13 18:47:53 - watchfiles.main - INFO - 1 change detected
2026-01-13 18:47:54 - watchfiles.main - INFO - 1 change detected
2026-01-13 18:47:54 - watchfiles.main - INFO - 1 change detected
2026-01-13 18:47:54 - watchfiles.main - INFO - 1 change detected
2026-01-13 18:47:55 - watchfiles.main - INFO - 1 change detected
2026-01-13 18:47:55 - watchfiles.main - INFO - 1 change detected
2026-01-13 18:47:56 - watchfiles.main - INFO - 1 change detected
2026-01-13 18:47:56 - watchfiles.main - INFO - 1 change detected
2026-01-13 18:47:56 - watchfiles.main - INFO - 1 change detected
2026-01-13 18:47:57 - watchfiles.main - INFO - 1 change detected
2026-01-13 18:47:57 - watchfiles.main - INFO - 1 change detected
2026-01-13 18:47:58 - watchfiles.main - INFO - 1 change detected
2026-01-13 18:47:58 - watchfiles.main - INFO - 1 change detected
2026-01-13 18:47:59 - watchfiles.main - INFO - 1 change detected
2026-01-13 18:47:59 - watchfiles.main - INFO - 1 change detected
2026-01-13 18:47:59 - watchfiles.main - INFO - 1 change detected
2026-01-13 18:48:00 - watchfiles.main - INFO - 1 change detected
2026-01-13 18:48:00 - watchfiles.main - INFO - 1 change detected
2026-01-13 18:48:01 - watchfiles.main - INFO - 1 change detected
2026-01-13 18:48:01 - watchfiles.main - INFO - 1 change detected
2026-01-13 18:48:01 - watchfiles.main - INFO - 1 change detected
2026-01-13 18:48:02 - watchfiles.main - INFO - 1 change detected
2026-01-13 18:48:02 - watchfiles.main - INFO - 1 change detected
2026-01-13 18:48:03 - watchfiles.main - INFO - 1 change detected
2026-01-13 18:48:03 - watchfiles.main - INFO - 1 change detected
2026-01-13 18:48:03 - watchfiles.main - INFO - 1 change detected
2026-01-13 18:48:04 - watchfiles.main - INFO - 1 change detected
2026-01-13 18:48:04 - watchfiles.main - INFO - 1 change detected
2026-01-13 18:48:05 - watchfiles.main - INFO - 1 change detected
2026-01-13 18:48:05 - watchfiles.main - INFO - 1 change detected
2026-01-13 18:48:05 - watchfiles.main - INFO - 1 change detected
2026-01-13 18:48:06 - watchfiles.main - INFO - 1 change detected
2026-01-13 18:48:06 - watchfiles.main - INFO - 1 change detected
2026-01-13 18:48:07 - watchfiles.main - INFO - 1 change detected
2026-01-13 18:48:07 - watchfiles.main - INFO - 1 change detected
2026-01-13 18:48:08 - watchfiles.main - INFO - 1 change detected
2026-01-13 18:48:08 - watchfiles.main - INFO - 1 change detected
2026-01-13 18:48:08 - watchfiles.main - INFO - 1 change detected
2026-01-13 18:48:09 - watchfiles.main - INFO - 1 change detected
2026-01-13 18:48:09 - watchfiles.main - INFO - 1 change detected
2026-01-13 18:48:10 - watchfiles.main - INFO - 1 change detected
2026-01-13 18:48:10 - watchfiles.main - INFO - 1 change detected
2026-01-13 18:48:10 - watchfiles.main - INFO - 1 change detected
2026-01-13 18:48:11 - watchfiles.main - INFO - 1 change detected
2026-01-13 18:48:11 - watchfiles.main - INFO - 1 change detected
2026-01-13 18:48:12 - watchfiles.main - INFO - 1 change detected
2026-01-13 18:48:12 - watchfiles.main - INFO - 1 change detected
2026-01-13 18:48:12 - watchfiles.main - INFO - 1 change detected
2026-01-13 18:48:13 - watchfiles.main - INFO - 1 change detected
2026-01-13 18:48:13 - watchfiles.main - INFO - 1 change detected
2026-01-13 18:48:14 - watchfiles.main - INFO - 1 change detected
2026-01-13 18:48:14 - watchfiles.main - INFO - 1 change detected
2026-01-13 18:48:14 - watchfiles.main - INFO - 1 change detected
2026-01-13 18:48:15 - watchfiles.main - INFO - 1 change detected
2026-01-13 18:48:15 - watchfiles.main - INFO - 1 change detected
2026-01-13 18:48:16 - watchfiles.main - INFO - 1 change detected
2026-01-13 18:48:16 - watchfiles.main - INFO - 1 change detected
2026-01-13 18:48:16 - watchfiles.main - INFO - 1 change detected
2026-01-13 18:48:17 - watchfiles.main - INFO - 1 change detected
2026-01-13 18:48:17 - watchfiles.main - INFO - 1 change detected
2026-01-13 18:48:18 - watchfiles.main - INFO - 1 change detected
2026-01-13 18:48:18 - watchfiles.main - INFO - 1 change detected
2026-01-13 18:48:19 - watchfiles.main - INFO - 1 change detected
2026-01-13 18:48:19 - watchfiles.main - INFO - 1 change detected
2026-01-13 18:48:19 - watchfiles.main - INFO - 1 change detected
2026-01-13 18:48:20 - watchfiles.main - INFO - 1 change detected
2026-01-13 18:48:20 - watchfiles.main - INFO - 1 change detected
2026-01-13 18:48:21 - watchfiles.main - INFO - 1 change detected
2026-01-13 18:48:21 - watchfiles.main - INFO - 1 change detected
2026-01-13 18:48:21 - watchfiles.main - INFO - 1 change detected
2026-01-13 18:48:22 - watchfiles.main - INFO - 1 change detected
2026-01-13 18:48:22 - watchfiles.main - INFO - 1 change detected
2026-01-13 18:48:23 - watchfiles.main - INFO - 1 change detected
2026-01-13 18:48:23 - watchfiles.main - INFO - 1 change detected
2026-01-13 18:48:23 - watchfiles.main - INFO - 1 change detected
2026-01-13 18:48:24 - watchfiles.main - INFO - 1 change detected
2026-01-13 18:48:24 - watchfiles.main - INFO - 1 change detected
2026-01-13 18:48:25 - watchfiles.main - INFO - 1 change detected
2026-01-13 18:48:25 - watchfiles.main - INFO - 1 change detected
2026-01-13 18:48:26 - watchfiles.main - INFO - 1 change detected
2026-01-13 18:48:26 - watchfiles.main - INFO - 1 change detected
2026-01-13 18:48:26 - watchfiles.main - INFO - 1 change detected
2026-01-13 18:48:27 - watchfiles.main - INFO - 1 change detected
2026-01-13 18:48:27 - watchfiles.main - INFO - 1 change detected
2026-01-13 18:48:28 - watchfiles.main - INFO - 1 change detected
2026-01-13 18:48:28 - watchfiles.main - INFO - 1 change detected
2026-01-13 18:48:28 - watchfiles.main - INFO - 1 change detected
2026-01-13 18:48:29 - watchfiles.main - INFO - 1 change detected
2026-01-13 18:48:29 - watchfiles.main - INFO - 1 change detected
2026-01-13 18:48:30 - watchfiles.main - INFO - 1 change detected
2026-01-13 18:48:30 - watchfiles.main - INFO - 1 change detected
2026-01-13 18:48:30 - watchfiles.main - INFO - 1 change detected
2026-01-13 18:48:31 - watchfiles.main - INFO - 1 change detected
2026-01-13 18:48:31 - watchfiles.main - INFO - 1 change detected
2026-01-13 18:48:32 - watchfiles.main - INFO - 1 change detected
2026-01-13 18:48:32 - watchfiles.main - INFO - 1 change detected
2026-01-13 18:48:32 - watchfiles.main - INFO - 1 change detected
2026-01-13 18:48:33 - watchfiles.main - INFO - 1 change detected
2026-01-13 18:48:33 - watchfiles.main - INFO - 1 change detected
2026-01-13 18:48:34 - watchfiles.main - INFO - 1 change detected
2026-01-13 18:48:34 - watchfiles.main - INFO - 1 change detected
2026-01-13 18:48:35 - watchfiles.main - INFO - 1 change detected
2026-01-13 18:48:35 - watchfiles.main - INFO - 1 change detected
2026-01-13 18:48:35 - watchfiles.main - INFO - 1 change detected
2026-01-13 18:48:36 - watchfiles.main - INFO - 1 change detected
2026-01-13 18:48:36 - watchfiles.main - INFO - 1 change detected
2026-01-13 18:48:37 - watchfiles.main - INFO - 1 change detected
2026-01-13 18:48:37 - watchfiles.main - INFO - 1 change detected
2026-01-13 18:48:37 - watchfiles.main - INFO - 1 change detected
2026-01-13 18:48:38 - watchfiles.main - INFO - 1 change detected
2026-01-13 18:48:38 - watchfiles.main - INFO - 1 change detected
2026-01-13 18:48:39 - watchfiles.main - INFO - 1 change detected
2026-01-13 18:48:39 - watchfiles.main - INFO - 1 change detected
2026-01-13 18:48:39 - watchfiles.main - INFO - 1 change detected
2026-01-13 18:48:40 - watchfiles.main - INFO - 1 change detected
2026-01-13 18:48:40 - watchfiles.main - INFO - 1 change detected
2026-01-13 18:48:41 - watchfiles.main - INFO - 1 change detected
2026-01-13 18:48:41 - watchfiles.main - INFO - 1 change detected
2026-01-13 18:48:42 - watchfiles.main - INFO - 1 change detected
2026-01-13 18:48:42 - watchfiles.main - INFO - 1 change detected
2026-01-13 18:48:42 - watchfiles.main - INFO - 1 change detected
2026-01-13 18:48:43 - watchfiles.main - INFO - 1 change detected
2026-01-13 18:48:43 - watchfiles.main - INFO - 1 change detected
2026-01-13 18:48:44 - watchfiles.main - INFO - 1 change detected
2026-01-13 18:48:44 - watchfiles.main - INFO - 1 change detected
2026-01-13 18:48:44 - watchfiles.main - INFO - 1 change detected
2026-01-13 18:48:45 - watchfiles.main - INFO - 1 change detected
2026-01-13 18:48:45 - watchfiles.main - INFO - 1 change detected
2026-01-13 18:48:46 - watchfiles.main - INFO - 1 change detected
2026-01-13 18:48:46 - watchfiles.main - INFO - 1 change detected
2026-01-13 18:48:46 - watchfiles.main - INFO - 1 change detected
2026-01-13 18:48:47 - watchfiles.main - INFO - 1 change detected
2026-01-13 18:48:47 - watchfiles.main - INFO - 1 change detected
2026-01-13 18:48:48 - watchfiles.main - INFO - 1 change detected
2026-01-13 18:48:48 - watchfiles.main - INFO - 1 change detected
2026-01-13 18:48:49 - watchfiles.main - INFO - 1 change detected
2026-01-13 18:48:49 - watchfiles.main - INFO - 1 change detected
2026-01-13 18:48:49 - watchfiles.main - INFO - 1 change detected
2026-01-13 18:48:50 - watchfiles.main - INFO - 1 change detected
2026-01-13 18:48:50 - watchfiles.main - INFO - 1 change detected
2026-01-13 18:48:51 - watchfiles.main - INFO - 1 change detected
2026-01-13 18:48:51 - watchfiles.main - INFO - 1 change detected
2026-01-13 18:48:51 - watchfiles.main - INFO - 1 change detected
2026-01-13 18:48:52 - watchfiles.main - INFO - 1 change detected
2026-01-13 18:48:52 - watchfiles.main - INFO - 1 change detected
2026-01-13 18:48:53 - watchfiles.main - INFO - 1 change detected
2026-01-13 18:48:53 - watchfiles.main - INFO - 1 change detected
2026-01-13 18:48:53 - watchfiles.main - INFO - 1 change detected
2026-01-13 18:48:54 - watchfiles.main - INFO - 1 change detected
2026-01-13 18:48:54 - watchfiles.main - INFO - 1 change detected
2026-01-13 18:48:55 - watchfiles.main - INFO - 1 change detected
2026-01-13 18:48:55 - watchfiles.main - INFO - 1 change detected
2026-01-13 18:48:55 - watchfiles.main - INFO - 1 change detected
2026-01-13 18:48:56 - watchfiles.main - INFO - 1 change detected
2026-01-13 18:48:56 - watchfiles.main - INFO - 1 change detected
2026-01-13 18:48:57 - watchfiles.main - INFO - 1 change detected
2026-01-13 18:48:57 - watchfiles.main - INFO - 1 change detected
2026-01-13 18:48:57 - watchfiles.main - INFO - 1 change detected
2026-01-13 18:48:58 - watchfiles.main - INFO - 1 change detected
2026-01-13 18:48:58 - watchfiles.main - INFO - 1 change detected
2026-01-13 18:48:59 - watchfiles.main - INFO - 1 change detected
2026-01-13 18:48:59 - watchfiles.main - INFO - 1 change detected
2026-01-13 18:49:00 - watchfiles.main - INFO - 1 change detected
2026-01-13 18:49:00 - watchfiles.main - INFO - 1 change detected
2026-01-13 18:49:00 - watchfiles.main - INFO - 1 change detected
2026-01-13 18:49:01 - watchfiles.main - INFO - 1 change detected
2026-01-13 18:49:01 - watchfiles.main - INFO - 1 change detected
2026-01-13 18:49:02 - watchfiles.main - INFO - 1 change detected
2026-01-13 18:49:02 - watchfiles.main - INFO - 1 change detected
2026-01-13 18:49:02 - watchfiles.main - INFO - 1 change detected
2026-01-13 18:49:03 - watchfiles.main - INFO - 1 change detected
2026-01-13 18:49:03 - watchfiles.main - INFO - 1 change detected
2026-01-13 18:49:04 - watchfiles.main - INFO - 1 change detected
2026-01-13 18:49:04 - watchfiles.main - INFO - 1 change detected
2026-01-13 18:49:04 - watchfiles.main - INFO - 1 change detected
2026-01-13 18:49:05 - watchfiles.main - INFO - 1 change detected
2026-01-13 18:49:05 - watchfiles.main - INFO - 1 change detected
2026-01-13 18:49:06 - watchfiles.main - INFO - 1 change detected
2026-01-13 18:49:06 - watchfiles.main - INFO - 1 change detected
2026-01-13 18:49:06 - watchfiles.main - INFO - 1 change detected
2026-01-13 18:49:07 - watchfiles.main - INFO - 1 change detected
2026-01-13 18:49:07 - watchfiles.main - INFO - 1 change detected
2026-01-13 18:49:08 - watchfiles.main - INFO - 1 change detected
2026-01-13 18:49:08 - watchfiles.main - INFO - 1 change detected
2026-01-13 18:49:09 - watchfiles.main - INFO - 1 change detected
2026-01-13 18:49:09 - watchfiles.main - INFO - 1 change detected
2026-01-13 18:49:09 - watchfiles.main - INFO - 1 change detected
2026-01-13 18:49:10 - watchfiles.main - INFO - 1 change detected
2026-01-13 18:49:10 - watchfiles.main - INFO - 1 change detected
2026-01-13 18:49:11 - watchfiles.main - INFO - 1 change detected
2026-01-13 18:49:11 - watchfiles.main - INFO - 1 change detected
2026-01-13 18:49:11 - watchfiles.main - INFO - 1 change detected
2026-01-13 18:49:12 - watchfiles.main - INFO - 1 change detected
2026-01-13 18:49:12 - watchfiles.main - INFO - 1 change detected
2026-01-13 18:49:13 - watchfiles.main - INFO - 1 change detected
2026-01-13 18:49:13 - watchfiles.main - INFO - 1 change detected
2026-01-13 18:49:14 - watchfiles.main - INFO - 1 change detected
2026-01-13 18:49:14 - watchfiles.main - INFO - 1 change detected
2026-01-13 18:49:14 - watchfiles.main - INFO - 1 change detected
2026-01-13 18:49:15 - watchfiles.main - INFO - 1 change detected
2026-01-13 18:49:15 - watchfiles.main - INFO - 1 change detected
2026-01-13 18:49:16 - watchfiles.main - INFO - 1 change detected
2026-01-13 18:49:16 - watchfiles.main - INFO - 1 change detected
2026-01-13 18:49:16 - watchfiles.main - INFO - 1 change detected
2026-01-13 18:49:17 - watchfiles.main - INFO - 1 change detected
2026-01-13 18:49:17 - watchfiles.main - INFO - 1 change detected
2026-01-13 18:49:18 - watchfiles.main - INFO - 1 change detected
2026-01-13 18:49:18 - watchfiles.main - INFO - 1 change detected
2026-01-13 18:49:19 - watchfiles.main - INFO - 1 change detected
2026-01-13 18:49:19 - watchfiles.main - INFO - 1 change detected
2026-01-13 18:49:19 - watchfiles.main - INFO - 1 change detected
2026-01-13 18:49:20 - watchfiles.main - INFO - 1 change detected
2026-01-13 18:49:20 - watchfiles.main - INFO - 1 change detected
2026-01-13 18:49:21 - watchfiles.main - INFO - 1 change detected
2026-01-13 18:49:21 - watchfiles.main - INFO - 1 change detected
2026-01-13 18:49:21 - watchfiles.main - INFO - 1 change detected
2026-01-13 18:49:22 - watchfiles.main - INFO - 1 change detected
2026-01-13 18:49:22 - watchfiles.main - INFO - 1 change detected
2026-01-13 18:49:23 - watchfiles.main - INFO - 1 change detected
2026-01-13 18:49:23 - watchfiles.main - INFO - 1 change detected
2026-01-13 18:49:24 - watchfiles.main - INFO - 1 change detected
2026-01-13 18:49:24 - watchfiles.main - INFO - 1 change detected
2026-01-13 18:49:24 - watchfiles.main - INFO - 1 change detected
2026-01-13 18:49:25 - watchfiles.main - INFO - 1 change detected
2026-01-13 18:49:25 - watchfiles.main - INFO - 1 change detected
2026-01-13 18:49:26 - watchfiles.main - INFO - 1 change detected
2026-01-13 18:49:26 - watchfiles.main - INFO - 1 change detected
2026-01-13 18:49:26 - watchfiles.main - INFO - 1 change detected
2026-01-13 18:49:27 - watchfiles.main - INFO - 1 change detected
2026-01-13 18:49:27 - watchfiles.main - INFO - 1 change detected
2026-01-13 18:49:28 - watchfiles.main - INFO - 1 change detected
2026-01-13 18:49:28 - watchfiles.main - INFO - 1 change detected
2026-01-13 18:49:28 - watchfiles.main - INFO - 1 change detected
2026-01-13 18:49:29 - watchfiles.main - INFO - 1 change detected
2026-01-13 18:49:29 - watchfiles.main - INFO - 1 change detected
2026-01-13 18:49:30 - watchfiles.main - INFO - 1 change detected
2026-01-13 18:49:30 - watchfiles.main - INFO - 1 change detected
2026-01-13 18:49:31 - watchfiles.main - INFO - 1 change detected
2026-01-13 18:49:31 - watchfiles.main - INFO - 1 change detected
2026-01-13 18:49:31 - watchfiles.main - INFO - 1 change detected
2026-01-13 18:49:32 - watchfiles.main - INFO - 1 change detected
2026-01-13 18:49:32 - watchfiles.main - INFO - 1 change detected
2026-01-13 18:49:33 - watchfiles.main - INFO - 1 change detected
2026-01-13 18:49:33 - watchfiles.main - INFO - 1 change detected
2026-01-13 18:49:33 - watchfiles.main - INFO - 1 change detected
2026-01-13 18:49:34 - watchfiles.main - INFO - 1 change detected
2026-01-13 18:49:34 - watchfiles.main - INFO - 1 change detected
2026-01-13 18:49:35 - watchfiles.main - INFO - 1 change detected
2026-01-13 18:49:35 - watchfiles.main - INFO - 1 change detected
2026-01-13 18:49:36 - watchfiles.main - INFO - 1 change detected
2026-01-13 18:49:36 - watchfiles.main - INFO - 1 change detected
2026-01-13 18:49:36 - watchfiles.main - INFO - 1 change detected
2026-01-13 18:49:37 - watchfiles.main - INFO - 1 change detected
2026-01-13 18:49:37 - watchfiles.main - INFO - 1 change detected
2026-01-13 18:49:38 - watchfiles.main - INFO - 1 change detected
2026-01-13 18:49:38 - watchfiles.main - INFO - 1 change detected
2026-01-13 18:49:38 - watchfiles.main - INFO - 1 change detected
2026-01-13 18:49:39 - watchfiles.main - INFO - 1 change detected
2026-01-13 18:49:39 - watchfiles.main - INFO - 1 change detected
2026-01-13 18:49:40 - watchfiles.main - INFO - 1 change detected
2026-01-13 18:49:40 - watchfiles.main - INFO - 1 change detected
2026-01-13 18:49:41 - watchfiles.main - INFO - 1 change detected
2026-01-13 18:49:41 - watchfiles.main - INFO - 1 change detected
2026-01-13 18:49:41 - watchfiles.main - INFO - 1 change detected
2026-01-13 18:49:42 - watchfiles.main - INFO - 1 change detected
2026-01-13 18:49:42 - watchfiles.main - INFO - 1 change detected
2026-01-13 18:49:43 - watchfiles.main - INFO - 1 change detected
2026-01-13 18:49:43 - watchfiles.main - INFO - 1 change detected
2026-01-13 18:49:43 - watchfiles.main - INFO - 1 change detected
2026-01-13 18:49:44 - watchfiles.main - INFO - 1 change detected
2026-01-13 18:49:44 - watchfiles.main - INFO - 1 change detected
2026-01-13 18:49:45 - watchfiles.main - INFO - 1 change detected
2026-01-13 18:49:45 - watchfiles.main - INFO - 1 change detected
2026-01-13 18:49:45 - watchfiles.main - INFO - 1 change detected
2026-01-13 18:49:46 - watchfiles.main - INFO - 1 change detected
2026-01-13 18:49:46 - watchfiles.main - INFO - 1 change detected
2026-01-13 18:49:47 - watchfiles.main - INFO - 1 change detected
2026-01-13 18:49:47 - watchfiles.main - INFO - 1 change detected
2026-01-13 18:49:47 - watchfiles.main - INFO - 1 change detected
2026-01-13 18:49:48 - watchfiles.main - INFO - 1 change detected
2026-01-13 18:49:48 - watchfiles.main - INFO - 1 change detected
2026-01-13 18:49:49 - watchfiles.main - INFO - 1 change detected
2026-01-13 18:49:49 - watchfiles.main - INFO - 1 change detected
2026-01-13 18:49:50 - watchfiles.main - INFO - 1 change detected
2026-01-13 18:49:50 - watchfiles.main - INFO - 1 change detected
2026-01-13 18:49:50 - watchfiles.main - INFO - 1 change detected
2026-01-13 18:49:51 - watchfiles.main - INFO - 1 change detected
2026-01-13 18:49:51 - watchfiles.main - INFO - 1 change detected
2026-01-13 18:49:52 - watchfiles.main - INFO - 1 change detected
2026-01-13 18:49:52 - watchfiles.main - INFO - 1 change detected
2026-01-13 18:49:52 - watchfiles.main - INFO - 1 change detected
2026-01-13 18:49:53 - watchfiles.main - INFO - 1 change detected
2026-01-13 18:49:53 - watchfiles.main - INFO - 1 change detected
2026-01-13 18:49:54 - watchfiles.main - INFO - 1 change detected
2026-01-13 18:49:54 - watchfiles.main - INFO - 1 change detected
2026-01-13 18:49:55 - watchfiles.main - INFO - 1 change detected
2026-01-13 18:49:55 - watchfiles.main - INFO - 1 change detected
2026-01-13 18:49:55 - watchfiles.main - INFO - 1 change detected
2026-01-13 18:49:56 - watchfiles.main - INFO - 1 change detected
2026-01-13 18:49:56 - watchfiles.main - INFO - 1 change detected
2026-01-13 18:49:57 - watchfiles.main - INFO - 1 change detected
2026-01-13 18:49:57 - watchfiles.main - INFO - 1 change detected
2026-01-13 18:49:57 - watchfiles.main - INFO - 1 change detected
2026-01-13 18:49:58 - watchfiles.main - INFO - 1 change detected
2026-01-13 18:49:58 - watchfiles.main - INFO - 1 change detected
2026-01-13 18:49:59 - watchfiles.main - INFO - 1 change detected
2026-01-13 18:49:59 - watchfiles.main - INFO - 1 change detected
2026-01-13 18:49:59 - watchfiles.main - INFO - 1 change detected
2026-01-13 18:50:00 - watchfiles.main - INFO - 1 change detected
2026-01-13 18:50:00 - watchfiles.main - INFO - 1 change detected
2026-01-13 18:50:01 - watchfiles.main - INFO - 1 change detected
2026-01-13 18:50:01 - watchfiles.main - INFO - 1 change detected
2026-01-13 18:50:02 - watchfiles.main - INFO - 1 change detected
2026-01-13 18:50:02 - watchfiles.main - INFO - 1 change detected
2026-01-13 18:50:02 - watchfiles.main - INFO - 1 change detected
2026-01-13 18:50:03 - watchfiles.main - INFO - 1 change detected
2026-01-13 18:50:03 - watchfiles.main - INFO - 1 change detected
2026-01-13 18:50:04 - watchfiles.main - INFO - 1 change detected
2026-01-13 18:50:04 - watchfiles.main - INFO - 1 change detected
2026-01-13 18:50:05 - watchfiles.main - INFO - 1 change detected
2026-01-13 18:50:05 - watchfiles.main - INFO - 1 change detected
2026-01-13 18:50:05 - watchfiles.main - INFO - 1 change detected
2026-01-13 18:50:06 - watchfiles.main - INFO - 1 change detected
2026-01-13 18:50:06 - watchfiles.main - INFO - 1 change detected
2026-01-13 18:50:07 - watchfiles.main - INFO - 1 change detected
2026-01-13 18:50:07 - watchfiles.main - INFO - 1 change detected
2026-01-13 18:50:07 - watchfiles.main - INFO - 1 change detected
2026-01-13 18:50:08 - watchfiles.main - INFO - 1 change detected
2026-01-13 18:50:08 - watchfiles.main - INFO - 1 change detected
2026-01-13 18:50:09 - watchfiles.main - INFO - 1 change detected
2026-01-13 18:50:09 - watchfiles.main - INFO - 1 change detected
2026-01-13 18:50:09 - watchfiles.main - INFO - 1 change detected
2026-01-13 18:50:10 - watchfiles.main - INFO - 1 change detected
2026-01-13 18:50:10 - watchfiles.main - INFO - 1 change detected
2026-01-13 18:50:11 - watchfiles.main - INFO - 1 change detected
2026-01-13 18:50:11 - watchfiles.main - INFO - 1 change detected
2026-01-13 18:50:12 - watchfiles.main - INFO - 1 change detected
2026-01-13 18:50:12 - watchfiles.main - INFO - 1 change detected
2026-01-13 18:50:12 - watchfiles.main - INFO - 1 change detected
2026-01-13 18:50:13 - watchfiles.main - INFO - 1 change detected
2026-01-13 18:50:13 - watchfiles.main - INFO - 1 change detected
2026-01-13 18:50:14 - watchfiles.main - INFO - 1 change detected
2026-01-13 18:50:14 - watchfiles.main - INFO - 1 change detected
2026-01-13 18:50:14 - watchfiles.main - INFO - 1 change detected
2026-01-13 18:50:15 - watchfiles.main - INFO - 1 change detected
2026-01-13 18:50:15 - watchfiles.main - INFO - 1 change detected
2026-01-13 18:50:16 - watchfiles.main - INFO - 1 change detected
2026-01-13 18:50:16 - watchfiles.main - INFO - 1 change detected
2026-01-13 18:50:17 - watchfiles.main - INFO - 1 change detected
2026-01-13 18:50:17 - watchfiles.main - INFO - 1 change detected
2026-01-13 18:50:17 - watchfiles.main - INFO - 1 change detected
2026-01-13 18:50:18 - watchfiles.main - INFO - 1 change detected
2026-01-13 18:50:18 - watchfiles.main - INFO - 1 change detected
2026-01-13 18:50:19 - watchfiles.main - INFO - 1 change detected
2026-01-13 18:50:19 - watchfiles.main - INFO - 1 change detected
2026-01-13 18:50:19 - watchfiles.main - INFO - 1 change detected
2026-01-13 18:50:20 - watchfiles.main - INFO - 1 change detected
2026-01-13 18:50:20 - watchfiles.main - INFO - 1 change detected
2026-01-13 18:50:21 - watchfiles.main - INFO - 1 change detected
2026-01-13 18:50:21 - watchfiles.main - INFO - 1 change detected
2026-01-13 18:50:21 - watchfiles.main - INFO - 1 change detected
2026-01-13 18:50:22 - watchfiles.main - INFO - 1 change detected
2026-01-13 18:50:22 - watchfiles.main - INFO - 1 change detected
2026-01-13 18:50:23 - watchfiles.main - INFO - 1 change detected
2026-01-13 18:50:23 - watchfiles.main - INFO - 1 change detected
2026-01-13 18:50:24 - watchfiles.main - INFO - 1 change detected
2026-01-13 18:50:24 - watchfiles.main - INFO - 1 change detected
2026-01-13 18:50:24 - watchfiles.main - INFO - 1 change detected
2026-01-13 18:50:25 - watchfiles.main - INFO - 1 change detected
2026-01-13 18:50:25 - watchfiles.main - INFO - 1 change detected
2026-01-13 18:50:26 - watchfiles.main - INFO - 1 change detected
2026-01-13 18:50:26 - watchfiles.main - INFO - 1 change detected
2026-01-13 18:50:26 - watchfiles.main - INFO - 1 change detected
2026-01-13 18:50:27 - watchfiles.main - INFO - 1 change detected
2026-01-13 18:50:27 - watchfiles.main - INFO - 1 change detected
2026-01-13 18:50:28 - watchfiles.main - INFO - 1 change detected
2026-01-13 18:50:28 - watchfiles.main - INFO - 1 change detected
2026-01-13 18:50:29 - watchfiles.main - INFO - 1 change detected
2026-01-13 18:50:29 - watchfiles.main - INFO - 1 change detected
2026-01-13 18:50:29 - watchfiles.main - INFO - 1 change detected
2026-01-13 18:50:30 - watchfiles.main - INFO - 1 change detected
2026-01-13 18:50:30 - watchfiles.main - INFO - 1 change detected
2026-01-13 18:50:31 - watchfiles.main - INFO - 1 change detected
2026-01-13 18:50:31 - watchfiles.main - INFO - 1 change detected
2026-01-13 18:50:31 - watchfiles.main - INFO - 1 change detected
2026-01-13 18:50:32 - watchfiles.main - INFO - 1 change detected
2026-01-13 18:50:32 - watchfiles.main - INFO - 1 change detected
2026-01-13 18:50:33 - watchfiles.main - INFO - 1 change detected
2026-01-13 18:50:33 - watchfiles.main - INFO - 1 change detected
2026-01-13 18:50:33 - watchfiles.main - INFO - 1 change detected
2026-01-13 18:50:34 - watchfiles.main - INFO - 1 change detected
2026-01-13 18:50:34 - watchfiles.main - INFO - 1 change detected
2026-01-13 18:50:35 - watchfiles.main - INFO - 1 change detected
2026-01-13 18:50:35 - watchfiles.main - INFO - 1 change detected
2026-01-13 18:50:36 - watchfiles.main - INFO - 1 change detected
2026-01-13 18:50:36 - watchfiles.main - INFO - 1 change detected
2026-01-13 18:50:36 - watchfiles.main - INFO - 1 change detected
2026-01-13 18:50:37 - watchfiles.main - INFO - 1 change detected
2026-01-13 18:50:37 - watchfiles.main - INFO - 1 change detected
2026-01-13 18:50:38 - watchfiles.main - INFO - 1 change detected
2026-01-13 18:50:38 - watchfiles.main - INFO - 1 change detected
2026-01-13 18:50:38 - watchfiles.main - INFO - 1 change detected
2026-01-13 18:50:39 - watchfiles.main - INFO - 1 change detected
2026-01-13 18:50:39 - watchfiles.main - INFO - 1 change detected
2026-01-13 18:50:40 - watchfiles.main - INFO - 1 change detected
2026-01-13 18:50:40 - watchfiles.main - INFO - 1 change detected
2026-01-13 18:50:41 - watchfiles.main - INFO - 1 change detected
2026-01-13 18:50:41 - watchfiles.main - INFO - 1 change detected
2026-01-13 18:50:41 - watchfiles.main - INFO - 1 change detected
2026-01-13 18:50:42 - watchfiles.main - INFO - 1 change detected
2026-01-13 18:50:42 - watchfiles.main - INFO - 1 change detected
2026-01-13 18:50:43 - watchfiles.main - INFO - 1 change detected
2026-01-13 18:50:43 - watchfiles.main - INFO - 1 change detected
2026-01-13 18:50:43 - watchfiles.main - INFO - 1 change detected
2026-01-13 18:50:44 - watchfiles.main - INFO - 1 change detected
2026-01-13 18:50:44 - watchfiles.main - INFO - 1 change detected
2026-01-13 18:50:45 - watchfiles.main - INFO - 1 change detected
2026-01-13 18:50:45 - watchfiles.main - INFO - 1 change detected
2026-01-13 18:50:45 - watchfiles.main - INFO - 1 change detected
2026-01-13 18:50:46 - watchfiles.main - INFO - 1 change detected
2026-01-13 18:50:46 - watchfiles.main - INFO - 1 change detected
2026-01-13 18:50:47 - watchfiles.main - INFO - 1 change detected
2026-01-13 18:50:47 - watchfiles.main - INFO - 1 change detected
2026-01-13 18:50:48 - watchfiles.main - INFO - 1 change detected
2026-01-13 18:50:48 - watchfiles.main - INFO - 1 change detected
2026-01-13 18:50:48 - watchfiles.main - INFO - 1 change detected
2026-01-13 18:50:49 - watchfiles.main - INFO - 1 change detected
2026-01-13 18:50:49 - watchfiles.main - INFO - 1 change detected
2026-01-13 18:50:49 - watchfiles.main - INFO - 1 change detected
2026-01-13 18:50:50 - watchfiles.main - INFO - 1 change detected
2026-01-13 18:50:50 - watchfiles.main - INFO - 1 change detected
2026-01-13 18:50:51 - watchfiles.main - INFO - 1 change detected
2026-01-13 18:50:51 - watchfiles.main - INFO - 1 change detected
2026-01-13 18:50:52 - watchfiles.main - INFO - 1 change detected
2026-01-13 18:50:52 - watchfiles.main - INFO - 1 change detected
2026-01-13 18:50:52 - watchfiles.main - INFO - 1 change detected
2026-01-13 18:50:53 - watchfiles.main - INFO - 1 change detected
2026-01-13 18:50:53 - watchfiles.main - INFO - 1 change detected
2026-01-13 18:50:54 - watchfiles.main - INFO - 1 change detected
2026-01-13 18:50:54 - watchfiles.main - INFO - 1 change detected
2026-01-13 18:50:54 - watchfiles.main - INFO - 1 change detected
2026-01-13 18:50:55 - watchfiles.main - INFO - 1 change detected
2026-01-13 18:50:55 - watchfiles.main - INFO - 1 change detected
2026-01-13 18:50:56 - watchfiles.main - INFO - 1 change detected
2026-01-13 18:50:56 - watchfiles.main - INFO - 1 change detected
2026-01-13 18:50:56 - watchfiles.main - INFO - 1 change detected
2026-01-13 18:50:57 - watchfiles.main - INFO - 1 change detected
2026-01-13 18:50:57 - watchfiles.main - INFO - 1 change detected
2026-01-13 18:50:58 - watchfiles.main - INFO - 1 change detected
2026-01-13 18:50:58 - watchfiles.main - INFO - 1 change detected
2026-01-13 18:50:59 - watchfiles.main - INFO - 1 change detected
2026-01-13 18:50:59 - watchfiles.main - INFO - 1 change detected
2026-01-13 18:50:59 - watchfiles.main - INFO - 1 change detected
2026-01-13 18:51:00 - watchfiles.main - INFO - 1 change detected
2026-01-13 18:51:00 - watchfiles.main - INFO - 1 change detected
2026-01-13 18:51:01 - watchfiles.main - INFO - 1 change detected
2026-01-13 18:51:01 - watchfiles.main - INFO - 1 change detected
2026-01-13 18:51:01 - watchfiles.main - INFO - 1 change detected
2026-01-13 18:51:02 - watchfiles.main - INFO - 1 change detected
2026-01-13 18:51:02 - watchfiles.main - INFO - 1 change detected
2026-01-13 18:51:03 - watchfiles.main - INFO - 1 change detected
2026-01-13 18:51:03 - watchfiles.main - INFO - 1 change detected
2026-01-13 18:51:03 - watchfiles.main - INFO - 1 change detected
2026-01-13 18:51:04 - watchfiles.main - INFO - 1 change detected
2026-01-13 18:51:04 - watchfiles.main - INFO - 1 change detected
2026-01-13 18:51:05 - watchfiles.main - INFO - 1 change detected
2026-01-13 18:51:05 - watchfiles.main - INFO - 1 change detected
2026-01-13 18:51:06 - watchfiles.main - INFO - 1 change detected
2026-01-13 18:51:06 - watchfiles.main - INFO - 1 change detected
2026-01-13 18:51:06 - watchfiles.main - INFO - 1 change detected
2026-01-13 18:51:07 - watchfiles.main - INFO - 1 change detected
2026-01-13 18:51:07 - watchfiles.main - INFO - 1 change detected
2026-01-13 18:51:08 - watchfiles.main - INFO - 1 change detected
2026-01-13 18:51:08 - watchfiles.main - INFO - 1 change detected
2026-01-13 18:51:08 - watchfiles.main - INFO - 1 change detected
2026-01-13 18:51:09 - watchfiles.main - INFO - 1 change detected
2026-01-13 18:51:09 - watchfiles.main - INFO - 1 change detected
2026-01-13 18:51:10 - watchfiles.main - INFO - 1 change detected
2026-01-13 18:51:10 - watchfiles.main - INFO - 1 change detected
2026-01-13 18:51:10 - watchfiles.main - INFO - 1 change detected
2026-01-13 18:51:11 - watchfiles.main - INFO - 1 change detected
2026-01-13 18:51:11 - watchfiles.main - INFO - 1 change detected
2026-01-13 18:51:12 - watchfiles.main - INFO - 1 change detected
2026-01-13 18:51:12 - watchfiles.main - INFO - 1 change detected
2026-01-13 18:51:13 - watchfiles.main - INFO - 1 change detected
2026-01-13 18:51:13 - watchfiles.main - INFO - 1 change detected
2026-01-13 18:51:13 - watchfiles.main - INFO - 1 change detected
2026-01-13 18:51:14 - watchfiles.main - INFO - 1 change detected
2026-01-13 18:51:14 - watchfiles.main - INFO - 1 change detected
2026-01-13 18:51:15 - watchfiles.main - INFO - 1 change detected
2026-01-13 18:51:15 - watchfiles.main - INFO - 1 change detected
2026-01-13 18:51:15 - watchfiles.main - INFO - 1 change detected
2026-01-13 18:51:16 - watchfiles.main - INFO - 1 change detected
2026-01-13 18:51:16 - watchfiles.main - INFO - 1 change detected
2026-01-13 18:51:17 - watchfiles.main - INFO - 1 change detected
2026-01-13 18:51:17 - watchfiles.main - INFO - 1 change detected
2026-01-13 18:51:18 - watchfiles.main - INFO - 1 change detected
2026-01-13 18:51:18 - watchfiles.main - INFO - 1 change detected
2026-01-13 18:51:18 - watchfiles.main - INFO - 1 change detected
2026-01-13 18:51:19 - watchfiles.main - INFO - 1 change detected
2026-01-13 18:51:19 - watchfiles.main - INFO - 1 change detected
2026-01-13 18:51:20 - watchfiles.main - INFO - 1 change detected
2026-01-13 18:51:20 - watchfiles.main - INFO - 1 change detected
2026-01-13 18:51:20 - watchfiles.main - INFO - 1 change detected
2026-01-13 18:51:21 - watchfiles.main - INFO - 1 change detected
2026-01-13 18:51:21 - watchfiles.main - INFO - 1 change detected
2026-01-13 18:51:22 - watchfiles.main - INFO - 1 change detected
2026-01-13 18:51:22 - watchfiles.main - INFO - 1 change detected
2026-01-13 18:51:22 - watchfiles.main - INFO - 1 change detected
2026-01-13 18:51:23 - watchfiles.main - INFO - 1 change detected
2026-01-13 18:51:23 - watchfiles.main - INFO - 1 change detected
2026-01-13 18:51:24 - watchfiles.main - INFO - 1 change detected
2026-01-13 18:51:24 - watchfiles.main - INFO - 1 change detected
2026-01-13 18:51:24 - watchfiles.main - INFO - 1 change detected
2026-01-13 18:51:25 - watchfiles.main - INFO - 1 change detected
2026-01-13 18:51:25 - watchfiles.main - INFO - 1 change detected
2026-01-13 18:51:26 - watchfiles.main - INFO - 1 change detected
2026-01-13 18:51:26 - watchfiles.main - INFO - 1 change detected
2026-01-13 18:51:27 - watchfiles.main - INFO - 1 change detected
2026-01-13 18:51:27 - watchfiles.main - INFO - 1 change detected
2026-01-13 18:51:27 - watchfiles.main - INFO - 1 change detected
2026-01-13 18:51:28 - watchfiles.main - INFO - 1 change detected
2026-01-13 18:51:28 - watchfiles.main - INFO - 1 change detected
2026-01-13 18:51:29 - watchfiles.main - INFO - 1 change detected
2026-01-13 18:51:29 - watchfiles.main - INFO - 1 change detected
2026-01-13 18:51:29 - watchfiles.main - INFO - 1 change detected
2026-01-13 18:51:30 - watchfiles.main - INFO - 1 change detected
2026-01-13 18:51:30 - watchfiles.main - INFO - 1 change detected
2026-01-13 18:51:31 - watchfiles.main - INFO - 1 change detected
2026-01-13 18:51:31 - watchfiles.main - INFO - 1 change detected
2026-01-13 18:51:31 - watchfiles.main - INFO - 1 change detected
2026-01-13 18:51:32 - watchfiles.main - INFO - 1 change detected
2026-01-13 18:51:32 - watchfiles.main - INFO - 1 change detected
2026-01-13 18:51:33 - watchfiles.main - INFO - 1 change detected
2026-01-13 18:51:33 - watchfiles.main - INFO - 1 change detected
2026-01-13 18:51:34 - watchfiles.main - INFO - 1 change detected
2026-01-13 18:51:34 - watchfiles.main - INFO - 1 change detected
2026-01-13 18:51:34 - watchfiles.main - INFO - 1 change detected
2026-01-13 18:51:35 - watchfiles.main - INFO - 1 change detected
2026-01-13 18:51:35 - watchfiles.main - INFO - 1 change detected
2026-01-13 18:51:36 - watchfiles.main - INFO - 1 change detected
2026-01-13 18:51:36 - watchfiles.main - INFO - 1 change detected
2026-01-13 18:51:37 - watchfiles.main - INFO - 1 change detected
2026-01-13 18:51:37 - watchfiles.main - INFO - 1 change detected
2026-01-13 18:51:37 - watchfiles.main - INFO - 1 change detected
2026-01-13 18:51:38 - watchfiles.main - INFO - 1 change detected
2026-01-13 18:51:38 - watchfiles.main - INFO - 1 change detected
2026-01-13 18:51:39 - watchfiles.main - INFO - 1 change detected
2026-01-13 18:51:39 - watchfiles.main - INFO - 1 change detected
2026-01-13 18:51:39 - watchfiles.main - INFO - 1 change detected
2026-01-13 18:51:40 - watchfiles.main - INFO - 1 change detected
2026-01-13 18:51:40 - watchfiles.main - INFO - 1 change detected
2026-01-13 18:51:41 - watchfiles.main - INFO - 1 change detected
2026-01-13 18:51:41 - watchfiles.main - INFO - 1 change detected
2026-01-13 18:51:41 - watchfiles.main - INFO - 1 change detected
2026-01-13 18:51:42 - watchfiles.main - INFO - 1 change detected
2026-01-13 18:51:42 - watchfiles.main - INFO - 1 change detected
2026-01-13 18:51:43 - watchfiles.main - INFO - 1 change detected
2026-01-13 18:51:43 - watchfiles.main - INFO - 1 change detected
2026-01-13 18:51:44 - watchfiles.main - INFO - 1 change detected
2026-01-13 18:51:44 - watchfiles.main - INFO - 1 change detected
2026-01-13 18:51:44 - watchfiles.main - INFO - 1 change detected
2026-01-13 18:51:45 - watchfiles.main - INFO - 1 change detected
2026-01-13 18:51:45 - watchfiles.main - INFO - 1 change detected
2026-01-13 18:51:46 - watchfiles.main - INFO - 1 change detected
2026-01-13 18:51:46 - watchfiles.main - INFO - 1 change detected
2026-01-13 18:51:46 - watchfiles.main - INFO - 1 change detected
2026-01-13 18:51:47 - watchfiles.main - INFO - 1 change detected
2026-01-13 18:51:47 - watchfiles.main - INFO - 1 change detected
2026-01-13 18:51:48 - watchfiles.main - INFO - 1 change detected
2026-01-13 18:51:48 - watchfiles.main - INFO - 1 change detected
2026-01-13 18:51:49 - watchfiles.main - INFO - 1 change detected
2026-01-13 18:51:49 - watchfiles.main - INFO - 1 change detected
2026-01-13 18:51:49 - watchfiles.main - INFO - 1 change detected
2026-01-13 18:51:50 - watchfiles.main - INFO - 1 change detected
2026-01-13 18:51:50 - watchfiles.main - INFO - 1 change detected
2026-01-13 18:51:51 - watchfiles.main - INFO - 1 change detected
2026-01-13 18:51:51 - watchfiles.main - INFO - 1 change detected
2026-01-13 18:51:51 - watchfiles.main - INFO - 1 change detected
2026-01-13 18:51:52 - watchfiles.main - INFO - 1 change detected
2026-01-13 18:51:52 - watchfiles.main - INFO - 1 change detected
2026-01-13 18:51:53 - watchfiles.main - INFO - 1 change detected
2026-01-13 18:51:53 - watchfiles.main - INFO - 1 change detected
2026-01-13 18:51:54 - watchfiles.main - INFO - 1 change detected
2026-01-13 18:51:54 - watchfiles.main - INFO - 1 change detected
2026-01-13 18:51:54 - watchfiles.main - INFO - 1 change detected
2026-01-13 18:51:55 - watchfiles.main - INFO - 1 change detected
2026-01-13 18:51:55 - watchfiles.main - INFO - 1 change detected
2026-01-13 18:51:56 - watchfiles.main - INFO - 1 change detected
2026-01-13 18:51:56 - watchfiles.main - INFO - 1 change detected
2026-01-13 18:51:56 - watchfiles.main - INFO - 1 change detected
2026-01-13 18:51:57 - watchfiles.main - INFO - 1 change detected
2026-01-13 18:51:57 - watchfiles.main - INFO - 1 change detected
2026-01-13 18:51:58 - watchfiles.main - INFO - 1 change detected
2026-01-13 18:51:58 - watchfiles.main - INFO - 1 change detected
2026-01-13 18:51:58 - watchfiles.main - INFO - 1 change detected
2026-01-13 18:51:59 - watchfiles.main - INFO - 1 change detected
2026-01-13 18:51:59 - watchfiles.main - INFO - 1 change detected
2026-01-13 18:52:00 - watchfiles.main - INFO - 1 change detected
2026-01-13 18:52:00 - watchfiles.main - INFO - 1 change detected
2026-01-13 18:52:01 - watchfiles.main - INFO - 1 change detected
2026-01-13 18:52:01 - watchfiles.main - INFO - 1 change detected
2026-01-13 18:52:01 - watchfiles.main - INFO - 1 change detected
2026-01-13 18:52:02 - watchfiles.main - INFO - 1 change detected
2026-01-13 18:52:02 - watchfiles.main - INFO - 1 change detected
2026-01-13 18:52:03 - watchfiles.main - INFO - 1 change detected
2026-01-13 18:52:03 - watchfiles.main - INFO - 1 change detected
2026-01-13 18:52:03 - watchfiles.main - INFO - 1 change detected
2026-01-13 18:52:04 - watchfiles.main - INFO - 1 change detected
2026-01-13 18:52:04 - watchfiles.main - INFO - 1 change detected
2026-01-13 18:52:05 - watchfiles.main - INFO - 1 change detected
2026-01-13 18:52:05 - watchfiles.main - INFO - 1 change detected
2026-01-13 18:52:05 - watchfiles.main - INFO - 1 change detected
2026-01-13 18:52:06 - watchfiles.main - INFO - 1 change detected
2026-01-13 18:52:06 - watchfiles.main - INFO - 1 change detected
2026-01-13 18:52:07 - watchfiles.main - INFO - 1 change detected
2026-01-13 18:52:07 - watchfiles.main - INFO - 1 change detected
2026-01-13 18:52:08 - watchfiles.main - INFO - 1 change detected
2026-01-13 18:52:08 - watchfiles.main - INFO - 1 change detected
2026-01-13 18:52:08 - watchfiles.main - INFO - 1 change detected
2026-01-13 18:52:09 - watchfiles.main - INFO - 1 change detected
2026-01-13 18:52:09 - watchfiles.main - INFO - 1 change detected
2026-01-13 18:52:10 - watchfiles.main - INFO - 1 change detected
2026-01-13 18:52:10 - watchfiles.main - INFO - 1 change detected
2026-01-13 18:52:10 - watchfiles.main - INFO - 1 change detected
2026-01-13 18:52:11 - watchfiles.main - INFO - 1 change detected
2026-01-13 18:52:11 - watchfiles.main - INFO - 1 change detected
2026-01-13 18:52:12 - watchfiles.main - INFO - 1 change detected
2026-01-13 18:52:12 - watchfiles.main - INFO - 1 change detected
2026-01-13 18:52:12 - watchfiles.main - INFO - 1 change detected
2026-01-13 18:52:13 - watchfiles.main - INFO - 1 change detected
2026-01-13 18:52:13 - watchfiles.main - INFO - 1 change detected
2026-01-13 18:52:14 - watchfiles.main - INFO - 1 change detected
2026-01-13 18:52:14 - watchfiles.main - INFO - 1 change detected
2026-01-13 18:52:15 - watchfiles.main - INFO - 1 change detected
2026-01-13 18:52:15 - watchfiles.main - INFO - 1 change detected
2026-01-13 18:52:15 - watchfiles.main - INFO - 1 change detected
2026-01-13 18:52:16 - watchfiles.main - INFO - 1 change detected
2026-01-13 18:52:16 - watchfiles.main - INFO - 1 change detected
2026-01-13 18:52:17 - watchfiles.main - INFO - 1 change detected
2026-01-13 18:52:17 - watchfiles.main - INFO - 1 change detected
2026-01-13 18:52:17 - watchfiles.main - INFO - 1 change detected
2026-01-13 18:52:18 - watchfiles.main - INFO - 1 change detected
2026-01-13 18:52:18 - watchfiles.main - INFO - 1 change detected
2026-01-13 18:52:19 - watchfiles.main - INFO - 1 change detected
2026-01-13 18:52:19 - watchfiles.main - INFO - 1 change detected
2026-01-13 18:52:19 - watchfiles.main - INFO - 1 change detected
2026-01-13 18:52:20 - watchfiles.main - INFO - 1 change detected
2026-01-13 18:52:20 - watchfiles.main - INFO - 1 change detected
2026-01-13 18:52:21 - watchfiles.main - INFO - 1 change detected
2026-01-13 18:52:21 - watchfiles.main - INFO - 1 change detected
2026-01-13 18:52:22 - watchfiles.main - INFO - 1 change detected
2026-01-13 18:52:22 - watchfiles.main - INFO - 1 change detected
2026-01-13 18:52:22 - watchfiles.main - INFO - 1 change detected
2026-01-13 18:52:23 - watchfiles.main - INFO - 1 change detected
2026-01-13 18:52:23 - watchfiles.main - INFO - 1 change detected
2026-01-13 18:52:24 - watchfiles.main - INFO - 1 change detected
2026-01-13 18:52:24 - watchfiles.main - INFO - 1 change detected
2026-01-13 18:52:24 - watchfiles.main - INFO - 1 change detected
2026-01-13 18:52:25 - watchfiles.main - INFO - 1 change detected
2026-01-13 18:52:25 - watchfiles.main - INFO - 1 change detected
2026-01-13 18:52:26 - watchfiles.main - INFO - 1 change detected
2026-01-13 18:52:26 - watchfiles.main - INFO - 1 change detected
2026-01-13 18:52:27 - watchfiles.main - INFO - 1 change detected
2026-01-13 18:52:27 - watchfiles.main - INFO - 1 change detected
2026-01-13 18:52:27 - watchfiles.main - INFO - 1 change detected
2026-01-13 18:52:28 - watchfiles.main - INFO - 1 change detected
2026-01-13 18:52:28 - watchfiles.main - INFO - 1 change detected
2026-01-13 18:52:29 - watchfiles.main - INFO - 1 change detected
2026-01-13 18:52:29 - watchfiles.main - INFO - 1 change detected
2026-01-13 18:52:29 - watchfiles.main - INFO - 1 change detected
2026-01-13 18:52:30 - watchfiles.main - INFO - 1 change detected
2026-01-13 18:52:30 - watchfiles.main - INFO - 1 change detected
2026-01-13 18:52:31 - watchfiles.main - INFO - 1 change detected
2026-01-13 18:52:31 - watchfiles.main - INFO - 1 change detected
2026-01-13 18:52:31 - watchfiles.main - INFO - 1 change detected
2026-01-13 18:52:32 - watchfiles.main - INFO - 1 change detected
2026-01-13 18:52:32 - watchfiles.main - INFO - 1 change detected
2026-01-13 18:52:33 - watchfiles.main - INFO - 1 change detected
2026-01-13 18:52:33 - watchfiles.main - INFO - 1 change detected
2026-01-13 18:52:34 - watchfiles.main - INFO - 1 change detected
2026-01-13 18:52:34 - watchfiles.main - INFO - 1 change detected
2026-01-13 18:52:34 - watchfiles.main - INFO - 1 change detected
2026-01-13 18:52:35 - watchfiles.main - INFO - 1 change detected
2026-01-13 18:52:35 - watchfiles.main - INFO - 1 change detected
2026-01-13 18:52:36 - watchfiles.main - INFO - 1 change detected
2026-01-13 18:52:36 - watchfiles.main - INFO - 1 change detected
2026-01-13 18:52:36 - watchfiles.main - INFO - 1 change detected
2026-01-13 18:52:37 - watchfiles.main - INFO - 1 change detected
2026-01-13 18:52:37 - watchfiles.main - INFO - 1 change detected
2026-01-13 18:52:38 - watchfiles.main - INFO - 1 change detected
2026-01-13 18:52:38 - watchfiles.main - INFO - 1 change detected
2026-01-13 18:52:38 - watchfiles.main - INFO - 1 change detected
2026-01-13 18:52:39 - watchfiles.main - INFO - 1 change detected
2026-01-13 18:52:39 - watchfiles.main - INFO - 1 change detected
2026-01-13 18:52:40 - watchfiles.main - INFO - 1 change detected
2026-01-13 18:52:40 - watchfiles.main - INFO - 1 change detected
2026-01-13 18:52:41 - watchfiles.main - INFO - 1 change detected
2026-01-13 18:52:41 - watchfiles.main - INFO - 1 change detected
2026-01-13 18:52:41 - watchfiles.main - INFO - 1 change detected
2026-01-13 18:52:42 - watchfiles.main - INFO - 1 change detected
2026-01-13 18:52:42 - watchfiles.main - INFO - 1 change detected
2026-01-13 18:52:43 - watchfiles.main - INFO - 1 change detected
2026-01-13 18:52:43 - watchfiles.main - INFO - 1 change detected
2026-01-13 18:52:43 - watchfiles.main - INFO - 1 change detected
2026-01-13 18:52:44 - watchfiles.main - INFO - 1 change detected
2026-01-13 18:52:44 - watchfiles.main - INFO - 1 change detected
2026-01-13 18:52:45 - watchfiles.main - INFO - 1 change detected
2026-01-13 18:52:45 - watchfiles.main - INFO - 1 change detected
2026-01-13 18:52:45 - watchfiles.main - INFO - 1 change detected
2026-01-13 18:52:46 - watchfiles.main - INFO - 1 change detected
2026-01-13 18:52:46 - watchfiles.main - INFO - 1 change detected
2026-01-13 18:52:47 - watchfiles.main - INFO - 1 change detected
2026-01-13 18:52:47 - watchfiles.main - INFO - 1 change detected
2026-01-13 18:52:47 - watchfiles.main - INFO - 1 change detected
2026-01-13 18:52:48 - watchfiles.main - INFO - 1 change detected
2026-01-13 18:52:48 - watchfiles.main - INFO - 1 change detected
2026-01-13 18:52:49 - watchfiles.main - INFO - 1 change detected
2026-01-13 18:52:49 - watchfiles.main - INFO - 1 change detected
2026-01-13 18:52:50 - watchfiles.main - INFO - 1 change detected
2026-01-13 18:52:50 - watchfiles.main - INFO - 1 change detected
2026-01-13 18:52:50 - watchfiles.main - INFO - 1 change detected
2026-01-13 18:52:51 - watchfiles.main - INFO - 1 change detected
2026-01-13 18:52:51 - watchfiles.main - INFO - 1 change detected
2026-01-13 18:52:52 - watchfiles.main - INFO - 1 change detected
2026-01-13 18:52:52 - watchfiles.main - INFO - 1 change detected
2026-01-13 18:52:52 - watchfiles.main - INFO - 1 change detected
2026-01-13 18:52:53 - watchfiles.main - INFO - 1 change detected
2026-01-13 18:52:53 - watchfiles.main - INFO - 1 change detected
2026-01-13 18:52:54 - watchfiles.main - INFO - 1 change detected
2026-01-13 18:52:54 - watchfiles.main - INFO - 1 change detected
2026-01-13 18:52:55 - watchfiles.main - INFO - 1 change detected
2026-01-13 18:52:55 - watchfiles.main - INFO - 1 change detected
2026-01-13 18:52:55 - watchfiles.main - INFO - 1 change detected
2026-01-13 18:52:56 - watchfiles.main - INFO - 1 change detected
2026-01-13 18:52:56 - watchfiles.main - INFO - 1 change detected
2026-01-13 18:52:57 - watchfiles.main - INFO - 1 change detected
2026-01-13 18:52:57 - watchfiles.main - INFO - 1 change detected
2026-01-13 18:52:57 - watchfiles.main - INFO - 1 change detected
2026-01-13 18:52:58 - watchfiles.main - INFO - 1 change detected
2026-01-13 18:52:58 - watchfiles.main - INFO - 1 change detected
2026-01-13 18:52:59 - watchfiles.main - INFO - 1 change detected
2026-01-13 18:52:59 - watchfiles.main - INFO - 1 change detected
2026-01-13 18:52:59 - watchfiles.main - INFO - 1 change detected
2026-01-13 18:53:00 - watchfiles.main - INFO - 1 change detected
2026-01-13 18:53:00 - watchfiles.main - INFO - 1 change detected
2026-01-13 18:53:01 - watchfiles.main - INFO - 1 change detected
2026-01-13 18:53:01 - watchfiles.main - INFO - 1 change detected
2026-01-13 18:53:02 - watchfiles.main - INFO - 1 change detected
2026-01-13 18:53:02 - watchfiles.main - INFO - 1 change detected
2026-01-13 18:53:02 - watchfiles.main - INFO - 1 change detected
2026-01-13 18:53:03 - watchfiles.main - INFO - 1 change detected
2026-01-13 18:53:03 - watchfiles.main - INFO - 1 change detected
2026-01-13 18:53:04 - watchfiles.main - INFO - 1 change detected
2026-01-13 18:53:04 - watchfiles.main - INFO - 1 change detected
2026-01-13 18:53:04 - watchfiles.main - INFO - 1 change detected
2026-01-13 18:53:05 - watchfiles.main - INFO - 1 change detected
2026-01-13 18:53:05 - watchfiles.main - INFO - 1 change detected
2026-01-13 18:53:06 - watchfiles.main - INFO - 1 change detected
2026-01-13 18:53:06 - watchfiles.main - INFO - 1 change detected
2026-01-13 18:53:07 - watchfiles.main - INFO - 1 change detected
2026-01-13 18:53:07 - watchfiles.main - INFO - 1 change detected
2026-01-13 18:53:07 - watchfiles.main - INFO - 1 change detected
2026-01-13 18:53:08 - watchfiles.main - INFO - 1 change detected
2026-01-13 18:53:08 - watchfiles.main - INFO - 1 change detected
2026-01-13 18:53:09 - watchfiles.main - INFO - 1 change detected
2026-01-13 18:53:09 - watchfiles.main - INFO - 1 change detected
2026-01-13 18:53:09 - watchfiles.main - INFO - 1 change detected
2026-01-13 18:53:10 - watchfiles.main - INFO - 1 change detected
2026-01-13 18:53:10 - watchfiles.main - INFO - 1 change detected
2026-01-13 18:53:11 - watchfiles.main - INFO - 1 change detected
2026-01-13 18:53:11 - watchfiles.main - INFO - 1 change detected
2026-01-13 18:53:11 - watchfiles.main - INFO - 1 change detected
2026-01-13 18:53:12 - watchfiles.main - INFO - 1 change detected
2026-01-13 18:53:12 - watchfiles.main - INFO - 1 change detected
2026-01-13 18:53:13 - watchfiles.main - INFO - 1 change detected
2026-01-13 18:53:13 - watchfiles.main - INFO - 1 change detected
2026-01-13 18:53:14 - watchfiles.main - INFO - 1 change detected
2026-01-13 18:53:14 - watchfiles.main - INFO - 1 change detected
2026-01-13 18:53:14 - watchfiles.main - INFO - 1 change detected
2026-01-13 18:53:15 - watchfiles.main - INFO - 1 change detected
2026-01-13 18:53:15 - watchfiles.main - INFO - 1 change detected
2026-01-13 18:53:16 - watchfiles.main - INFO - 1 change detected
2026-01-13 18:53:16 - watchfiles.main - INFO - 1 change detected
2026-01-13 18:53:16 - watchfiles.main - INFO - 1 change detected
2026-01-13 18:53:17 - watchfiles.main - INFO - 1 change detected
2026-01-13 18:53:17 - watchfiles.main - INFO - 1 change detected
2026-01-13 18:53:18 - watchfiles.main - INFO - 1 change detected
2026-01-13 18:53:18 - watchfiles.main - INFO - 1 change detected
2026-01-13 18:53:18 - watchfiles.main - INFO - 1 change detected
2026-01-13 18:53:19 - watchfiles.main - INFO - 1 change detected
2026-01-13 18:53:19 - watchfiles.main - INFO - 1 change detected
2026-01-13 18:53:20 - watchfiles.main - INFO - 1 change detected
2026-01-13 18:53:20 - watchfiles.main - INFO - 1 change detected
2026-01-13 18:53:21 - watchfiles.main - INFO - 1 change detected
2026-01-13 18:53:21 - watchfiles.main - INFO - 1 change detected
2026-01-13 18:53:21 - watchfiles.main - INFO - 1 change detected
2026-01-13 18:53:22 - watchfiles.main - INFO - 1 change detected
2026-01-13 18:53:22 - watchfiles.main - INFO - 1 change detected
2026-01-13 18:53:23 - watchfiles.main - INFO - 1 change detected
2026-01-13 18:53:23 - watchfiles.main - INFO - 1 change detected
2026-01-13 18:53:23 - watchfiles.main - INFO - 1 change detected
2026-01-13 18:53:24 - watchfiles.main - INFO - 1 change detected
2026-01-13 18:53:24 - watchfiles.main - INFO - 1 change detected
2026-01-13 18:53:25 - watchfiles.main - INFO - 1 change detected
2026-01-13 18:53:25 - watchfiles.main - INFO - 1 change detected
2026-01-13 18:53:25 - watchfiles.main - INFO - 1 change detected
2026-01-13 18:53:26 - watchfiles.main - INFO - 1 change detected
2026-01-13 18:53:26 - watchfiles.main - INFO - 1 change detected
2026-01-13 18:53:27 - watchfiles.main - INFO - 1 change detected
2026-01-13 18:53:27 - watchfiles.main - INFO - 1 change detected
2026-01-13 18:53:28 - watchfiles.main - INFO - 1 change detected
2026-01-13 18:53:28 - watchfiles.main - INFO - 1 change detected
2026-01-13 18:53:28 - watchfiles.main - INFO - 1 change detected
2026-01-13 18:53:29 - watchfiles.main - INFO - 1 change detected
2026-01-13 18:53:29 - watchfiles.main - INFO - 1 change detected
2026-01-13 18:53:30 - watchfiles.main - INFO - 1 change detected
2026-01-13 18:53:30 - watchfiles.main - INFO - 1 change detected
2026-01-13 18:53:30 - watchfiles.main - INFO - 1 change detected
2026-01-13 18:53:31 - watchfiles.main - INFO - 1 change detected
2026-01-13 18:53:31 - watchfiles.main - INFO - 1 change detected
2026-01-13 18:53:32 - watchfiles.main - INFO - 1 change detected
2026-01-13 18:53:32 - watchfiles.main - INFO - 1 change detected
2026-01-13 18:53:33 - watchfiles.main - INFO - 1 change detected
2026-01-13 18:53:33 - watchfiles.main - INFO - 1 change detected
2026-01-13 18:53:33 - watchfiles.main - INFO - 1 change detected
2026-01-13 18:53:34 - watchfiles.main - INFO - 1 change detected
2026-01-13 18:53:34 - watchfiles.main - INFO - 1 change detected
2026-01-13 18:53:35 - watchfiles.main - INFO - 1 change detected
2026-01-13 18:53:35 - watchfiles.main - INFO - 1 change detected
2026-01-13 18:53:35 - watchfiles.main - INFO - 1 change detected
2026-01-13 18:53:36 - watchfiles.main - INFO - 1 change detected
2026-01-13 18:53:36 - watchfiles.main - INFO - 1 change detected
2026-01-13 18:53:37 - watchfiles.main - INFO - 1 change detected
2026-01-13 18:53:37 - watchfiles.main - INFO - 1 change detected
2026-01-13 18:53:37 - watchfiles.main - INFO - 1 change detected
2026-01-13 18:53:38 - watchfiles.main - INFO - 1 change detected
2026-01-13 18:53:38 - watchfiles.main - INFO - 1 change detected
2026-01-13 18:53:39 - watchfiles.main - INFO - 1 change detected
2026-01-13 18:53:39 - watchfiles.main - INFO - 1 change detected
2026-01-13 18:53:40 - watchfiles.main - INFO - 1 change detected
2026-01-13 18:53:40 - watchfiles.main - INFO - 1 change detected
2026-01-13 18:53:40 - watchfiles.main - INFO - 1 change detected
2026-01-13 18:53:41 - watchfiles.main - INFO - 1 change detected
2026-01-13 18:53:41 - watchfiles.main - INFO - 1 change detected
2026-01-13 18:53:42 - watchfiles.main - INFO - 1 change detected
2026-01-13 18:53:42 - watchfiles.main - INFO - 1 change detected
2026-01-13 18:53:42 - watchfiles.main - INFO - 1 change detected
2026-01-13 18:53:43 - watchfiles.main - INFO - 1 change detected
2026-01-13 18:53:43 - watchfiles.main - INFO - 1 change detected
2026-01-13 18:53:44 - watchfiles.main - INFO - 1 change detected
2026-01-13 18:53:44 - watchfiles.main - INFO - 1 change detected
2026-01-13 18:53:44 - watchfiles.main - INFO - 1 change detected
2026-01-13 18:53:45 - watchfiles.main - INFO - 1 change detected
2026-01-13 18:53:45 - watchfiles.main - INFO - 1 change detected
2026-01-13 18:53:46 - watchfiles.main - INFO - 1 change detected
2026-01-13 18:53:46 - watchfiles.main - INFO - 1 change detected
2026-01-13 18:53:47 - watchfiles.main - INFO - 1 change detected
2026-01-13 18:53:47 - watchfiles.main - INFO - 1 change detected
2026-01-13 18:53:47 - watchfiles.main - INFO - 1 change detected
2026-01-13 18:53:48 - watchfiles.main - INFO - 1 change detected
2026-01-13 18:53:48 - watchfiles.main - INFO - 1 change detected
2026-01-13 18:53:49 - watchfiles.main - INFO - 1 change detected
2026-01-13 18:53:49 - watchfiles.main - INFO - 1 change detected
2026-01-13 18:53:49 - watchfiles.main - INFO - 1 change detected
2026-01-13 18:53:50 - watchfiles.main - INFO - 1 change detected
2026-01-13 18:53:50 - watchfiles.main - INFO - 1 change detected
2026-01-13 18:53:51 - watchfiles.main - INFO - 1 change detected
2026-01-13 18:53:51 - watchfiles.main - INFO - 1 change detected
2026-01-13 18:53:52 - watchfiles.main - INFO - 1 change detected
2026-01-13 18:53:52 - watchfiles.main - INFO - 1 change detected
2026-01-13 18:53:52 - watchfiles.main - INFO - 1 change detected
2026-01-13 18:53:53 - watchfiles.main - INFO - 1 change detected
2026-01-13 18:53:53 - watchfiles.main - INFO - 1 change detected
2026-01-13 18:53:54 - watchfiles.main - INFO - 1 change detected
2026-01-13 18:53:54 - watchfiles.main - INFO - 1 change detected
2026-01-13 18:53:54 - watchfiles.main - INFO - 1 change detected
2026-01-13 18:53:55 - watchfiles.main - INFO - 1 change detected
2026-01-13 18:53:55 - watchfiles.main - INFO - 1 change detected
2026-01-13 18:53:56 - watchfiles.main - INFO - 1 change detected
2026-01-13 18:53:56 - watchfiles.main - INFO - 1 change detected
2026-01-13 18:53:56 - watchfiles.main - INFO - 1 change detected
2026-01-13 18:53:57 - watchfiles.main - INFO - 1 change detected
2026-01-13 18:53:57 - watchfiles.main - INFO - 1 change detected
2026-01-13 18:53:58 - watchfiles.main - INFO - 1 change detected
2026-01-13 18:53:58 - watchfiles.main - INFO - 1 change detected
2026-01-13 18:53:59 - watchfiles.main - INFO - 1 change detected
2026-01-13 18:53:59 - watchfiles.main - INFO - 1 change detected
2026-01-13 18:53:59 - watchfiles.main - INFO - 1 change detected
2026-01-13 18:54:00 - watchfiles.main - INFO - 1 change detected
2026-01-13 18:54:00 - watchfiles.main - INFO - 1 change detected
2026-01-13 18:54:01 - watchfiles.main - INFO - 1 change detected
2026-01-13 18:54:01 - watchfiles.main - INFO - 1 change detected
2026-01-13 18:54:01 - watchfiles.main - INFO - 1 change detected
2026-01-13 18:54:02 - watchfiles.main - INFO - 1 change detected
2026-01-13 18:54:02 - watchfiles.main - INFO - 1 change detected
2026-01-13 18:54:03 - watchfiles.main - INFO - 1 change detected
2026-01-13 18:54:03 - watchfiles.main - INFO - 1 change detected
2026-01-13 18:54:04 - watchfiles.main - INFO - 1 change detected
2026-01-13 18:54:04 - watchfiles.main - INFO - 1 change detected
2026-01-13 18:54:04 - watchfiles.main - INFO - 1 change detected
2026-01-13 18:54:05 - watchfiles.main - INFO - 1 change detected
2026-01-13 18:54:05 - watchfiles.main - INFO - 1 change detected
2026-01-13 18:54:06 - watchfiles.main - INFO - 1 change detected
2026-01-13 18:54:06 - watchfiles.main - INFO - 1 change detected
2026-01-13 18:54:06 - watchfiles.main - INFO - 1 change detected
2026-01-13 18:54:07 - watchfiles.main - INFO - 1 change detected
2026-01-13 18:54:07 - watchfiles.main - INFO - 1 change detected
2026-01-13 18:54:08 - watchfiles.main - INFO - 1 change detected
2026-01-13 18:54:08 - watchfiles.main - INFO - 1 change detected
2026-01-13 18:54:08 - watchfiles.main - INFO - 1 change detected
2026-01-13 18:54:09 - watchfiles.main - INFO - 1 change detected
2026-01-13 18:54:09 - watchfiles.main - INFO - 1 change detected
2026-01-13 18:54:10 - watchfiles.main - INFO - 1 change detected
2026-01-13 18:54:10 - watchfiles.main - INFO - 1 change detected
2026-01-13 18:54:11 - watchfiles.main - INFO - 1 change detected
2026-01-13 18:54:11 - watchfiles.main - INFO - 1 change detected
2026-01-13 18:54:11 - watchfiles.main - INFO - 1 change detected
2026-01-13 18:54:12 - watchfiles.main - INFO - 1 change detected
2026-01-13 18:54:12 - watchfiles.main - INFO - 1 change detected
2026-01-13 18:54:13 - watchfiles.main - INFO - 1 change detected
2026-01-13 18:54:13 - watchfiles.main - INFO - 1 change detected
2026-01-13 18:54:13 - watchfiles.main - INFO - 1 change detected
2026-01-13 18:54:14 - watchfiles.main - INFO - 1 change detected
2026-01-13 18:54:14 - watchfiles.main - INFO - 1 change detected
2026-01-13 18:54:15 - watchfiles.main - INFO - 1 change detected
2026-01-13 18:54:15 - watchfiles.main - INFO - 1 change detected
2026-01-13 18:54:16 - watchfiles.main - INFO - 1 change detected
2026-01-13 18:54:16 - watchfiles.main - INFO - 1 change detected
2026-01-13 18:54:16 - watchfiles.main - INFO - 1 change detected
2026-01-13 18:54:17 - watchfiles.main - INFO - 1 change detected
2026-01-13 18:54:17 - watchfiles.main - INFO - 1 change detected
2026-01-13 18:54:18 - watchfiles.main - INFO - 1 change detected
2026-01-13 18:54:18 - watchfiles.main - INFO - 1 change detected
2026-01-13 18:54:18 - watchfiles.main - INFO - 1 change detected
2026-01-13 18:54:19 - watchfiles.main - INFO - 1 change detected
2026-01-13 18:54:19 - watchfiles.main - INFO - 1 change detected
2026-01-13 18:54:20 - watchfiles.main - INFO - 1 change detected
2026-01-13 18:54:20 - watchfiles.main - INFO - 1 change detected
2026-01-13 18:54:20 - watchfiles.main - INFO - 1 change detected
2026-01-13 18:54:21 - watchfiles.main - INFO - 1 change detected
2026-01-13 18:54:21 - watchfiles.main - INFO - 1 change detected
2026-01-13 18:54:22 - watchfiles.main - INFO - 1 change detected
2026-01-13 18:54:22 - watchfiles.main - INFO - 1 change detected
2026-01-13 18:54:23 - watchfiles.main - INFO - 1 change detected
2026-01-13 18:54:23 - watchfiles.main - INFO - 1 change detected
2026-01-13 18:54:23 - watchfiles.main - INFO - 1 change detected
2026-01-13 18:54:24 - watchfiles.main - INFO - 1 change detected
2026-01-13 18:54:24 - watchfiles.main - INFO - 1 change detected
2026-01-13 18:54:25 - watchfiles.main - INFO - 1 change detected
2026-01-13 18:54:25 - watchfiles.main - INFO - 1 change detected
2026-01-13 18:54:25 - watchfiles.main - INFO - 1 change detected
2026-01-13 18:54:26 - watchfiles.main - INFO - 1 change detected
2026-01-13 18:54:26 - watchfiles.main - INFO - 1 change detected
2026-01-13 18:54:27 - watchfiles.main - INFO - 1 change detected
2026-01-13 18:54:27 - watchfiles.main - INFO - 1 change detected
2026-01-13 18:54:28 - watchfiles.main - INFO - 1 change detected
2026-01-13 18:54:28 - watchfiles.main - INFO - 1 change detected
2026-01-13 18:54:28 - watchfiles.main - INFO - 1 change detected
2026-01-13 18:54:29 - watchfiles.main - INFO - 1 change detected
2026-01-13 18:54:29 - watchfiles.main - INFO - 1 change detected
2026-01-13 18:54:30 - watchfiles.main - INFO - 1 change detected
2026-01-13 18:54:30 - watchfiles.main - INFO - 1 change detected
2026-01-13 18:54:30 - watchfiles.main - INFO - 1 change detected
2026-01-13 18:54:31 - watchfiles.main - INFO - 1 change detected
2026-01-13 18:54:31 - watchfiles.main - INFO - 1 change detected
2026-01-13 18:54:32 - watchfiles.main - INFO - 1 change detected
2026-01-13 18:54:32 - watchfiles.main - INFO - 1 change detected
2026-01-13 18:54:32 - watchfiles.main - INFO - 1 change detected
2026-01-13 18:54:33 - watchfiles.main - INFO - 1 change detected
2026-01-13 18:54:33 - watchfiles.main - INFO - 1 change detected
2026-01-13 18:54:34 - watchfiles.main - INFO - 1 change detected
2026-01-13 18:54:34 - watchfiles.main - INFO - 1 change detected
2026-01-13 18:54:35 - watchfiles.main - INFO - 1 change detected
2026-01-13 18:54:35 - watchfiles.main - INFO - 1 change detected
2026-01-13 18:54:35 - watchfiles.main - INFO - 1 change detected
2026-01-13 18:54:36 - watchfiles.main - INFO - 1 change detected
2026-01-13 18:54:36 - watchfiles.main - INFO - 1 change detected
2026-01-13 18:54:37 - watchfiles.main - INFO - 1 change detected
2026-01-13 18:54:37 - watchfiles.main - INFO - 1 change detected
2026-01-13 18:54:37 - watchfiles.main - INFO - 1 change detected
2026-01-13 18:54:38 - watchfiles.main - INFO - 1 change detected
2026-01-13 18:54:38 - watchfiles.main - INFO - 1 change detected
2026-01-13 18:54:39 - watchfiles.main - INFO - 1 change detected
2026-01-13 18:54:39 - watchfiles.main - INFO - 1 change detected
2026-01-13 18:54:40 - watchfiles.main - INFO - 1 change detected
2026-01-13 18:54:40 - watchfiles.main - INFO - 1 change detected
2026-01-13 18:54:40 - watchfiles.main - INFO - 1 change detected
2026-01-13 18:54:41 - watchfiles.main - INFO - 1 change detected
2026-01-13 18:54:41 - watchfiles.main - INFO - 1 change detected
2026-01-13 18:54:42 - watchfiles.main - INFO - 1 change detected
2026-01-13 18:54:42 - watchfiles.main - INFO - 1 change detected
2026-01-13 18:54:42 - watchfiles.main - INFO - 1 change detected
2026-01-13 18:54:43 - watchfiles.main - INFO - 1 change detected
2026-01-13 18:54:43 - watchfiles.main - INFO - 1 change detected
2026-01-13 18:54:44 - watchfiles.main - INFO - 1 change detected
2026-01-13 18:54:44 - watchfiles.main - INFO - 1 change detected
2026-01-13 18:54:44 - watchfiles.main - INFO - 1 change detected
2026-01-13 18:54:45 - watchfiles.main - INFO - 1 change detected
2026-01-13 18:54:45 - watchfiles.main - INFO - 1 change detected
2026-01-13 18:54:46 - watchfiles.main - INFO - 1 change detected
2026-01-13 18:54:46 - watchfiles.main - INFO - 1 change detected
2026-01-13 18:54:47 - watchfiles.main - INFO - 1 change detected
2026-01-13 18:54:47 - watchfiles.main - INFO - 1 change detected
2026-01-13 18:54:47 - watchfiles.main - INFO - 1 change detected
2026-01-13 18:54:48 - watchfiles.main - INFO - 1 change detected
2026-01-13 18:54:48 - watchfiles.main - INFO - 1 change detected
2026-01-13 18:54:49 - watchfiles.main - INFO - 1 change detected
2026-01-13 18:54:49 - watchfiles.main - INFO - 1 change detected
2026-01-13 18:54:49 - watchfiles.main - INFO - 1 change detected
2026-01-13 18:54:50 - watchfiles.main - INFO - 1 change detected
2026-01-13 18:54:50 - watchfiles.main - INFO - 1 change detected
2026-01-13 18:54:51 - watchfiles.main - INFO - 1 change detected
2026-01-13 18:54:51 - watchfiles.main - INFO - 1 change detected
2026-01-13 18:54:51 - watchfiles.main - INFO - 1 change detected
2026-01-13 18:54:52 - watchfiles.main - INFO - 1 change detected
2026-01-13 18:54:52 - watchfiles.main - INFO - 1 change detected
2026-01-13 18:54:53 - watchfiles.main - INFO - 1 change detected
2026-01-13 18:54:53 - watchfiles.main - INFO - 1 change detected
2026-01-13 18:54:54 - watchfiles.main - INFO - 1 change detected
2026-01-13 18:54:54 - watchfiles.main - INFO - 1 change detected
2026-01-13 18:54:54 - watchfiles.main - INFO - 1 change detected
2026-01-13 18:54:55 - watchfiles.main - INFO - 1 change detected
2026-01-13 18:54:55 - watchfiles.main - INFO - 1 change detected
2026-01-13 18:54:56 - watchfiles.main - INFO - 1 change detected
2026-01-13 18:54:56 - watchfiles.main - INFO - 1 change detected
2026-01-13 18:54:56 - watchfiles.main - INFO - 1 change detected
2026-01-13 18:54:57 - watchfiles.main - INFO - 1 change detected
2026-01-13 18:54:57 - watchfiles.main - INFO - 1 change detected
2026-01-13 18:54:58 - watchfiles.main - INFO - 1 change detected
2026-01-13 18:54:58 - watchfiles.main - INFO - 1 change detected
2026-01-13 18:54:58 - watchfiles.main - INFO - 1 change detected
2026-01-13 18:54:59 - watchfiles.main - INFO - 1 change detected
2026-01-13 18:54:59 - watchfiles.main - INFO - 1 change detected
2026-01-13 18:55:00 - watchfiles.main - INFO - 1 change detected
2026-01-13 18:55:00 - watchfiles.main - INFO - 1 change detected
2026-01-13 18:55:01 - watchfiles.main - INFO - 1 change detected
2026-01-13 18:55:01 - watchfiles.main - INFO - 1 change detected
2026-01-13 18:55:01 - watchfiles.main - INFO - 1 change detected
2026-01-13 18:55:02 - watchfiles.main - INFO - 1 change detected
2026-01-13 18:55:02 - watchfiles.main - INFO - 1 change detected
2026-01-13 18:55:03 - watchfiles.main - INFO - 1 change detected
2026-01-13 18:55:03 - watchfiles.main - INFO - 1 change detected
2026-01-13 18:55:04 - watchfiles.main - INFO - 1 change detected
2026-01-13 18:55:04 - watchfiles.main - INFO - 1 change detected
2026-01-13 18:55:04 - watchfiles.main - INFO - 1 change detected
2026-01-13 18:55:05 - watchfiles.main - INFO - 1 change detected
2026-01-13 18:55:05 - watchfiles.main - INFO - 1 change detected
2026-01-13 18:55:06 - watchfiles.main - INFO - 1 change detected
2026-01-13 18:55:06 - watchfiles.main - INFO - 1 change detected
2026-01-13 18:55:06 - watchfiles.main - INFO - 1 change detected
2026-01-13 18:55:07 - watchfiles.main - INFO - 1 change detected
2026-01-13 18:55:07 - watchfiles.main - INFO - 1 change detected
2026-01-13 18:55:08 - watchfiles.main - INFO - 1 change detected
2026-01-13 18:55:08 - watchfiles.main - INFO - 1 change detected
2026-01-13 18:55:08 - watchfiles.main - INFO - 1 change detected
2026-01-13 18:55:09 - watchfiles.main - INFO - 1 change detected
2026-01-13 18:55:09 - watchfiles.main - INFO - 1 change detected
2026-01-13 18:55:10 - watchfiles.main - INFO - 1 change detected
2026-01-13 18:55:10 - watchfiles.main - INFO - 1 change detected
2026-01-13 18:55:11 - watchfiles.main - INFO - 1 change detected
2026-01-13 18:55:11 - watchfiles.main - INFO - 1 change detected
2026-01-13 18:55:11 - watchfiles.main - INFO - 1 change detected
2026-01-13 18:55:12 - watchfiles.main - INFO - 1 change detected
2026-01-13 18:55:12 - watchfiles.main - INFO - 1 change detected
2026-01-13 18:55:13 - watchfiles.main - INFO - 1 change detected
2026-01-13 18:55:13 - watchfiles.main - INFO - 1 change detected
2026-01-13 18:55:13 - watchfiles.main - INFO - 1 change detected
2026-01-13 18:55:14 - watchfiles.main - INFO - 1 change detected
2026-01-13 18:55:14 - watchfiles.main - INFO - 1 change detected
2026-01-13 18:55:15 - watchfiles.main - INFO - 1 change detected
2026-01-13 18:55:15 - watchfiles.main - INFO - 1 change detected
2026-01-13 18:55:16 - watchfiles.main - INFO - 1 change detected
2026-01-13 18:55:16 - watchfiles.main - INFO - 1 change detected
2026-01-13 18:55:16 - watchfiles.main - INFO - 1 change detected
2026-01-13 18:55:17 - watchfiles.main - INFO - 1 change detected
2026-01-13 18:55:17 - watchfiles.main - INFO - 1 change detected
2026-01-13 18:55:18 - watchfiles.main - INFO - 1 change detected
2026-01-13 18:55:18 - watchfiles.main - INFO - 1 change detected
2026-01-13 18:55:18 - watchfiles.main - INFO - 1 change detected
2026-01-13 18:55:19 - watchfiles.main - INFO - 1 change detected
2026-01-13 18:55:19 - watchfiles.main - INFO - 1 change detected
2026-01-13 18:55:20 - watchfiles.main - INFO - 1 change detected
2026-01-13 18:55:20 - watchfiles.main - INFO - 1 change detected
2026-01-13 18:55:20 - watchfiles.main - INFO - 1 change detected
2026-01-13 18:55:21 - watchfiles.main - INFO - 1 change detected
2026-01-13 18:55:21 - watchfiles.main - INFO - 1 change detected
2026-01-13 18:55:22 - watchfiles.main - INFO - 1 change detected
2026-01-13 18:55:22 - watchfiles.main - INFO - 1 change detected
2026-01-13 18:55:23 - watchfiles.main - INFO - 1 change detected
2026-01-13 18:55:23 - watchfiles.main - INFO - 1 change detected
2026-01-13 18:55:23 - watchfiles.main - INFO - 1 change detected
2026-01-13 18:55:24 - watchfiles.main - INFO - 1 change detected
2026-01-13 18:55:24 - watchfiles.main - INFO - 1 change detected
2026-01-13 18:55:25 - watchfiles.main - INFO - 1 change detected
2026-01-13 18:55:25 - watchfiles.main - INFO - 1 change detected
2026-01-13 18:55:25 - watchfiles.main - INFO - 1 change detected
2026-01-13 18:55:26 - watchfiles.main - INFO - 1 change detected
2026-01-13 18:55:26 - watchfiles.main - INFO - 1 change detected
2026-01-13 18:55:27 - watchfiles.main - INFO - 1 change detected
2026-01-13 18:55:27 - watchfiles.main - INFO - 1 change detected
2026-01-13 18:55:28 - watchfiles.main - INFO - 1 change detected
2026-01-13 18:55:28 - watchfiles.main - INFO - 1 change detected
2026-01-13 18:55:28 - watchfiles.main - INFO - 1 change detected
2026-01-13 18:55:29 - watchfiles.main - INFO - 1 change detected
2026-01-13 18:55:29 - watchfiles.main - INFO - 1 change detected
2026-01-13 18:55:30 - watchfiles.main - INFO - 1 change detected
2026-01-13 18:55:30 - watchfiles.main - INFO - 1 change detected
2026-01-13 18:55:30 - watchfiles.main - INFO - 1 change detected
2026-01-13 18:55:31 - watchfiles.main - INFO - 1 change detected
2026-01-13 18:55:31 - watchfiles.main - INFO - 1 change detected
2026-01-13 18:55:32 - watchfiles.main - INFO - 1 change detected
2026-01-13 18:55:32 - watchfiles.main - INFO - 1 change detected
2026-01-13 18:55:33 - watchfiles.main - INFO - 1 change detected
2026-01-13 18:55:33 - watchfiles.main - INFO - 1 change detected
2026-01-13 18:55:33 - watchfiles.main - INFO - 1 change detected
2026-01-13 18:55:34 - watchfiles.main - INFO - 1 change detected
2026-01-13 18:55:34 - watchfiles.main - INFO - 1 change detected
2026-01-13 18:55:35 - watchfiles.main - INFO - 1 change detected
2026-01-13 18:55:35 - watchfiles.main - INFO - 1 change detected
2026-01-13 18:55:35 - watchfiles.main - INFO - 1 change detected
2026-01-13 18:55:36 - watchfiles.main - INFO - 1 change detected
2026-01-13 18:55:36 - watchfiles.main - INFO - 1 change detected
2026-01-13 18:55:37 - watchfiles.main - INFO - 1 change detected
2026-01-13 18:55:37 - watchfiles.main - INFO - 1 change detected
2026-01-13 18:55:37 - watchfiles.main - INFO - 1 change detected
2026-01-13 18:55:38 - watchfiles.main - INFO - 1 change detected
2026-01-13 18:55:38 - watchfiles.main - INFO - 1 change detected
2026-01-13 18:55:39 - watchfiles.main - INFO - 1 change detected
2026-01-13 18:55:39 - watchfiles.main - INFO - 1 change detected
2026-01-13 18:55:40 - watchfiles.main - INFO - 1 change detected
2026-01-13 18:55:40 - watchfiles.main - INFO - 1 change detected
2026-01-13 18:55:40 - watchfiles.main - INFO - 1 change detected
2026-01-13 18:55:41 - watchfiles.main - INFO - 1 change detected
2026-01-13 18:55:41 - watchfiles.main - INFO - 1 change detected
2026-01-13 18:55:42 - watchfiles.main - INFO - 1 change detected
2026-01-13 18:55:42 - watchfiles.main - INFO - 1 change detected
2026-01-13 18:55:42 - watchfiles.main - INFO - 1 change detected
2026-01-13 18:55:43 - watchfiles.main - INFO - 1 change detected
2026-01-13 18:55:43 - watchfiles.main - INFO - 1 change detected
2026-01-13 18:55:44 - watchfiles.main - INFO - 1 change detected
2026-01-13 18:55:44 - watchfiles.main - INFO - 1 change detected
2026-01-13 18:55:44 - watchfiles.main - INFO - 1 change detected
2026-01-13 18:55:45 - watchfiles.main - INFO - 1 change detected
2026-01-13 18:55:45 - watchfiles.main - INFO - 1 change detected
2026-01-13 18:55:46 - watchfiles.main - INFO - 1 change detected
2026-01-13 18:55:46 - watchfiles.main - INFO - 1 change detected
2026-01-13 18:55:47 - watchfiles.main - INFO - 1 change detected
2026-01-13 18:55:47 - watchfiles.main - INFO - 1 change detected
2026-01-13 18:55:47 - watchfiles.main - INFO - 1 change detected
2026-01-13 18:55:48 - watchfiles.main - INFO - 1 change detected
2026-01-13 18:55:48 - watchfiles.main - INFO - 1 change detected
2026-01-13 18:55:49 - watchfiles.main - INFO - 1 change detected
2026-01-13 18:55:49 - watchfiles.main - INFO - 1 change detected
2026-01-13 18:55:49 - watchfiles.main - INFO - 1 change detected
2026-01-13 18:55:50 - watchfiles.main - INFO - 1 change detected
2026-01-13 18:55:50 - watchfiles.main - INFO - 1 change detected
2026-01-13 18:55:51 - watchfiles.main - INFO - 1 change detected
2026-01-13 18:55:51 - watchfiles.main - INFO - 1 change detected
2026-01-13 18:55:51 - watchfiles.main - INFO - 1 change detected
2026-01-13 18:55:52 - watchfiles.main - INFO - 1 change detected
2026-01-13 18:55:52 - watchfiles.main - INFO - 1 change detected
2026-01-13 18:55:53 - watchfiles.main - INFO - 1 change detected
2026-01-13 18:55:53 - watchfiles.main - INFO - 1 change detected
2026-01-13 18:55:54 - watchfiles.main - INFO - 1 change detected
2026-01-13 18:55:54 - watchfiles.main - INFO - 1 change detected
2026-01-13 18:55:54 - watchfiles.main - INFO - 1 change detected
2026-01-13 18:55:55 - watchfiles.main - INFO - 1 change detected
2026-01-13 18:55:55 - watchfiles.main - INFO - 1 change detected
2026-01-13 18:55:56 - watchfiles.main - INFO - 1 change detected
2026-01-13 18:55:56 - watchfiles.main - INFO - 1 change detected
2026-01-13 18:55:56 - watchfiles.main - INFO - 1 change detected
2026-01-13 18:55:57 - watchfiles.main - INFO - 1 change detected
2026-01-13 18:55:57 - watchfiles.main - INFO - 1 change detected
2026-01-13 18:55:58 - watchfiles.main - INFO - 1 change detected
2026-01-13 18:55:58 - watchfiles.main - INFO - 1 change detected
2026-01-13 18:55:59 - watchfiles.main - INFO - 1 change detected
2026-01-13 18:55:59 - watchfiles.main - INFO - 1 change detected
2026-01-13 18:55:59 - watchfiles.main - INFO - 1 change detected
2026-01-13 18:56:00 - watchfiles.main - INFO - 1 change detected
2026-01-13 18:56:00 - watchfiles.main - INFO - 1 change detected
2026-01-13 18:56:01 - watchfiles.main - INFO - 1 change detected
2026-01-13 18:56:01 - watchfiles.main - INFO - 1 change detected
2026-01-13 18:56:01 - watchfiles.main - INFO - 1 change detected
2026-01-13 18:56:02 - watchfiles.main - INFO - 1 change detected
2026-01-13 18:56:02 - watchfiles.main - INFO - 1 change detected
2026-01-13 18:56:03 - watchfiles.main - INFO - 1 change detected
2026-01-13 18:56:03 - watchfiles.main - INFO - 1 change detected
2026-01-13 18:56:04 - watchfiles.main - INFO - 1 change detected
2026-01-13 18:56:04 - watchfiles.main - INFO - 1 change detected
2026-01-13 18:56:04 - watchfiles.main - INFO - 1 change detected
2026-01-13 18:56:05 - watchfiles.main - INFO - 1 change detected
2026-01-13 18:56:05 - watchfiles.main - INFO - 1 change detected
2026-01-13 18:56:06 - watchfiles.main - INFO - 1 change detected
2026-01-13 18:56:06 - watchfiles.main - INFO - 1 change detected
2026-01-13 18:56:06 - watchfiles.main - INFO - 1 change detected
2026-01-13 18:56:07 - watchfiles.main - INFO - 1 change detected
2026-01-13 18:56:07 - watchfiles.main - INFO - 1 change detected
2026-01-13 18:56:08 - watchfiles.main - INFO - 1 change detected
2026-01-13 18:56:08 - watchfiles.main - INFO - 1 change detected
2026-01-13 18:56:09 - watchfiles.main - INFO - 1 change detected
2026-01-13 18:56:09 - watchfiles.main - INFO - 1 change detected
2026-01-13 18:56:09 - watchfiles.main - INFO - 1 change detected
2026-01-13 18:56:10 - watchfiles.main - INFO - 1 change detected
2026-01-13 18:56:10 - watchfiles.main - INFO - 1 change detected
2026-01-13 18:56:11 - watchfiles.main - INFO - 1 change detected
2026-01-13 18:56:11 - watchfiles.main - INFO - 1 change detected
2026-01-13 18:56:11 - watchfiles.main - INFO - 1 change detected
2026-01-13 18:56:12 - watchfiles.main - INFO - 1 change detected
2026-01-13 18:56:12 - watchfiles.main - INFO - 1 change detected
2026-01-13 18:56:13 - watchfiles.main - INFO - 1 change detected
2026-01-13 18:56:13 - watchfiles.main - INFO - 1 change detected
2026-01-13 18:56:13 - watchfiles.main - INFO - 1 change detected
2026-01-13 18:56:14 - watchfiles.main - INFO - 1 change detected
2026-01-13 18:56:14 - watchfiles.main - INFO - 1 change detected
2026-01-13 18:56:15 - watchfiles.main - INFO - 1 change detected
2026-01-13 18:56:15 - watchfiles.main - INFO - 1 change detected
2026-01-13 18:56:15 - watchfiles.main - INFO - 1 change detected
2026-01-13 18:56:16 - watchfiles.main - INFO - 1 change detected
2026-01-13 18:56:16 - watchfiles.main - INFO - 1 change detected
2026-01-13 18:56:17 - watchfiles.main - INFO - 1 change detected
2026-01-13 18:56:17 - watchfiles.main - INFO - 1 change detected
2026-01-13 18:56:17 - watchfiles.main - INFO - 1 change detected
2026-01-13 18:56:18 - watchfiles.main - INFO - 1 change detected
2026-01-13 18:56:18 - watchfiles.main - INFO - 1 change detected
2026-01-13 18:56:19 - watchfiles.main - INFO - 1 change detected
2026-01-13 18:56:19 - watchfiles.main - INFO - 1 change detected
2026-01-13 18:56:19 - watchfiles.main - INFO - 1 change detected
2026-01-13 18:56:20 - watchfiles.main - INFO - 1 change detected
2026-01-13 18:56:20 - watchfiles.main - INFO - 1 change detected
2026-01-13 18:56:21 - watchfiles.main - INFO - 1 change detected
2026-01-13 18:56:21 - watchfiles.main - INFO - 1 change detected
2026-01-13 18:56:21 - watchfiles.main - INFO - 1 change detected
2026-01-13 18:56:22 - watchfiles.main - INFO - 1 change detected
2026-01-13 18:56:22 - watchfiles.main - INFO - 1 change detected
2026-01-13 18:56:23 - watchfiles.main - INFO - 1 change detected
2026-01-13 18:56:23 - watchfiles.main - INFO - 1 change detected
2026-01-13 18:56:23 - watchfiles.main - INFO - 1 change detected
2026-01-13 18:56:24 - watchfiles.main - INFO - 1 change detected
2026-01-13 18:56:24 - watchfiles.main - INFO - 1 change detected
2026-01-13 18:56:25 - watchfiles.main - INFO - 1 change detected
2026-01-13 18:56:25 - watchfiles.main - INFO - 1 change detected
2026-01-13 18:56:25 - watchfiles.main - INFO - 1 change detected
2026-01-13 18:56:26 - watchfiles.main - INFO - 1 change detected
2026-01-13 18:56:26 - watchfiles.main - INFO - 1 change detected
2026-01-13 18:56:27 - watchfiles.main - INFO - 1 change detected
2026-01-13 18:56:27 - watchfiles.main - INFO - 1 change detected
2026-01-13 18:56:27 - watchfiles.main - INFO - 1 change detected
2026-01-13 18:56:28 - watchfiles.main - INFO - 1 change detected
2026-01-13 18:56:28 - watchfiles.main - INFO - 1 change detected
2026-01-13 18:56:29 - watchfiles.main - INFO - 1 change detected
2026-01-13 18:56:29 - watchfiles.main - INFO - 1 change detected
2026-01-13 18:56:29 - watchfiles.main - INFO - 1 change detected
2026-01-13 18:56:30 - watchfiles.main - INFO - 1 change detected
2026-01-13 18:56:30 - watchfiles.main - INFO - 1 change detected
2026-01-13 18:56:31 - watchfiles.main - INFO - 1 change detected
2026-01-13 18:56:31 - watchfiles.main - INFO - 1 change detected
2026-01-13 18:56:31 - watchfiles.main - INFO - 1 change detected
2026-01-13 18:56:32 - watchfiles.main - INFO - 1 change detected
2026-01-13 18:56:32 - watchfiles.main - INFO - 1 change detected
2026-01-13 18:56:33 - watchfiles.main - INFO - 1 change detected
2026-01-13 18:56:33 - watchfiles.main - INFO - 1 change detected
2026-01-13 18:56:33 - watchfiles.main - INFO - 1 change detected
2026-01-13 18:56:34 - watchfiles.main - INFO - 1 change detected
2026-01-13 18:56:34 - watchfiles.main - INFO - 1 change detected
2026-01-13 18:56:35 - watchfiles.main - INFO - 1 change detected
2026-01-13 18:56:35 - watchfiles.main - INFO - 1 change detected
2026-01-13 18:56:35 - watchfiles.main - INFO - 1 change detected
2026-01-13 18:56:36 - watchfiles.main - INFO - 1 change detected
2026-01-13 18:56:36 - watchfiles.main - INFO - 1 change detected
2026-01-13 18:56:37 - watchfiles.main - INFO - 1 change detected
2026-01-13 18:56:37 - watchfiles.main - INFO - 1 change detected
2026-01-13 18:56:37 - watchfiles.main - INFO - 1 change detected
2026-01-13 18:56:38 - watchfiles.main - INFO - 1 change detected
2026-01-13 18:56:38 - watchfiles.main - INFO - 1 change detected
2026-01-13 18:56:39 - watchfiles.main - INFO - 1 change detected
2026-01-13 18:56:39 - watchfiles.main - INFO - 1 change detected
2026-01-13 18:56:40 - watchfiles.main - INFO - 1 change detected
2026-01-13 18:56:40 - watchfiles.main - INFO - 1 change detected
2026-01-13 18:56:40 - watchfiles.main - INFO - 1 change detected
2026-01-13 18:56:41 - watchfiles.main - INFO - 1 change detected
2026-01-13 18:56:41 - watchfiles.main - INFO - 1 change detected
2026-01-13 18:56:42 - watchfiles.main - INFO - 1 change detected
2026-01-13 18:56:42 - watchfiles.main - INFO - 1 change detected
2026-01-13 18:56:42 - watchfiles.main - INFO - 1 change detected
2026-01-13 18:56:43 - watchfiles.main - INFO - 1 change detected
2026-01-13 18:56:43 - watchfiles.main - INFO - 1 change detected
2026-01-13 18:56:44 - watchfiles.main - INFO - 1 change detected
2026-01-13 18:56:44 - watchfiles.main - INFO - 1 change detected
2026-01-13 18:56:44 - watchfiles.main - INFO - 1 change detected
2026-01-13 18:56:45 - watchfiles.main - INFO - 1 change detected
2026-01-13 18:56:45 - watchfiles.main - INFO - 1 change detected
2026-01-13 18:56:46 - watchfiles.main - INFO - 1 change detected
2026-01-13 18:56:46 - watchfiles.main - INFO - 1 change detected
2026-01-13 18:56:46 - watchfiles.main - INFO - 1 change detected
2026-01-13 18:56:47 - watchfiles.main - INFO - 1 change detected
2026-01-13 18:56:47 - watchfiles.main - INFO - 1 change detected
2026-01-13 18:56:48 - watchfiles.main - INFO - 1 change detected
2026-01-13 18:56:48 - watchfiles.main - INFO - 1 change detected
2026-01-13 18:56:48 - watchfiles.main - INFO - 1 change detected
2026-01-13 18:56:49 - watchfiles.main - INFO - 1 change detected
2026-01-13 18:56:49 - watchfiles.main - INFO - 1 change detected
2026-01-13 18:56:49 - watchfiles.main - INFO - 1 change detected
2026-01-13 18:56:50 - watchfiles.main - INFO - 1 change detected
2026-01-13 18:56:50 - watchfiles.main - INFO - 1 change detected
2026-01-13 18:56:51 - watchfiles.main - INFO - 1 change detected
2026-01-13 18:56:51 - watchfiles.main - INFO - 1 change detected
2026-01-13 18:56:51 - watchfiles.main - INFO - 1 change detected
2026-01-13 18:56:52 - watchfiles.main - INFO - 1 change detected
2026-01-13 18:56:52 - watchfiles.main - INFO - 1 change detected
2026-01-13 18:56:53 - watchfiles.main - INFO - 1 change detected
2026-01-13 18:56:53 - watchfiles.main - INFO - 1 change detected
2026-01-13 18:56:53 - watchfiles.main - INFO - 1 change detected
2026-01-13 18:56:54 - watchfiles.main - INFO - 1 change detected
2026-01-13 18:56:54 - watchfiles.main - INFO - 1 change detected
2026-01-13 18:56:55 - watchfiles.main - INFO - 1 change detected
2026-01-13 18:56:55 - watchfiles.main - INFO - 1 change detected
2026-01-13 18:56:55 - watchfiles.main - INFO - 1 change detected
2026-01-13 18:56:56 - watchfiles.main - INFO - 1 change detected
2026-01-13 18:56:56 - watchfiles.main - INFO - 1 change detected
2026-01-13 18:56:57 - watchfiles.main - INFO - 1 change detected
2026-01-13 18:56:57 - watchfiles.main - INFO - 1 change detected
2026-01-13 18:56:57 - watchfiles.main - INFO - 1 change detected
2026-01-13 18:56:58 - watchfiles.main - INFO - 1 change detected
2026-01-13 18:56:58 - watchfiles.main - INFO - 1 change detected
2026-01-13 18:56:59 - watchfiles.main - INFO - 1 change detected
2026-01-13 18:56:59 - watchfiles.main - INFO - 1 change detected
2026-01-13 18:56:59 - watchfiles.main - INFO - 1 change detected
2026-01-13 18:57:00 - watchfiles.main - INFO - 1 change detected
2026-01-13 18:57:00 - watchfiles.main - INFO - 1 change detected
2026-01-13 18:57:01 - watchfiles.main - INFO - 1 change detected
2026-01-13 18:57:01 - watchfiles.main - INFO - 1 change detected
2026-01-13 18:57:01 - watchfiles.main - INFO - 1 change detected
2026-01-13 18:57:02 - watchfiles.main - INFO - 1 change detected
2026-01-13 18:57:02 - watchfiles.main - INFO - 1 change detected
2026-01-13 18:57:03 - watchfiles.main - INFO - 1 change detected
2026-01-13 18:57:03 - watchfiles.main - INFO - 1 change detected
2026-01-13 18:57:03 - watchfiles.main - INFO - 1 change detected
2026-01-13 18:57:04 - watchfiles.main - INFO - 1 change detected
2026-01-13 18:57:04 - watchfiles.main - INFO - 1 change detected
2026-01-13 18:57:05 - watchfiles.main - INFO - 1 change detected
2026-01-13 18:57:05 - watchfiles.main - INFO - 1 change detected
2026-01-13 18:57:06 - watchfiles.main - INFO - 1 change detected
2026-01-13 18:57:06 - watchfiles.main - INFO - 1 change detected
2026-01-13 18:57:06 - watchfiles.main - INFO - 1 change detected
2026-01-13 18:57:07 - watchfiles.main - INFO - 1 change detected
2026-01-13 18:57:07 - watchfiles.main - INFO - 1 change detected
2026-01-13 18:57:08 - watchfiles.main - INFO - 1 change detected
2026-01-13 18:57:08 - watchfiles.main - INFO - 1 change detected
2026-01-13 18:57:08 - watchfiles.main - INFO - 1 change detected
2026-01-13 18:57:09 - watchfiles.main - INFO - 1 change detected
2026-01-13 18:57:09 - watchfiles.main - INFO - 1 change detected
2026-01-13 18:57:10 - watchfiles.main - INFO - 1 change detected
2026-01-13 18:57:10 - watchfiles.main - INFO - 1 change detected
2026-01-13 18:57:10 - watchfiles.main - INFO - 1 change detected
2026-01-13 18:57:11 - watchfiles.main - INFO - 1 change detected
2026-01-13 18:57:11 - watchfiles.main - INFO - 1 change detected
2026-01-13 18:57:12 - watchfiles.main - INFO - 1 change detected
2026-01-13 18:57:12 - watchfiles.main - INFO - 1 change detected
2026-01-13 18:57:12 - watchfiles.main - INFO - 1 change detected
2026-01-13 18:57:13 - watchfiles.main - INFO - 1 change detected
2026-01-13 18:57:13 - watchfiles.main - INFO - 1 change detected
2026-01-13 18:57:14 - watchfiles.main - INFO - 1 change detected
2026-01-13 18:57:14 - watchfiles.main - INFO - 1 change detected
2026-01-13 18:57:14 - watchfiles.main - INFO - 1 change detected
2026-01-13 18:57:15 - watchfiles.main - INFO - 1 change detected
2026-01-13 18:57:15 - watchfiles.main - INFO - 1 change detected
2026-01-13 18:57:16 - watchfiles.main - INFO - 1 change detected
2026-01-13 18:57:16 - watchfiles.main - INFO - 1 change detected
2026-01-13 18:57:16 - watchfiles.main - INFO - 1 change detected
2026-01-13 18:57:17 - watchfiles.main - INFO - 1 change detected
2026-01-13 18:57:17 - watchfiles.main - INFO - 1 change detected
2026-01-13 18:57:18 - watchfiles.main - INFO - 1 change detected
2026-01-13 18:57:18 - watchfiles.main - INFO - 1 change detected
2026-01-13 18:57:18 - watchfiles.main - INFO - 1 change detected
2026-01-13 18:57:19 - watchfiles.main - INFO - 1 change detected
2026-01-13 18:57:19 - watchfiles.main - INFO - 1 change detected
2026-01-13 18:57:20 - watchfiles.main - INFO - 1 change detected
2026-01-13 18:57:20 - watchfiles.main - INFO - 1 change detected
2026-01-13 18:57:20 - watchfiles.main - INFO - 1 change detected
2026-01-13 18:57:21 - watchfiles.main - INFO - 1 change detected
2026-01-13 18:57:21 - watchfiles.main - INFO - 1 change detected
2026-01-13 18:57:22 - watchfiles.main - INFO - 1 change detected
2026-01-13 18:57:22 - watchfiles.main - INFO - 1 change detected
2026-01-13 18:57:22 - watchfiles.main - INFO - 1 change detected
2026-01-13 18:57:23 - watchfiles.main - INFO - 1 change detected
2026-01-13 18:57:23 - watchfiles.main - INFO - 1 change detected
2026-01-13 18:57:24 - watchfiles.main - INFO - 1 change detected
2026-01-13 18:57:24 - watchfiles.main - INFO - 1 change detected
2026-01-13 18:57:24 - watchfiles.main - INFO - 1 change detected
2026-01-13 18:57:25 - watchfiles.main - INFO - 1 change detected
2026-01-13 18:57:25 - watchfiles.main - INFO - 1 change detected
2026-01-13 18:57:26 - watchfiles.main - INFO - 1 change detected
2026-01-13 18:57:26 - watchfiles.main - INFO - 1 change detected
2026-01-13 18:57:26 - watchfiles.main - INFO - 1 change detected
2026-01-13 18:57:27 - watchfiles.main - INFO - 1 change detected
2026-01-13 18:57:27 - watchfiles.main - INFO - 1 change detected
2026-01-13 18:57:27 - watchfiles.main - INFO - 1 change detected
2026-01-13 18:57:28 - watchfiles.main - INFO - 1 change detected
2026-01-13 18:57:28 - watchfiles.main - INFO - 1 change detected
2026-01-13 18:57:29 - watchfiles.main - INFO - 1 change detected
2026-01-13 18:57:29 - watchfiles.main - INFO - 1 change detected
2026-01-13 18:57:30 - watchfiles.main - INFO - 1 change detected
2026-01-13 18:57:30 - watchfiles.main - INFO - 1 change detected
2026-01-13 18:57:30 - watchfiles.main - INFO - 1 change detected
2026-01-13 18:57:31 - watchfiles.main - INFO - 1 change detected
2026-01-13 18:57:31 - watchfiles.main - INFO - 1 change detected
2026-01-13 18:57:31 - watchfiles.main - INFO - 1 change detected
2026-01-13 18:57:32 - watchfiles.main - INFO - 1 change detected
2026-01-13 18:57:32 - watchfiles.main - INFO - 1 change detected
2026-01-13 18:57:33 - watchfiles.main - INFO - 1 change detected
2026-01-13 18:57:33 - watchfiles.main - INFO - 1 change detected
2026-01-13 18:57:33 - watchfiles.main - INFO - 1 change detected
2026-01-13 18:57:34 - watchfiles.main - INFO - 1 change detected
2026-01-13 18:57:34 - watchfiles.main - INFO - 1 change detected
2026-01-13 18:57:35 - watchfiles.main - INFO - 1 change detected
2026-01-13 18:57:35 - watchfiles.main - INFO - 1 change detected
2026-01-13 18:57:35 - watchfiles.main - INFO - 1 change detected
2026-01-13 18:57:36 - watchfiles.main - INFO - 1 change detected
2026-01-13 18:57:36 - watchfiles.main - INFO - 1 change detected
2026-01-13 18:57:37 - watchfiles.main - INFO - 1 change detected
2026-01-13 18:57:37 - watchfiles.main - INFO - 1 change detected
2026-01-13 18:57:37 - watchfiles.main - INFO - 1 change detected
2026-01-13 18:57:38 - watchfiles.main - INFO - 1 change detected
2026-01-13 18:57:38 - watchfiles.main - INFO - 1 change detected
2026-01-13 18:57:39 - watchfiles.main - INFO - 1 change detected
2026-01-13 18:57:39 - watchfiles.main - INFO - 1 change detected
2026-01-13 18:57:39 - watchfiles.main - INFO - 1 change detected
2026-01-13 18:57:40 - watchfiles.main - INFO - 1 change detected
2026-01-13 18:57:40 - watchfiles.main - INFO - 1 change detected
2026-01-13 18:57:41 - watchfiles.main - INFO - 1 change detected
2026-01-13 18:57:41 - watchfiles.main - INFO - 1 change detected
2026-01-13 18:57:41 - watchfiles.main - INFO - 1 change detected
2026-01-13 18:57:42 - watchfiles.main - INFO - 1 change detected
2026-01-13 18:57:42 - watchfiles.main - INFO - 1 change detected
2026-01-13 18:57:43 - watchfiles.main - INFO - 1 change detected
2026-01-13 18:57:43 - watchfiles.main - INFO - 1 change detected
2026-01-13 18:57:43 - watchfiles.main - INFO - 1 change detected
2026-01-13 18:57:44 - watchfiles.main - INFO - 1 change detected
2026-01-13 18:57:44 - watchfiles.main - INFO - 1 change detected
2026-01-13 18:57:45 - watchfiles.main - INFO - 1 change detected
2026-01-13 18:57:45 - watchfiles.main - INFO - 1 change detected
2026-01-13 18:57:45 - watchfiles.main - INFO - 1 change detected
2026-01-13 18:57:46 - watchfiles.main - INFO - 1 change detected
2026-01-13 18:57:46 - watchfiles.main - INFO - 1 change detected
2026-01-13 18:57:47 - watchfiles.main - INFO - 1 change detected
2026-01-13 18:57:47 - watchfiles.main - INFO - 1 change detected
2026-01-13 18:57:47 - watchfiles.main - INFO - 1 change detected
2026-01-13 18:57:48 - watchfiles.main - INFO - 1 change detected
2026-01-13 18:57:48 - watchfiles.main - INFO - 1 change detected
2026-01-13 18:57:49 - watchfiles.main - INFO - 1 change detected
2026-01-13 18:57:49 - watchfiles.main - INFO - 1 change detected
2026-01-13 18:57:49 - watchfiles.main - INFO - 1 change detected
2026-01-13 18:57:50 - watchfiles.main - INFO - 1 change detected
2026-01-13 18:57:50 - watchfiles.main - INFO - 1 change detected
2026-01-13 18:57:51 - watchfiles.main - INFO - 1 change detected
2026-01-13 18:57:51 - watchfiles.main - INFO - 1 change detected
2026-01-13 18:57:51 - watchfiles.main - INFO - 1 change detected
2026-01-13 18:57:52 - watchfiles.main - INFO - 1 change detected
2026-01-13 18:57:52 - watchfiles.main - INFO - 1 change detected
2026-01-13 18:57:53 - watchfiles.main - INFO - 1 change detected
2026-01-13 18:57:53 - watchfiles.main - INFO - 1 change detected
2026-01-13 18:57:53 - watchfiles.main - INFO - 1 change detected
2026-01-13 18:57:54 - watchfiles.main - INFO - 1 change detected
2026-01-13 18:57:54 - watchfiles.main - INFO - 1 change detected
2026-01-13 18:57:55 - watchfiles.main - INFO - 1 change detected
2026-01-13 18:57:55 - watchfiles.main - INFO - 1 change detected
2026-01-13 18:57:55 - watchfiles.main - INFO - 1 change detected
2026-01-13 18:57:56 - watchfiles.main - INFO - 1 change detected
2026-01-13 18:57:56 - watchfiles.main - INFO - 1 change detected
2026-01-13 18:57:57 - watchfiles.main - INFO - 1 change detected
2026-01-13 18:57:57 - watchfiles.main - INFO - 1 change detected
2026-01-13 18:57:57 - watchfiles.main - INFO - 1 change detected
2026-01-13 18:57:58 - watchfiles.main - INFO - 1 change detected
2026-01-13 18:57:58 - watchfiles.main - INFO - 1 change detected
2026-01-13 18:57:59 - watchfiles.main - INFO - 1 change detected
2026-01-13 18:57:59 - watchfiles.main - INFO - 1 change detected
2026-01-13 18:57:59 - watchfiles.main - INFO - 1 change detected
2026-01-13 18:58:00 - watchfiles.main - INFO - 1 change detected
2026-01-13 18:58:00 - watchfiles.main - INFO - 1 change detected
2026-01-13 18:58:01 - watchfiles.main - INFO - 1 change detected
2026-01-13 18:58:01 - watchfiles.main - INFO - 1 change detected
2026-01-13 18:58:01 - watchfiles.main - INFO - 1 change detected
2026-01-13 18:58:02 - watchfiles.main - INFO - 1 change detected
2026-01-13 18:58:02 - watchfiles.main - INFO - 1 change detected
2026-01-13 18:58:03 - watchfiles.main - INFO - 1 change detected
2026-01-13 18:58:03 - watchfiles.main - INFO - 1 change detected
2026-01-13 18:58:03 - watchfiles.main - INFO - 1 change detected
2026-01-13 18:58:04 - watchfiles.main - INFO - 1 change detected
2026-01-13 18:58:04 - watchfiles.main - INFO - 1 change detected
2026-01-13 18:58:05 - watchfiles.main - INFO - 1 change detected
2026-01-13 18:58:05 - watchfiles.main - INFO - 1 change detected
2026-01-13 18:58:05 - watchfiles.main - INFO - 1 change detected
2026-01-13 18:58:06 - watchfiles.main - INFO - 1 change detected
2026-01-13 18:58:06 - watchfiles.main - INFO - 1 change detected
2026-01-13 18:58:07 - watchfiles.main - INFO - 1 change detected
2026-01-13 18:58:07 - watchfiles.main - INFO - 1 change detected
2026-01-13 18:58:07 - watchfiles.main - INFO - 1 change detected
2026-01-13 18:58:08 - watchfiles.main - INFO - 1 change detected
2026-01-13 18:58:08 - watchfiles.main - INFO - 1 change detected
2026-01-13 18:58:09 - watchfiles.main - INFO - 1 change detected
2026-01-13 18:58:09 - watchfiles.main - INFO - 1 change detected
2026-01-13 18:58:09 - watchfiles.main - INFO - 1 change detected
2026-01-13 18:58:10 - watchfiles.main - INFO - 1 change detected
2026-01-13 18:58:10 - watchfiles.main - INFO - 1 change detected
2026-01-13 18:58:11 - watchfiles.main - INFO - 1 change detected
2026-01-13 18:58:11 - watchfiles.main - INFO - 1 change detected
2026-01-13 18:58:11 - watchfiles.main - INFO - 1 change detected
2026-01-13 18:58:12 - watchfiles.main - INFO - 1 change detected
2026-01-13 18:58:12 - watchfiles.main - INFO - 1 change detected
2026-01-13 18:58:13 - watchfiles.main - INFO - 1 change detected
2026-01-13 18:58:13 - watchfiles.main - INFO - 1 change detected
2026-01-13 18:58:13 - watchfiles.main - INFO - 1 change detected
2026-01-13 18:58:14 - watchfiles.main - INFO - 1 change detected
2026-01-13 18:58:14 - watchfiles.main - INFO - 1 change detected
2026-01-13 18:58:15 - watchfiles.main - INFO - 1 change detected
2026-01-13 18:58:15 - watchfiles.main - INFO - 1 change detected
2026-01-13 18:58:15 - watchfiles.main - INFO - 1 change detected
2026-01-13 18:58:16 - watchfiles.main - INFO - 1 change detected
2026-01-13 18:58:16 - watchfiles.main - INFO - 1 change detected
2026-01-13 18:58:17 - watchfiles.main - INFO - 1 change detected
2026-01-13 18:58:17 - watchfiles.main - INFO - 1 change detected
2026-01-13 18:58:17 - watchfiles.main - INFO - 1 change detected
2026-01-13 18:58:18 - watchfiles.main - INFO - 1 change detected
2026-01-13 18:58:18 - watchfiles.main - INFO - 1 change detected
2026-01-13 18:58:19 - watchfiles.main - INFO - 1 change detected
2026-01-13 18:58:19 - watchfiles.main - INFO - 1 change detected
2026-01-13 18:58:19 - watchfiles.main - INFO - 1 change detected
2026-01-13 18:58:20 - watchfiles.main - INFO - 1 change detected
2026-01-13 18:58:20 - watchfiles.main - INFO - 1 change detected
2026-01-13 18:58:21 - watchfiles.main - INFO - 1 change detected
2026-01-13 18:58:21 - watchfiles.main - INFO - 1 change detected
2026-01-13 18:58:21 - watchfiles.main - INFO - 1 change detected
2026-01-13 18:58:22 - watchfiles.main - INFO - 1 change detected
2026-01-13 18:58:22 - watchfiles.main - INFO - 1 change detected
2026-01-13 18:58:23 - watchfiles.main - INFO - 1 change detected
2026-01-13 18:58:23 - watchfiles.main - INFO - 1 change detected
2026-01-13 18:58:23 - watchfiles.main - INFO - 1 change detected
2026-01-13 18:58:24 - watchfiles.main - INFO - 1 change detected
2026-01-13 18:58:24 - watchfiles.main - INFO - 1 change detected
2026-01-13 18:58:25 - watchfiles.main - INFO - 1 change detected
2026-01-13 18:58:25 - watchfiles.main - INFO - 1 change detected
2026-01-13 18:58:26 - watchfiles.main - INFO - 1 change detected
2026-01-13 18:58:26 - watchfiles.main - INFO - 1 change detected
2026-01-13 18:58:26 - watchfiles.main - INFO - 1 change detected
2026-01-13 18:58:27 - watchfiles.main - INFO - 1 change detected
2026-01-13 18:58:27 - watchfiles.main - INFO - 1 change detected
2026-01-13 18:58:28 - watchfiles.main - INFO - 1 change detected
2026-01-13 18:58:28 - watchfiles.main - INFO - 1 change detected
2026-01-13 18:58:28 - watchfiles.main - INFO - 1 change detected
2026-01-13 18:58:29 - watchfiles.main - INFO - 1 change detected
2026-01-13 18:58:29 - watchfiles.main - INFO - 1 change detected
2026-01-13 18:58:29 - watchfiles.main - INFO - 1 change detected
2026-01-13 18:58:30 - watchfiles.main - INFO - 1 change detected
2026-01-13 18:58:30 - watchfiles.main - INFO - 1 change detected
2026-01-13 18:58:31 - watchfiles.main - INFO - 1 change detected
2026-01-13 18:58:31 - watchfiles.main - INFO - 1 change detected
2026-01-13 18:58:31 - watchfiles.main - INFO - 1 change detected
2026-01-13 18:58:32 - watchfiles.main - INFO - 1 change detected
2026-01-13 18:58:32 - watchfiles.main - INFO - 1 change detected
2026-01-13 18:58:33 - watchfiles.main - INFO - 1 change detected
2026-01-13 18:58:33 - watchfiles.main - INFO - 1 change detected
2026-01-13 18:58:33 - watchfiles.main - INFO - 1 change detected
2026-01-13 18:58:34 - watchfiles.main - INFO - 1 change detected
2026-01-13 18:58:34 - watchfiles.main - INFO - 1 change detected
2026-01-13 18:58:35 - watchfiles.main - INFO - 1 change detected
2026-01-13 18:58:35 - watchfiles.main - INFO - 1 change detected
2026-01-13 18:58:35 - watchfiles.main - INFO - 1 change detected
2026-01-13 18:58:36 - watchfiles.main - INFO - 1 change detected
2026-01-13 18:58:36 - watchfiles.main - INFO - 1 change detected
2026-01-13 18:58:37 - watchfiles.main - INFO - 1 change detected
2026-01-13 18:58:37 - watchfiles.main - INFO - 1 change detected
2026-01-13 18:58:37 - watchfiles.main - INFO - 1 change detected
2026-01-13 18:58:38 - watchfiles.main - INFO - 1 change detected
2026-01-13 18:58:38 - watchfiles.main - INFO - 1 change detected
2026-01-13 18:58:39 - watchfiles.main - INFO - 1 change detected
2026-01-13 18:58:39 - watchfiles.main - INFO - 1 change detected
2026-01-13 18:58:40 - watchfiles.main - INFO - 1 change detected
2026-01-13 18:58:40 - watchfiles.main - INFO - 1 change detected
2026-01-13 18:58:40 - watchfiles.main - INFO - 1 change detected
2026-01-13 18:58:41 - watchfiles.main - INFO - 1 change detected
2026-01-13 18:58:41 - watchfiles.main - INFO - 1 change detected
2026-01-13 18:58:42 - watchfiles.main - INFO - 1 change detected
2026-01-13 18:58:42 - watchfiles.main - INFO - 1 change detected
2026-01-13 18:58:42 - watchfiles.main - INFO - 1 change detected
2026-01-13 18:58:43 - watchfiles.main - INFO - 1 change detected
2026-01-13 18:58:43 - watchfiles.main - INFO - 1 change detected
2026-01-13 18:58:43 - watchfiles.main - INFO - 1 change detected
2026-01-13 18:58:44 - watchfiles.main - INFO - 1 change detected
2026-01-13 18:58:44 - watchfiles.main - INFO - 1 change detected
2026-01-13 18:58:45 - watchfiles.main - INFO - 1 change detected
2026-01-13 18:58:45 - watchfiles.main - INFO - 1 change detected
2026-01-13 18:58:46 - watchfiles.main - INFO - 1 change detected
2026-01-13 18:58:46 - watchfiles.main - INFO - 1 change detected
2026-01-13 18:58:46 - watchfiles.main - INFO - 1 change detected
2026-01-13 18:58:47 - watchfiles.main - INFO - 1 change detected
2026-01-13 18:58:47 - watchfiles.main - INFO - 1 change detected
2026-01-13 18:58:48 - watchfiles.main - INFO - 1 change detected
2026-01-13 18:58:48 - watchfiles.main - INFO - 1 change detected
2026-01-13 18:58:48 - watchfiles.main - INFO - 1 change detected
2026-01-13 18:58:49 - watchfiles.main - INFO - 1 change detected
2026-01-13 18:58:49 - watchfiles.main - INFO - 1 change detected
2026-01-13 18:58:50 - watchfiles.main - INFO - 1 change detected
2026-01-13 18:58:50 - watchfiles.main - INFO - 1 change detected
2026-01-13 18:58:50 - watchfiles.main - INFO - 1 change detected
2026-01-13 18:58:51 - watchfiles.main - INFO - 1 change detected
2026-01-13 18:58:51 - watchfiles.main - INFO - 1 change detected
2026-01-13 18:58:52 - watchfiles.main - INFO - 1 change detected
2026-01-13 18:58:52 - watchfiles.main - INFO - 1 change detected
2026-01-13 18:58:52 - watchfiles.main - INFO - 1 change detected
2026-01-13 18:58:53 - watchfiles.main - INFO - 1 change detected
2026-01-13 18:58:53 - watchfiles.main - INFO - 1 change detected
2026-01-13 18:58:54 - watchfiles.main - INFO - 1 change detected
2026-01-13 18:58:54 - watchfiles.main - INFO - 1 change detected
2026-01-13 18:58:54 - watchfiles.main - INFO - 1 change detected
2026-01-13 18:58:55 - watchfiles.main - INFO - 1 change detected
2026-01-13 18:58:55 - watchfiles.main - INFO - 1 change detected
2026-01-13 18:58:56 - watchfiles.main - INFO - 1 change detected
2026-01-13 18:58:56 - watchfiles.main - INFO - 1 change detected
2026-01-13 18:58:56 - watchfiles.main - INFO - 1 change detected
2026-01-13 18:58:57 - watchfiles.main - INFO - 1 change detected
2026-01-13 18:58:57 - watchfiles.main - INFO - 1 change detected
2026-01-13 18:58:58 - watchfiles.main - INFO - 1 change detected
2026-01-13 18:58:58 - watchfiles.main - INFO - 1 change detected
2026-01-13 18:58:58 - watchfiles.main - INFO - 1 change detected
2026-01-13 18:58:59 - watchfiles.main - INFO - 1 change detected
2026-01-13 18:58:59 - watchfiles.main - INFO - 1 change detected
2026-01-13 18:59:00 - watchfiles.main - INFO - 1 change detected
2026-01-13 18:59:00 - watchfiles.main - INFO - 1 change detected
2026-01-13 18:59:00 - watchfiles.main - INFO - 1 change detected
2026-01-13 18:59:01 - watchfiles.main - INFO - 1 change detected
2026-01-13 18:59:01 - watchfiles.main - INFO - 1 change detected
2026-01-13 18:59:02 - watchfiles.main - INFO - 1 change detected
2026-01-13 18:59:02 - watchfiles.main - INFO - 1 change detected
2026-01-13 18:59:02 - watchfiles.main - INFO - 1 change detected
2026-01-13 18:59:03 - watchfiles.main - INFO - 1 change detected
2026-01-13 18:59:03 - watchfiles.main - INFO - 1 change detected
2026-01-13 18:59:04 - watchfiles.main - INFO - 1 change detected
2026-01-13 18:59:04 - watchfiles.main - INFO - 1 change detected
2026-01-13 18:59:04 - watchfiles.main - INFO - 1 change detected
2026-01-13 18:59:05 - watchfiles.main - INFO - 1 change detected
2026-01-13 18:59:05 - watchfiles.main - INFO - 1 change detected
2026-01-13 18:59:06 - watchfiles.main - INFO - 1 change detected
2026-01-13 18:59:06 - watchfiles.main - INFO - 1 change detected
2026-01-13 18:59:06 - watchfiles.main - INFO - 1 change detected
2026-01-13 18:59:07 - watchfiles.main - INFO - 1 change detected
2026-01-13 18:59:07 - watchfiles.main - INFO - 1 change detected
2026-01-13 18:59:08 - watchfiles.main - INFO - 1 change detected
2026-01-13 18:59:08 - watchfiles.main - INFO - 1 change detected
2026-01-13 18:59:08 - watchfiles.main - INFO - 1 change detected
2026-01-13 18:59:09 - watchfiles.main - INFO - 1 change detected
2026-01-13 18:59:09 - watchfiles.main - INFO - 1 change detected
2026-01-13 18:59:10 - watchfiles.main - INFO - 1 change detected
2026-01-13 18:59:10 - watchfiles.main - INFO - 1 change detected
2026-01-13 18:59:10 - watchfiles.main - INFO - 1 change detected
2026-01-13 18:59:11 - watchfiles.main - INFO - 1 change detected
2026-01-13 18:59:11 - watchfiles.main - INFO - 1 change detected
2026-01-13 18:59:12 - watchfiles.main - INFO - 1 change detected
2026-01-13 18:59:12 - watchfiles.main - INFO - 1 change detected
2026-01-13 18:59:12 - watchfiles.main - INFO - 1 change detected
2026-01-13 18:59:13 - watchfiles.main - INFO - 1 change detected
2026-01-13 18:59:13 - watchfiles.main - INFO - 1 change detected
2026-01-13 18:59:14 - watchfiles.main - INFO - 1 change detected
2026-01-13 18:59:14 - watchfiles.main - INFO - 1 change detected
2026-01-13 18:59:14 - watchfiles.main - INFO - 1 change detected
2026-01-13 18:59:15 - watchfiles.main - INFO - 1 change detected
2026-01-13 18:59:15 - watchfiles.main - INFO - 1 change detected
2026-01-13 18:59:16 - watchfiles.main - INFO - 1 change detected
2026-01-13 18:59:16 - watchfiles.main - INFO - 1 change detected
2026-01-13 18:59:16 - watchfiles.main - INFO - 1 change detected
2026-01-13 18:59:17 - watchfiles.main - INFO - 1 change detected
2026-01-13 18:59:17 - watchfiles.main - INFO - 1 change detected
2026-01-13 18:59:18 - watchfiles.main - INFO - 1 change detected
2026-01-13 18:59:18 - watchfiles.main - INFO - 1 change detected
2026-01-13 18:59:19 - watchfiles.main - INFO - 1 change detected
2026-01-13 18:59:19 - watchfiles.main - INFO - 1 change detected
2026-01-13 18:59:19 - watchfiles.main - INFO - 1 change detected
2026-01-13 18:59:20 - watchfiles.main - INFO - 1 change detected
2026-01-13 18:59:20 - watchfiles.main - INFO - 1 change detected
2026-01-13 18:59:21 - watchfiles.main - INFO - 1 change detected
2026-01-13 18:59:21 - watchfiles.main - INFO - 1 change detected
2026-01-13 18:59:21 - watchfiles.main - INFO - 1 change detected
2026-01-13 18:59:22 - watchfiles.main - INFO - 1 change detected
2026-01-13 18:59:22 - watchfiles.main - INFO - 1 change detected
2026-01-13 18:59:22 - watchfiles.main - INFO - 1 change detected
2026-01-13 18:59:23 - watchfiles.main - INFO - 1 change detected
2026-01-13 18:59:23 - watchfiles.main - INFO - 1 change detected
2026-01-13 18:59:24 - watchfiles.main - INFO - 1 change detected
2026-01-13 18:59:24 - watchfiles.main - INFO - 1 change detected
2026-01-13 18:59:24 - watchfiles.main - INFO - 1 change detected
2026-01-13 18:59:25 - watchfiles.main - INFO - 1 change detected
2026-01-13 18:59:25 - watchfiles.main - INFO - 1 change detected
2026-01-13 18:59:26 - watchfiles.main - INFO - 1 change detected
2026-01-13 18:59:26 - watchfiles.main - INFO - 1 change detected
2026-01-13 18:59:27 - watchfiles.main - INFO - 1 change detected
2026-01-13 18:59:27 - watchfiles.main - INFO - 1 change detected
2026-01-13 18:59:27 - watchfiles.main - INFO - 1 change detected
2026-01-13 18:59:28 - watchfiles.main - INFO - 1 change detected
2026-01-13 18:59:28 - watchfiles.main - INFO - 1 change detected
2026-01-13 18:59:29 - watchfiles.main - INFO - 1 change detected
2026-01-13 18:59:29 - watchfiles.main - INFO - 1 change detected
2026-01-13 18:59:29 - watchfiles.main - INFO - 1 change detected
2026-01-13 18:59:30 - watchfiles.main - INFO - 1 change detected
2026-01-13 18:59:30 - watchfiles.main - INFO - 1 change detected
2026-01-13 18:59:30 - watchfiles.main - INFO - 1 change detected
2026-01-13 18:59:31 - watchfiles.main - INFO - 1 change detected
2026-01-13 18:59:31 - watchfiles.main - INFO - 1 change detected
2026-01-13 18:59:32 - watchfiles.main - INFO - 1 change detected
2026-01-13 18:59:32 - watchfiles.main - INFO - 1 change detected
2026-01-13 18:59:33 - watchfiles.main - INFO - 1 change detected
2026-01-13 18:59:33 - watchfiles.main - INFO - 1 change detected
2026-01-13 18:59:33 - watchfiles.main - INFO - 1 change detected
2026-01-13 18:59:34 - watchfiles.main - INFO - 1 change detected
2026-01-13 18:59:34 - watchfiles.main - INFO - 1 change detected
2026-01-13 18:59:35 - watchfiles.main - INFO - 1 change detected
2026-01-13 18:59:35 - watchfiles.main - INFO - 1 change detected
2026-01-13 18:59:35 - watchfiles.main - INFO - 1 change detected
2026-01-13 18:59:36 - watchfiles.main - INFO - 1 change detected
2026-01-13 18:59:36 - watchfiles.main - INFO - 1 change detected
2026-01-13 18:59:37 - watchfiles.main - INFO - 1 change detected
2026-01-13 18:59:37 - watchfiles.main - INFO - 1 change detected
2026-01-13 18:59:37 - watchfiles.main - INFO - 1 change detected
2026-01-13 18:59:38 - watchfiles.main - INFO - 1 change detected
2026-01-13 18:59:38 - watchfiles.main - INFO - 1 change detected
2026-01-13 18:59:39 - watchfiles.main - INFO - 1 change detected
2026-01-13 18:59:39 - watchfiles.main - INFO - 1 change detected
2026-01-13 18:59:39 - watchfiles.main - INFO - 1 change detected
2026-01-13 18:59:40 - watchfiles.main - INFO - 1 change detected
2026-01-13 18:59:40 - watchfiles.main - INFO - 1 change detected
2026-01-13 18:59:41 - watchfiles.main - INFO - 1 change detected
2026-01-13 18:59:41 - watchfiles.main - INFO - 1 change detected
2026-01-13 18:59:41 - watchfiles.main - INFO - 1 change detected
2026-01-13 18:59:42 - watchfiles.main - INFO - 1 change detected
2026-01-13 18:59:42 - watchfiles.main - INFO - 1 change detected
2026-01-13 18:59:43 - watchfiles.main - INFO - 1 change detected
2026-01-13 18:59:43 - watchfiles.main - INFO - 1 change detected
2026-01-13 18:59:43 - watchfiles.main - INFO - 1 change detected
2026-01-13 18:59:44 - watchfiles.main - INFO - 1 change detected
2026-01-13 18:59:44 - watchfiles.main - INFO - 1 change detected
2026-01-13 18:59:45 - watchfiles.main - INFO - 1 change detected
2026-01-13 18:59:45 - watchfiles.main - INFO - 1 change detected
2026-01-13 18:59:45 - watchfiles.main - INFO - 1 change detected
2026-01-13 18:59:46 - watchfiles.main - INFO - 1 change detected
2026-01-13 18:59:46 - watchfiles.main - INFO - 1 change detected
2026-01-13 18:59:47 - watchfiles.main - INFO - 1 change detected
2026-01-13 18:59:47 - watchfiles.main - INFO - 1 change detected
2026-01-13 18:59:47 - watchfiles.main - INFO - 1 change detected
2026-01-13 18:59:48 - watchfiles.main - INFO - 1 change detected
2026-01-13 18:59:48 - watchfiles.main - INFO - 1 change detected
2026-01-13 18:59:49 - watchfiles.main - INFO - 1 change detected
2026-01-13 18:59:49 - watchfiles.main - INFO - 1 change detected
2026-01-13 18:59:49 - watchfiles.main - INFO - 1 change detected
2026-01-13 18:59:50 - watchfiles.main - INFO - 1 change detected
2026-01-13 18:59:50 - watchfiles.main - INFO - 1 change detected
2026-01-13 18:59:50 - watchfiles.main - INFO - 1 change detected
2026-01-13 18:59:51 - watchfiles.main - INFO - 1 change detected
2026-01-13 18:59:51 - watchfiles.main - INFO - 1 change detected
2026-01-13 18:59:52 - watchfiles.main - INFO - 1 change detected
2026-01-13 18:59:52 - watchfiles.main - INFO - 1 change detected
2026-01-13 18:59:53 - watchfiles.main - INFO - 1 change detected
2026-01-13 18:59:53 - watchfiles.main - INFO - 1 change detected
2026-01-13 18:59:53 - watchfiles.main - INFO - 1 change detected
2026-01-13 18:59:54 - watchfiles.main - INFO - 1 change detected
2026-01-13 18:59:54 - watchfiles.main - INFO - 1 change detected
2026-01-13 18:59:55 - watchfiles.main - INFO - 1 change detected
2026-01-13 18:59:55 - watchfiles.main - INFO - 1 change detected
2026-01-13 18:59:55 - watchfiles.main - INFO - 1 change detected
2026-01-13 18:59:56 - watchfiles.main - INFO - 1 change detected
2026-01-13 18:59:56 - watchfiles.main - INFO - 1 change detected
2026-01-13 18:59:57 - watchfiles.main - INFO - 1 change detected
2026-01-13 18:59:57 - watchfiles.main - INFO - 1 change detected
2026-01-13 18:59:57 - watchfiles.main - INFO - 1 change detected
2026-01-13 18:59:58 - watchfiles.main - INFO - 1 change detected
2026-01-13 18:59:58 - watchfiles.main - INFO - 1 change detected
2026-01-13 18:59:59 - watchfiles.main - INFO - 1 change detected
2026-01-13 18:59:59 - watchfiles.main - INFO - 1 change detected
2026-01-13 18:59:59 - watchfiles.main - INFO - 1 change detected
2026-01-13 19:00:00 - watchfiles.main - INFO - 1 change detected
2026-01-13 19:00:00 - watchfiles.main - INFO - 1 change detected
2026-01-13 19:00:01 - watchfiles.main - INFO - 1 change detected
2026-01-13 19:00:01 - watchfiles.main - INFO - 1 change detected
2026-01-13 19:00:01 - watchfiles.main - INFO - 1 change detected
2026-01-13 19:00:02 - watchfiles.main - INFO - 1 change detected
2026-01-13 19:00:02 - watchfiles.main - INFO - 1 change detected
2026-01-13 19:00:03 - watchfiles.main - INFO - 1 change detected
2026-01-13 19:00:03 - watchfiles.main - INFO - 1 change detected
2026-01-13 19:00:03 - watchfiles.main - INFO - 1 change detected
2026-01-13 19:00:04 - watchfiles.main - INFO - 1 change detected
2026-01-13 19:00:04 - watchfiles.main - INFO - 1 change detected
2026-01-13 19:00:04 - watchfiles.main - INFO - 1 change detected
2026-01-13 19:00:05 - watchfiles.main - INFO - 1 change detected
2026-01-13 19:00:05 - watchfiles.main - INFO - 1 change detected
2026-01-13 19:00:06 - watchfiles.main - INFO - 1 change detected
2026-01-13 19:00:06 - watchfiles.main - INFO - 1 change detected
2026-01-13 19:00:06 - watchfiles.main - INFO - 1 change detected
2026-01-13 19:00:07 - watchfiles.main - INFO - 1 change detected
2026-01-13 19:00:07 - watchfiles.main - INFO - 1 change detected
2026-01-13 19:00:08 - watchfiles.main - INFO - 1 change detected
2026-01-13 19:00:08 - watchfiles.main - INFO - 1 change detected
2026-01-13 19:00:09 - watchfiles.main - INFO - 1 change detected
2026-01-13 19:00:09 - watchfiles.main - INFO - 1 change detected
2026-01-13 19:00:09 - watchfiles.main - INFO - 1 change detected
2026-01-13 19:00:10 - watchfiles.main - INFO - 1 change detected
2026-01-13 19:00:10 - watchfiles.main - INFO - 1 change detected
2026-01-13 19:00:11 - watchfiles.main - INFO - 1 change detected
2026-01-13 19:00:11 - watchfiles.main - INFO - 1 change detected
2026-01-13 19:00:11 - watchfiles.main - INFO - 1 change detected
2026-01-13 19:00:12 - watchfiles.main - INFO - 1 change detected
2026-01-13 19:00:12 - watchfiles.main - INFO - 1 change detected
2026-01-13 19:00:13 - watchfiles.main - INFO - 1 change detected
2026-01-13 19:00:13 - watchfiles.main - INFO - 1 change detected
2026-01-13 19:00:13 - watchfiles.main - INFO - 1 change detected
2026-01-13 19:00:14 - watchfiles.main - INFO - 1 change detected
2026-01-13 19:00:14 - watchfiles.main - INFO - 1 change detected
2026-01-13 19:00:14 - watchfiles.main - INFO - 1 change detected
2026-01-13 19:00:15 - watchfiles.main - INFO - 1 change detected
2026-01-13 19:00:15 - watchfiles.main - INFO - 1 change detected
2026-01-13 19:00:16 - watchfiles.main - INFO - 1 change detected
2026-01-13 19:00:16 - watchfiles.main - INFO - 1 change detected
2026-01-13 19:00:16 - watchfiles.main - INFO - 1 change detected
2026-01-13 19:00:17 - watchfiles.main - INFO - 1 change detected
2026-01-13 19:00:17 - watchfiles.main - INFO - 1 change detected
2026-01-13 19:00:18 - watchfiles.main - INFO - 1 change detected
2026-01-13 19:00:18 - watchfiles.main - INFO - 1 change detected
2026-01-13 19:00:18 - watchfiles.main - INFO - 1 change detected
2026-01-13 19:00:19 - watchfiles.main - INFO - 1 change detected
2026-01-13 19:00:19 - watchfiles.main - INFO - 1 change detected
2026-01-13 19:00:20 - watchfiles.main - INFO - 1 change detected
2026-01-13 19:00:20 - watchfiles.main - INFO - 1 change detected
2026-01-13 19:00:20 - watchfiles.main - INFO - 1 change detected
2026-01-13 19:00:21 - watchfiles.main - INFO - 1 change detected
2026-01-13 19:00:21 - watchfiles.main - INFO - 1 change detected
2026-01-13 19:00:22 - watchfiles.main - INFO - 1 change detected
2026-01-13 19:00:22 - watchfiles.main - INFO - 1 change detected
2026-01-13 19:00:23 - watchfiles.main - INFO - 1 change detected
2026-01-13 19:00:23 - watchfiles.main - INFO - 1 change detected
2026-01-13 19:00:23 - watchfiles.main - INFO - 1 change detected
2026-01-13 19:00:24 - watchfiles.main - INFO - 1 change detected
2026-01-13 19:00:24 - watchfiles.main - INFO - 1 change detected
2026-01-13 19:00:25 - watchfiles.main - INFO - 1 change detected
2026-01-13 19:00:25 - watchfiles.main - INFO - 1 change detected
2026-01-13 19:00:25 - watchfiles.main - INFO - 1 change detected
2026-01-13 19:00:26 - watchfiles.main - INFO - 1 change detected
2026-01-13 19:00:26 - watchfiles.main - INFO - 1 change detected
2026-01-13 19:00:26 - watchfiles.main - INFO - 1 change detected
2026-01-13 19:00:27 - watchfiles.main - INFO - 1 change detected
2026-01-13 19:00:27 - watchfiles.main - INFO - 1 change detected
2026-01-13 19:00:28 - watchfiles.main - INFO - 1 change detected
2026-01-13 19:00:28 - watchfiles.main - INFO - 1 change detected
2026-01-13 19:00:28 - watchfiles.main - INFO - 1 change detected
2026-01-13 19:00:29 - watchfiles.main - INFO - 1 change detected
2026-01-13 19:00:29 - watchfiles.main - INFO - 1 change detected
2026-01-13 19:00:30 - watchfiles.main - INFO - 1 change detected
2026-01-13 19:00:30 - watchfiles.main - INFO - 1 change detected
2026-01-13 19:00:30 - watchfiles.main - INFO - 1 change detected
2026-01-13 19:00:31 - watchfiles.main - INFO - 1 change detected
2026-01-13 19:00:31 - watchfiles.main - INFO - 1 change detected
2026-01-13 19:00:32 - watchfiles.main - INFO - 1 change detected
2026-01-13 19:00:32 - watchfiles.main - INFO - 1 change detected
2026-01-13 19:00:32 - watchfiles.main - INFO - 1 change detected
2026-01-13 19:00:33 - watchfiles.main - INFO - 1 change detected
2026-01-13 19:00:33 - watchfiles.main - INFO - 1 change detected
2026-01-13 19:00:34 - watchfiles.main - INFO - 1 change detected
2026-01-13 19:00:34 - watchfiles.main - INFO - 1 change detected
2026-01-13 19:00:34 - watchfiles.main - INFO - 1 change detected
2026-01-13 19:00:35 - watchfiles.main - INFO - 1 change detected
2026-01-13 19:00:35 - watchfiles.main - INFO - 1 change detected
2026-01-13 19:00:36 - watchfiles.main - INFO - 1 change detected
2026-01-13 19:00:36 - watchfiles.main - INFO - 1 change detected
2026-01-13 19:00:36 - watchfiles.main - INFO - 1 change detected
2026-01-13 19:00:37 - watchfiles.main - INFO - 1 change detected
2026-01-13 19:00:37 - watchfiles.main - INFO - 1 change detected
2026-01-13 19:00:38 - watchfiles.main - INFO - 1 change detected
2026-01-13 19:00:38 - watchfiles.main - INFO - 1 change detected
2026-01-13 19:00:38 - watchfiles.main - INFO - 1 change detected
2026-01-13 19:00:39 - watchfiles.main - INFO - 1 change detected
2026-01-13 19:00:39 - watchfiles.main - INFO - 1 change detected
2026-01-13 19:00:40 - watchfiles.main - INFO - 1 change detected
2026-01-13 19:00:40 - watchfiles.main - INFO - 1 change detected
2026-01-13 19:00:41 - watchfiles.main - INFO - 1 change detected
2026-01-13 19:00:41 - watchfiles.main - INFO - 1 change detected
2026-01-13 19:00:41 - watchfiles.main - INFO - 1 change detected
2026-01-13 19:00:42 - watchfiles.main - INFO - 1 change detected
2026-01-13 19:00:42 - watchfiles.main - INFO - 1 change detected
2026-01-13 19:00:42 - watchfiles.main - INFO - 1 change detected
2026-01-13 19:00:43 - watchfiles.main - INFO - 1 change detected
2026-01-13 19:00:43 - watchfiles.main - INFO - 1 change detected
2026-01-13 19:00:44 - watchfiles.main - INFO - 1 change detected
2026-01-13 19:00:44 - watchfiles.main - INFO - 1 change detected
2026-01-13 19:00:44 - watchfiles.main - INFO - 1 change detected
2026-01-13 19:00:45 - watchfiles.main - INFO - 1 change detected
2026-01-13 19:00:45 - watchfiles.main - INFO - 1 change detected
2026-01-13 19:00:46 - watchfiles.main - INFO - 1 change detected
2026-01-13 19:00:46 - watchfiles.main - INFO - 1 change detected
2026-01-13 19:00:46 - watchfiles.main - INFO - 1 change detected
2026-01-13 19:00:47 - watchfiles.main - INFO - 1 change detected
2026-01-13 19:00:47 - watchfiles.main - INFO - 1 change detected
2026-01-13 19:00:48 - watchfiles.main - INFO - 1 change detected
2026-01-13 19:00:48 - watchfiles.main - INFO - 1 change detected
2026-01-13 19:00:49 - watchfiles.main - INFO - 1 change detected
2026-01-13 19:00:49 - watchfiles.main - INFO - 1 change detected
2026-01-13 19:00:49 - watchfiles.main - INFO - 1 change detected
2026-01-13 19:00:50 - watchfiles.main - INFO - 1 change detected
2026-01-13 19:00:50 - watchfiles.main - INFO - 1 change detected
2026-01-13 19:00:51 - watchfiles.main - INFO - 1 change detected
2026-01-13 19:00:51 - watchfiles.main - INFO - 1 change detected
2026-01-13 19:00:51 - watchfiles.main - INFO - 1 change detected
2026-01-13 19:00:52 - watchfiles.main - INFO - 1 change detected
2026-01-13 19:00:52 - watchfiles.main - INFO - 1 change detected
2026-01-13 19:00:52 - watchfiles.main - INFO - 1 change detected
2026-01-13 19:00:53 - watchfiles.main - INFO - 1 change detected
2026-01-13 19:00:53 - watchfiles.main - INFO - 1 change detected
2026-01-13 19:00:54 - watchfiles.main - INFO - 1 change detected
2026-01-13 19:00:54 - watchfiles.main - INFO - 1 change detected
2026-01-13 19:00:55 - watchfiles.main - INFO - 1 change detected
2026-01-13 19:00:55 - watchfiles.main - INFO - 1 change detected
2026-01-13 19:00:55 - watchfiles.main - INFO - 1 change detected
2026-01-13 19:00:56 - watchfiles.main - INFO - 1 change detected
2026-01-13 19:00:56 - watchfiles.main - INFO - 1 change detected
2026-01-13 19:00:57 - watchfiles.main - INFO - 1 change detected
2026-01-13 19:00:57 - watchfiles.main - INFO - 1 change detected
2026-01-13 19:00:57 - watchfiles.main - INFO - 1 change detected
2026-01-13 19:00:58 - watchfiles.main - INFO - 1 change detected
2026-01-13 19:00:58 - watchfiles.main - INFO - 1 change detected
2026-01-13 19:00:59 - watchfiles.main - INFO - 1 change detected
2026-01-13 19:00:59 - watchfiles.main - INFO - 1 change detected
2026-01-13 19:00:59 - watchfiles.main - INFO - 1 change detected
2026-01-13 19:01:00 - watchfiles.main - INFO - 1 change detected
2026-01-13 19:01:00 - watchfiles.main - INFO - 1 change detected
2026-01-13 19:01:01 - watchfiles.main - INFO - 1 change detected
2026-01-13 19:01:01 - watchfiles.main - INFO - 1 change detected
2026-01-13 19:01:01 - watchfiles.main - INFO - 1 change detected
2026-01-13 19:01:02 - watchfiles.main - INFO - 1 change detected
2026-01-13 19:01:02 - watchfiles.main - INFO - 1 change detected
2026-01-13 19:01:03 - watchfiles.main - INFO - 1 change detected
2026-01-13 19:01:03 - watchfiles.main - INFO - 1 change detected
2026-01-13 19:01:03 - watchfiles.main - INFO - 1 change detected
2026-01-13 19:01:04 - watchfiles.main - INFO - 1 change detected
2026-01-13 19:01:04 - watchfiles.main - INFO - 1 change detected
2026-01-13 19:01:05 - watchfiles.main - INFO - 1 change detected
2026-01-13 19:01:05 - watchfiles.main - INFO - 1 change detected
2026-01-13 19:01:05 - watchfiles.main - INFO - 1 change detected
2026-01-13 19:01:06 - watchfiles.main - INFO - 1 change detected
2026-01-13 19:01:06 - watchfiles.main - INFO - 1 change detected
2026-01-13 19:01:07 - watchfiles.main - INFO - 1 change detected
2026-01-13 19:01:07 - watchfiles.main - INFO - 1 change detected
2026-01-13 19:01:07 - watchfiles.main - INFO - 1 change detected
2026-01-13 19:01:08 - watchfiles.main - INFO - 1 change detected
2026-01-13 19:01:08 - watchfiles.main - INFO - 1 change detected
2026-01-13 19:01:09 - watchfiles.main - INFO - 1 change detected
2026-01-13 19:01:09 - watchfiles.main - INFO - 1 change detected
2026-01-13 19:01:09 - watchfiles.main - INFO - 1 change detected
2026-01-13 19:01:10 - watchfiles.main - INFO - 1 change detected
2026-01-13 19:01:10 - watchfiles.main - INFO - 1 change detected
2026-01-13 19:01:11 - watchfiles.main - INFO - 1 change detected
2026-01-13 19:01:11 - watchfiles.main - INFO - 1 change detected
2026-01-13 19:01:11 - watchfiles.main - INFO - 1 change detected
2026-01-13 19:01:12 - watchfiles.main - INFO - 1 change detected
2026-01-13 19:01:12 - watchfiles.main - INFO - 1 change detected
2026-01-13 19:01:13 - watchfiles.main - INFO - 1 change detected
2026-01-13 19:01:13 - watchfiles.main - INFO - 1 change detected
2026-01-13 19:01:13 - watchfiles.main - INFO - 1 change detected
2026-01-13 19:01:14 - watchfiles.main - INFO - 1 change detected
2026-01-13 19:01:14 - watchfiles.main - INFO - 1 change detected
2026-01-13 19:01:15 - watchfiles.main - INFO - 1 change detected
2026-01-13 19:01:15 - watchfiles.main - INFO - 1 change detected
2026-01-13 19:01:15 - watchfiles.main - INFO - 1 change detected
2026-01-13 19:01:16 - watchfiles.main - INFO - 1 change detected
2026-01-13 19:01:16 - watchfiles.main - INFO - 1 change detected
2026-01-13 19:01:17 - watchfiles.main - INFO - 1 change detected
2026-01-13 19:01:17 - watchfiles.main - INFO - 1 change detected
2026-01-13 19:01:17 - watchfiles.main - INFO - 1 change detected
2026-01-13 19:01:18 - watchfiles.main - INFO - 1 change detected
2026-01-13 19:01:18 - watchfiles.main - INFO - 1 change detected
2026-01-13 19:01:19 - watchfiles.main - INFO - 1 change detected
2026-01-13 19:01:19 - watchfiles.main - INFO - 1 change detected
2026-01-13 19:01:20 - watchfiles.main - INFO - 1 change detected
2026-01-13 19:01:20 - watchfiles.main - INFO - 1 change detected
2026-01-13 19:01:20 - watchfiles.main - INFO - 1 change detected
2026-01-13 19:01:21 - watchfiles.main - INFO - 1 change detected
2026-01-13 19:01:21 - watchfiles.main - INFO - 1 change detected
2026-01-13 19:01:22 - watchfiles.main - INFO - 1 change detected
2026-01-13 19:01:22 - watchfiles.main - INFO - 1 change detected
2026-01-13 19:01:22 - watchfiles.main - INFO - 1 change detected
2026-01-13 19:01:23 - watchfiles.main - INFO - 1 change detected
2026-01-13 19:01:23 - watchfiles.main - INFO - 1 change detected
2026-01-13 19:01:24 - watchfiles.main - INFO - 1 change detected
2026-01-13 19:01:24 - watchfiles.main - INFO - 1 change detected
2026-01-13 19:01:24 - watchfiles.main - INFO - 1 change detected
2026-01-13 19:01:25 - watchfiles.main - INFO - 1 change detected
2026-01-13 19:01:25 - watchfiles.main - INFO - 1 change detected
2026-01-13 19:01:25 - watchfiles.main - INFO - 1 change detected
2026-01-13 19:01:26 - watchfiles.main - INFO - 1 change detected
2026-01-13 19:01:26 - watchfiles.main - INFO - 1 change detected
2026-01-13 19:01:27 - watchfiles.main - INFO - 1 change detected
2026-01-13 19:01:27 - watchfiles.main - INFO - 1 change detected
2026-01-13 19:01:28 - watchfiles.main - INFO - 1 change detected
2026-01-13 19:01:28 - watchfiles.main - INFO - 1 change detected
2026-01-13 19:01:28 - watchfiles.main - INFO - 1 change detected
2026-01-13 19:01:29 - watchfiles.main - INFO - 1 change detected
2026-01-13 19:01:29 - watchfiles.main - INFO - 1 change detected
2026-01-13 19:01:30 - watchfiles.main - INFO - 1 change detected
2026-01-13 19:01:30 - watchfiles.main - INFO - 1 change detected
2026-01-13 19:01:30 - watchfiles.main - INFO - 1 change detected
2026-01-13 19:01:31 - watchfiles.main - INFO - 1 change detected
2026-01-13 19:01:31 - watchfiles.main - INFO - 1 change detected
2026-01-13 19:01:32 - watchfiles.main - INFO - 1 change detected
2026-01-13 19:01:32 - watchfiles.main - INFO - 1 change detected
2026-01-13 19:01:32 - watchfiles.main - INFO - 1 change detected
2026-01-13 19:01:33 - watchfiles.main - INFO - 1 change detected
2026-01-13 19:01:33 - watchfiles.main - INFO - 1 change detected
2026-01-13 19:01:34 - watchfiles.main - INFO - 1 change detected
2026-01-13 19:01:34 - watchfiles.main - INFO - 1 change detected
2026-01-13 19:01:34 - watchfiles.main - INFO - 1 change detected
2026-01-13 19:01:35 - watchfiles.main - INFO - 1 change detected
2026-01-13 19:01:35 - watchfiles.main - INFO - 1 change detected
2026-01-13 19:01:36 - watchfiles.main - INFO - 1 change detected
2026-01-13 19:01:36 - watchfiles.main - INFO - 1 change detected
2026-01-13 19:01:36 - watchfiles.main - INFO - 1 change detected
2026-01-13 19:01:37 - watchfiles.main - INFO - 1 change detected
2026-01-13 19:01:37 - watchfiles.main - INFO - 1 change detected
2026-01-13 19:01:38 - watchfiles.main - INFO - 1 change detected
2026-01-13 19:01:38 - watchfiles.main - INFO - 1 change detected
2026-01-13 19:01:38 - watchfiles.main - INFO - 1 change detected
2026-01-13 19:01:39 - watchfiles.main - INFO - 1 change detected
2026-01-13 19:01:39 - watchfiles.main - INFO - 1 change detected
2026-01-13 19:01:40 - watchfiles.main - INFO - 1 change detected
2026-01-13 19:01:40 - watchfiles.main - INFO - 1 change detected
2026-01-13 19:01:40 - watchfiles.main - INFO - 1 change detected
2026-01-13 19:01:41 - watchfiles.main - INFO - 1 change detected
2026-01-13 19:01:41 - watchfiles.main - INFO - 1 change detected
2026-01-13 19:01:42 - watchfiles.main - INFO - 1 change detected
2026-01-13 19:01:42 - watchfiles.main - INFO - 1 change detected
2026-01-13 19:01:42 - watchfiles.main - INFO - 1 change detected
2026-01-13 19:01:43 - watchfiles.main - INFO - 1 change detected
2026-01-13 19:01:43 - watchfiles.main - INFO - 1 change detected
2026-01-13 19:01:44 - watchfiles.main - INFO - 1 change detected
2026-01-13 19:01:44 - watchfiles.main - INFO - 1 change detected
2026-01-13 19:01:44 - watchfiles.main - INFO - 1 change detected
2026-01-13 19:01:45 - watchfiles.main - INFO - 1 change detected
2026-01-13 19:01:45 - watchfiles.main - INFO - 1 change detected
2026-01-13 19:01:46 - watchfiles.main - INFO - 1 change detected
2026-01-13 19:01:46 - watchfiles.main - INFO - 1 change detected
2026-01-13 19:01:46 - watchfiles.main - INFO - 1 change detected
2026-01-13 19:01:47 - watchfiles.main - INFO - 1 change detected
2026-01-13 19:01:47 - watchfiles.main - INFO - 1 change detected
2026-01-13 19:01:48 - watchfiles.main - INFO - 1 change detected
2026-01-13 19:01:48 - watchfiles.main - INFO - 1 change detected
2026-01-13 19:01:48 - watchfiles.main - INFO - 1 change detected
2026-01-13 19:01:49 - watchfiles.main - INFO - 1 change detected
2026-01-13 19:01:49 - watchfiles.main - INFO - 1 change detected
2026-01-13 19:01:50 - watchfiles.main - INFO - 1 change detected
2026-01-13 19:01:50 - watchfiles.main - INFO - 1 change detected
2026-01-13 19:01:50 - watchfiles.main - INFO - 1 change detected
2026-01-13 19:01:51 - watchfiles.main - INFO - 1 change detected
2026-01-13 19:01:51 - watchfiles.main - INFO - 1 change detected
2026-01-13 19:01:52 - watchfiles.main - INFO - 1 change detected
2026-01-13 19:01:52 - watchfiles.main - INFO - 1 change detected
2026-01-13 19:01:52 - watchfiles.main - INFO - 1 change detected
2026-01-13 19:01:53 - watchfiles.main - INFO - 1 change detected
2026-01-13 19:01:53 - watchfiles.main - INFO - 1 change detected
2026-01-13 19:01:54 - watchfiles.main - INFO - 1 change detected
2026-01-13 19:01:54 - watchfiles.main - INFO - 1 change detected
2026-01-13 19:01:54 - watchfiles.main - INFO - 1 change detected
2026-01-13 19:01:55 - watchfiles.main - INFO - 1 change detected
2026-01-13 19:01:55 - watchfiles.main - INFO - 1 change detected
2026-01-13 19:01:56 - watchfiles.main - INFO - 1 change detected
2026-01-13 19:01:56 - watchfiles.main - INFO - 1 change detected
2026-01-13 19:01:56 - watchfiles.main - INFO - 1 change detected
2026-01-13 19:01:57 - watchfiles.main - INFO - 1 change detected
2026-01-13 19:01:57 - watchfiles.main - INFO - 1 change detected
2026-01-13 19:01:58 - watchfiles.main - INFO - 1 change detected
2026-01-13 19:01:58 - watchfiles.main - INFO - 1 change detected
2026-01-13 19:01:58 - watchfiles.main - INFO - 1 change detected
2026-01-13 19:01:59 - watchfiles.main - INFO - 1 change detected
2026-01-13 19:01:59 - watchfiles.main - INFO - 1 change detected
2026-01-13 19:02:00 - watchfiles.main - INFO - 1 change detected
2026-01-13 19:02:00 - watchfiles.main - INFO - 1 change detected
2026-01-13 19:02:00 - watchfiles.main - INFO - 1 change detected
2026-01-13 19:02:01 - watchfiles.main - INFO - 1 change detected
2026-01-13 19:02:01 - watchfiles.main - INFO - 1 change detected
2026-01-13 19:02:02 - watchfiles.main - INFO - 1 change detected
2026-01-13 19:02:02 - watchfiles.main - INFO - 1 change detected
2026-01-13 19:02:03 - watchfiles.main - INFO - 1 change detected
2026-01-13 19:02:03 - watchfiles.main - INFO - 1 change detected
2026-01-13 19:02:03 - watchfiles.main - INFO - 1 change detected
2026-01-13 19:02:04 - watchfiles.main - INFO - 1 change detected
2026-01-13 19:02:04 - watchfiles.main - INFO - 1 change detected
2026-01-13 19:02:04 - watchfiles.main - INFO - 1 change detected
2026-01-13 19:02:05 - watchfiles.main - INFO - 1 change detected
2026-01-13 19:02:05 - watchfiles.main - INFO - 1 change detected
2026-01-13 19:02:06 - watchfiles.main - INFO - 1 change detected
2026-01-13 19:02:06 - watchfiles.main - INFO - 1 change detected
2026-01-13 19:02:06 - watchfiles.main - INFO - 1 change detected
2026-01-13 19:02:07 - watchfiles.main - INFO - 1 change detected
2026-01-13 19:02:07 - watchfiles.main - INFO - 1 change detected
2026-01-13 19:02:08 - watchfiles.main - INFO - 1 change detected
2026-01-13 19:02:08 - watchfiles.main - INFO - 1 change detected
2026-01-13 19:02:09 - watchfiles.main - INFO - 1 change detected
2026-01-13 19:02:09 - watchfiles.main - INFO - 1 change detected
2026-01-13 19:02:09 - watchfiles.main - INFO - 1 change detected
2026-01-13 19:02:10 - watchfiles.main - INFO - 1 change detected
2026-01-13 19:02:10 - watchfiles.main - INFO - 1 change detected
2026-01-13 19:02:11 - watchfiles.main - INFO - 1 change detected
2026-01-13 19:02:11 - watchfiles.main - INFO - 1 change detected
2026-01-13 19:02:11 - watchfiles.main - INFO - 1 change detected
2026-01-13 19:02:12 - watchfiles.main - INFO - 1 change detected
2026-01-13 19:02:12 - watchfiles.main - INFO - 1 change detected
2026-01-13 19:02:12 - watchfiles.main - INFO - 1 change detected
2026-01-13 19:02:13 - watchfiles.main - INFO - 1 change detected
2026-01-13 19:02:13 - watchfiles.main - INFO - 1 change detected
2026-01-13 19:02:14 - watchfiles.main - INFO - 1 change detected
2026-01-13 19:02:14 - watchfiles.main - INFO - 1 change detected
2026-01-13 19:02:15 - watchfiles.main - INFO - 1 change detected
2026-01-13 19:02:15 - watchfiles.main - INFO - 1 change detected
2026-01-13 19:02:15 - watchfiles.main - INFO - 1 change detected
2026-01-13 19:02:16 - watchfiles.main - INFO - 1 change detected
2026-01-13 19:02:16 - watchfiles.main - INFO - 1 change detected
2026-01-13 19:02:17 - watchfiles.main - INFO - 1 change detected
2026-01-13 19:02:17 - watchfiles.main - INFO - 1 change detected
2026-01-13 19:02:17 - watchfiles.main - INFO - 1 change detected
2026-01-13 19:02:18 - watchfiles.main - INFO - 1 change detected
2026-01-13 19:02:18 - watchfiles.main - INFO - 1 change detected
2026-01-13 19:02:19 - watchfiles.main - INFO - 1 change detected
2026-01-13 19:02:19 - watchfiles.main - INFO - 1 change detected
2026-01-13 19:02:19 - watchfiles.main - INFO - 1 change detected
2026-01-13 19:02:20 - watchfiles.main - INFO - 1 change detected
2026-01-13 19:02:20 - watchfiles.main - INFO - 1 change detected
2026-01-13 19:02:21 - watchfiles.main - INFO - 1 change detected
2026-01-13 19:02:21 - watchfiles.main - INFO - 1 change detected
2026-01-13 19:02:21 - watchfiles.main - INFO - 1 change detected
2026-01-13 19:02:22 - watchfiles.main - INFO - 1 change detected
2026-01-13 19:02:22 - watchfiles.main - INFO - 1 change detected
2026-01-13 19:02:22 - watchfiles.main - INFO - 1 change detected
2026-01-13 19:02:23 - watchfiles.main - INFO - 1 change detected
2026-01-13 19:02:23 - watchfiles.main - INFO - 1 change detected
2026-01-13 19:02:24 - watchfiles.main - INFO - 1 change detected
2026-01-13 19:02:24 - watchfiles.main - INFO - 1 change detected
2026-01-13 19:02:24 - watchfiles.main - INFO - 1 change detected
2026-01-13 19:02:25 - watchfiles.main - INFO - 1 change detected
2026-01-13 19:02:25 - watchfiles.main - INFO - 1 change detected
2026-01-13 19:02:26 - watchfiles.main - INFO - 1 change detected
2026-01-13 19:02:26 - watchfiles.main - INFO - 1 change detected
2026-01-13 19:02:26 - watchfiles.main - INFO - 1 change detected
2026-01-13 19:02:27 - watchfiles.main - INFO - 1 change detected
2026-01-13 19:02:27 - watchfiles.main - INFO - 1 change detected
2026-01-13 19:02:28 - watchfiles.main - INFO - 1 change detected
2026-01-13 19:02:28 - watchfiles.main - INFO - 1 change detected
2026-01-13 19:02:28 - watchfiles.main - INFO - 1 change detected
2026-01-13 19:02:29 - watchfiles.main - INFO - 1 change detected
2026-01-13 19:02:29 - watchfiles.main - INFO - 1 change detected
2026-01-13 19:02:30 - watchfiles.main - INFO - 1 change detected
2026-01-13 19:02:30 - watchfiles.main - INFO - 1 change detected
2026-01-13 19:02:30 - watchfiles.main - INFO - 1 change detected
2026-01-13 19:02:31 - watchfiles.main - INFO - 1 change detected
2026-01-13 19:02:31 - watchfiles.main - INFO - 1 change detected
2026-01-13 19:02:32 - watchfiles.main - INFO - 1 change detected
2026-01-13 19:02:32 - watchfiles.main - INFO - 1 change detected
2026-01-13 19:02:32 - watchfiles.main - INFO - 1 change detected
2026-01-13 19:02:33 - watchfiles.main - INFO - 1 change detected
2026-01-13 19:02:33 - watchfiles.main - INFO - 1 change detected
2026-01-13 19:02:34 - watchfiles.main - INFO - 1 change detected
2026-01-13 19:02:34 - watchfiles.main - INFO - 1 change detected
2026-01-13 19:02:34 - watchfiles.main - INFO - 1 change detected
2026-01-13 19:02:35 - watchfiles.main - INFO - 1 change detected
2026-01-13 19:02:35 - watchfiles.main - INFO - 1 change detected
2026-01-13 19:02:36 - watchfiles.main - INFO - 1 change detected
2026-01-13 19:02:36 - watchfiles.main - INFO - 1 change detected
2026-01-13 19:02:36 - watchfiles.main - INFO - 1 change detected
2026-01-13 19:02:37 - watchfiles.main - INFO - 1 change detected
2026-01-13 19:02:37 - watchfiles.main - INFO - 1 change detected
2026-01-13 19:02:38 - watchfiles.main - INFO - 1 change detected
2026-01-13 19:02:38 - watchfiles.main - INFO - 1 change detected
2026-01-13 19:02:38 - watchfiles.main - INFO - 1 change detected
2026-01-13 19:02:39 - watchfiles.main - INFO - 1 change detected
2026-01-13 19:02:39 - watchfiles.main - INFO - 1 change detected
2026-01-13 19:02:40 - watchfiles.main - INFO - 1 change detected
2026-01-13 19:02:40 - watchfiles.main - INFO - 1 change detected
2026-01-13 19:02:40 - watchfiles.main - INFO - 1 change detected
2026-01-13 19:02:41 - watchfiles.main - INFO - 1 change detected
2026-01-13 19:02:41 - watchfiles.main - INFO - 1 change detected
2026-01-13 19:02:42 - watchfiles.main - INFO - 1 change detected
2026-01-13 19:02:42 - watchfiles.main - INFO - 1 change detected
2026-01-13 19:02:42 - watchfiles.main - INFO - 1 change detected
2026-01-13 19:02:43 - watchfiles.main - INFO - 1 change detected
2026-01-13 19:02:43 - watchfiles.main - INFO - 1 change detected
2026-01-13 19:02:44 - watchfiles.main - INFO - 1 change detected
2026-01-13 19:02:44 - watchfiles.main - INFO - 1 change detected
2026-01-13 19:02:44 - watchfiles.main - INFO - 1 change detected
2026-01-13 19:02:45 - watchfiles.main - INFO - 1 change detected
2026-01-13 19:02:45 - watchfiles.main - INFO - 1 change detected
2026-01-13 19:02:46 - watchfiles.main - INFO - 1 change detected
2026-01-13 19:02:46 - watchfiles.main - INFO - 1 change detected
2026-01-13 19:02:46 - watchfiles.main - INFO - 1 change detected
2026-01-13 19:02:47 - watchfiles.main - INFO - 1 change detected
2026-01-13 19:02:47 - watchfiles.main - INFO - 1 change detected
2026-01-13 19:02:48 - watchfiles.main - INFO - 1 change detected
2026-01-13 19:02:48 - watchfiles.main - INFO - 1 change detected
2026-01-13 19:02:48 - watchfiles.main - INFO - 1 change detected
2026-01-13 19:02:49 - watchfiles.main - INFO - 1 change detected
2026-01-13 19:02:49 - watchfiles.main - INFO - 1 change detected
2026-01-13 19:02:50 - watchfiles.main - INFO - 1 change detected
2026-01-13 19:02:50 - watchfiles.main - INFO - 1 change detected
2026-01-13 19:02:51 - watchfiles.main - INFO - 1 change detected
2026-01-13 19:02:51 - watchfiles.main - INFO - 1 change detected
2026-01-13 19:02:51 - watchfiles.main - INFO - 1 change detected
2026-01-13 19:02:52 - watchfiles.main - INFO - 1 change detected
2026-01-13 19:02:52 - watchfiles.main - INFO - 1 change detected
2026-01-13 19:02:53 - watchfiles.main - INFO - 1 change detected
2026-01-13 19:02:53 - watchfiles.main - INFO - 1 change detected
2026-01-13 19:02:53 - watchfiles.main - INFO - 1 change detected
2026-01-13 19:02:54 - watchfiles.main - INFO - 1 change detected
2026-01-13 19:02:54 - watchfiles.main - INFO - 1 change detected
2026-01-13 19:02:54 - watchfiles.main - INFO - 1 change detected
2026-01-13 19:02:55 - watchfiles.main - INFO - 1 change detected
2026-01-13 19:02:55 - watchfiles.main - INFO - 1 change detected
2026-01-13 19:02:56 - watchfiles.main - INFO - 1 change detected
2026-01-13 19:02:56 - watchfiles.main - INFO - 1 change detected
2026-01-13 19:02:56 - watchfiles.main - INFO - 1 change detected
2026-01-13 19:02:57 - watchfiles.main - INFO - 1 change detected
2026-01-13 19:02:57 - watchfiles.main - INFO - 1 change detected
2026-01-13 19:02:58 - watchfiles.main - INFO - 1 change detected
2026-01-13 19:02:58 - watchfiles.main - INFO - 1 change detected
2026-01-13 19:02:59 - watchfiles.main - INFO - 1 change detected
2026-01-13 19:02:59 - watchfiles.main - INFO - 1 change detected
2026-01-13 19:02:59 - watchfiles.main - INFO - 1 change detected
2026-01-13 19:03:00 - watchfiles.main - INFO - 1 change detected
2026-01-13 19:03:00 - watchfiles.main - INFO - 1 change detected
2026-01-13 19:03:01 - watchfiles.main - INFO - 1 change detected
2026-01-13 19:03:01 - watchfiles.main - INFO - 1 change detected
2026-01-13 19:03:01 - watchfiles.main - INFO - 1 change detected
2026-01-13 19:03:02 - watchfiles.main - INFO - 1 change detected
2026-01-13 19:03:02 - watchfiles.main - INFO - 1 change detected
2026-01-13 19:03:03 - watchfiles.main - INFO - 1 change detected
2026-01-13 19:03:03 - watchfiles.main - INFO - 1 change detected
2026-01-13 19:03:03 - watchfiles.main - INFO - 1 change detected
2026-01-13 19:03:04 - watchfiles.main - INFO - 1 change detected
2026-01-13 19:03:04 - watchfiles.main - INFO - 1 change detected
2026-01-13 19:03:04 - watchfiles.main - INFO - 1 change detected
2026-01-13 19:03:05 - watchfiles.main - INFO - 1 change detected
2026-01-13 19:03:05 - watchfiles.main - INFO - 1 change detected
2026-01-13 19:03:06 - watchfiles.main - INFO - 1 change detected
2026-01-13 19:03:06 - watchfiles.main - INFO - 1 change detected
2026-01-13 19:03:06 - watchfiles.main - INFO - 1 change detected
2026-01-13 19:03:07 - watchfiles.main - INFO - 1 change detected
2026-01-13 19:03:07 - watchfiles.main - INFO - 1 change detected
2026-01-13 19:03:08 - watchfiles.main - INFO - 1 change detected
2026-01-13 19:03:08 - watchfiles.main - INFO - 1 change detected
2026-01-13 19:03:08 - watchfiles.main - INFO - 1 change detected
2026-01-13 19:03:09 - watchfiles.main - INFO - 1 change detected
2026-01-13 19:03:09 - watchfiles.main - INFO - 1 change detected
2026-01-13 19:03:10 - watchfiles.main - INFO - 1 change detected
2026-01-13 19:03:10 - watchfiles.main - INFO - 1 change detected
2026-01-13 19:03:11 - watchfiles.main - INFO - 1 change detected
2026-01-13 19:03:11 - watchfiles.main - INFO - 1 change detected
2026-01-13 19:03:11 - watchfiles.main - INFO - 1 change detected
2026-01-13 19:03:12 - watchfiles.main - INFO - 1 change detected
2026-01-13 19:03:12 - watchfiles.main - INFO - 1 change detected
2026-01-13 19:03:12 - watchfiles.main - INFO - 1 change detected
2026-01-13 19:03:13 - watchfiles.main - INFO - 1 change detected
2026-01-13 19:03:13 - watchfiles.main - INFO - 1 change detected
2026-01-13 19:03:14 - watchfiles.main - INFO - 1 change detected
2026-01-13 19:03:14 - watchfiles.main - INFO - 1 change detected
2026-01-13 19:03:14 - watchfiles.main - INFO - 1 change detected
2026-01-13 19:03:15 - watchfiles.main - INFO - 1 change detected
2026-01-13 19:03:15 - watchfiles.main - INFO - 1 change detected
2026-01-13 19:03:16 - watchfiles.main - INFO - 1 change detected
2026-01-13 19:03:16 - watchfiles.main - INFO - 1 change detected
2026-01-13 19:03:17 - watchfiles.main - INFO - 1 change detected
2026-01-13 19:03:17 - watchfiles.main - INFO - 1 change detected
2026-01-13 19:03:17 - watchfiles.main - INFO - 1 change detected
2026-01-13 19:03:18 - watchfiles.main - INFO - 1 change detected
2026-01-13 19:03:18 - watchfiles.main - INFO - 1 change detected
2026-01-13 19:03:19 - watchfiles.main - INFO - 1 change detected
2026-01-13 19:03:19 - watchfiles.main - INFO - 1 change detected
2026-01-13 19:03:19 - watchfiles.main - INFO - 1 change detected
2026-01-13 19:03:20 - watchfiles.main - INFO - 1 change detected
2026-01-13 19:03:20 - watchfiles.main - INFO - 1 change detected
2026-01-13 19:03:21 - watchfiles.main - INFO - 1 change detected
2026-01-13 19:03:21 - watchfiles.main - INFO - 1 change detected
2026-01-13 19:03:21 - watchfiles.main - INFO - 1 change detected
2026-01-13 19:03:22 - watchfiles.main - INFO - 1 change detected
2026-01-13 19:03:22 - watchfiles.main - INFO - 1 change detected
2026-01-13 19:03:23 - watchfiles.main - INFO - 1 change detected
2026-01-13 19:03:23 - watchfiles.main - INFO - 1 change detected
2026-01-13 19:03:23 - watchfiles.main - INFO - 1 change detected
2026-01-13 19:03:24 - watchfiles.main - INFO - 1 change detected
2026-01-13 19:03:24 - watchfiles.main - INFO - 1 change detected
2026-01-13 19:03:25 - watchfiles.main - INFO - 1 change detected
2026-01-13 19:03:25 - watchfiles.main - INFO - 1 change detected
2026-01-13 19:03:25 - watchfiles.main - INFO - 1 change detected
2026-01-13 19:03:26 - watchfiles.main - INFO - 1 change detected
2026-01-13 19:03:26 - watchfiles.main - INFO - 1 change detected
2026-01-13 19:03:27 - watchfiles.main - INFO - 1 change detected
2026-01-13 19:03:27 - watchfiles.main - INFO - 1 change detected
2026-01-13 19:03:27 - watchfiles.main - INFO - 1 change detected
2026-01-13 19:03:28 - watchfiles.main - INFO - 1 change detected
2026-01-13 19:03:28 - watchfiles.main - INFO - 1 change detected
2026-01-13 19:03:29 - watchfiles.main - INFO - 1 change detected
2026-01-13 19:03:29 - watchfiles.main - INFO - 1 change detected
2026-01-13 19:03:29 - watchfiles.main - INFO - 1 change detected
2026-01-13 19:03:30 - watchfiles.main - INFO - 1 change detected
2026-01-13 19:03:30 - watchfiles.main - INFO - 1 change detected
2026-01-13 19:03:31 - watchfiles.main - INFO - 1 change detected
2026-01-13 19:03:31 - watchfiles.main - INFO - 1 change detected
2026-01-13 19:03:31 - watchfiles.main - INFO - 1 change detected
2026-01-13 19:03:32 - watchfiles.main - INFO - 1 change detected
2026-01-13 19:03:32 - watchfiles.main - INFO - 1 change detected
2026-01-13 19:03:33 - watchfiles.main - INFO - 1 change detected
2026-01-13 19:03:33 - watchfiles.main - INFO - 1 change detected
2026-01-13 19:03:33 - watchfiles.main - INFO - 1 change detected
2026-01-13 19:03:34 - watchfiles.main - INFO - 1 change detected
2026-01-13 19:03:34 - watchfiles.main - INFO - 1 change detected
2026-01-13 19:03:35 - watchfiles.main - INFO - 1 change detected
2026-01-13 19:03:35 - watchfiles.main - INFO - 1 change detected
2026-01-13 19:03:35 - watchfiles.main - INFO - 1 change detected
2026-01-13 19:03:36 - watchfiles.main - INFO - 1 change detected
2026-01-13 19:03:36 - watchfiles.main - INFO - 1 change detected
2026-01-13 19:03:37 - watchfiles.main - INFO - 1 change detected
2026-01-13 19:03:37 - watchfiles.main - INFO - 1 change detected
2026-01-13 19:03:37 - watchfiles.main - INFO - 1 change detected
2026-01-13 19:03:38 - watchfiles.main - INFO - 1 change detected
2026-01-13 19:03:38 - watchfiles.main - INFO - 1 change detected
2026-01-13 19:03:39 - watchfiles.main - INFO - 1 change detected
2026-01-13 19:03:39 - watchfiles.main - INFO - 1 change detected
2026-01-13 19:03:39 - watchfiles.main - INFO - 1 change detected
2026-01-13 19:03:40 - watchfiles.main - INFO - 1 change detected
2026-01-13 19:03:40 - watchfiles.main - INFO - 1 change detected
2026-01-13 19:03:41 - watchfiles.main - INFO - 1 change detected
2026-01-13 19:03:41 - watchfiles.main - INFO - 1 change detected
2026-01-13 19:03:41 - watchfiles.main - INFO - 1 change detected
2026-01-13 19:03:42 - watchfiles.main - INFO - 1 change detected
2026-01-13 19:03:42 - watchfiles.main - INFO - 1 change detected
2026-01-13 19:03:43 - watchfiles.main - INFO - 1 change detected
2026-01-13 19:03:43 - watchfiles.main - INFO - 1 change detected
2026-01-13 19:03:43 - watchfiles.main - INFO - 1 change detected
2026-01-13 19:03:44 - watchfiles.main - INFO - 1 change detected
2026-01-13 19:03:44 - watchfiles.main - INFO - 1 change detected
2026-01-13 19:03:45 - watchfiles.main - INFO - 1 change detected
2026-01-13 19:03:45 - watchfiles.main - INFO - 1 change detected
2026-01-13 19:03:45 - watchfiles.main - INFO - 1 change detected
2026-01-13 19:03:46 - watchfiles.main - INFO - 1 change detected
2026-01-13 19:03:46 - watchfiles.main - INFO - 1 change detected
2026-01-13 19:03:47 - watchfiles.main - INFO - 1 change detected
2026-01-13 19:03:47 - watchfiles.main - INFO - 1 change detected
2026-01-13 19:03:47 - watchfiles.main - INFO - 1 change detected
2026-01-13 19:03:48 - watchfiles.main - INFO - 1 change detected
2026-01-13 19:03:48 - watchfiles.main - INFO - 1 change detected
2026-01-13 19:03:49 - watchfiles.main - INFO - 1 change detected
2026-01-13 19:03:49 - watchfiles.main - INFO - 1 change detected
2026-01-13 19:03:49 - watchfiles.main - INFO - 1 change detected
2026-01-13 19:03:50 - watchfiles.main - INFO - 1 change detected
2026-01-13 19:03:50 - watchfiles.main - INFO - 1 change detected
2026-01-13 19:03:50 - watchfiles.main - INFO - 1 change detected
2026-01-13 19:03:51 - watchfiles.main - INFO - 1 change detected
2026-01-13 19:03:51 - watchfiles.main - INFO - 1 change detected
2026-01-13 19:03:52 - watchfiles.main - INFO - 1 change detected
2026-01-13 19:03:52 - watchfiles.main - INFO - 1 change detected
2026-01-13 19:03:52 - watchfiles.main - INFO - 1 change detected
2026-01-13 19:03:53 - watchfiles.main - INFO - 1 change detected
2026-01-13 19:03:53 - watchfiles.main - INFO - 1 change detected
2026-01-13 19:03:54 - watchfiles.main - INFO - 1 change detected
2026-01-13 19:03:54 - watchfiles.main - INFO - 1 change detected
2026-01-13 19:03:55 - watchfiles.main - INFO - 1 change detected
2026-01-13 19:03:55 - watchfiles.main - INFO - 1 change detected
2026-01-13 19:03:55 - watchfiles.main - INFO - 1 change detected
2026-01-13 19:03:56 - watchfiles.main - INFO - 1 change detected
2026-01-13 19:03:56 - watchfiles.main - INFO - 1 change detected
2026-01-13 19:03:57 - watchfiles.main - INFO - 1 change detected
2026-01-13 19:03:57 - watchfiles.main - INFO - 1 change detected
2026-01-13 19:03:57 - watchfiles.main - INFO - 1 change detected
2026-01-13 19:03:58 - watchfiles.main - INFO - 1 change detected
2026-01-13 19:03:58 - watchfiles.main - INFO - 1 change detected
2026-01-13 19:03:58 - watchfiles.main - INFO - 1 change detected
2026-01-13 19:03:59 - watchfiles.main - INFO - 1 change detected
2026-01-13 19:03:59 - watchfiles.main - INFO - 1 change detected
2026-01-13 19:04:00 - watchfiles.main - INFO - 1 change detected
2026-01-13 19:04:00 - watchfiles.main - INFO - 1 change detected
2026-01-13 19:04:01 - watchfiles.main - INFO - 1 change detected
2026-01-13 19:04:01 - watchfiles.main - INFO - 1 change detected
2026-01-13 19:04:01 - watchfiles.main - INFO - 1 change detected
2026-01-13 19:04:02 - watchfiles.main - INFO - 1 change detected
2026-01-13 19:04:02 - watchfiles.main - INFO - 1 change detected
2026-01-13 19:04:03 - watchfiles.main - INFO - 1 change detected
2026-01-13 19:04:03 - watchfiles.main - INFO - 1 change detected
2026-01-13 19:04:03 - watchfiles.main - INFO - 1 change detected
2026-01-13 19:04:04 - watchfiles.main - INFO - 1 change detected
2026-01-13 19:04:04 - watchfiles.main - INFO - 1 change detected
2026-01-13 19:04:05 - watchfiles.main - INFO - 1 change detected
2026-01-13 19:04:05 - watchfiles.main - INFO - 1 change detected
2026-01-13 19:04:05 - watchfiles.main - INFO - 1 change detected
2026-01-13 19:04:06 - watchfiles.main - INFO - 1 change detected
2026-01-13 19:04:06 - watchfiles.main - INFO - 1 change detected
2026-01-13 19:04:07 - watchfiles.main - INFO - 1 change detected
2026-01-13 19:04:07 - watchfiles.main - INFO - 1 change detected
2026-01-13 19:04:07 - watchfiles.main - INFO - 1 change detected
2026-01-13 19:04:08 - watchfiles.main - INFO - 1 change detected
2026-01-13 19:04:08 - watchfiles.main - INFO - 1 change detected
2026-01-13 19:04:09 - watchfiles.main - INFO - 1 change detected
2026-01-13 19:04:09 - watchfiles.main - INFO - 1 change detected
2026-01-13 19:04:09 - watchfiles.main - INFO - 1 change detected
2026-01-13 19:04:10 - watchfiles.main - INFO - 1 change detected
2026-01-13 19:04:10 - watchfiles.main - INFO - 1 change detected
2026-01-13 19:04:11 - watchfiles.main - INFO - 1 change detected
2026-01-13 19:04:11 - watchfiles.main - INFO - 1 change detected
2026-01-13 19:04:11 - watchfiles.main - INFO - 1 change detected
2026-01-13 19:04:12 - watchfiles.main - INFO - 1 change detected
2026-01-13 19:04:12 - watchfiles.main - INFO - 1 change detected
2026-01-13 19:04:13 - watchfiles.main - INFO - 1 change detected
2026-01-13 19:04:13 - watchfiles.main - INFO - 1 change detected
2026-01-13 19:04:13 - watchfiles.main - INFO - 1 change detected
2026-01-13 19:04:14 - watchfiles.main - INFO - 1 change detected
2026-01-13 19:04:14 - watchfiles.main - INFO - 1 change detected
2026-01-13 19:04:15 - watchfiles.main - INFO - 1 change detected
2026-01-13 19:04:15 - watchfiles.main - INFO - 1 change detected
2026-01-13 19:04:15 - watchfiles.main - INFO - 1 change detected
2026-01-13 19:04:16 - watchfiles.main - INFO - 1 change detected
2026-01-13 19:04:16 - watchfiles.main - INFO - 1 change detected
2026-01-13 19:04:17 - watchfiles.main - INFO - 1 change detected
2026-01-13 19:04:17 - watchfiles.main - INFO - 1 change detected
2026-01-13 19:04:17 - watchfiles.main - INFO - 1 change detected
2026-01-13 19:04:18 - watchfiles.main - INFO - 1 change detected
2026-01-13 19:04:18 - watchfiles.main - INFO - 1 change detected
2026-01-13 19:04:18 - watchfiles.main - INFO - 1 change detected
2026-01-13 19:04:19 - watchfiles.main - INFO - 1 change detected
2026-01-13 19:04:19 - watchfiles.main - INFO - 1 change detected
2026-01-13 19:04:20 - watchfiles.main - INFO - 1 change detected
2026-01-13 19:04:20 - watchfiles.main - INFO - 1 change detected
2026-01-13 19:04:21 - watchfiles.main - INFO - 1 change detected
2026-01-13 19:04:21 - watchfiles.main - INFO - 1 change detected
2026-01-13 19:04:21 - watchfiles.main - INFO - 1 change detected
2026-01-13 19:04:22 - watchfiles.main - INFO - 1 change detected
2026-01-13 19:04:22 - watchfiles.main - INFO - 1 change detected
2026-01-13 19:04:22 - watchfiles.main - INFO - 1 change detected
2026-01-13 19:04:23 - watchfiles.main - INFO - 1 change detected
2026-01-13 19:04:23 - watchfiles.main - INFO - 1 change detected
2026-01-13 19:04:24 - watchfiles.main - INFO - 1 change detected
2026-01-13 19:04:24 - watchfiles.main - INFO - 1 change detected
2026-01-13 19:04:25 - watchfiles.main - INFO - 1 change detected
2026-01-13 19:04:25 - watchfiles.main - INFO - 1 change detected
2026-01-13 19:04:25 - watchfiles.main - INFO - 1 change detected
2026-01-13 19:04:26 - watchfiles.main - INFO - 1 change detected
2026-01-13 19:04:26 - watchfiles.main - INFO - 1 change detected
2026-01-13 19:04:26 - watchfiles.main - INFO - 1 change detected
2026-01-13 19:04:27 - watchfiles.main - INFO - 1 change detected
2026-01-13 19:04:27 - watchfiles.main - INFO - 1 change detected
2026-01-13 19:04:28 - watchfiles.main - INFO - 1 change detected
2026-01-13 19:04:28 - watchfiles.main - INFO - 1 change detected
2026-01-13 19:04:28 - watchfiles.main - INFO - 1 change detected
2026-01-13 19:04:29 - watchfiles.main - INFO - 1 change detected
2026-01-13 19:04:29 - watchfiles.main - INFO - 1 change detected
2026-01-13 19:04:30 - watchfiles.main - INFO - 1 change detected
2026-01-13 19:04:30 - watchfiles.main - INFO - 1 change detected
2026-01-13 19:04:30 - watchfiles.main - INFO - 1 change detected
2026-01-13 19:04:31 - watchfiles.main - INFO - 1 change detected
2026-01-13 19:04:31 - watchfiles.main - INFO - 1 change detected
2026-01-13 19:04:32 - watchfiles.main - INFO - 1 change detected
2026-01-13 19:04:32 - watchfiles.main - INFO - 1 change detected
2026-01-13 19:04:32 - watchfiles.main - INFO - 1 change detected
2026-01-13 19:04:33 - watchfiles.main - INFO - 1 change detected
2026-01-13 19:04:33 - watchfiles.main - INFO - 1 change detected
2026-01-13 19:04:34 - watchfiles.main - INFO - 1 change detected
2026-01-13 19:04:34 - watchfiles.main - INFO - 1 change detected
2026-01-13 19:04:35 - watchfiles.main - INFO - 1 change detected
2026-01-13 19:04:35 - watchfiles.main - INFO - 1 change detected
2026-01-13 19:04:35 - watchfiles.main - INFO - 1 change detected
2026-01-13 19:04:36 - watchfiles.main - INFO - 1 change detected
2026-01-13 19:04:36 - watchfiles.main - INFO - 1 change detected
2026-01-13 19:04:36 - watchfiles.main - INFO - 1 change detected
2026-01-13 19:04:37 - watchfiles.main - INFO - 1 change detected
2026-01-13 19:04:37 - watchfiles.main - INFO - 1 change detected
2026-01-13 19:04:38 - watchfiles.main - INFO - 1 change detected
2026-01-13 19:04:38 - watchfiles.main - INFO - 1 change detected
2026-01-13 19:04:38 - watchfiles.main - INFO - 1 change detected
2026-01-13 19:04:39 - watchfiles.main - INFO - 1 change detected
2026-01-13 19:04:39 - watchfiles.main - INFO - 1 change detected
2026-01-13 19:04:40 - watchfiles.main - INFO - 1 change detected
2026-01-13 19:04:40 - watchfiles.main - INFO - 1 change detected
2026-01-13 19:04:40 - watchfiles.main - INFO - 1 change detected
2026-01-13 19:04:41 - watchfiles.main - INFO - 1 change detected
2026-01-13 19:04:41 - watchfiles.main - INFO - 1 change detected
2026-01-13 19:04:42 - watchfiles.main - INFO - 1 change detected
2026-01-13 19:04:42 - watchfiles.main - INFO - 1 change detected
2026-01-13 19:04:43 - watchfiles.main - INFO - 1 change detected
2026-01-13 19:04:43 - watchfiles.main - INFO - 1 change detected
2026-01-13 19:04:43 - watchfiles.main - INFO - 1 change detected
2026-01-13 19:04:44 - watchfiles.main - INFO - 1 change detected
2026-01-13 19:04:44 - watchfiles.main - INFO - 1 change detected
2026-01-13 19:04:45 - watchfiles.main - INFO - 1 change detected
2026-01-13 19:04:45 - watchfiles.main - INFO - 1 change detected
2026-01-13 19:04:45 - watchfiles.main - INFO - 1 change detected
2026-01-13 19:04:46 - watchfiles.main - INFO - 1 change detected
2026-01-13 19:04:46 - watchfiles.main - INFO - 1 change detected
2026-01-13 19:04:47 - watchfiles.main - INFO - 1 change detected
2026-01-13 19:04:47 - watchfiles.main - INFO - 1 change detected
2026-01-13 19:04:47 - watchfiles.main - INFO - 1 change detected
2026-01-13 19:04:48 - watchfiles.main - INFO - 1 change detected
2026-01-13 19:04:48 - watchfiles.main - INFO - 1 change detected
2026-01-13 19:04:49 - watchfiles.main - INFO - 1 change detected
2026-01-13 19:04:49 - watchfiles.main - INFO - 1 change detected
2026-01-13 19:04:49 - watchfiles.main - INFO - 1 change detected
2026-01-13 19:04:50 - watchfiles.main - INFO - 1 change detected
2026-01-13 19:04:50 - watchfiles.main - INFO - 1 change detected
2026-01-13 19:04:51 - watchfiles.main - INFO - 1 change detected
2026-01-13 19:04:51 - watchfiles.main - INFO - 1 change detected
2026-01-13 19:04:51 - watchfiles.main - INFO - 1 change detected
2026-01-13 19:04:52 - watchfiles.main - INFO - 1 change detected
2026-01-13 19:04:52 - watchfiles.main - INFO - 1 change detected
2026-01-13 19:04:53 - watchfiles.main - INFO - 1 change detected
2026-01-13 19:04:53 - watchfiles.main - INFO - 1 change detected
2026-01-13 19:04:53 - watchfiles.main - INFO - 1 change detected
2026-01-13 19:04:54 - watchfiles.main - INFO - 1 change detected
2026-01-13 19:04:54 - watchfiles.main - INFO - 1 change detected
2026-01-13 19:04:55 - watchfiles.main - INFO - 1 change detected
2026-01-13 19:04:55 - watchfiles.main - INFO - 1 change detected
2026-01-13 19:04:55 - watchfiles.main - INFO - 1 change detected
2026-01-13 19:04:56 - watchfiles.main - INFO - 1 change detected
2026-01-13 19:04:56 - watchfiles.main - INFO - 1 change detected
2026-01-13 19:04:57 - watchfiles.main - INFO - 1 change detected
2026-01-13 19:04:57 - watchfiles.main - INFO - 1 change detected
2026-01-13 19:04:57 - watchfiles.main - INFO - 1 change detected
2026-01-13 19:04:58 - watchfiles.main - INFO - 1 change detected
2026-01-13 19:04:58 - watchfiles.main - INFO - 1 change detected
2026-01-13 19:04:59 - watchfiles.main - INFO - 1 change detected
2026-01-13 19:04:59 - watchfiles.main - INFO - 1 change detected
2026-01-13 19:04:59 - watchfiles.main - INFO - 1 change detected
2026-01-13 19:05:00 - watchfiles.main - INFO - 1 change detected
2026-01-13 19:05:00 - watchfiles.main - INFO - 1 change detected
2026-01-13 19:05:01 - watchfiles.main - INFO - 1 change detected
2026-01-13 19:05:01 - watchfiles.main - INFO - 1 change detected
2026-01-13 19:05:01 - watchfiles.main - INFO - 1 change detected
2026-01-13 19:05:02 - watchfiles.main - INFO - 1 change detected
2026-01-13 19:05:02 - watchfiles.main - INFO - 1 change detected
2026-01-13 19:05:03 - watchfiles.main - INFO - 1 change detected
2026-01-13 19:05:03 - watchfiles.main - INFO - 1 change detected
2026-01-13 19:05:03 - watchfiles.main - INFO - 1 change detected
2026-01-13 19:05:04 - watchfiles.main - INFO - 1 change detected
2026-01-13 19:05:04 - watchfiles.main - INFO - 1 change detected
2026-01-13 19:05:05 - watchfiles.main - INFO - 1 change detected
2026-01-13 19:05:05 - watchfiles.main - INFO - 1 change detected
2026-01-13 19:05:05 - watchfiles.main - INFO - 1 change detected
2026-01-13 19:05:06 - watchfiles.main - INFO - 1 change detected
2026-01-13 19:05:06 - watchfiles.main - INFO - 1 change detected
2026-01-13 19:05:07 - watchfiles.main - INFO - 1 change detected
2026-01-13 19:05:07 - watchfiles.main - INFO - 1 change detected
2026-01-13 19:05:07 - watchfiles.main - INFO - 1 change detected
2026-01-13 19:05:08 - watchfiles.main - INFO - 1 change detected
2026-01-13 19:05:08 - watchfiles.main - INFO - 1 change detected
2026-01-13 19:05:09 - watchfiles.main - INFO - 1 change detected
2026-01-13 19:05:09 - watchfiles.main - INFO - 1 change detected
2026-01-13 19:05:09 - watchfiles.main - INFO - 1 change detected
2026-01-13 19:05:10 - watchfiles.main - INFO - 1 change detected
2026-01-13 19:05:10 - watchfiles.main - INFO - 1 change detected
2026-01-13 19:05:11 - watchfiles.main - INFO - 1 change detected
2026-01-13 19:05:11 - watchfiles.main - INFO - 1 change detected
2026-01-13 19:05:11 - watchfiles.main - INFO - 1 change detected
2026-01-13 19:05:12 - watchfiles.main - INFO - 1 change detected
2026-01-13 19:05:12 - watchfiles.main - INFO - 1 change detected
2026-01-13 19:05:13 - watchfiles.main - INFO - 1 change detected
2026-01-13 19:05:13 - watchfiles.main - INFO - 1 change detected
2026-01-13 19:05:13 - watchfiles.main - INFO - 1 change detected
2026-01-13 19:05:14 - watchfiles.main - INFO - 1 change detected
2026-01-13 19:05:14 - watchfiles.main - INFO - 1 change detected
2026-01-13 19:05:15 - watchfiles.main - INFO - 1 change detected
2026-01-13 19:05:15 - watchfiles.main - INFO - 1 change detected
2026-01-13 19:05:16 - watchfiles.main - INFO - 1 change detected
2026-01-13 19:05:16 - watchfiles.main - INFO - 1 change detected
2026-01-13 19:05:16 - watchfiles.main - INFO - 1 change detected
2026-01-13 19:05:17 - watchfiles.main - INFO - 1 change detected
2026-01-13 19:05:17 - watchfiles.main - INFO - 1 change detected
2026-01-13 19:05:17 - watchfiles.main - INFO - 1 change detected
2026-01-13 19:05:18 - watchfiles.main - INFO - 1 change detected
2026-01-13 19:05:18 - watchfiles.main - INFO - 1 change detected
2026-01-13 19:05:19 - watchfiles.main - INFO - 1 change detected
2026-01-13 19:05:19 - watchfiles.main - INFO - 1 change detected
2026-01-13 19:05:20 - watchfiles.main - INFO - 1 change detected
2026-01-13 19:05:20 - watchfiles.main - INFO - 1 change detected
2026-01-13 19:05:20 - watchfiles.main - INFO - 1 change detected
2026-01-13 19:05:21 - watchfiles.main - INFO - 1 change detected
2026-01-13 19:05:21 - watchfiles.main - INFO - 1 change detected
2026-01-13 19:05:22 - watchfiles.main - INFO - 1 change detected
2026-01-13 19:05:22 - watchfiles.main - INFO - 1 change detected
2026-01-13 19:05:22 - watchfiles.main - INFO - 1 change detected
2026-01-13 19:05:23 - watchfiles.main - INFO - 1 change detected
2026-01-13 19:05:23 - watchfiles.main - INFO - 1 change detected
2026-01-13 19:05:24 - watchfiles.main - INFO - 1 change detected
2026-01-13 19:05:24 - watchfiles.main - INFO - 1 change detected
2026-01-13 19:05:24 - watchfiles.main - INFO - 1 change detected
2026-01-13 19:05:25 - watchfiles.main - INFO - 1 change detected
2026-01-13 19:05:25 - watchfiles.main - INFO - 1 change detected
2026-01-13 19:05:25 - watchfiles.main - INFO - 1 change detected
2026-01-13 19:05:26 - watchfiles.main - INFO - 1 change detected
2026-01-13 19:05:26 - watchfiles.main - INFO - 1 change detected
2026-01-13 19:05:27 - watchfiles.main - INFO - 1 change detected
2026-01-13 19:05:27 - watchfiles.main - INFO - 1 change detected
2026-01-13 19:05:27 - watchfiles.main - INFO - 1 change detected
2026-01-13 19:05:28 - watchfiles.main - INFO - 1 change detected
2026-01-13 19:05:28 - watchfiles.main - INFO - 1 change detected
2026-01-13 19:05:29 - watchfiles.main - INFO - 1 change detected
2026-01-13 19:05:29 - watchfiles.main - INFO - 1 change detected
2026-01-13 19:05:30 - watchfiles.main - INFO - 1 change detected
2026-01-13 19:05:30 - watchfiles.main - INFO - 1 change detected
2026-01-13 19:05:30 - watchfiles.main - INFO - 1 change detected
2026-01-13 19:05:31 - watchfiles.main - INFO - 1 change detected
2026-01-13 19:05:31 - watchfiles.main - INFO - 1 change detected
2026-01-13 19:05:31 - watchfiles.main - INFO - 1 change detected
2026-01-13 19:05:32 - watchfiles.main - INFO - 1 change detected
2026-01-13 19:05:32 - watchfiles.main - INFO - 1 change detected
2026-01-13 19:05:33 - watchfiles.main - INFO - 1 change detected
2026-01-13 19:05:33 - watchfiles.main - INFO - 1 change detected
2026-01-13 19:05:33 - watchfiles.main - INFO - 1 change detected
2026-01-13 19:05:34 - watchfiles.main - INFO - 1 change detected
2026-01-13 19:05:34 - watchfiles.main - INFO - 1 change detected
2026-01-13 19:05:35 - watchfiles.main - INFO - 1 change detected
2026-01-13 19:05:35 - watchfiles.main - INFO - 1 change detected
2026-01-13 19:05:35 - watchfiles.main - INFO - 1 change detected
2026-01-13 19:05:36 - watchfiles.main - INFO - 1 change detected
2026-01-13 19:05:36 - watchfiles.main - INFO - 1 change detected
2026-01-13 19:05:37 - watchfiles.main - INFO - 1 change detected
2026-01-13 19:05:37 - watchfiles.main - INFO - 1 change detected
2026-01-13 19:05:37 - watchfiles.main - INFO - 1 change detected
2026-01-13 19:05:38 - watchfiles.main - INFO - 1 change detected
2026-01-13 19:05:38 - watchfiles.main - INFO - 1 change detected
2026-01-13 19:05:39 - watchfiles.main - INFO - 1 change detected
2026-01-13 19:05:39 - watchfiles.main - INFO - 1 change detected
2026-01-13 19:05:39 - watchfiles.main - INFO - 1 change detected
2026-01-13 19:05:40 - watchfiles.main - INFO - 1 change detected
2026-01-13 19:05:40 - watchfiles.main - INFO - 1 change detected
2026-01-13 19:05:41 - watchfiles.main - INFO - 1 change detected
2026-01-13 19:05:41 - watchfiles.main - INFO - 1 change detected
2026-01-13 19:05:41 - watchfiles.main - INFO - 1 change detected
2026-01-13 19:05:42 - watchfiles.main - INFO - 1 change detected
2026-01-13 19:05:42 - watchfiles.main - INFO - 1 change detected
2026-01-13 19:05:43 - watchfiles.main - INFO - 1 change detected
2026-01-13 19:05:43 - watchfiles.main - INFO - 1 change detected
2026-01-13 19:05:43 - watchfiles.main - INFO - 1 change detected
2026-01-13 19:05:44 - watchfiles.main - INFO - 1 change detected
2026-01-13 19:05:44 - watchfiles.main - INFO - 1 change detected
2026-01-13 19:05:45 - watchfiles.main - INFO - 1 change detected
2026-01-13 19:05:45 - watchfiles.main - INFO - 1 change detected
2026-01-13 19:05:45 - watchfiles.main - INFO - 1 change detected
2026-01-13 19:05:46 - watchfiles.main - INFO - 1 change detected
2026-01-13 19:05:46 - watchfiles.main - INFO - 1 change detected
2026-01-13 19:05:47 - watchfiles.main - INFO - 1 change detected
2026-01-13 19:05:47 - watchfiles.main - INFO - 1 change detected
2026-01-13 19:05:47 - watchfiles.main - INFO - 1 change detected
2026-01-13 19:05:48 - watchfiles.main - INFO - 1 change detected
2026-01-13 19:05:48 - watchfiles.main - INFO - 1 change detected
2026-01-13 19:05:49 - watchfiles.main - INFO - 1 change detected
2026-01-13 19:05:49 - watchfiles.main - INFO - 1 change detected
2026-01-13 19:05:49 - watchfiles.main - INFO - 1 change detected
2026-01-13 19:05:50 - watchfiles.main - INFO - 1 change detected
2026-01-13 19:05:50 - watchfiles.main - INFO - 1 change detected
2026-01-13 19:05:51 - watchfiles.main - INFO - 1 change detected
2026-01-13 19:05:51 - watchfiles.main - INFO - 1 change detected
2026-01-13 19:05:51 - watchfiles.main - INFO - 1 change detected
2026-01-13 19:05:52 - watchfiles.main - INFO - 1 change detected
2026-01-13 19:05:52 - watchfiles.main - INFO - 1 change detected
2026-01-13 19:05:53 - watchfiles.main - INFO - 1 change detected
2026-01-13 19:05:53 - watchfiles.main - INFO - 1 change detected
2026-01-13 19:05:53 - watchfiles.main - INFO - 1 change detected
2026-01-13 19:05:54 - watchfiles.main - INFO - 1 change detected
2026-01-13 19:05:54 - watchfiles.main - INFO - 1 change detected
2026-01-13 19:05:55 - watchfiles.main - INFO - 1 change detected
2026-01-13 19:05:55 - watchfiles.main - INFO - 1 change detected
2026-01-13 19:05:55 - watchfiles.main - INFO - 1 change detected
2026-01-13 19:05:56 - watchfiles.main - INFO - 1 change detected
2026-01-13 19:05:56 - watchfiles.main - INFO - 1 change detected
2026-01-13 19:05:57 - watchfiles.main - INFO - 1 change detected
2026-01-13 19:05:57 - watchfiles.main - INFO - 1 change detected
2026-01-13 19:05:57 - watchfiles.main - INFO - 1 change detected
2026-01-13 19:05:58 - watchfiles.main - INFO - 1 change detected
2026-01-13 19:05:58 - watchfiles.main - INFO - 1 change detected
2026-01-13 19:05:59 - watchfiles.main - INFO - 1 change detected
2026-01-13 19:05:59 - watchfiles.main - INFO - 1 change detected
2026-01-13 19:05:59 - watchfiles.main - INFO - 1 change detected
2026-01-13 19:06:00 - watchfiles.main - INFO - 1 change detected
2026-01-13 19:06:00 - watchfiles.main - INFO - 1 change detected
2026-01-13 19:06:01 - watchfiles.main - INFO - 1 change detected
2026-01-13 19:06:01 - watchfiles.main - INFO - 1 change detected
2026-01-13 19:06:01 - watchfiles.main - INFO - 1 change detected
2026-01-13 19:06:02 - watchfiles.main - INFO - 1 change detected
2026-01-13 19:06:02 - watchfiles.main - INFO - 1 change detected
2026-01-13 19:06:03 - watchfiles.main - INFO - 1 change detected
2026-01-13 19:06:03 - watchfiles.main - INFO - 1 change detected
2026-01-13 19:06:04 - watchfiles.main - INFO - 1 change detected
2026-01-13 19:06:04 - watchfiles.main - INFO - 1 change detected
2026-01-13 19:06:04 - watchfiles.main - INFO - 1 change detected
2026-01-13 19:06:05 - watchfiles.main - INFO - 1 change detected
2026-01-13 19:06:05 - watchfiles.main - INFO - 1 change detected
2026-01-13 19:06:06 - watchfiles.main - INFO - 1 change detected
2026-01-13 19:06:06 - watchfiles.main - INFO - 1 change detected
2026-01-13 19:06:06 - watchfiles.main - INFO - 1 change detected
2026-01-13 19:06:07 - watchfiles.main - INFO - 1 change detected
2026-01-13 19:06:07 - watchfiles.main - INFO - 1 change detected
2026-01-13 19:06:08 - watchfiles.main - INFO - 1 change detected
2026-01-13 19:06:08 - watchfiles.main - INFO - 1 change detected
2026-01-13 19:06:08 - watchfiles.main - INFO - 1 change detected
2026-01-13 19:06:09 - watchfiles.main - INFO - 1 change detected
2026-01-13 19:06:09 - watchfiles.main - INFO - 1 change detected
2026-01-13 19:06:10 - watchfiles.main - INFO - 1 change detected
2026-01-13 19:06:10 - watchfiles.main - INFO - 1 change detected
2026-01-13 19:06:10 - watchfiles.main - INFO - 1 change detected
2026-01-13 19:06:11 - watchfiles.main - INFO - 1 change detected
2026-01-13 19:06:11 - watchfiles.main - INFO - 1 change detected
2026-01-13 19:06:12 - watchfiles.main - INFO - 1 change detected
2026-01-13 19:06:12 - watchfiles.main - INFO - 1 change detected
2026-01-13 19:06:12 - watchfiles.main - INFO - 1 change detected
2026-01-13 19:06:13 - watchfiles.main - INFO - 1 change detected
2026-01-13 19:06:13 - watchfiles.main - INFO - 1 change detected
2026-01-13 19:06:14 - watchfiles.main - INFO - 1 change detected
2026-01-13 19:06:14 - watchfiles.main - INFO - 1 change detected
2026-01-13 19:06:14 - watchfiles.main - INFO - 1 change detected
2026-01-13 19:06:15 - watchfiles.main - INFO - 1 change detected
2026-01-13 19:06:15 - watchfiles.main - INFO - 1 change detected
2026-01-13 19:06:16 - watchfiles.main - INFO - 1 change detected
2026-01-13 19:06:16 - watchfiles.main - INFO - 1 change detected
2026-01-13 19:06:16 - watchfiles.main - INFO - 1 change detected
2026-01-13 19:06:17 - watchfiles.main - INFO - 1 change detected
2026-01-13 19:06:17 - watchfiles.main - INFO - 1 change detected
2026-01-13 19:06:18 - watchfiles.main - INFO - 1 change detected
2026-01-13 19:06:18 - watchfiles.main - INFO - 1 change detected
2026-01-13 19:06:18 - watchfiles.main - INFO - 1 change detected
2026-01-13 19:06:19 - watchfiles.main - INFO - 1 change detected
2026-01-13 19:06:19 - watchfiles.main - INFO - 1 change detected
2026-01-13 19:06:20 - watchfiles.main - INFO - 1 change detected
2026-01-13 19:06:20 - watchfiles.main - INFO - 1 change detected
2026-01-13 19:06:20 - watchfiles.main - INFO - 1 change detected
2026-01-13 19:06:21 - watchfiles.main - INFO - 1 change detected
2026-01-13 19:06:21 - watchfiles.main - INFO - 1 change detected
2026-01-13 19:06:22 - watchfiles.main - INFO - 1 change detected
2026-01-13 19:06:22 - watchfiles.main - INFO - 1 change detected
2026-01-13 19:06:22 - watchfiles.main - INFO - 1 change detected
2026-01-13 19:06:23 - watchfiles.main - INFO - 1 change detected
2026-01-13 19:06:23 - watchfiles.main - INFO - 1 change detected
2026-01-13 19:06:24 - watchfiles.main - INFO - 1 change detected
2026-01-13 19:06:24 - watchfiles.main - INFO - 1 change detected
2026-01-13 19:06:25 - watchfiles.main - INFO - 1 change detected
2026-01-13 19:06:25 - watchfiles.main - INFO - 1 change detected
2026-01-13 19:06:25 - watchfiles.main - INFO - 1 change detected
2026-01-13 19:06:26 - watchfiles.main - INFO - 1 change detected
2026-01-13 19:06:26 - watchfiles.main - INFO - 1 change detected
2026-01-13 19:06:27 - watchfiles.main - INFO - 1 change detected
2026-01-13 19:06:27 - watchfiles.main - INFO - 1 change detected
2026-01-13 19:06:27 - watchfiles.main - INFO - 1 change detected
2026-01-13 19:06:28 - watchfiles.main - INFO - 1 change detected
2026-01-13 19:06:28 - watchfiles.main - INFO - 1 change detected
2026-01-13 19:06:29 - watchfiles.main - INFO - 1 change detected
2026-01-13 19:06:29 - watchfiles.main - INFO - 1 change detected
2026-01-13 19:06:29 - watchfiles.main - INFO - 1 change detected
2026-01-13 19:06:30 - watchfiles.main - INFO - 1 change detected
2026-01-13 19:06:30 - watchfiles.main - INFO - 1 change detected
2026-01-13 19:06:31 - watchfiles.main - INFO - 1 change detected
2026-01-13 19:06:31 - watchfiles.main - INFO - 1 change detected
2026-01-13 19:06:31 - watchfiles.main - INFO - 1 change detected
2026-01-13 19:06:32 - watchfiles.main - INFO - 1 change detected
2026-01-13 19:06:32 - watchfiles.main - INFO - 1 change detected
2026-01-13 19:06:33 - watchfiles.main - INFO - 1 change detected
2026-01-13 19:06:33 - watchfiles.main - INFO - 1 change detected
2026-01-13 19:06:34 - watchfiles.main - INFO - 1 change detected
2026-01-13 19:06:34 - watchfiles.main - INFO - 1 change detected
2026-01-13 19:06:34 - watchfiles.main - INFO - 1 change detected
2026-01-13 19:06:35 - watchfiles.main - INFO - 1 change detected
2026-01-13 19:06:35 - watchfiles.main - INFO - 1 change detected
2026-01-13 19:06:36 - watchfiles.main - INFO - 1 change detected
2026-01-13 19:06:36 - watchfiles.main - INFO - 1 change detected
2026-01-13 19:06:36 - watchfiles.main - INFO - 1 change detected
2026-01-13 19:06:37 - watchfiles.main - INFO - 1 change detected
2026-01-13 19:06:37 - watchfiles.main - INFO - 1 change detected
2026-01-13 19:06:38 - watchfiles.main - INFO - 1 change detected
2026-01-13 19:06:38 - watchfiles.main - INFO - 1 change detected
2026-01-13 19:06:38 - watchfiles.main - INFO - 1 change detected
2026-01-13 19:06:39 - watchfiles.main - INFO - 1 change detected
2026-01-13 19:06:39 - watchfiles.main - INFO - 1 change detected
2026-01-13 19:06:40 - watchfiles.main - INFO - 1 change detected
2026-01-13 19:06:40 - watchfiles.main - INFO - 1 change detected
2026-01-13 19:06:40 - watchfiles.main - INFO - 1 change detected
2026-01-13 19:10:20 - watchfiles.main - INFO - 1 change detected
2026-01-13 19:10:21 - watchfiles.main - INFO - 1 change detected
2026-01-13 19:10:21 - watchfiles.main - INFO - 1 change detected
2026-01-13 19:10:21 - watchfiles.main - INFO - 1 change detected
2026-01-13 19:10:22 - watchfiles.main - INFO - 1 change detected
2026-01-13 19:10:22 - watchfiles.main - INFO - 1 change detected
2026-01-13 19:10:23 - watchfiles.main - INFO - 1 change detected
2026-01-13 19:10:23 - watchfiles.main - INFO - 1 change detected
2026-01-13 19:10:23 - watchfiles.main - INFO - 1 change detected
2026-01-13 19:10:24 - watchfiles.main - INFO - 1 change detected
2026-01-13 19:10:24 - watchfiles.main - INFO - 1 change detected
2026-01-13 19:10:25 - watchfiles.main - INFO - 1 change detected
2026-01-13 19:10:25 - watchfiles.main - INFO - 1 change detected
2026-01-13 19:10:25 - watchfiles.main - INFO - 1 change detected
2026-01-13 19:10:26 - watchfiles.main - INFO - 1 change detected
2026-01-13 19:10:26 - watchfiles.main - INFO - 1 change detected
2026-01-13 19:10:27 - watchfiles.main - INFO - 1 change detected
2026-01-13 19:10:27 - watchfiles.main - INFO - 1 change detected
2026-01-13 19:10:27 - watchfiles.main - INFO - 1 change detected
2026-01-13 19:10:28 - watchfiles.main - INFO - 1 change detected
2026-01-13 19:10:28 - watchfiles.main - INFO - 1 change detected
2026-01-13 19:10:29 - watchfiles.main - INFO - 1 change detected
2026-01-13 19:10:29 - watchfiles.main - INFO - 1 change detected
2026-01-13 19:10:29 - watchfiles.main - INFO - 1 change detected
2026-01-13 19:10:30 - watchfiles.main - INFO - 1 change detected
2026-01-13 19:10:30 - watchfiles.main - INFO - 1 change detected
2026-01-13 19:10:31 - watchfiles.main - INFO - 1 change detected
2026-01-13 19:10:31 - watchfiles.main - INFO - 1 change detected
2026-01-13 19:10:31 - watchfiles.main - INFO - 1 change detected
2026-01-13 19:10:32 - watchfiles.main - INFO - 1 change detected
2026-01-13 19:10:32 - watchfiles.main - INFO - 1 change detected
2026-01-13 19:10:33 - watchfiles.main - INFO - 1 change detected
2026-01-13 19:10:33 - watchfiles.main - INFO - 1 change detected
2026-01-13 19:10:33 - watchfiles.main - INFO - 1 change detected
2026-01-13 19:10:34 - watchfiles.main - INFO - 1 change detected
2026-01-13 19:10:34 - watchfiles.main - INFO - 1 change detected
2026-01-13 19:10:35 - watchfiles.main - INFO - 1 change detected
2026-01-13 19:10:35 - watchfiles.main - INFO - 1 change detected
2026-01-13 19:10:35 - watchfiles.main - INFO - 1 change detected
2026-01-13 19:10:36 - watchfiles.main - INFO - 1 change detected
2026-01-13 19:10:36 - watchfiles.main - INFO - 1 change detected
2026-01-13 19:10:37 - watchfiles.main - INFO - 1 change detected
2026-01-13 19:10:37 - watchfiles.main - INFO - 1 change detected
2026-01-13 19:10:37 - watchfiles.main - INFO - 1 change detected
2026-01-13 19:10:38 - watchfiles.main - INFO - 1 change detected
2026-01-13 19:10:38 - watchfiles.main - INFO - 1 change detected
2026-01-13 19:10:39 - watchfiles.main - INFO - 1 change detected
2026-01-13 19:10:39 - watchfiles.main - INFO - 1 change detected
2026-01-13 19:10:39 - watchfiles.main - INFO - 1 change detected
2026-01-13 19:10:40 - watchfiles.main - INFO - 1 change detected
2026-01-13 19:10:40 - watchfiles.main - INFO - 1 change detected
2026-01-13 19:10:41 - watchfiles.main - INFO - 1 change detected
2026-01-13 19:10:41 - watchfiles.main - INFO - 1 change detected
2026-01-13 19:10:41 - watchfiles.main - INFO - 1 change detected
2026-01-13 19:10:42 - watchfiles.main - INFO - 1 change detected
2026-01-13 19:10:42 - watchfiles.main - INFO - 1 change detected
2026-01-13 19:10:43 - watchfiles.main - INFO - 1 change detected
2026-01-13 19:10:43 - watchfiles.main - INFO - 1 change detected
2026-01-13 19:10:44 - watchfiles.main - INFO - 1 change detected
2026-01-13 19:10:44 - watchfiles.main - INFO - 1 change detected
2026-01-13 19:10:44 - watchfiles.main - INFO - 1 change detected
2026-01-13 19:10:45 - watchfiles.main - INFO - 1 change detected
2026-01-13 19:10:45 - watchfiles.main - INFO - 1 change detected
2026-01-13 19:10:46 - watchfiles.main - INFO - 1 change detected
2026-01-13 19:10:46 - watchfiles.main - INFO - 1 change detected
2026-01-13 19:10:46 - watchfiles.main - INFO - 1 change detected
2026-01-13 19:10:47 - watchfiles.main - INFO - 1 change detected
2026-01-13 19:10:47 - watchfiles.main - INFO - 1 change detected
2026-01-13 19:10:48 - watchfiles.main - INFO - 1 change detected
2026-01-13 19:10:48 - watchfiles.main - INFO - 1 change detected
2026-01-13 19:10:48 - watchfiles.main - INFO - 1 change detected
2026-01-13 19:10:49 - watchfiles.main - INFO - 1 change detected
2026-01-13 19:10:49 - watchfiles.main - INFO - 1 change detected
2026-01-13 19:10:50 - watchfiles.main - INFO - 1 change detected
2026-01-13 19:10:50 - watchfiles.main - INFO - 1 change detected
2026-01-13 19:10:50 - watchfiles.main - INFO - 1 change detected
2026-01-13 19:10:51 - watchfiles.main - INFO - 1 change detected
2026-01-13 19:10:51 - watchfiles.main - INFO - 1 change detected
2026-01-13 19:10:52 - watchfiles.main - INFO - 1 change detected
2026-01-13 19:10:52 - watchfiles.main - INFO - 1 change detected
2026-01-13 19:10:52 - watchfiles.main - INFO - 1 change detected
2026-01-13 19:10:53 - watchfiles.main - INFO - 1 change detected
2026-01-13 19:10:53 - watchfiles.main - INFO - 1 change detected
2026-01-13 19:10:54 - watchfiles.main - INFO - 1 change detected
2026-01-13 19:10:54 - watchfiles.main - INFO - 1 change detected
2026-01-13 19:10:54 - watchfiles.main - INFO - 1 change detected
2026-01-13 19:10:55 - watchfiles.main - INFO - 1 change detected
2026-01-13 19:10:55 - watchfiles.main - INFO - 1 change detected
2026-01-13 19:10:56 - watchfiles.main - INFO - 1 change detected
2026-01-13 19:10:56 - watchfiles.main - INFO - 1 change detected
2026-01-13 19:10:57 - watchfiles.main - INFO - 1 change detected
2026-01-13 19:10:57 - watchfiles.main - INFO - 1 change detected
2026-01-13 19:10:57 - watchfiles.main - INFO - 1 change detected
2026-01-13 19:10:58 - watchfiles.main - INFO - 1 change detected
2026-01-13 19:10:58 - watchfiles.main - INFO - 1 change detected
2026-01-13 19:10:59 - watchfiles.main - INFO - 1 change detected
2026-01-13 19:10:59 - watchfiles.main - INFO - 1 change detected
2026-01-13 19:10:59 - watchfiles.main - INFO - 1 change detected
2026-01-13 19:11:00 - watchfiles.main - INFO - 1 change detected
2026-01-13 19:11:00 - watchfiles.main - INFO - 1 change detected
2026-01-13 19:11:01 - watchfiles.main - INFO - 1 change detected
2026-01-13 19:11:01 - watchfiles.main - INFO - 1 change detected
2026-01-13 19:11:01 - watchfiles.main - INFO - 1 change detected
2026-01-13 19:11:02 - watchfiles.main - INFO - 1 change detected
2026-01-13 19:11:02 - watchfiles.main - INFO - 1 change detected
2026-01-13 19:11:03 - watchfiles.main - INFO - 1 change detected
2026-01-13 19:11:03 - watchfiles.main - INFO - 1 change detected
2026-01-13 19:11:04 - watchfiles.main - INFO - 1 change detected
2026-01-13 19:11:04 - watchfiles.main - INFO - 1 change detected
2026-01-13 19:11:04 - watchfiles.main - INFO - 1 change detected
2026-01-13 19:11:05 - watchfiles.main - INFO - 1 change detected
2026-01-13 19:11:05 - watchfiles.main - INFO - 1 change detected
2026-01-13 19:11:05 - watchfiles.main - INFO - 1 change detected
2026-01-13 19:11:06 - watchfiles.main - INFO - 1 change detected
2026-01-13 19:11:06 - watchfiles.main - INFO - 1 change detected
2026-01-13 19:11:07 - watchfiles.main - INFO - 1 change detected
2026-01-13 19:11:07 - watchfiles.main - INFO - 1 change detected
2026-01-13 19:11:08 - watchfiles.main - INFO - 1 change detected
2026-01-13 19:11:08 - watchfiles.main - INFO - 1 change detected
2026-01-13 19:11:08 - watchfiles.main - INFO - 1 change detected
2026-01-13 19:11:09 - watchfiles.main - INFO - 1 change detected
2026-01-13 19:11:09 - watchfiles.main - INFO - 1 change detected
2026-01-13 19:11:10 - watchfiles.main - INFO - 1 change detected
2026-01-13 19:11:10 - watchfiles.main - INFO - 1 change detected
2026-01-13 19:11:10 - watchfiles.main - INFO - 1 change detected
2026-01-13 19:11:11 - watchfiles.main - INFO - 1 change detected
2026-01-13 19:11:11 - watchfiles.main - INFO - 1 change detected
2026-01-13 19:11:12 - watchfiles.main - INFO - 1 change detected
2026-01-13 19:11:12 - watchfiles.main - INFO - 1 change detected
2026-01-13 19:11:12 - watchfiles.main - INFO - 1 change detected
2026-01-13 19:11:13 - watchfiles.main - INFO - 1 change detected
2026-01-13 19:11:13 - watchfiles.main - INFO - 1 change detected
2026-01-13 19:11:14 - watchfiles.main - INFO - 1 change detected
2026-01-13 19:11:14 - watchfiles.main - INFO - 1 change detected
2026-01-13 19:11:14 - watchfiles.main - INFO - 1 change detected
2026-01-13 19:11:15 - watchfiles.main - INFO - 1 change detected
2026-01-13 19:11:15 - watchfiles.main - INFO - 1 change detected
2026-01-13 19:11:16 - watchfiles.main - INFO - 1 change detected
2026-01-13 19:11:16 - watchfiles.main - INFO - 1 change detected
2026-01-13 19:11:16 - watchfiles.main - INFO - 1 change detected
2026-01-13 19:11:17 - watchfiles.main - INFO - 1 change detected
2026-01-13 19:11:17 - watchfiles.main - INFO - 1 change detected
2026-01-13 19:11:18 - watchfiles.main - INFO - 1 change detected
2026-01-13 19:11:18 - watchfiles.main - INFO - 1 change detected
2026-01-13 19:11:18 - watchfiles.main - INFO - 1 change detected
2026-01-13 19:11:19 - watchfiles.main - INFO - 1 change detected
2026-01-13 19:11:19 - watchfiles.main - INFO - 1 change detected
2026-01-13 19:11:20 - watchfiles.main - INFO - 1 change detected
2026-01-13 19:11:20 - watchfiles.main - INFO - 1 change detected
2026-01-13 19:11:21 - watchfiles.main - INFO - 1 change detected
2026-01-13 19:11:21 - watchfiles.main - INFO - 1 change detected
2026-01-13 19:11:21 - watchfiles.main - INFO - 1 change detected
2026-01-13 19:11:22 - watchfiles.main - INFO - 1 change detected
2026-01-13 19:11:22 - watchfiles.main - INFO - 1 change detected
2026-01-13 19:11:23 - watchfiles.main - INFO - 1 change detected
2026-01-13 19:11:23 - watchfiles.main - INFO - 1 change detected
2026-01-13 19:11:23 - watchfiles.main - INFO - 1 change detected
2026-01-13 19:11:24 - watchfiles.main - INFO - 1 change detected
2026-01-13 19:11:24 - watchfiles.main - INFO - 1 change detected
2026-01-13 19:11:25 - watchfiles.main - INFO - 1 change detected
2026-01-13 19:11:25 - watchfiles.main - INFO - 1 change detected
2026-01-13 19:11:25 - watchfiles.main - INFO - 1 change detected
2026-01-13 19:11:26 - watchfiles.main - INFO - 1 change detected
2026-01-13 19:11:26 - watchfiles.main - INFO - 1 change detected
2026-01-13 19:11:27 - watchfiles.main - INFO - 1 change detected
2026-01-13 19:11:27 - watchfiles.main - INFO - 1 change detected
2026-01-13 19:11:27 - watchfiles.main - INFO - 1 change detected
2026-01-13 19:11:28 - watchfiles.main - INFO - 1 change detected
2026-01-13 19:11:28 - watchfiles.main - INFO - 1 change detected
2026-01-13 19:11:29 - watchfiles.main - INFO - 1 change detected
2026-01-13 19:11:29 - watchfiles.main - INFO - 1 change detected
2026-01-13 19:11:29 - watchfiles.main - INFO - 1 change detected
2026-01-13 19:11:30 - watchfiles.main - INFO - 1 change detected
2026-01-13 19:11:30 - watchfiles.main - INFO - 1 change detected
2026-01-13 19:11:31 - watchfiles.main - INFO - 1 change detected
2026-01-13 19:11:31 - watchfiles.main - INFO - 1 change detected
2026-01-13 19:11:32 - watchfiles.main - INFO - 1 change detected
2026-01-13 19:11:32 - watchfiles.main - INFO - 1 change detected
2026-01-13 19:11:32 - watchfiles.main - INFO - 1 change detected
2026-01-13 19:11:33 - watchfiles.main - INFO - 1 change detected
2026-01-13 19:11:33 - watchfiles.main - INFO - 1 change detected
2026-01-13 19:11:34 - watchfiles.main - INFO - 1 change detected
2026-01-13 19:11:34 - watchfiles.main - INFO - 1 change detected
2026-01-13 19:11:34 - watchfiles.main - INFO - 1 change detected
2026-01-13 19:11:35 - watchfiles.main - INFO - 1 change detected
2026-01-13 19:11:35 - watchfiles.main - INFO - 1 change detected
2026-01-13 19:11:36 - watchfiles.main - INFO - 1 change detected
2026-01-13 19:11:36 - watchfiles.main - INFO - 1 change detected
2026-01-13 19:11:36 - watchfiles.main - INFO - 1 change detected
2026-01-13 19:11:37 - watchfiles.main - INFO - 1 change detected
2026-01-13 19:11:37 - watchfiles.main - INFO - 1 change detected
2026-01-13 19:11:38 - watchfiles.main - INFO - 1 change detected
2026-01-13 19:11:38 - watchfiles.main - INFO - 1 change detected
2026-01-13 19:11:38 - watchfiles.main - INFO - 1 change detected
2026-01-13 19:11:39 - watchfiles.main - INFO - 1 change detected
2026-01-13 19:11:39 - watchfiles.main - INFO - 1 change detected
2026-01-13 19:11:40 - watchfiles.main - INFO - 1 change detected
2026-01-13 19:11:40 - watchfiles.main - INFO - 1 change detected
2026-01-13 19:11:40 - watchfiles.main - INFO - 1 change detected
2026-01-13 19:11:41 - watchfiles.main - INFO - 1 change detected
2026-01-13 19:11:41 - watchfiles.main - INFO - 1 change detected
2026-01-13 19:11:42 - watchfiles.main - INFO - 1 change detected
2026-01-13 19:11:42 - watchfiles.main - INFO - 1 change detected
2026-01-13 19:11:42 - watchfiles.main - INFO - 1 change detected
2026-01-13 19:11:43 - watchfiles.main - INFO - 1 change detected
2026-01-13 19:11:43 - watchfiles.main - INFO - 1 change detected
2026-01-13 19:11:44 - watchfiles.main - INFO - 1 change detected
2026-01-13 19:11:44 - watchfiles.main - INFO - 1 change detected
2026-01-13 19:11:44 - watchfiles.main - INFO - 1 change detected
2026-01-13 19:11:45 - watchfiles.main - INFO - 1 change detected
2026-01-13 19:11:45 - watchfiles.main - INFO - 1 change detected
2026-01-13 19:11:46 - watchfiles.main - INFO - 1 change detected
2026-01-13 19:11:46 - watchfiles.main - INFO - 1 change detected
2026-01-13 19:11:46 - watchfiles.main - INFO - 1 change detected
2026-01-13 19:11:47 - watchfiles.main - INFO - 1 change detected
2026-01-13 19:11:47 - watchfiles.main - INFO - 1 change detected
2026-01-13 19:11:48 - watchfiles.main - INFO - 1 change detected
2026-01-13 19:11:48 - watchfiles.main - INFO - 1 change detected
2026-01-13 19:11:48 - watchfiles.main - INFO - 1 change detected
2026-01-13 19:11:49 - watchfiles.main - INFO - 1 change detected
2026-01-13 19:11:49 - watchfiles.main - INFO - 1 change detected
2026-01-13 19:11:50 - watchfiles.main - INFO - 1 change detected
2026-01-13 19:11:50 - watchfiles.main - INFO - 1 change detected
2026-01-13 19:11:50 - watchfiles.main - INFO - 1 change detected
2026-01-13 19:11:51 - watchfiles.main - INFO - 1 change detected
2026-01-13 19:11:51 - watchfiles.main - INFO - 1 change detected
2026-01-13 19:11:52 - watchfiles.main - INFO - 1 change detected
2026-01-13 19:11:52 - watchfiles.main - INFO - 1 change detected
2026-01-13 19:11:52 - watchfiles.main - INFO - 1 change detected
2026-01-13 19:11:53 - watchfiles.main - INFO - 1 change detected
2026-01-13 19:11:53 - watchfiles.main - INFO - 1 change detected
2026-01-13 19:11:54 - watchfiles.main - INFO - 1 change detected
2026-01-13 19:11:54 - watchfiles.main - INFO - 1 change detected
2026-01-13 19:11:55 - watchfiles.main - INFO - 1 change detected
2026-01-13 19:11:55 - watchfiles.main - INFO - 1 change detected
2026-01-13 19:11:55 - watchfiles.main - INFO - 1 change detected
2026-01-13 19:11:56 - watchfiles.main - INFO - 1 change detected
2026-01-13 19:11:56 - watchfiles.main - INFO - 1 change detected
2026-01-13 19:11:57 - watchfiles.main - INFO - 1 change detected
2026-01-13 19:11:57 - watchfiles.main - INFO - 1 change detected
2026-01-13 19:11:57 - watchfiles.main - INFO - 1 change detected
2026-01-13 19:11:58 - watchfiles.main - INFO - 1 change detected
2026-01-13 19:11:58 - watchfiles.main - INFO - 1 change detected
2026-01-13 19:11:59 - watchfiles.main - INFO - 1 change detected
2026-01-13 19:11:59 - watchfiles.main - INFO - 1 change detected
2026-01-13 19:11:59 - watchfiles.main - INFO - 1 change detected
2026-01-13 19:12:00 - watchfiles.main - INFO - 1 change detected
2026-01-13 19:12:00 - watchfiles.main - INFO - 1 change detected
2026-01-13 19:12:01 - watchfiles.main - INFO - 1 change detected
2026-01-13 19:12:01 - watchfiles.main - INFO - 1 change detected
2026-01-13 19:12:01 - watchfiles.main - INFO - 1 change detected
2026-01-13 19:12:02 - watchfiles.main - INFO - 1 change detected
2026-01-13 19:12:02 - watchfiles.main - INFO - 1 change detected
2026-01-13 19:12:03 - watchfiles.main - INFO - 1 change detected
2026-01-13 19:12:03 - watchfiles.main - INFO - 1 change detected
2026-01-13 19:12:03 - watchfiles.main - INFO - 1 change detected
2026-01-13 19:12:04 - watchfiles.main - INFO - 1 change detected
2026-01-13 19:12:04 - watchfiles.main - INFO - 1 change detected
2026-01-13 19:12:05 - watchfiles.main - INFO - 1 change detected
2026-01-13 19:12:05 - watchfiles.main - INFO - 1 change detected
2026-01-13 19:12:05 - watchfiles.main - INFO - 1 change detected
2026-01-13 19:12:06 - watchfiles.main - INFO - 1 change detected
2026-01-13 19:12:06 - watchfiles.main - INFO - 1 change detected
2026-01-13 19:12:07 - watchfiles.main - INFO - 1 change detected
2026-01-13 19:12:07 - watchfiles.main - INFO - 1 change detected
2026-01-13 19:12:08 - watchfiles.main - INFO - 1 change detected
2026-01-13 19:12:08 - watchfiles.main - INFO - 1 change detected
2026-01-13 19:12:08 - watchfiles.main - INFO - 1 change detected
2026-01-13 19:12:09 - watchfiles.main - INFO - 1 change detected
2026-01-13 19:12:09 - watchfiles.main - INFO - 1 change detected
2026-01-13 19:12:10 - watchfiles.main - INFO - 1 change detected
2026-01-13 19:12:10 - watchfiles.main - INFO - 1 change detected
2026-01-13 19:12:10 - watchfiles.main - INFO - 1 change detected
2026-01-13 19:12:11 - watchfiles.main - INFO - 1 change detected
2026-01-13 19:12:11 - watchfiles.main - INFO - 1 change detected
2026-01-13 19:12:12 - watchfiles.main - INFO - 1 change detected
2026-01-13 19:12:12 - watchfiles.main - INFO - 1 change detected
2026-01-13 19:12:13 - watchfiles.main - INFO - 1 change detected
2026-01-13 19:12:13 - watchfiles.main - INFO - 1 change detected
2026-01-13 19:12:13 - watchfiles.main - INFO - 1 change detected
2026-01-13 19:12:14 - watchfiles.main - INFO - 1 change detected
2026-01-13 19:12:14 - watchfiles.main - INFO - 1 change detected
2026-01-13 19:12:15 - watchfiles.main - INFO - 1 change detected
2026-01-13 19:12:15 - watchfiles.main - INFO - 1 change detected
2026-01-13 19:12:15 - watchfiles.main - INFO - 1 change detected
2026-01-13 19:12:16 - watchfiles.main - INFO - 1 change detected
2026-01-13 19:12:16 - watchfiles.main - INFO - 1 change detected
2026-01-13 19:12:17 - watchfiles.main - INFO - 1 change detected
2026-01-13 19:12:17 - watchfiles.main - INFO - 1 change detected
2026-01-13 19:12:17 - watchfiles.main - INFO - 1 change detected
2026-01-13 19:12:18 - watchfiles.main - INFO - 1 change detected
2026-01-13 19:12:18 - watchfiles.main - INFO - 1 change detected
2026-01-13 19:12:19 - watchfiles.main - INFO - 1 change detected
2026-01-13 19:12:19 - watchfiles.main - INFO - 1 change detected
2026-01-13 19:12:20 - watchfiles.main - INFO - 1 change detected
2026-01-13 19:12:20 - watchfiles.main - INFO - 1 change detected
2026-01-13 19:12:20 - watchfiles.main - INFO - 1 change detected
2026-01-13 19:12:21 - watchfiles.main - INFO - 1 change detected
2026-01-13 19:12:21 - watchfiles.main - INFO - 1 change detected
2026-01-13 19:12:22 - watchfiles.main - INFO - 1 change detected
2026-01-13 19:12:22 - watchfiles.main - INFO - 1 change detected
2026-01-13 19:12:22 - watchfiles.main - INFO - 1 change detected
2026-01-13 19:12:23 - watchfiles.main - INFO - 1 change detected
2026-01-13 19:12:23 - watchfiles.main - INFO - 1 change detected
2026-01-13 19:12:24 - watchfiles.main - INFO - 1 change detected
2026-01-13 19:12:24 - watchfiles.main - INFO - 1 change detected
2026-01-13 19:12:24 - watchfiles.main - INFO - 1 change detected
2026-01-13 19:12:25 - watchfiles.main - INFO - 1 change detected
2026-01-13 19:12:25 - watchfiles.main - INFO - 1 change detected
2026-01-13 19:12:26 - watchfiles.main - INFO - 1 change detected
2026-01-13 19:12:26 - watchfiles.main - INFO - 1 change detected
2026-01-13 19:12:26 - watchfiles.main - INFO - 1 change detected
2026-01-13 19:12:27 - watchfiles.main - INFO - 1 change detected
2026-01-13 19:12:27 - watchfiles.main - INFO - 1 change detected
2026-01-13 19:12:28 - watchfiles.main - INFO - 1 change detected
2026-01-13 19:12:28 - watchfiles.main - INFO - 1 change detected
2026-01-13 19:12:29 - watchfiles.main - INFO - 1 change detected
2026-01-13 19:12:29 - watchfiles.main - INFO - 1 change detected
2026-01-13 19:12:29 - watchfiles.main - INFO - 1 change detected
2026-01-13 19:12:30 - watchfiles.main - INFO - 1 change detected
2026-01-13 19:12:30 - watchfiles.main - INFO - 1 change detected
2026-01-13 19:12:31 - watchfiles.main - INFO - 1 change detected
2026-01-13 19:12:31 - watchfiles.main - INFO - 1 change detected
2026-01-13 19:12:31 - watchfiles.main - INFO - 1 change detected
2026-01-13 19:12:32 - watchfiles.main - INFO - 1 change detected
2026-01-13 19:12:32 - watchfiles.main - INFO - 1 change detected
2026-01-13 19:12:33 - watchfiles.main - INFO - 1 change detected
2026-01-13 19:12:33 - watchfiles.main - INFO - 1 change detected
2026-01-13 19:12:33 - watchfiles.main - INFO - 1 change detected
2026-01-13 19:12:34 - watchfiles.main - INFO - 1 change detected
2026-01-13 19:12:34 - watchfiles.main - INFO - 1 change detected
2026-01-13 19:12:35 - watchfiles.main - INFO - 1 change detected
2026-01-13 19:12:35 - watchfiles.main - INFO - 1 change detected
2026-01-13 19:12:35 - watchfiles.main - INFO - 1 change detected
2026-01-13 19:12:36 - watchfiles.main - INFO - 1 change detected
2026-01-13 19:12:36 - watchfiles.main - INFO - 1 change detected
2026-01-13 19:12:37 - watchfiles.main - INFO - 1 change detected
2026-01-13 19:12:37 - watchfiles.main - INFO - 1 change detected
2026-01-13 19:12:37 - watchfiles.main - INFO - 1 change detected
2026-01-13 19:12:38 - watchfiles.main - INFO - 1 change detected
2026-01-13 19:12:38 - watchfiles.main - INFO - 1 change detected
2026-01-13 19:12:39 - watchfiles.main - INFO - 1 change detected
2026-01-13 19:12:39 - watchfiles.main - INFO - 1 change detected
2026-01-13 19:12:39 - watchfiles.main - INFO - 1 change detected
2026-01-13 19:12:40 - watchfiles.main - INFO - 1 change detected
2026-01-13 19:12:40 - watchfiles.main - INFO - 1 change detected
2026-01-13 19:12:41 - watchfiles.main - INFO - 1 change detected
2026-01-13 19:12:41 - watchfiles.main - INFO - 1 change detected
2026-01-13 19:12:42 - watchfiles.main - INFO - 1 change detected
2026-01-13 19:12:42 - watchfiles.main - INFO - 1 change detected
2026-01-13 19:12:42 - watchfiles.main - INFO - 1 change detected
2026-01-13 19:12:43 - watchfiles.main - INFO - 1 change detected
2026-01-13 19:12:43 - watchfiles.main - INFO - 1 change detected
2026-01-13 19:12:44 - watchfiles.main - INFO - 1 change detected
2026-01-13 19:12:44 - watchfiles.main - INFO - 1 change detected
2026-01-13 19:12:44 - watchfiles.main - INFO - 1 change detected
2026-01-13 19:12:45 - watchfiles.main - INFO - 1 change detected
2026-01-13 19:12:45 - watchfiles.main - INFO - 1 change detected
2026-01-13 19:12:46 - watchfiles.main - INFO - 1 change detected
2026-01-13 19:12:46 - watchfiles.main - INFO - 1 change detected
2026-01-13 19:12:46 - watchfiles.main - INFO - 1 change detected
2026-01-13 19:12:47 - watchfiles.main - INFO - 1 change detected
2026-01-13 19:12:47 - watchfiles.main - INFO - 1 change detected
2026-01-13 19:12:48 - watchfiles.main - INFO - 1 change detected
2026-01-13 19:12:48 - watchfiles.main - INFO - 1 change detected
2026-01-13 19:12:48 - watchfiles.main - INFO - 1 change detected
2026-01-13 19:12:49 - watchfiles.main - INFO - 1 change detected
2026-01-13 19:12:49 - watchfiles.main - INFO - 1 change detected
2026-01-13 19:12:50 - watchfiles.main - INFO - 1 change detected
2026-01-13 19:12:50 - watchfiles.main - INFO - 1 change detected
2026-01-13 19:12:51 - watchfiles.main - INFO - 1 change detected
2026-01-13 19:12:51 - watchfiles.main - INFO - 1 change detected
2026-01-13 19:12:51 - watchfiles.main - INFO - 1 change detected
2026-01-13 19:12:52 - watchfiles.main - INFO - 1 change detected
2026-01-13 19:12:52 - watchfiles.main - INFO - 1 change detected
2026-01-13 19:12:52 - watchfiles.main - INFO - 1 change detected
2026-01-13 19:12:53 - watchfiles.main - INFO - 1 change detected
2026-01-13 19:12:53 - watchfiles.main - INFO - 1 change detected
2026-01-13 19:12:54 - watchfiles.main - INFO - 1 change detected
2026-01-13 19:12:54 - watchfiles.main - INFO - 1 change detected
2026-01-13 19:12:55 - watchfiles.main - INFO - 1 change detected
2026-01-13 19:12:55 - watchfiles.main - INFO - 1 change detected
2026-01-13 19:12:55 - watchfiles.main - INFO - 1 change detected
2026-01-13 19:12:56 - watchfiles.main - INFO - 1 change detected
2026-01-13 19:12:56 - watchfiles.main - INFO - 1 change detected
2026-01-13 19:12:57 - watchfiles.main - INFO - 1 change detected
2026-01-13 19:12:57 - watchfiles.main - INFO - 1 change detected
2026-01-13 19:12:57 - watchfiles.main - INFO - 1 change detected
2026-01-13 19:12:58 - watchfiles.main - INFO - 1 change detected
2026-01-13 19:12:58 - watchfiles.main - INFO - 1 change detected
2026-01-13 19:12:59 - watchfiles.main - INFO - 1 change detected
2026-01-13 19:12:59 - watchfiles.main - INFO - 1 change detected
2026-01-13 19:12:59 - watchfiles.main - INFO - 1 change detected
2026-01-13 19:13:00 - watchfiles.main - INFO - 1 change detected
2026-01-13 19:13:00 - watchfiles.main - INFO - 1 change detected
2026-01-13 19:13:01 - watchfiles.main - INFO - 1 change detected
2026-01-13 19:13:01 - watchfiles.main - INFO - 1 change detected
2026-01-13 19:13:01 - watchfiles.main - INFO - 1 change detected
2026-01-13 19:13:02 - watchfiles.main - INFO - 1 change detected
2026-01-13 19:13:02 - watchfiles.main - INFO - 1 change detected
2026-01-13 19:13:03 - watchfiles.main - INFO - 1 change detected
2026-01-13 19:13:03 - watchfiles.main - INFO - 1 change detected
2026-01-13 19:13:04 - watchfiles.main - INFO - 1 change detected
2026-01-13 19:13:04 - watchfiles.main - INFO - 1 change detected
2026-01-13 19:13:04 - watchfiles.main - INFO - 1 change detected
2026-01-13 19:13:05 - watchfiles.main - INFO - 1 change detected
2026-01-13 19:13:05 - watchfiles.main - INFO - 1 change detected
2026-01-13 19:13:06 - watchfiles.main - INFO - 1 change detected
2026-01-13 19:13:06 - watchfiles.main - INFO - 1 change detected
2026-01-13 19:13:06 - watchfiles.main - INFO - 1 change detected
2026-01-13 19:13:07 - watchfiles.main - INFO - 1 change detected
2026-01-13 19:13:07 - watchfiles.main - INFO - 1 change detected
2026-01-13 19:13:08 - watchfiles.main - INFO - 1 change detected
2026-01-13 19:13:08 - watchfiles.main - INFO - 1 change detected
2026-01-13 19:13:09 - watchfiles.main - INFO - 1 change detected
2026-01-13 19:13:09 - watchfiles.main - INFO - 1 change detected
2026-01-13 19:13:09 - watchfiles.main - INFO - 1 change detected
2026-01-13 19:13:10 - watchfiles.main - INFO - 1 change detected
2026-01-13 19:13:10 - watchfiles.main - INFO - 1 change detected
2026-01-13 19:13:11 - watchfiles.main - INFO - 1 change detected
2026-01-13 19:13:11 - watchfiles.main - INFO - 1 change detected
2026-01-13 19:13:11 - watchfiles.main - INFO - 1 change detected
2026-01-13 19:13:12 - watchfiles.main - INFO - 1 change detected
2026-01-13 19:13:12 - watchfiles.main - INFO - 1 change detected
2026-01-13 19:13:13 - watchfiles.main - INFO - 1 change detected
2026-01-13 19:13:13 - watchfiles.main - INFO - 1 change detected
2026-01-13 19:13:13 - watchfiles.main - INFO - 1 change detected
2026-01-13 19:13:14 - watchfiles.main - INFO - 1 change detected
2026-01-13 19:13:14 - watchfiles.main - INFO - 1 change detected
2026-01-13 19:13:15 - watchfiles.main - INFO - 1 change detected
2026-01-13 19:13:15 - watchfiles.main - INFO - 1 change detected
2026-01-13 19:13:16 - watchfiles.main - INFO - 1 change detected
2026-01-13 19:13:16 - watchfiles.main - INFO - 1 change detected
2026-01-13 19:13:16 - watchfiles.main - INFO - 1 change detected
2026-01-13 19:13:17 - watchfiles.main - INFO - 1 change detected
2026-01-13 19:13:17 - watchfiles.main - INFO - 1 change detected
2026-01-13 19:13:18 - watchfiles.main - INFO - 1 change detected
2026-01-13 19:13:18 - watchfiles.main - INFO - 1 change detected
2026-01-13 19:13:18 - watchfiles.main - INFO - 1 change detected
2026-01-13 19:13:19 - watchfiles.main - INFO - 1 change detected
2026-01-13 19:13:19 - watchfiles.main - INFO - 1 change detected
2026-01-13 19:13:20 - watchfiles.main - INFO - 1 change detected
2026-01-13 19:13:20 - watchfiles.main - INFO - 1 change detected
2026-01-13 19:13:20 - watchfiles.main - INFO - 1 change detected
2026-01-13 19:13:21 - watchfiles.main - INFO - 1 change detected
2026-01-13 19:13:21 - watchfiles.main - INFO - 1 change detected
2026-01-13 19:13:22 - watchfiles.main - INFO - 1 change detected
2026-01-13 19:13:22 - watchfiles.main - INFO - 1 change detected
2026-01-13 19:13:23 - watchfiles.main - INFO - 1 change detected
2026-01-13 19:13:23 - watchfiles.main - INFO - 1 change detected
2026-01-13 19:13:23 - watchfiles.main - INFO - 1 change detected
2026-01-13 19:13:24 - watchfiles.main - INFO - 1 change detected
2026-01-13 19:13:24 - watchfiles.main - INFO - 1 change detected
2026-01-13 19:13:25 - watchfiles.main - INFO - 1 change detected
2026-01-13 19:13:25 - watchfiles.main - INFO - 1 change detected
2026-01-13 19:13:25 - watchfiles.main - INFO - 1 change detected
2026-01-13 19:13:26 - watchfiles.main - INFO - 1 change detected
2026-01-13 19:13:26 - watchfiles.main - INFO - 1 change detected
2026-01-13 19:13:27 - watchfiles.main - INFO - 1 change detected
2026-01-13 19:13:27 - watchfiles.main - INFO - 1 change detected
2026-01-13 19:13:28 - watchfiles.main - INFO - 1 change detected
2026-01-13 19:13:28 - watchfiles.main - INFO - 1 change detected
2026-01-13 19:13:28 - watchfiles.main - INFO - 1 change detected
2026-01-13 19:13:29 - watchfiles.main - INFO - 1 change detected
2026-01-13 19:13:29 - watchfiles.main - INFO - 1 change detected
2026-01-13 19:13:30 - watchfiles.main - INFO - 1 change detected
2026-01-13 19:13:30 - watchfiles.main - INFO - 1 change detected
2026-01-13 19:13:30 - watchfiles.main - INFO - 1 change detected
2026-01-13 19:13:31 - watchfiles.main - INFO - 1 change detected
2026-01-13 19:13:31 - watchfiles.main - INFO - 1 change detected
2026-01-13 19:13:32 - watchfiles.main - INFO - 1 change detected
2026-01-13 19:13:32 - watchfiles.main - INFO - 1 change detected
2026-01-13 19:13:32 - watchfiles.main - INFO - 1 change detected
2026-01-13 19:13:33 - watchfiles.main - INFO - 1 change detected
2026-01-13 19:13:33 - watchfiles.main - INFO - 1 change detected
2026-01-13 19:13:34 - watchfiles.main - INFO - 1 change detected
2026-01-13 19:13:34 - watchfiles.main - INFO - 1 change detected
2026-01-13 19:13:34 - watchfiles.main - INFO - 1 change detected
2026-01-13 19:13:35 - watchfiles.main - INFO - 1 change detected
2026-01-13 19:13:35 - watchfiles.main - INFO - 1 change detected
2026-01-13 19:13:36 - watchfiles.main - INFO - 1 change detected
2026-01-13 19:13:36 - watchfiles.main - INFO - 1 change detected
2026-01-13 19:13:37 - watchfiles.main - INFO - 1 change detected
2026-01-13 19:13:37 - watchfiles.main - INFO - 1 change detected
2026-01-13 19:13:37 - watchfiles.main - INFO - 1 change detected
2026-01-13 19:13:38 - watchfiles.main - INFO - 1 change detected
2026-01-13 19:13:38 - watchfiles.main - INFO - 1 change detected
2026-01-13 19:13:39 - watchfiles.main - INFO - 1 change detected
2026-01-13 19:13:39 - watchfiles.main - INFO - 1 change detected
2026-01-13 19:13:39 - watchfiles.main - INFO - 1 change detected
2026-01-13 19:13:40 - watchfiles.main - INFO - 1 change detected
2026-01-13 19:13:40 - watchfiles.main - INFO - 1 change detected
2026-01-13 19:13:41 - watchfiles.main - INFO - 1 change detected
2026-01-13 19:13:41 - watchfiles.main - INFO - 1 change detected
2026-01-13 19:13:41 - watchfiles.main - INFO - 1 change detected
2026-01-13 19:13:42 - watchfiles.main - INFO - 1 change detected
2026-01-13 19:13:42 - watchfiles.main - INFO - 1 change detected
2026-01-13 19:13:43 - watchfiles.main - INFO - 1 change detected
2026-01-13 19:13:43 - watchfiles.main - INFO - 1 change detected
2026-01-13 19:13:43 - watchfiles.main - INFO - 1 change detected
2026-01-13 19:13:44 - watchfiles.main - INFO - 1 change detected
2026-01-13 19:13:44 - watchfiles.main - INFO - 1 change detected
2026-01-13 19:13:45 - watchfiles.main - INFO - 1 change detected
2026-01-13 19:13:45 - watchfiles.main - INFO - 1 change detected
2026-01-13 19:13:45 - watchfiles.main - INFO - 1 change detected
2026-01-13 19:13:46 - watchfiles.main - INFO - 1 change detected
2026-01-13 19:13:46 - watchfiles.main - INFO - 1 change detected
2026-01-13 19:13:47 - watchfiles.main - INFO - 1 change detected
2026-01-13 19:13:47 - watchfiles.main - INFO - 1 change detected
2026-01-13 19:13:47 - watchfiles.main - INFO - 1 change detected
2026-01-13 19:13:48 - watchfiles.main - INFO - 1 change detected
2026-01-13 19:13:48 - watchfiles.main - INFO - 1 change detected
2026-01-13 19:13:49 - watchfiles.main - INFO - 1 change detected
2026-01-13 19:13:49 - watchfiles.main - INFO - 1 change detected
2026-01-13 19:13:49 - watchfiles.main - INFO - 1 change detected
2026-01-13 19:13:50 - watchfiles.main - INFO - 1 change detected
2026-01-13 19:13:50 - watchfiles.main - INFO - 1 change detected
2026-01-13 19:13:51 - watchfiles.main - INFO - 1 change detected
2026-01-13 19:13:51 - watchfiles.main - INFO - 1 change detected
2026-01-13 19:13:51 - watchfiles.main - INFO - 1 change detected
2026-01-13 19:13:52 - watchfiles.main - INFO - 1 change detected
2026-01-13 19:13:52 - watchfiles.main - INFO - 1 change detected
2026-01-13 19:13:53 - watchfiles.main - INFO - 1 change detected
2026-01-13 19:13:53 - watchfiles.main - INFO - 1 change detected
2026-01-13 19:13:53 - watchfiles.main - INFO - 1 change detected
2026-01-13 19:13:54 - watchfiles.main - INFO - 1 change detected
2026-01-13 19:13:54 - watchfiles.main - INFO - 1 change detected
2026-01-13 19:13:55 - watchfiles.main - INFO - 1 change detected
2026-01-13 19:13:55 - watchfiles.main - INFO - 1 change detected
2026-01-13 19:13:55 - watchfiles.main - INFO - 1 change detected
2026-01-13 19:13:56 - watchfiles.main - INFO - 1 change detected
2026-01-13 19:13:56 - watchfiles.main - INFO - 1 change detected
2026-01-13 19:13:57 - watchfiles.main - INFO - 1 change detected
2026-01-13 19:13:57 - watchfiles.main - INFO - 1 change detected
2026-01-13 19:13:57 - watchfiles.main - INFO - 1 change detected
2026-01-13 19:13:58 - watchfiles.main - INFO - 1 change detected
2026-01-13 19:13:58 - watchfiles.main - INFO - 1 change detected
2026-01-13 19:13:59 - watchfiles.main - INFO - 1 change detected
2026-01-13 19:13:59 - watchfiles.main - INFO - 1 change detected
2026-01-13 19:13:59 - watchfiles.main - INFO - 1 change detected
2026-01-13 19:14:00 - watchfiles.main - INFO - 1 change detected
2026-01-13 19:14:00 - watchfiles.main - INFO - 1 change detected
2026-01-13 19:14:01 - watchfiles.main - INFO - 1 change detected
2026-01-13 19:14:01 - watchfiles.main - INFO - 1 change detected
2026-01-13 19:14:01 - watchfiles.main - INFO - 1 change detected
2026-01-13 19:14:02 - watchfiles.main - INFO - 1 change detected
2026-01-13 19:14:02 - watchfiles.main - INFO - 1 change detected
2026-01-13 19:14:03 - watchfiles.main - INFO - 1 change detected
2026-01-13 19:14:03 - watchfiles.main - INFO - 1 change detected
2026-01-13 19:14:04 - watchfiles.main - INFO - 1 change detected
2026-01-13 19:14:04 - watchfiles.main - INFO - 1 change detected
2026-01-13 19:14:04 - watchfiles.main - INFO - 1 change detected
2026-01-13 19:14:05 - watchfiles.main - INFO - 1 change detected
2026-01-13 19:14:05 - watchfiles.main - INFO - 1 change detected
2026-01-13 19:14:06 - watchfiles.main - INFO - 1 change detected
2026-01-13 19:14:06 - watchfiles.main - INFO - 1 change detected
2026-01-13 19:14:06 - watchfiles.main - INFO - 1 change detected
2026-01-13 19:14:07 - watchfiles.main - INFO - 1 change detected
2026-01-13 19:14:07 - watchfiles.main - INFO - 1 change detected
2026-01-13 19:14:08 - watchfiles.main - INFO - 1 change detected
2026-01-13 19:14:08 - watchfiles.main - INFO - 1 change detected
2026-01-13 19:14:08 - watchfiles.main - INFO - 1 change detected
2026-01-13 19:14:09 - watchfiles.main - INFO - 1 change detected
2026-01-13 19:14:09 - watchfiles.main - INFO - 1 change detected
2026-01-13 19:14:10 - watchfiles.main - INFO - 1 change detected
2026-01-13 19:14:10 - watchfiles.main - INFO - 1 change detected
2026-01-13 19:14:10 - watchfiles.main - INFO - 1 change detected
2026-01-13 19:14:11 - watchfiles.main - INFO - 1 change detected
2026-01-13 19:14:11 - watchfiles.main - INFO - 1 change detected
2026-01-13 19:14:12 - watchfiles.main - INFO - 1 change detected
2026-01-13 19:14:12 - watchfiles.main - INFO - 1 change detected
2026-01-13 19:14:13 - watchfiles.main - INFO - 1 change detected
2026-01-13 19:14:13 - watchfiles.main - INFO - 1 change detected
2026-01-13 19:14:13 - watchfiles.main - INFO - 1 change detected
2026-01-13 19:14:14 - watchfiles.main - INFO - 1 change detected
2026-01-13 19:14:14 - watchfiles.main - INFO - 1 change detected
2026-01-13 19:14:15 - watchfiles.main - INFO - 1 change detected
2026-01-13 19:14:15 - watchfiles.main - INFO - 1 change detected
2026-01-13 19:14:15 - watchfiles.main - INFO - 1 change detected
2026-01-13 19:14:16 - watchfiles.main - INFO - 1 change detected
2026-01-13 19:14:16 - watchfiles.main - INFO - 1 change detected
2026-01-13 19:14:17 - watchfiles.main - INFO - 1 change detected
2026-01-13 19:14:17 - watchfiles.main - INFO - 1 change detected
2026-01-13 19:14:17 - watchfiles.main - INFO - 1 change detected
2026-01-13 19:14:18 - watchfiles.main - INFO - 1 change detected
2026-01-13 19:14:18 - watchfiles.main - INFO - 1 change detected
2026-01-13 19:14:19 - watchfiles.main - INFO - 1 change detected
2026-01-13 19:14:19 - watchfiles.main - INFO - 1 change detected
2026-01-13 19:14:19 - watchfiles.main - INFO - 1 change detected
2026-01-13 19:14:20 - watchfiles.main - INFO - 1 change detected
2026-01-13 19:14:20 - watchfiles.main - INFO - 1 change detected
2026-01-13 19:14:21 - watchfiles.main - INFO - 1 change detected
2026-01-13 19:14:21 - watchfiles.main - INFO - 1 change detected
2026-01-13 19:14:22 - watchfiles.main - INFO - 1 change detected
2026-01-13 19:14:22 - watchfiles.main - INFO - 1 change detected
2026-01-13 19:14:22 - watchfiles.main - INFO - 1 change detected
2026-01-13 19:14:23 - watchfiles.main - INFO - 1 change detected
2026-01-13 19:14:23 - watchfiles.main - INFO - 1 change detected
2026-01-13 19:14:24 - watchfiles.main - INFO - 1 change detected
2026-01-13 19:14:24 - watchfiles.main - INFO - 1 change detected
2026-01-13 19:14:24 - watchfiles.main - INFO - 1 change detected
2026-01-13 19:14:25 - watchfiles.main - INFO - 1 change detected
2026-01-13 19:14:25 - watchfiles.main - INFO - 1 change detected
2026-01-13 19:14:26 - watchfiles.main - INFO - 1 change detected
2026-01-13 19:14:26 - watchfiles.main - INFO - 1 change detected
2026-01-13 19:14:26 - watchfiles.main - INFO - 1 change detected
2026-01-13 19:14:27 - watchfiles.main - INFO - 1 change detected
2026-01-13 19:14:27 - watchfiles.main - INFO - 1 change detected
2026-01-13 19:14:28 - watchfiles.main - INFO - 1 change detected
2026-01-13 19:14:28 - watchfiles.main - INFO - 1 change detected
2026-01-13 19:14:29 - watchfiles.main - INFO - 1 change detected
2026-01-13 19:14:29 - watchfiles.main - INFO - 1 change detected
2026-01-13 19:14:29 - watchfiles.main - INFO - 1 change detected
2026-01-13 19:14:30 - watchfiles.main - INFO - 1 change detected
2026-01-13 19:14:30 - watchfiles.main - INFO - 1 change detected
2026-01-13 19:14:31 - watchfiles.main - INFO - 1 change detected
2026-01-13 19:14:31 - watchfiles.main - INFO - 1 change detected
2026-01-13 19:14:31 - watchfiles.main - INFO - 1 change detected
2026-01-13 19:14:32 - watchfiles.main - INFO - 1 change detected
2026-01-13 19:14:32 - watchfiles.main - INFO - 1 change detected
2026-01-13 19:14:33 - watchfiles.main - INFO - 1 change detected
2026-01-13 19:14:33 - watchfiles.main - INFO - 1 change detected
2026-01-13 19:14:33 - watchfiles.main - INFO - 1 change detected
2026-01-13 19:14:34 - watchfiles.main - INFO - 1 change detected
2026-01-13 19:14:34 - watchfiles.main - INFO - 1 change detected
2026-01-13 19:14:35 - watchfiles.main - INFO - 1 change detected
2026-01-13 19:14:35 - watchfiles.main - INFO - 1 change detected
2026-01-13 19:14:35 - watchfiles.main - INFO - 1 change detected
2026-01-13 19:14:36 - watchfiles.main - INFO - 1 change detected
2026-01-13 19:14:36 - watchfiles.main - INFO - 1 change detected
2026-01-13 19:14:37 - watchfiles.main - INFO - 1 change detected
2026-01-13 19:14:37 - watchfiles.main - INFO - 1 change detected
2026-01-13 19:14:37 - watchfiles.main - INFO - 1 change detected
2026-01-13 19:14:38 - watchfiles.main - INFO - 1 change detected
2026-01-13 19:14:38 - watchfiles.main - INFO - 1 change detected
2026-01-13 19:14:39 - watchfiles.main - INFO - 1 change detected
2026-01-13 19:14:39 - watchfiles.main - INFO - 1 change detected
2026-01-13 19:14:39 - watchfiles.main - INFO - 1 change detected
2026-01-13 19:14:40 - watchfiles.main - INFO - 1 change detected
2026-01-13 19:14:40 - watchfiles.main - INFO - 1 change detected
2026-01-13 19:14:41 - watchfiles.main - INFO - 1 change detected
2026-01-13 19:14:41 - watchfiles.main - INFO - 1 change detected
2026-01-13 19:14:41 - watchfiles.main - INFO - 1 change detected
2026-01-13 19:14:42 - watchfiles.main - INFO - 1 change detected
2026-01-13 19:14:42 - watchfiles.main - INFO - 1 change detected
2026-01-13 19:14:43 - watchfiles.main - INFO - 1 change detected
2026-01-13 19:14:43 - watchfiles.main - INFO - 1 change detected
2026-01-13 19:14:43 - watchfiles.main - INFO - 1 change detected
2026-01-13 19:14:44 - watchfiles.main - INFO - 1 change detected
2026-01-13 19:14:44 - watchfiles.main - INFO - 1 change detected
2026-01-13 19:14:45 - watchfiles.main - INFO - 1 change detected
2026-01-13 19:14:45 - watchfiles.main - INFO - 1 change detected
2026-01-13 19:14:46 - watchfiles.main - INFO - 1 change detected
2026-01-13 19:14:46 - watchfiles.main - INFO - 1 change detected
2026-01-13 19:14:46 - watchfiles.main - INFO - 1 change detected
2026-01-13 19:14:47 - watchfiles.main - INFO - 1 change detected
2026-01-13 19:14:47 - watchfiles.main - INFO - 1 change detected
2026-01-13 19:14:48 - watchfiles.main - INFO - 1 change detected
2026-01-13 19:14:48 - watchfiles.main - INFO - 1 change detected
2026-01-13 19:14:48 - watchfiles.main - INFO - 1 change detected
2026-01-13 19:14:49 - watchfiles.main - INFO - 1 change detected
2026-01-13 19:14:49 - watchfiles.main - INFO - 1 change detected
2026-01-13 19:14:50 - watchfiles.main - INFO - 1 change detected
2026-01-13 19:14:50 - watchfiles.main - INFO - 1 change detected
2026-01-13 19:14:50 - watchfiles.main - INFO - 1 change detected
2026-01-13 19:14:51 - watchfiles.main - INFO - 1 change detected
2026-01-13 19:14:51 - watchfiles.main - INFO - 1 change detected
2026-01-13 19:14:52 - watchfiles.main - INFO - 1 change detected
2026-01-13 19:14:52 - watchfiles.main - INFO - 1 change detected
2026-01-13 19:14:52 - watchfiles.main - INFO - 1 change detected
2026-01-13 19:14:53 - watchfiles.main - INFO - 1 change detected
2026-01-13 19:14:53 - watchfiles.main - INFO - 1 change detected
2026-01-13 19:14:54 - watchfiles.main - INFO - 1 change detected
2026-01-13 19:14:54 - watchfiles.main - INFO - 1 change detected
2026-01-13 19:14:54 - watchfiles.main - INFO - 1 change detected
2026-01-13 19:14:55 - watchfiles.main - INFO - 1 change detected
2026-01-13 19:14:55 - watchfiles.main - INFO - 1 change detected
2026-01-13 19:14:56 - watchfiles.main - INFO - 1 change detected
2026-01-13 19:14:56 - watchfiles.main - INFO - 1 change detected
2026-01-13 19:14:56 - watchfiles.main - INFO - 1 change detected
2026-01-13 19:14:57 - watchfiles.main - INFO - 1 change detected
2026-01-13 19:14:57 - watchfiles.main - INFO - 1 change detected
2026-01-13 19:14:58 - watchfiles.main - INFO - 1 change detected
2026-01-13 19:14:58 - watchfiles.main - INFO - 1 change detected
2026-01-13 19:14:58 - watchfiles.main - INFO - 1 change detected
2026-01-13 19:14:59 - watchfiles.main - INFO - 1 change detected
2026-01-13 19:14:59 - watchfiles.main - INFO - 1 change detected
2026-01-13 19:15:00 - watchfiles.main - INFO - 1 change detected
2026-01-13 19:15:00 - watchfiles.main - INFO - 1 change detected
2026-01-13 19:15:00 - watchfiles.main - INFO - 1 change detected
2026-01-13 19:15:01 - watchfiles.main - INFO - 1 change detected
2026-01-13 19:15:01 - watchfiles.main - INFO - 1 change detected
2026-01-13 19:15:02 - watchfiles.main - INFO - 1 change detected
2026-01-13 19:15:02 - watchfiles.main - INFO - 1 change detected
2026-01-13 19:15:02 - watchfiles.main - INFO - 1 change detected
2026-01-13 19:15:03 - watchfiles.main - INFO - 1 change detected
2026-01-13 19:15:03 - watchfiles.main - INFO - 1 change detected
2026-01-13 19:15:04 - watchfiles.main - INFO - 1 change detected
2026-01-13 19:15:04 - watchfiles.main - INFO - 1 change detected
2026-01-13 19:15:04 - watchfiles.main - INFO - 1 change detected
2026-01-13 19:15:05 - watchfiles.main - INFO - 1 change detected
2026-01-13 19:15:05 - watchfiles.main - INFO - 1 change detected
2026-01-13 19:15:06 - watchfiles.main - INFO - 1 change detected
2026-01-13 19:15:06 - watchfiles.main - INFO - 1 change detected
2026-01-13 19:15:06 - watchfiles.main - INFO - 1 change detected
2026-01-13 19:15:07 - watchfiles.main - INFO - 1 change detected
2026-01-13 19:15:07 - watchfiles.main - INFO - 1 change detected
2026-01-13 19:15:08 - watchfiles.main - INFO - 1 change detected
2026-01-13 19:15:08 - watchfiles.main - INFO - 1 change detected
2026-01-13 19:15:08 - watchfiles.main - INFO - 1 change detected
2026-01-13 19:15:09 - watchfiles.main - INFO - 1 change detected
2026-01-13 19:15:09 - watchfiles.main - INFO - 1 change detected
2026-01-13 19:15:10 - watchfiles.main - INFO - 1 change detected
2026-01-13 19:15:10 - watchfiles.main - INFO - 1 change detected
2026-01-13 19:15:10 - watchfiles.main - INFO - 1 change detected
2026-01-13 19:15:11 - watchfiles.main - INFO - 1 change detected
2026-01-13 19:15:11 - watchfiles.main - INFO - 1 change detected
2026-01-13 19:15:12 - watchfiles.main - INFO - 1 change detected
2026-01-13 19:15:12 - watchfiles.main - INFO - 1 change detected
2026-01-13 19:15:12 - watchfiles.main - INFO - 1 change detected
2026-01-13 19:15:13 - watchfiles.main - INFO - 1 change detected
2026-01-13 19:15:13 - watchfiles.main - INFO - 1 change detected
2026-01-13 19:15:14 - watchfiles.main - INFO - 1 change detected
2026-01-13 19:15:14 - watchfiles.main - INFO - 1 change detected
2026-01-13 19:15:14 - watchfiles.main - INFO - 1 change detected
2026-01-13 19:15:15 - watchfiles.main - INFO - 1 change detected
2026-01-13 19:15:15 - watchfiles.main - INFO - 1 change detected
2026-01-13 19:15:16 - watchfiles.main - INFO - 1 change detected
2026-01-13 19:15:16 - watchfiles.main - INFO - 1 change detected
2026-01-13 19:15:16 - watchfiles.main - INFO - 1 change detected
2026-01-13 19:15:17 - watchfiles.main - INFO - 1 change detected
2026-01-13 19:15:17 - watchfiles.main - INFO - 1 change detected
2026-01-13 19:15:18 - watchfiles.main - INFO - 1 change detected
2026-01-13 19:15:18 - watchfiles.main - INFO - 1 change detected
2026-01-13 19:15:18 - watchfiles.main - INFO - 1 change detected
2026-01-13 19:15:19 - watchfiles.main - INFO - 1 change detected
2026-01-13 19:15:19 - watchfiles.main - INFO - 1 change detected
2026-01-13 19:15:20 - watchfiles.main - INFO - 1 change detected
2026-01-13 19:15:20 - watchfiles.main - INFO - 1 change detected
2026-01-13 19:15:20 - watchfiles.main - INFO - 1 change detected
2026-01-13 19:15:21 - watchfiles.main - INFO - 1 change detected
2026-01-13 19:15:21 - watchfiles.main - INFO - 1 change detected
2026-01-13 19:15:22 - watchfiles.main - INFO - 1 change detected
2026-01-13 19:15:22 - watchfiles.main - INFO - 1 change detected
2026-01-13 19:15:23 - watchfiles.main - INFO - 1 change detected
2026-01-13 19:15:23 - watchfiles.main - INFO - 1 change detected
2026-01-13 19:15:23 - watchfiles.main - INFO - 1 change detected
2026-01-13 19:15:24 - watchfiles.main - INFO - 1 change detected
2026-01-13 19:15:24 - watchfiles.main - INFO - 1 change detected
2026-01-13 19:15:25 - watchfiles.main - INFO - 1 change detected
2026-01-13 19:15:25 - watchfiles.main - INFO - 1 change detected
2026-01-13 19:15:25 - watchfiles.main - INFO - 1 change detected
2026-01-13 19:15:26 - watchfiles.main - INFO - 1 change detected
2026-01-13 19:15:26 - watchfiles.main - INFO - 1 change detected
2026-01-13 19:15:27 - watchfiles.main - INFO - 1 change detected
2026-01-13 19:15:27 - watchfiles.main - INFO - 1 change detected
2026-01-13 19:15:27 - watchfiles.main - INFO - 1 change detected
2026-01-13 19:15:28 - watchfiles.main - INFO - 1 change detected
2026-01-13 19:15:28 - watchfiles.main - INFO - 1 change detected
2026-01-13 19:15:29 - watchfiles.main - INFO - 1 change detected
2026-01-13 19:15:29 - watchfiles.main - INFO - 1 change detected
2026-01-13 19:15:29 - watchfiles.main - INFO - 1 change detected
2026-01-13 19:15:30 - watchfiles.main - INFO - 1 change detected
2026-01-13 19:15:30 - watchfiles.main - INFO - 1 change detected
2026-01-13 19:15:31 - watchfiles.main - INFO - 1 change detected
2026-01-13 19:15:31 - watchfiles.main - INFO - 1 change detected
2026-01-13 19:15:32 - watchfiles.main - INFO - 1 change detected
2026-01-13 19:15:32 - watchfiles.main - INFO - 1 change detected
2026-01-13 19:15:32 - watchfiles.main - INFO - 1 change detected
2026-01-13 19:15:33 - watchfiles.main - INFO - 1 change detected
2026-01-13 19:15:33 - watchfiles.main - INFO - 1 change detected
2026-01-13 19:15:34 - watchfiles.main - INFO - 1 change detected
2026-01-13 19:15:34 - watchfiles.main - INFO - 1 change detected
2026-01-13 19:15:34 - watchfiles.main - INFO - 1 change detected
2026-01-13 19:15:35 - watchfiles.main - INFO - 1 change detected
2026-01-13 19:15:35 - watchfiles.main - INFO - 1 change detected
2026-01-13 19:15:36 - watchfiles.main - INFO - 1 change detected
2026-01-13 19:15:36 - watchfiles.main - INFO - 1 change detected
2026-01-13 19:15:36 - watchfiles.main - INFO - 1 change detected
2026-01-13 19:15:37 - watchfiles.main - INFO - 1 change detected
2026-01-13 19:15:37 - watchfiles.main - INFO - 1 change detected
2026-01-13 19:15:38 - watchfiles.main - INFO - 1 change detected
2026-01-13 19:15:38 - watchfiles.main - INFO - 1 change detected
2026-01-13 19:15:38 - watchfiles.main - INFO - 1 change detected
2026-01-13 19:15:39 - watchfiles.main - INFO - 1 change detected
2026-01-13 19:15:39 - watchfiles.main - INFO - 1 change detected
2026-01-13 19:15:40 - watchfiles.main - INFO - 1 change detected
2026-01-13 19:15:40 - watchfiles.main - INFO - 1 change detected
2026-01-13 19:15:40 - watchfiles.main - INFO - 1 change detected
2026-01-13 19:15:41 - watchfiles.main - INFO - 1 change detected
2026-01-13 19:15:41 - watchfiles.main - INFO - 1 change detected
2026-01-13 19:15:42 - watchfiles.main - INFO - 1 change detected
2026-01-13 19:15:42 - watchfiles.main - INFO - 1 change detected
2026-01-13 19:15:43 - watchfiles.main - INFO - 1 change detected
2026-01-13 19:15:43 - watchfiles.main - INFO - 1 change detected
2026-01-13 19:15:43 - watchfiles.main - INFO - 1 change detected
2026-01-13 19:15:44 - watchfiles.main - INFO - 1 change detected
2026-01-13 19:15:44 - watchfiles.main - INFO - 1 change detected
2026-01-13 19:15:45 - watchfiles.main - INFO - 1 change detected
2026-01-13 19:15:45 - watchfiles.main - INFO - 1 change detected
2026-01-13 19:15:45 - watchfiles.main - INFO - 1 change detected
2026-01-13 19:15:46 - watchfiles.main - INFO - 1 change detected
2026-01-13 19:15:46 - watchfiles.main - INFO - 1 change detected
2026-01-13 19:15:47 - watchfiles.main - INFO - 1 change detected
2026-01-13 19:15:47 - watchfiles.main - INFO - 1 change detected
2026-01-13 19:15:47 - watchfiles.main - INFO - 1 change detected
2026-01-13 19:15:48 - watchfiles.main - INFO - 1 change detected
2026-01-13 19:15:48 - watchfiles.main - INFO - 1 change detected
2026-01-13 19:15:49 - watchfiles.main - INFO - 1 change detected
2026-01-13 19:15:49 - watchfiles.main - INFO - 1 change detected
2026-01-13 19:15:49 - watchfiles.main - INFO - 1 change detected
2026-01-13 19:15:50 - watchfiles.main - INFO - 1 change detected
2026-01-13 19:15:50 - watchfiles.main - INFO - 1 change detected
2026-01-13 19:15:51 - watchfiles.main - INFO - 1 change detected
2026-01-13 19:15:51 - watchfiles.main - INFO - 1 change detected
2026-01-13 19:15:52 - watchfiles.main - INFO - 1 change detected
2026-01-13 19:15:52 - watchfiles.main - INFO - 1 change detected
2026-01-13 19:15:52 - watchfiles.main - INFO - 1 change detected
2026-01-13 19:15:53 - watchfiles.main - INFO - 1 change detected
2026-01-13 19:15:53 - watchfiles.main - INFO - 1 change detected
2026-01-13 19:15:54 - watchfiles.main - INFO - 1 change detected
2026-01-13 19:15:54 - watchfiles.main - INFO - 1 change detected
2026-01-13 19:15:54 - watchfiles.main - INFO - 1 change detected
2026-01-13 19:15:55 - watchfiles.main - INFO - 1 change detected
2026-01-13 19:15:55 - watchfiles.main - INFO - 1 change detected
2026-01-13 19:15:56 - watchfiles.main - INFO - 1 change detected
2026-01-13 19:15:56 - watchfiles.main - INFO - 1 change detected
2026-01-13 19:15:56 - watchfiles.main - INFO - 1 change detected
2026-01-13 19:15:57 - watchfiles.main - INFO - 1 change detected
2026-01-13 19:15:57 - watchfiles.main - INFO - 1 change detected
2026-01-13 19:15:58 - watchfiles.main - INFO - 1 change detected
2026-01-13 19:15:58 - watchfiles.main - INFO - 1 change detected
2026-01-13 19:15:58 - watchfiles.main - INFO - 1 change detected
2026-01-13 19:15:59 - watchfiles.main - INFO - 1 change detected
2026-01-13 19:15:59 - watchfiles.main - INFO - 1 change detected
2026-01-13 19:16:00 - watchfiles.main - INFO - 1 change detected
2026-01-13 19:16:00 - watchfiles.main - INFO - 1 change detected
2026-01-13 19:16:00 - watchfiles.main - INFO - 1 change detected
2026-01-13 19:16:01 - watchfiles.main - INFO - 1 change detected
2026-01-13 19:16:01 - watchfiles.main - INFO - 1 change detected
2026-01-13 19:16:01 - watchfiles.main - INFO - 1 change detected
2026-01-13 19:16:02 - watchfiles.main - INFO - 1 change detected
2026-01-13 19:16:02 - watchfiles.main - INFO - 1 change detected
2026-01-13 19:16:03 - watchfiles.main - INFO - 1 change detected
2026-01-13 19:16:03 - watchfiles.main - INFO - 1 change detected
2026-01-13 19:16:03 - watchfiles.main - INFO - 1 change detected
2026-01-13 19:16:04 - watchfiles.main - INFO - 1 change detected
2026-01-13 19:16:04 - watchfiles.main - INFO - 1 change detected
2026-01-13 19:16:05 - watchfiles.main - INFO - 1 change detected
2026-01-13 19:16:05 - watchfiles.main - INFO - 1 change detected
2026-01-13 19:16:05 - watchfiles.main - INFO - 1 change detected
2026-01-13 19:16:06 - watchfiles.main - INFO - 1 change detected
2026-01-13 19:16:06 - watchfiles.main - INFO - 1 change detected
2026-01-13 19:16:07 - watchfiles.main - INFO - 1 change detected
2026-01-13 19:16:07 - watchfiles.main - INFO - 1 change detected
2026-01-13 19:16:08 - watchfiles.main - INFO - 1 change detected
2026-01-13 19:16:08 - watchfiles.main - INFO - 1 change detected
2026-01-13 19:16:08 - watchfiles.main - INFO - 1 change detected
2026-01-13 19:16:09 - watchfiles.main - INFO - 1 change detected
2026-01-13 19:16:09 - watchfiles.main - INFO - 1 change detected
2026-01-13 19:16:10 - watchfiles.main - INFO - 1 change detected
2026-01-13 19:16:10 - watchfiles.main - INFO - 1 change detected
2026-01-13 19:16:10 - watchfiles.main - INFO - 1 change detected
2026-01-13 19:16:11 - watchfiles.main - INFO - 1 change detected
2026-01-13 19:16:11 - watchfiles.main - INFO - 1 change detected
2026-01-13 19:16:12 - watchfiles.main - INFO - 1 change detected
2026-01-13 19:16:12 - watchfiles.main - INFO - 1 change detected
2026-01-13 19:16:12 - watchfiles.main - INFO - 1 change detected
2026-01-13 19:16:13 - watchfiles.main - INFO - 1 change detected
2026-01-13 19:16:13 - watchfiles.main - INFO - 1 change detected
2026-01-13 19:16:14 - watchfiles.main - INFO - 1 change detected
2026-01-13 19:16:14 - watchfiles.main - INFO - 1 change detected
2026-01-13 19:16:14 - watchfiles.main - INFO - 1 change detected
2026-01-13 19:16:15 - watchfiles.main - INFO - 1 change detected
2026-01-13 19:16:15 - watchfiles.main - INFO - 1 change detected
2026-01-13 19:16:16 - watchfiles.main - INFO - 1 change detected
2026-01-13 19:16:16 - watchfiles.main - INFO - 1 change detected
2026-01-13 19:16:17 - watchfiles.main - INFO - 1 change detected
2026-01-13 19:16:17 - watchfiles.main - INFO - 1 change detected
2026-01-13 19:16:17 - watchfiles.main - INFO - 1 change detected
2026-01-13 19:16:18 - watchfiles.main - INFO - 1 change detected
2026-01-13 19:16:18 - watchfiles.main - INFO - 1 change detected
2026-01-13 19:16:19 - watchfiles.main - INFO - 1 change detected
2026-01-13 19:16:19 - watchfiles.main - INFO - 1 change detected
2026-01-13 19:16:19 - watchfiles.main - INFO - 1 change detected
2026-01-13 19:16:20 - watchfiles.main - INFO - 1 change detected
2026-01-13 19:16:20 - watchfiles.main - INFO - 1 change detected
2026-01-13 19:16:21 - watchfiles.main - INFO - 1 change detected
2026-01-13 19:16:21 - watchfiles.main - INFO - 1 change detected
2026-01-13 19:16:21 - watchfiles.main - INFO - 1 change detected
2026-01-13 19:16:22 - watchfiles.main - INFO - 1 change detected
2026-01-13 19:16:22 - watchfiles.main - INFO - 1 change detected
2026-01-13 19:16:23 - watchfiles.main - INFO - 1 change detected
2026-01-13 19:16:23 - watchfiles.main - INFO - 1 change detected
2026-01-13 19:16:23 - watchfiles.main - INFO - 1 change detected
2026-01-13 19:16:24 - watchfiles.main - INFO - 1 change detected
2026-01-13 19:16:24 - watchfiles.main - INFO - 1 change detected
2026-01-13 19:16:25 - watchfiles.main - INFO - 1 change detected
2026-01-13 19:16:25 - watchfiles.main - INFO - 1 change detected
2026-01-13 19:16:26 - watchfiles.main - INFO - 1 change detected
2026-01-13 19:16:26 - watchfiles.main - INFO - 1 change detected
2026-01-13 19:16:26 - watchfiles.main - INFO - 1 change detected
2026-01-13 19:16:27 - watchfiles.main - INFO - 1 change detected
2026-01-13 19:16:27 - watchfiles.main - INFO - 1 change detected
2026-01-13 19:16:28 - watchfiles.main - INFO - 1 change detected
2026-01-13 19:16:28 - watchfiles.main - INFO - 1 change detected
2026-01-13 19:16:28 - watchfiles.main - INFO - 1 change detected
2026-01-13 19:16:29 - watchfiles.main - INFO - 1 change detected
2026-01-13 19:16:29 - watchfiles.main - INFO - 1 change detected
2026-01-13 19:16:30 - watchfiles.main - INFO - 1 change detected
2026-01-13 19:16:30 - watchfiles.main - INFO - 1 change detected
2026-01-13 19:16:30 - watchfiles.main - INFO - 1 change detected
2026-01-13 19:16:31 - watchfiles.main - INFO - 1 change detected
2026-01-13 19:16:31 - watchfiles.main - INFO - 1 change detected
2026-01-13 19:16:32 - watchfiles.main - INFO - 1 change detected
2026-01-13 19:16:32 - watchfiles.main - INFO - 1 change detected
2026-01-13 19:16:32 - watchfiles.main - INFO - 1 change detected
2026-01-13 19:16:33 - watchfiles.main - INFO - 1 change detected
2026-01-13 19:16:33 - watchfiles.main - INFO - 1 change detected
2026-01-13 19:16:34 - watchfiles.main - INFO - 1 change detected
2026-01-13 19:16:34 - watchfiles.main - INFO - 1 change detected
2026-01-13 19:16:34 - watchfiles.main - INFO - 1 change detected
2026-01-13 19:16:35 - watchfiles.main - INFO - 1 change detected
2026-01-13 19:16:35 - watchfiles.main - INFO - 1 change detected
2026-01-13 19:16:36 - watchfiles.main - INFO - 1 change detected
2026-01-13 19:16:36 - watchfiles.main - INFO - 1 change detected
2026-01-13 19:16:36 - watchfiles.main - INFO - 1 change detected
2026-01-13 19:16:37 - watchfiles.main - INFO - 1 change detected
2026-01-13 19:16:37 - watchfiles.main - INFO - 1 change detected
2026-01-13 19:16:38 - watchfiles.main - INFO - 1 change detected
2026-01-13 19:16:38 - watchfiles.main - INFO - 1 change detected
2026-01-13 19:16:38 - watchfiles.main - INFO - 1 change detected
2026-01-13 19:16:39 - watchfiles.main - INFO - 1 change detected
2026-01-13 19:16:39 - watchfiles.main - INFO - 1 change detected
2026-01-13 19:16:40 - watchfiles.main - INFO - 1 change detected
2026-01-13 19:16:40 - watchfiles.main - INFO - 1 change detected
2026-01-13 19:16:40 - watchfiles.main - INFO - 1 change detected
2026-01-13 19:16:41 - watchfiles.main - INFO - 1 change detected
2026-01-13 19:16:41 - watchfiles.main - INFO - 1 change detected
2026-01-13 19:16:42 - watchfiles.main - INFO - 1 change detected
2026-01-13 19:16:42 - watchfiles.main - INFO - 1 change detected
2026-01-13 19:16:42 - watchfiles.main - INFO - 1 change detected
2026-01-13 19:16:43 - watchfiles.main - INFO - 1 change detected
2026-01-13 19:16:43 - watchfiles.main - INFO - 1 change detected
2026-01-13 19:16:44 - watchfiles.main - INFO - 1 change detected
2026-01-13 19:16:44 - watchfiles.main - INFO - 1 change detected
2026-01-13 19:16:45 - watchfiles.main - INFO - 1 change detected
2026-01-13 19:16:45 - watchfiles.main - INFO - 1 change detected
2026-01-13 19:16:45 - watchfiles.main - INFO - 1 change detected
2026-01-13 19:16:46 - watchfiles.main - INFO - 1 change detected
2026-01-13 19:16:46 - watchfiles.main - INFO - 1 change detected
2026-01-13 19:16:47 - watchfiles.main - INFO - 1 change detected
2026-01-13 19:16:47 - watchfiles.main - INFO - 1 change detected
2026-01-13 19:16:47 - watchfiles.main - INFO - 1 change detected
2026-01-13 19:16:48 - watchfiles.main - INFO - 1 change detected
2026-01-13 19:16:48 - watchfiles.main - INFO - 1 change detected
2026-01-13 19:16:49 - watchfiles.main - INFO - 1 change detected
2026-01-13 19:16:49 - watchfiles.main - INFO - 1 change detected
2026-01-13 19:16:49 - watchfiles.main - INFO - 1 change detected
2026-01-13 19:16:50 - watchfiles.main - INFO - 1 change detected
2026-01-13 19:16:50 - watchfiles.main - INFO - 1 change detected
2026-01-13 19:16:51 - watchfiles.main - INFO - 1 change detected
2026-01-13 19:16:51 - watchfiles.main - INFO - 1 change detected
2026-01-13 19:16:51 - watchfiles.main - INFO - 1 change detected
2026-01-13 19:16:52 - watchfiles.main - INFO - 1 change detected
2026-01-13 19:16:52 - watchfiles.main - INFO - 1 change detected
2026-01-13 19:16:53 - watchfiles.main - INFO - 1 change detected
2026-01-13 19:16:53 - watchfiles.main - INFO - 1 change detected
2026-01-13 19:16:53 - watchfiles.main - INFO - 1 change detected
2026-01-13 19:16:54 - watchfiles.main - INFO - 1 change detected
2026-01-13 19:16:54 - watchfiles.main - INFO - 1 change detected
2026-01-13 19:16:55 - watchfiles.main - INFO - 1 change detected
2026-01-13 19:16:55 - watchfiles.main - INFO - 1 change detected
2026-01-13 19:16:56 - watchfiles.main - INFO - 1 change detected
2026-01-13 19:16:56 - watchfiles.main - INFO - 1 change detected
2026-01-13 19:16:56 - watchfiles.main - INFO - 1 change detected
2026-01-13 19:16:57 - watchfiles.main - INFO - 1 change detected
2026-01-13 19:16:57 - watchfiles.main - INFO - 1 change detected
2026-01-13 19:16:58 - watchfiles.main - INFO - 1 change detected
2026-01-13 19:16:58 - watchfiles.main - INFO - 1 change detected
2026-01-13 19:16:58 - watchfiles.main - INFO - 1 change detected
2026-01-13 19:16:59 - watchfiles.main - INFO - 1 change detected
2026-01-13 19:16:59 - watchfiles.main - INFO - 1 change detected
2026-01-13 19:17:00 - watchfiles.main - INFO - 1 change detected
2026-01-13 19:17:00 - watchfiles.main - INFO - 1 change detected
2026-01-13 19:17:01 - watchfiles.main - INFO - 1 change detected
2026-01-13 19:17:01 - watchfiles.main - INFO - 1 change detected
2026-01-13 19:17:01 - watchfiles.main - INFO - 1 change detected
2026-01-13 19:17:02 - watchfiles.main - INFO - 1 change detected
2026-01-13 19:17:02 - watchfiles.main - INFO - 1 change detected
2026-01-13 19:17:03 - watchfiles.main - INFO - 1 change detected
2026-01-13 19:17:03 - watchfiles.main - INFO - 1 change detected
2026-01-13 19:17:03 - watchfiles.main - INFO - 1 change detected
2026-01-13 19:17:04 - watchfiles.main - INFO - 1 change detected
2026-01-13 19:17:04 - watchfiles.main - INFO - 1 change detected
2026-01-13 19:17:05 - watchfiles.main - INFO - 1 change detected
2026-01-13 19:17:05 - watchfiles.main - INFO - 1 change detected
2026-01-13 19:17:05 - watchfiles.main - INFO - 1 change detected
2026-01-13 19:17:06 - watchfiles.main - INFO - 1 change detected
2026-01-13 19:17:06 - watchfiles.main - INFO - 1 change detected
2026-01-13 19:17:07 - watchfiles.main - INFO - 1 change detected
2026-01-13 19:17:07 - watchfiles.main - INFO - 1 change detected
2026-01-13 19:17:07 - watchfiles.main - INFO - 1 change detected
2026-01-13 19:17:08 - watchfiles.main - INFO - 1 change detected
2026-01-13 19:17:08 - watchfiles.main - INFO - 1 change detected
2026-01-13 19:17:09 - watchfiles.main - INFO - 1 change detected
2026-01-13 19:17:09 - watchfiles.main - INFO - 1 change detected
2026-01-13 19:17:10 - watchfiles.main - INFO - 1 change detected
2026-01-13 19:17:10 - watchfiles.main - INFO - 1 change detected
2026-01-13 19:17:10 - watchfiles.main - INFO - 1 change detected
2026-01-13 19:17:11 - watchfiles.main - INFO - 1 change detected
2026-01-13 19:17:11 - watchfiles.main - INFO - 1 change detected
2026-01-13 19:17:12 - watchfiles.main - INFO - 1 change detected
2026-01-13 19:17:12 - watchfiles.main - INFO - 1 change detected
2026-01-13 19:17:12 - watchfiles.main - INFO - 1 change detected
2026-01-13 19:17:13 - watchfiles.main - INFO - 1 change detected
2026-01-13 19:17:13 - watchfiles.main - INFO - 1 change detected
2026-01-13 19:17:14 - watchfiles.main - INFO - 1 change detected
2026-01-13 19:17:14 - watchfiles.main - INFO - 1 change detected
2026-01-13 19:17:14 - watchfiles.main - INFO - 1 change detected
2026-01-13 19:17:15 - watchfiles.main - INFO - 1 change detected
2026-01-13 19:17:15 - watchfiles.main - INFO - 1 change detected
2026-01-13 19:17:16 - watchfiles.main - INFO - 1 change detected
2026-01-13 19:17:16 - watchfiles.main - INFO - 1 change detected
2026-01-13 19:17:16 - watchfiles.main - INFO - 1 change detected
2026-01-13 19:17:17 - watchfiles.main - INFO - 1 change detected
2026-01-13 19:17:17 - watchfiles.main - INFO - 1 change detected
2026-01-13 19:17:18 - watchfiles.main - INFO - 1 change detected
2026-01-13 19:17:18 - watchfiles.main - INFO - 1 change detected
2026-01-13 19:17:19 - watchfiles.main - INFO - 1 change detected
2026-01-13 19:17:19 - watchfiles.main - INFO - 1 change detected
2026-01-13 19:17:19 - watchfiles.main - INFO - 1 change detected
2026-01-13 19:17:20 - watchfiles.main - INFO - 1 change detected
2026-01-13 19:17:20 - watchfiles.main - INFO - 1 change detected
2026-01-13 19:17:21 - watchfiles.main - INFO - 1 change detected
2026-01-13 19:17:21 - watchfiles.main - INFO - 1 change detected
2026-01-13 19:17:21 - watchfiles.main - INFO - 1 change detected
2026-01-13 19:17:22 - watchfiles.main - INFO - 1 change detected
2026-01-13 19:17:22 - watchfiles.main - INFO - 1 change detected
2026-01-13 19:17:23 - watchfiles.main - INFO - 1 change detected
2026-01-13 19:17:23 - watchfiles.main - INFO - 1 change detected
2026-01-13 19:17:23 - watchfiles.main - INFO - 1 change detected
2026-01-13 19:17:24 - watchfiles.main - INFO - 1 change detected
2026-01-13 19:17:24 - watchfiles.main - INFO - 1 change detected
2026-01-13 19:17:25 - watchfiles.main - INFO - 1 change detected
2026-01-13 19:17:25 - watchfiles.main - INFO - 1 change detected
2026-01-13 19:17:25 - watchfiles.main - INFO - 1 change detected
2026-01-13 19:17:26 - watchfiles.main - INFO - 1 change detected
2026-01-13 19:17:26 - watchfiles.main - INFO - 1 change detected
2026-01-13 19:17:27 - watchfiles.main - INFO - 1 change detected
2026-01-13 19:17:27 - watchfiles.main - INFO - 1 change detected
2026-01-13 19:17:28 - watchfiles.main - INFO - 1 change detected
2026-01-13 19:17:28 - watchfiles.main - INFO - 1 change detected
2026-01-13 19:17:28 - watchfiles.main - INFO - 1 change detected
2026-01-13 19:17:29 - watchfiles.main - INFO - 1 change detected
2026-01-13 19:17:29 - watchfiles.main - INFO - 1 change detected
2026-01-13 19:17:30 - watchfiles.main - INFO - 1 change detected
2026-01-13 19:17:30 - watchfiles.main - INFO - 1 change detected
2026-01-13 19:17:30 - watchfiles.main - INFO - 1 change detected
2026-01-13 19:17:31 - watchfiles.main - INFO - 1 change detected
2026-01-13 19:17:31 - watchfiles.main - INFO - 1 change detected
2026-01-13 19:17:32 - watchfiles.main - INFO - 1 change detected
2026-01-13 19:17:32 - watchfiles.main - INFO - 1 change detected
2026-01-13 19:17:32 - watchfiles.main - INFO - 1 change detected
2026-01-13 19:17:33 - watchfiles.main - INFO - 1 change detected
2026-01-13 19:17:33 - watchfiles.main - INFO - 1 change detected
2026-01-13 19:17:34 - watchfiles.main - INFO - 1 change detected
2026-01-13 19:17:34 - watchfiles.main - INFO - 1 change detected
2026-01-13 19:17:34 - watchfiles.main - INFO - 1 change detected
2026-01-13 19:17:35 - watchfiles.main - INFO - 1 change detected
2026-01-13 19:17:35 - watchfiles.main - INFO - 1 change detected
2026-01-13 19:17:36 - watchfiles.main - INFO - 1 change detected
2026-01-13 19:17:36 - watchfiles.main - INFO - 1 change detected
2026-01-13 19:17:36 - watchfiles.main - INFO - 1 change detected
2026-01-13 19:17:37 - watchfiles.main - INFO - 1 change detected
2026-01-13 19:17:37 - watchfiles.main - INFO - 1 change detected
2026-01-13 19:17:38 - watchfiles.main - INFO - 1 change detected
2026-01-13 19:17:38 - watchfiles.main - INFO - 1 change detected
2026-01-13 19:17:38 - watchfiles.main - INFO - 1 change detected
2026-01-13 19:17:39 - watchfiles.main - INFO - 1 change detected
2026-01-13 19:17:39 - watchfiles.main - INFO - 1 change detected
2026-01-13 19:17:40 - watchfiles.main - INFO - 1 change detected
2026-01-13 19:17:40 - watchfiles.main - INFO - 1 change detected
2026-01-13 19:17:40 - watchfiles.main - INFO - 1 change detected
2026-01-13 19:17:41 - watchfiles.main - INFO - 1 change detected
2026-01-13 19:17:41 - watchfiles.main - INFO - 1 change detected
2026-01-13 19:17:42 - watchfiles.main - INFO - 1 change detected
2026-01-13 19:17:42 - watchfiles.main - INFO - 1 change detected
2026-01-13 19:17:42 - watchfiles.main - INFO - 1 change detected
2026-01-13 19:17:43 - watchfiles.main - INFO - 1 change detected
2026-01-13 19:17:43 - watchfiles.main - INFO - 1 change detected
2026-01-13 19:17:44 - watchfiles.main - INFO - 1 change detected
2026-01-13 19:17:44 - watchfiles.main - INFO - 1 change detected
2026-01-13 19:17:45 - watchfiles.main - INFO - 1 change detected
2026-01-13 19:17:45 - watchfiles.main - INFO - 1 change detected
2026-01-13 19:17:45 - watchfiles.main - INFO - 1 change detected
2026-01-13 19:17:46 - watchfiles.main - INFO - 1 change detected
2026-01-13 19:17:46 - watchfiles.main - INFO - 1 change detected
2026-01-13 19:17:47 - watchfiles.main - INFO - 1 change detected
2026-01-13 19:17:47 - watchfiles.main - INFO - 1 change detected
2026-01-13 19:17:47 - watchfiles.main - INFO - 1 change detected
2026-01-13 19:17:48 - watchfiles.main - INFO - 1 change detected
2026-01-13 19:17:48 - watchfiles.main - INFO - 1 change detected
2026-01-13 19:17:49 - watchfiles.main - INFO - 1 change detected
2026-01-13 19:17:49 - watchfiles.main - INFO - 1 change detected
2026-01-13 19:17:49 - watchfiles.main - INFO - 1 change detected
2026-01-13 19:17:50 - watchfiles.main - INFO - 1 change detected
2026-01-13 19:17:50 - watchfiles.main - INFO - 1 change detected
2026-01-13 19:17:51 - watchfiles.main - INFO - 1 change detected
2026-01-13 19:17:51 - watchfiles.main - INFO - 1 change detected
2026-01-13 19:17:51 - watchfiles.main - INFO - 1 change detected
2026-01-13 19:17:52 - watchfiles.main - INFO - 1 change detected
2026-01-13 19:17:52 - watchfiles.main - INFO - 1 change detected
2026-01-13 19:17:53 - watchfiles.main - INFO - 1 change detected
2026-01-13 19:17:53 - watchfiles.main - INFO - 1 change detected
2026-01-13 19:17:53 - watchfiles.main - INFO - 1 change detected
2026-01-13 19:17:54 - watchfiles.main - INFO - 1 change detected
2026-01-13 19:17:54 - watchfiles.main - INFO - 1 change detected
2026-01-13 19:17:55 - watchfiles.main - INFO - 1 change detected
2026-01-13 19:17:55 - watchfiles.main - INFO - 1 change detected
2026-01-13 19:17:56 - watchfiles.main - INFO - 1 change detected
2026-01-13 19:17:56 - watchfiles.main - INFO - 1 change detected
2026-01-13 19:17:56 - watchfiles.main - INFO - 1 change detected
2026-01-13 19:17:57 - watchfiles.main - INFO - 1 change detected
2026-01-13 19:17:57 - watchfiles.main - INFO - 1 change detected
2026-01-13 19:17:58 - watchfiles.main - INFO - 1 change detected
2026-01-13 19:17:58 - watchfiles.main - INFO - 1 change detected
2026-01-13 19:17:58 - watchfiles.main - INFO - 1 change detected
2026-01-13 19:17:59 - watchfiles.main - INFO - 1 change detected
2026-01-13 19:17:59 - watchfiles.main - INFO - 1 change detected
2026-01-13 19:18:00 - watchfiles.main - INFO - 1 change detected
2026-01-13 19:18:00 - watchfiles.main - INFO - 1 change detected
2026-01-13 19:18:00 - watchfiles.main - INFO - 1 change detected
2026-01-13 19:18:01 - watchfiles.main - INFO - 1 change detected
2026-01-13 19:18:01 - watchfiles.main - INFO - 1 change detected
2026-01-13 19:18:02 - watchfiles.main - INFO - 1 change detected
2026-01-13 19:18:02 - watchfiles.main - INFO - 1 change detected
2026-01-13 19:18:02 - watchfiles.main - INFO - 1 change detected
2026-01-13 19:18:03 - watchfiles.main - INFO - 1 change detected
2026-01-13 19:18:03 - watchfiles.main - INFO - 1 change detected
2026-01-13 19:18:04 - watchfiles.main - INFO - 1 change detected
2026-01-13 19:18:04 - watchfiles.main - INFO - 1 change detected
2026-01-13 19:18:04 - watchfiles.main - INFO - 1 change detected
2026-01-13 19:18:05 - watchfiles.main - INFO - 1 change detected
2026-01-13 19:18:05 - watchfiles.main - INFO - 1 change detected
2026-01-13 19:18:06 - watchfiles.main - INFO - 1 change detected
2026-01-13 19:18:06 - watchfiles.main - INFO - 1 change detected
2026-01-13 19:18:06 - watchfiles.main - INFO - 1 change detected
2026-01-13 19:18:07 - watchfiles.main - INFO - 1 change detected
2026-01-13 19:18:07 - watchfiles.main - INFO - 1 change detected
2026-01-13 19:18:08 - watchfiles.main - INFO - 1 change detected
2026-01-13 19:18:08 - watchfiles.main - INFO - 1 change detected
2026-01-13 19:18:08 - watchfiles.main - INFO - 1 change detected
2026-01-13 19:18:09 - watchfiles.main - INFO - 1 change detected
2026-01-13 19:18:09 - watchfiles.main - INFO - 1 change detected
2026-01-13 19:18:10 - watchfiles.main - INFO - 1 change detected
2026-01-13 19:18:10 - watchfiles.main - INFO - 1 change detected
2026-01-13 19:18:10 - watchfiles.main - INFO - 1 change detected
2026-01-13 19:18:11 - watchfiles.main - INFO - 1 change detected
2026-01-13 19:18:11 - watchfiles.main - INFO - 1 change detected
2026-01-13 19:18:12 - watchfiles.main - INFO - 1 change detected
2026-01-13 19:18:12 - watchfiles.main - INFO - 1 change detected
2026-01-13 19:18:12 - watchfiles.main - INFO - 1 change detected
2026-01-13 19:18:13 - watchfiles.main - INFO - 1 change detected
2026-01-13 19:18:13 - watchfiles.main - INFO - 1 change detected
2026-01-13 19:18:14 - watchfiles.main - INFO - 1 change detected
2026-01-13 19:18:14 - watchfiles.main - INFO - 1 change detected
2026-01-13 19:18:15 - watchfiles.main - INFO - 1 change detected
2026-01-13 19:18:15 - watchfiles.main - INFO - 1 change detected
2026-01-13 19:18:15 - watchfiles.main - INFO - 1 change detected
2026-01-13 19:18:16 - watchfiles.main - INFO - 1 change detected
2026-01-13 19:18:16 - watchfiles.main - INFO - 1 change detected
2026-01-13 19:18:16 - watchfiles.main - INFO - 1 change detected
2026-01-13 19:18:17 - watchfiles.main - INFO - 1 change detected
2026-01-13 19:18:17 - watchfiles.main - INFO - 1 change detected
2026-01-13 19:18:18 - watchfiles.main - INFO - 1 change detected
2026-01-13 19:18:18 - watchfiles.main - INFO - 1 change detected
2026-01-13 19:18:18 - watchfiles.main - INFO - 1 change detected
2026-01-13 19:18:19 - watchfiles.main - INFO - 1 change detected
2026-01-13 19:18:19 - watchfiles.main - INFO - 1 change detected
2026-01-13 19:18:20 - watchfiles.main - INFO - 1 change detected
2026-01-13 19:18:20 - watchfiles.main - INFO - 1 change detected
2026-01-13 19:18:21 - watchfiles.main - INFO - 1 change detected
2026-01-13 19:18:21 - watchfiles.main - INFO - 1 change detected
2026-01-13 19:18:21 - watchfiles.main - INFO - 1 change detected
2026-01-13 19:18:22 - watchfiles.main - INFO - 1 change detected
2026-01-13 19:18:22 - watchfiles.main - INFO - 1 change detected
2026-01-13 19:18:23 - watchfiles.main - INFO - 1 change detected
2026-01-13 19:18:23 - watchfiles.main - INFO - 1 change detected
2026-01-13 19:18:23 - watchfiles.main - INFO - 1 change detected
2026-01-13 19:18:24 - watchfiles.main - INFO - 1 change detected
2026-01-13 19:18:24 - watchfiles.main - INFO - 1 change detected
2026-01-13 19:18:25 - watchfiles.main - INFO - 1 change detected
2026-01-13 19:18:25 - watchfiles.main - INFO - 1 change detected
2026-01-13 19:18:25 - watchfiles.main - INFO - 1 change detected
2026-01-13 19:18:26 - watchfiles.main - INFO - 1 change detected
2026-01-13 19:18:26 - watchfiles.main - INFO - 1 change detected
2026-01-13 19:18:27 - watchfiles.main - INFO - 1 change detected
2026-01-13 19:18:27 - watchfiles.main - INFO - 1 change detected
2026-01-13 19:18:27 - watchfiles.main - INFO - 1 change detected
2026-01-13 19:18:28 - watchfiles.main - INFO - 1 change detected
2026-01-13 19:18:28 - watchfiles.main - INFO - 1 change detected
2026-01-13 19:18:29 - watchfiles.main - INFO - 1 change detected
2026-01-13 19:18:29 - watchfiles.main - INFO - 1 change detected
2026-01-13 19:18:30 - watchfiles.main - INFO - 1 change detected
2026-01-13 19:18:30 - watchfiles.main - INFO - 1 change detected
2026-01-13 19:18:30 - watchfiles.main - INFO - 1 change detected
2026-01-13 19:18:31 - watchfiles.main - INFO - 1 change detected
2026-01-13 19:18:31 - watchfiles.main - INFO - 1 change detected
2026-01-13 19:18:32 - watchfiles.main - INFO - 1 change detected
2026-01-13 19:18:32 - watchfiles.main - INFO - 1 change detected
2026-01-13 19:18:32 - watchfiles.main - INFO - 1 change detected
2026-01-13 19:18:33 - watchfiles.main - INFO - 1 change detected
2026-01-13 19:18:33 - watchfiles.main - INFO - 1 change detected
2026-01-13 19:18:34 - watchfiles.main - INFO - 1 change detected
2026-01-13 19:18:34 - watchfiles.main - INFO - 1 change detected
2026-01-13 19:18:34 - watchfiles.main - INFO - 1 change detected
2026-01-13 19:18:35 - watchfiles.main - INFO - 1 change detected
2026-01-13 19:18:35 - watchfiles.main - INFO - 1 change detected
2026-01-13 19:18:36 - watchfiles.main - INFO - 1 change detected
2026-01-13 19:18:36 - watchfiles.main - INFO - 1 change detected
2026-01-13 19:18:36 - watchfiles.main - INFO - 1 change detected
2026-01-13 19:18:37 - watchfiles.main - INFO - 1 change detected
2026-01-13 19:18:37 - watchfiles.main - INFO - 1 change detected
2026-01-13 19:18:38 - watchfiles.main - INFO - 1 change detected
2026-01-13 19:18:38 - watchfiles.main - INFO - 1 change detected
2026-01-13 19:18:38 - watchfiles.main - INFO - 1 change detected
2026-01-13 19:18:39 - watchfiles.main - INFO - 1 change detected
2026-01-13 19:18:39 - watchfiles.main - INFO - 1 change detected
2026-01-13 19:18:40 - watchfiles.main - INFO - 1 change detected
2026-01-13 19:18:40 - watchfiles.main - INFO - 1 change detected
2026-01-13 19:18:41 - watchfiles.main - INFO - 1 change detected
2026-01-13 19:18:41 - watchfiles.main - INFO - 1 change detected
2026-01-13 19:18:41 - watchfiles.main - INFO - 1 change detected
2026-01-13 19:18:42 - watchfiles.main - INFO - 1 change detected
2026-01-13 19:18:42 - watchfiles.main - INFO - 1 change detected
2026-01-13 19:18:43 - watchfiles.main - INFO - 1 change detected
2026-01-13 19:18:43 - watchfiles.main - INFO - 1 change detected
2026-01-13 19:18:43 - watchfiles.main - INFO - 1 change detected
2026-01-13 19:18:44 - watchfiles.main - INFO - 1 change detected
2026-01-13 19:18:44 - watchfiles.main - INFO - 1 change detected
2026-01-13 19:18:45 - watchfiles.main - INFO - 1 change detected
2026-01-13 19:18:45 - watchfiles.main - INFO - 1 change detected
2026-01-13 19:18:45 - watchfiles.main - INFO - 1 change detected
2026-01-13 19:18:46 - watchfiles.main - INFO - 1 change detected
2026-01-13 19:18:46 - watchfiles.main - INFO - 1 change detected
2026-01-13 19:18:47 - watchfiles.main - INFO - 1 change detected
2026-01-13 19:18:47 - watchfiles.main - INFO - 1 change detected
2026-01-13 19:18:47 - watchfiles.main - INFO - 1 change detected
2026-01-13 19:18:48 - watchfiles.main - INFO - 1 change detected
2026-01-13 19:18:48 - watchfiles.main - INFO - 1 change detected
2026-01-13 19:18:49 - watchfiles.main - INFO - 1 change detected
2026-01-13 19:18:49 - watchfiles.main - INFO - 1 change detected
2026-01-13 19:18:49 - watchfiles.main - INFO - 1 change detected
2026-01-13 19:18:50 - watchfiles.main - INFO - 1 change detected
2026-01-13 19:18:50 - watchfiles.main - INFO - 1 change detected
2026-01-13 19:18:51 - watchfiles.main - INFO - 1 change detected
2026-01-13 19:18:51 - watchfiles.main - INFO - 1 change detected
2026-01-13 19:18:51 - watchfiles.main - INFO - 1 change detected
2026-01-13 19:18:52 - watchfiles.main - INFO - 1 change detected
2026-01-13 19:18:52 - watchfiles.main - INFO - 1 change detected
2026-01-13 19:18:53 - watchfiles.main - INFO - 1 change detected
2026-01-13 19:18:53 - watchfiles.main - INFO - 1 change detected
2026-01-13 19:18:54 - watchfiles.main - INFO - 1 change detected
2026-01-13 19:18:54 - watchfiles.main - INFO - 1 change detected
2026-01-13 19:18:54 - watchfiles.main - INFO - 1 change detected
2026-01-13 19:18:55 - watchfiles.main - INFO - 1 change detected
2026-01-13 19:18:55 - watchfiles.main - INFO - 1 change detected
2026-01-13 19:18:56 - watchfiles.main - INFO - 1 change detected
2026-01-13 19:18:56 - watchfiles.main - INFO - 1 change detected
2026-01-13 19:18:56 - watchfiles.main - INFO - 1 change detected
2026-01-13 19:18:57 - watchfiles.main - INFO - 1 change detected
2026-01-13 19:18:57 - watchfiles.main - INFO - 1 change detected
2026-01-13 19:18:58 - watchfiles.main - INFO - 1 change detected
2026-01-13 19:18:58 - watchfiles.main - INFO - 1 change detected
2026-01-13 19:18:58 - watchfiles.main - INFO - 1 change detected
2026-01-13 19:18:59 - watchfiles.main - INFO - 1 change detected
2026-01-13 19:18:59 - watchfiles.main - INFO - 1 change detected
2026-01-13 19:19:00 - watchfiles.main - INFO - 1 change detected
2026-01-13 19:19:00 - watchfiles.main - INFO - 1 change detected
2026-01-13 19:19:00 - watchfiles.main - INFO - 1 change detected
2026-01-13 19:19:01 - watchfiles.main - INFO - 1 change detected
2026-01-13 19:19:01 - watchfiles.main - INFO - 1 change detected
2026-01-13 19:19:02 - watchfiles.main - INFO - 1 change detected
2026-01-13 19:19:02 - watchfiles.main - INFO - 1 change detected
2026-01-13 19:19:02 - watchfiles.main - INFO - 1 change detected
2026-01-13 19:19:03 - watchfiles.main - INFO - 1 change detected
2026-01-13 19:19:03 - watchfiles.main - INFO - 1 change detected
2026-01-13 19:19:04 - watchfiles.main - INFO - 1 change detected
2026-01-13 19:19:04 - watchfiles.main - INFO - 1 change detected
2026-01-13 19:19:04 - watchfiles.main - INFO - 1 change detected
2026-01-13 19:19:05 - watchfiles.main - INFO - 1 change detected
2026-01-13 19:19:05 - watchfiles.main - INFO - 1 change detected
2026-01-13 19:19:06 - watchfiles.main - INFO - 1 change detected
2026-01-13 19:19:06 - watchfiles.main - INFO - 1 change detected
2026-01-13 19:19:06 - watchfiles.main - INFO - 1 change detected
2026-01-13 19:19:07 - watchfiles.main - INFO - 1 change detected
2026-01-13 19:19:07 - watchfiles.main - INFO - 1 change detected
2026-01-13 19:19:08 - watchfiles.main - INFO - 1 change detected
2026-01-13 19:19:08 - watchfiles.main - INFO - 1 change detected
2026-01-13 19:19:08 - watchfiles.main - INFO - 1 change detected
2026-01-13 19:19:09 - watchfiles.main - INFO - 1 change detected
2026-01-13 19:19:09 - watchfiles.main - INFO - 1 change detected
2026-01-13 19:19:10 - watchfiles.main - INFO - 1 change detected
2026-01-13 19:19:10 - watchfiles.main - INFO - 1 change detected
2026-01-13 19:19:10 - watchfiles.main - INFO - 1 change detected
2026-01-13 19:19:11 - watchfiles.main - INFO - 1 change detected
2026-01-13 19:19:11 - watchfiles.main - INFO - 1 change detected
2026-01-13 19:19:12 - watchfiles.main - INFO - 1 change detected
2026-01-13 19:19:12 - watchfiles.main - INFO - 1 change detected
2026-01-13 19:19:13 - watchfiles.main - INFO - 1 change detected
2026-01-13 19:19:13 - watchfiles.main - INFO - 1 change detected
2026-01-13 19:19:13 - watchfiles.main - INFO - 1 change detected
2026-01-13 19:19:14 - watchfiles.main - INFO - 1 change detected
2026-01-13 19:19:14 - watchfiles.main - INFO - 1 change detected
2026-01-13 19:19:15 - watchfiles.main - INFO - 1 change detected
2026-01-13 19:19:15 - watchfiles.main - INFO - 1 change detected
2026-01-13 19:19:15 - watchfiles.main - INFO - 1 change detected
2026-01-13 19:19:16 - watchfiles.main - INFO - 1 change detected
2026-01-13 19:19:16 - watchfiles.main - INFO - 1 change detected
2026-01-13 19:19:16 - watchfiles.main - INFO - 1 change detected
2026-01-13 19:19:17 - watchfiles.main - INFO - 1 change detected
2026-01-13 19:19:17 - watchfiles.main - INFO - 1 change detected
2026-01-13 19:19:18 - watchfiles.main - INFO - 1 change detected
2026-01-13 19:19:18 - watchfiles.main - INFO - 1 change detected
2026-01-13 19:19:18 - watchfiles.main - INFO - 1 change detected
2026-01-13 19:19:19 - watchfiles.main - INFO - 1 change detected
2026-01-13 19:19:19 - watchfiles.main - INFO - 1 change detected
2026-01-13 19:19:20 - watchfiles.main - INFO - 1 change detected
2026-01-13 19:19:20 - watchfiles.main - INFO - 1 change detected
2026-01-13 19:19:21 - watchfiles.main - INFO - 1 change detected
2026-01-13 19:19:21 - watchfiles.main - INFO - 1 change detected
2026-01-13 19:19:21 - watchfiles.main - INFO - 1 change detected
2026-01-13 19:19:22 - watchfiles.main - INFO - 1 change detected
2026-01-13 19:19:22 - watchfiles.main - INFO - 1 change detected
2026-01-13 19:19:23 - watchfiles.main - INFO - 1 change detected
2026-01-13 19:19:23 - watchfiles.main - INFO - 1 change detected
2026-01-13 19:19:23 - watchfiles.main - INFO - 1 change detected
2026-01-13 19:19:24 - watchfiles.main - INFO - 1 change detected
2026-01-13 19:19:24 - watchfiles.main - INFO - 1 change detected
2026-01-13 19:19:25 - watchfiles.main - INFO - 1 change detected
2026-01-13 19:19:25 - watchfiles.main - INFO - 1 change detected
2026-01-13 19:19:25 - watchfiles.main - INFO - 1 change detected
2026-01-13 19:19:26 - watchfiles.main - INFO - 1 change detected
2026-01-13 19:19:26 - watchfiles.main - INFO - 1 change detected
2026-01-13 19:19:27 - watchfiles.main - INFO - 1 change detected
2026-01-13 19:19:27 - watchfiles.main - INFO - 1 change detected
2026-01-13 19:19:27 - watchfiles.main - INFO - 1 change detected
2026-01-13 19:19:28 - watchfiles.main - INFO - 1 change detected
2026-01-13 19:19:28 - watchfiles.main - INFO - 1 change detected
2026-01-13 19:19:29 - watchfiles.main - INFO - 1 change detected
2026-01-13 19:19:29 - watchfiles.main - INFO - 1 change detected
2026-01-13 19:19:30 - watchfiles.main - INFO - 1 change detected
2026-01-13 19:19:30 - watchfiles.main - INFO - 1 change detected
2026-01-13 19:19:30 - watchfiles.main - INFO - 1 change detected
2026-01-13 19:19:31 - watchfiles.main - INFO - 1 change detected
2026-01-13 19:19:31 - watchfiles.main - INFO - 1 change detected
2026-01-13 19:19:32 - watchfiles.main - INFO - 1 change detected
2026-01-13 19:19:32 - watchfiles.main - INFO - 1 change detected
2026-01-13 19:19:32 - watchfiles.main - INFO - 1 change detected
2026-01-13 19:19:33 - watchfiles.main - INFO - 1 change detected
2026-01-13 19:19:33 - watchfiles.main - INFO - 1 change detected
2026-01-13 19:19:34 - watchfiles.main - INFO - 1 change detected
2026-01-13 19:19:34 - watchfiles.main - INFO - 1 change detected
2026-01-13 19:19:34 - watchfiles.main - INFO - 1 change detected
2026-01-13 19:19:35 - watchfiles.main - INFO - 1 change detected
2026-01-13 19:19:35 - watchfiles.main - INFO - 1 change detected
2026-01-13 19:19:36 - watchfiles.main - INFO - 1 change detected
2026-01-13 19:19:36 - watchfiles.main - INFO - 1 change detected
2026-01-13 19:19:36 - watchfiles.main - INFO - 1 change detected
2026-01-13 19:19:37 - watchfiles.main - INFO - 1 change detected
2026-01-13 19:19:37 - watchfiles.main - INFO - 1 change detected
2026-01-13 19:19:38 - watchfiles.main - INFO - 1 change detected
2026-01-13 19:19:38 - watchfiles.main - INFO - 1 change detected
2026-01-13 19:19:38 - watchfiles.main - INFO - 1 change detected
2026-01-13 19:19:39 - watchfiles.main - INFO - 1 change detected
2026-01-13 19:19:39 - watchfiles.main - INFO - 1 change detected
2026-01-13 19:19:40 - watchfiles.main - INFO - 1 change detected
2026-01-13 19:19:40 - watchfiles.main - INFO - 1 change detected
2026-01-13 19:19:40 - watchfiles.main - INFO - 1 change detected
2026-01-13 19:19:41 - watchfiles.main - INFO - 1 change detected
2026-01-13 19:19:41 - watchfiles.main - INFO - 1 change detected
2026-01-13 19:19:42 - watchfiles.main - INFO - 1 change detected
2026-01-13 19:19:42 - watchfiles.main - INFO - 1 change detected
2026-01-13 19:19:42 - watchfiles.main - INFO - 1 change detected
2026-01-13 19:19:43 - watchfiles.main - INFO - 1 change detected
2026-01-13 19:19:43 - watchfiles.main - INFO - 1 change detected
2026-01-13 19:19:44 - watchfiles.main - INFO - 1 change detected
2026-01-13 19:19:44 - watchfiles.main - INFO - 1 change detected
2026-01-13 19:19:45 - watchfiles.main - INFO - 1 change detected
2026-01-13 19:19:45 - watchfiles.main - INFO - 1 change detected
2026-01-13 19:19:45 - watchfiles.main - INFO - 1 change detected
2026-01-13 19:19:46 - watchfiles.main - INFO - 1 change detected
2026-01-13 19:19:46 - watchfiles.main - INFO - 1 change detected
2026-01-13 19:19:47 - watchfiles.main - INFO - 1 change detected
2026-01-13 19:19:47 - watchfiles.main - INFO - 1 change detected
2026-01-13 19:19:47 - watchfiles.main - INFO - 1 change detected
2026-01-13 19:19:48 - watchfiles.main - INFO - 1 change detected
2026-01-13 19:19:48 - watchfiles.main - INFO - 1 change detected
2026-01-13 19:19:49 - watchfiles.main - INFO - 1 change detected
2026-01-13 19:19:49 - watchfiles.main - INFO - 1 change detected
2026-01-13 19:19:49 - watchfiles.main - INFO - 1 change detected
2026-01-13 19:19:50 - watchfiles.main - INFO - 1 change detected
2026-01-13 19:19:50 - watchfiles.main - INFO - 1 change detected
2026-01-13 19:19:51 - watchfiles.main - INFO - 1 change detected
2026-01-13 19:19:51 - watchfiles.main - INFO - 1 change detected
2026-01-13 19:19:51 - watchfiles.main - INFO - 1 change detected
2026-01-13 19:19:52 - watchfiles.main - INFO - 1 change detected
2026-01-13 19:19:52 - watchfiles.main - INFO - 1 change detected
2026-01-13 19:19:53 - watchfiles.main - INFO - 1 change detected
2026-01-13 19:19:53 - watchfiles.main - INFO - 1 change detected
2026-01-13 19:19:53 - watchfiles.main - INFO - 1 change detected
2026-01-13 19:19:54 - watchfiles.main - INFO - 1 change detected
2026-01-13 19:19:54 - watchfiles.main - INFO - 1 change detected
2026-01-13 19:19:55 - watchfiles.main - INFO - 1 change detected
2026-01-13 19:19:55 - watchfiles.main - INFO - 1 change detected
2026-01-13 19:19:55 - watchfiles.main - INFO - 1 change detected
2026-01-13 19:19:56 - watchfiles.main - INFO - 1 change detected
2026-01-13 19:19:56 - watchfiles.main - INFO - 1 change detected
2026-01-13 19:19:57 - watchfiles.main - INFO - 1 change detected
2026-01-13 19:19:57 - watchfiles.main - INFO - 1 change detected
2026-01-13 19:19:57 - watchfiles.main - INFO - 1 change detected
2026-01-13 19:19:58 - watchfiles.main - INFO - 1 change detected
2026-01-13 19:19:58 - watchfiles.main - INFO - 1 change detected
2026-01-13 19:19:59 - watchfiles.main - INFO - 1 change detected
2026-01-13 19:19:59 - watchfiles.main - INFO - 1 change detected
2026-01-13 19:19:59 - watchfiles.main - INFO - 1 change detected
2026-01-13 19:20:00 - watchfiles.main - INFO - 1 change detected
2026-01-13 19:20:00 - watchfiles.main - INFO - 1 change detected
2026-01-13 19:20:01 - watchfiles.main - INFO - 1 change detected
2026-01-13 19:20:01 - watchfiles.main - INFO - 1 change detected
2026-01-13 19:20:01 - watchfiles.main - INFO - 1 change detected
2026-01-13 19:20:02 - watchfiles.main - INFO - 1 change detected
2026-01-13 19:20:02 - watchfiles.main - INFO - 1 change detected
2026-01-13 19:20:03 - watchfiles.main - INFO - 1 change detected
2026-01-13 19:20:03 - watchfiles.main - INFO - 1 change detected
2026-01-13 19:20:04 - watchfiles.main - INFO - 1 change detected
2026-01-13 19:20:04 - watchfiles.main - INFO - 1 change detected
2026-01-13 19:20:04 - watchfiles.main - INFO - 1 change detected
2026-01-13 19:20:05 - watchfiles.main - INFO - 1 change detected
2026-01-13 19:20:05 - watchfiles.main - INFO - 1 change detected
2026-01-13 19:20:06 - watchfiles.main - INFO - 1 change detected
2026-01-13 19:20:06 - watchfiles.main - INFO - 1 change detected
2026-01-13 19:20:06 - watchfiles.main - INFO - 1 change detected
2026-01-13 19:20:07 - watchfiles.main - INFO - 1 change detected
2026-01-13 19:20:07 - watchfiles.main - INFO - 1 change detected
2026-01-13 19:20:08 - watchfiles.main - INFO - 1 change detected
2026-01-13 19:20:08 - watchfiles.main - INFO - 1 change detected
2026-01-13 19:20:08 - watchfiles.main - INFO - 1 change detected
2026-01-13 19:20:09 - watchfiles.main - INFO - 1 change detected
2026-01-13 19:20:09 - watchfiles.main - INFO - 1 change detected
2026-01-13 19:20:10 - watchfiles.main - INFO - 1 change detected
2026-01-13 19:20:10 - watchfiles.main - INFO - 1 change detected
2026-01-13 19:20:10 - watchfiles.main - INFO - 1 change detected
2026-01-13 19:20:11 - watchfiles.main - INFO - 1 change detected
2026-01-13 19:20:11 - watchfiles.main - INFO - 1 change detected
2026-01-13 19:20:12 - watchfiles.main - INFO - 1 change detected
2026-01-13 19:20:12 - watchfiles.main - INFO - 1 change detected
2026-01-13 19:20:12 - watchfiles.main - INFO - 1 change detected
2026-01-13 19:20:13 - watchfiles.main - INFO - 1 change detected
2026-01-13 19:20:13 - watchfiles.main - INFO - 1 change detected
2026-01-13 19:20:14 - watchfiles.main - INFO - 1 change detected
2026-01-13 19:20:14 - watchfiles.main - INFO - 1 change detected
2026-01-13 19:20:15 - watchfiles.main - INFO - 1 change detected
2026-01-13 19:20:15 - watchfiles.main - INFO - 1 change detected
2026-01-13 19:20:15 - watchfiles.main - INFO - 1 change detected
2026-01-13 19:20:16 - watchfiles.main - INFO - 1 change detected
2026-01-13 19:20:16 - watchfiles.main - INFO - 1 change detected
2026-01-13 19:20:17 - watchfiles.main - INFO - 1 change detected
2026-01-13 19:20:17 - watchfiles.main - INFO - 1 change detected
2026-01-13 19:20:17 - watchfiles.main - INFO - 1 change detected
2026-01-13 19:20:18 - watchfiles.main - INFO - 1 change detected
2026-01-13 19:20:18 - watchfiles.main - INFO - 1 change detected
2026-01-13 19:20:19 - watchfiles.main - INFO - 1 change detected
2026-01-13 19:20:19 - watchfiles.main - INFO - 1 change detected
2026-01-13 19:20:19 - watchfiles.main - INFO - 1 change detected
2026-01-13 19:20:20 - watchfiles.main - INFO - 1 change detected
2026-01-13 19:20:20 - watchfiles.main - INFO - 1 change detected
2026-01-13 19:20:21 - watchfiles.main - INFO - 1 change detected
2026-01-13 19:20:21 - watchfiles.main - INFO - 1 change detected
2026-01-13 19:20:21 - watchfiles.main - INFO - 1 change detected
2026-01-13 19:20:22 - watchfiles.main - INFO - 1 change detected
2026-01-13 19:20:22 - watchfiles.main - INFO - 1 change detected
2026-01-13 19:20:23 - watchfiles.main - INFO - 1 change detected
2026-01-13 19:20:23 - watchfiles.main - INFO - 1 change detected
2026-01-13 19:20:24 - watchfiles.main - INFO - 1 change detected
2026-01-13 19:20:24 - watchfiles.main - INFO - 1 change detected
2026-01-13 19:20:24 - watchfiles.main - INFO - 1 change detected
2026-01-13 19:20:25 - watchfiles.main - INFO - 1 change detected
2026-01-13 19:20:25 - watchfiles.main - INFO - 1 change detected
2026-01-13 19:20:26 - watchfiles.main - INFO - 1 change detected
2026-01-13 19:20:26 - watchfiles.main - INFO - 1 change detected
2026-01-13 19:20:26 - watchfiles.main - INFO - 1 change detected
2026-01-13 19:20:27 - watchfiles.main - INFO - 1 change detected
2026-01-13 19:20:27 - watchfiles.main - INFO - 1 change detected
2026-01-13 19:20:28 - watchfiles.main - INFO - 1 change detected
2026-01-13 19:20:28 - watchfiles.main - INFO - 1 change detected
2026-01-13 19:20:28 - watchfiles.main - INFO - 1 change detected
2026-01-13 19:20:29 - watchfiles.main - INFO - 1 change detected
2026-01-13 19:20:29 - watchfiles.main - INFO - 1 change detected
2026-01-13 19:20:30 - watchfiles.main - INFO - 1 change detected
2026-01-13 19:20:30 - watchfiles.main - INFO - 1 change detected
2026-01-13 19:20:30 - watchfiles.main - INFO - 1 change detected
2026-01-13 19:20:31 - watchfiles.main - INFO - 1 change detected
2026-01-13 19:20:31 - watchfiles.main - INFO - 1 change detected
2026-01-13 19:20:32 - watchfiles.main - INFO - 1 change detected
2026-01-13 19:20:32 - watchfiles.main - INFO - 1 change detected
2026-01-13 19:20:32 - watchfiles.main - INFO - 1 change detected
2026-01-13 19:20:33 - watchfiles.main - INFO - 1 change detected
2026-01-13 19:20:33 - watchfiles.main - INFO - 1 change detected
2026-01-13 19:20:34 - watchfiles.main - INFO - 1 change detected
2026-01-13 19:20:34 - watchfiles.main - INFO - 1 change detected
2026-01-13 19:20:34 - watchfiles.main - INFO - 1 change detected
2026-01-13 19:20:35 - watchfiles.main - INFO - 1 change detected
2026-01-13 19:20:35 - watchfiles.main - INFO - 1 change detected
2026-01-13 19:20:36 - watchfiles.main - INFO - 1 change detected
2026-01-13 19:20:36 - watchfiles.main - INFO - 1 change detected
2026-01-13 19:20:37 - watchfiles.main - INFO - 1 change detected
2026-01-13 19:20:37 - watchfiles.main - INFO - 1 change detected
2026-01-13 19:20:37 - watchfiles.main - INFO - 1 change detected
2026-01-13 19:20:38 - watchfiles.main - INFO - 1 change detected
2026-01-13 19:20:38 - watchfiles.main - INFO - 1 change detected
2026-01-13 19:20:39 - watchfiles.main - INFO - 1 change detected
2026-01-13 19:20:39 - watchfiles.main - INFO - 1 change detected
2026-01-13 19:20:39 - watchfiles.main - INFO - 1 change detected
2026-01-13 19:20:40 - watchfiles.main - INFO - 1 change detected
2026-01-13 19:20:40 - watchfiles.main - INFO - 1 change detected
2026-01-13 19:20:41 - watchfiles.main - INFO - 1 change detected
2026-01-13 19:20:41 - watchfiles.main - INFO - 1 change detected
2026-01-13 19:20:41 - watchfiles.main - INFO - 1 change detected
2026-01-13 19:20:42 - watchfiles.main - INFO - 1 change detected
2026-01-13 19:20:42 - watchfiles.main - INFO - 1 change detected
2026-01-13 19:20:43 - watchfiles.main - INFO - 1 change detected
2026-01-13 19:20:43 - watchfiles.main - INFO - 1 change detected
2026-01-13 19:20:43 - watchfiles.main - INFO - 1 change detected
2026-01-13 19:20:44 - watchfiles.main - INFO - 1 change detected
2026-01-13 19:20:44 - watchfiles.main - INFO - 1 change detected
2026-01-13 19:20:45 - watchfiles.main - INFO - 1 change detected
2026-01-13 19:20:45 - watchfiles.main - INFO - 1 change detected
2026-01-13 19:20:45 - watchfiles.main - INFO - 1 change detected
2026-01-13 19:20:46 - watchfiles.main - INFO - 1 change detected
2026-01-13 19:20:46 - watchfiles.main - INFO - 1 change detected
2026-01-13 19:20:47 - watchfiles.main - INFO - 1 change detected
2026-01-13 19:20:47 - watchfiles.main - INFO - 1 change detected
2026-01-13 19:20:48 - watchfiles.main - INFO - 1 change detected
2026-01-13 19:20:48 - watchfiles.main - INFO - 1 change detected
2026-01-13 19:20:48 - watchfiles.main - INFO - 1 change detected
2026-01-13 19:20:49 - watchfiles.main - INFO - 1 change detected
2026-01-13 19:20:49 - watchfiles.main - INFO - 1 change detected
2026-01-13 19:20:49 - watchfiles.main - INFO - 1 change detected
2026-01-13 19:20:50 - watchfiles.main - INFO - 1 change detected
2026-01-13 19:20:50 - watchfiles.main - INFO - 1 change detected
2026-01-13 19:20:51 - watchfiles.main - INFO - 1 change detected
2026-01-13 19:20:51 - watchfiles.main - INFO - 1 change detected
2026-01-13 19:20:51 - watchfiles.main - INFO - 1 change detected
2026-01-13 19:20:52 - watchfiles.main - INFO - 1 change detected
2026-01-13 19:20:52 - watchfiles.main - INFO - 1 change detected
2026-01-13 19:20:53 - watchfiles.main - INFO - 1 change detected
2026-01-13 19:20:53 - watchfiles.main - INFO - 1 change detected
2026-01-13 19:20:53 - watchfiles.main - INFO - 1 change detected
2026-01-13 19:20:54 - watchfiles.main - INFO - 1 change detected
2026-01-13 19:20:54 - watchfiles.main - INFO - 1 change detected
2026-01-13 19:20:55 - watchfiles.main - INFO - 1 change detected
2026-01-13 19:20:55 - watchfiles.main - INFO - 1 change detected
2026-01-13 19:20:56 - watchfiles.main - INFO - 1 change detected
2026-01-13 19:20:56 - watchfiles.main - INFO - 1 change detected
2026-01-13 19:20:56 - watchfiles.main - INFO - 1 change detected
2026-01-13 19:20:57 - watchfiles.main - INFO - 1 change detected
2026-01-13 19:20:57 - watchfiles.main - INFO - 1 change detected
2026-01-13 19:20:58 - watchfiles.main - INFO - 1 change detected
2026-01-13 19:20:58 - watchfiles.main - INFO - 1 change detected
2026-01-13 19:20:58 - watchfiles.main - INFO - 1 change detected
2026-01-13 19:20:59 - watchfiles.main - INFO - 1 change detected
2026-01-13 19:20:59 - watchfiles.main - INFO - 1 change detected
2026-01-13 19:21:00 - watchfiles.main - INFO - 1 change detected
2026-01-13 19:21:00 - watchfiles.main - INFO - 1 change detected
2026-01-13 19:21:00 - watchfiles.main - INFO - 1 change detected
2026-01-13 19:21:01 - watchfiles.main - INFO - 1 change detected
2026-01-13 19:21:01 - watchfiles.main - INFO - 1 change detected
2026-01-13 19:21:02 - watchfiles.main - INFO - 1 change detected
2026-01-13 19:21:02 - watchfiles.main - INFO - 1 change detected
2026-01-13 19:21:03 - watchfiles.main - INFO - 1 change detected
2026-01-13 19:21:03 - watchfiles.main - INFO - 1 change detected
2026-01-13 19:21:03 - watchfiles.main - INFO - 1 change detected
2026-01-13 19:21:04 - watchfiles.main - INFO - 1 change detected
2026-01-13 19:21:04 - watchfiles.main - INFO - 1 change detected
2026-01-13 19:21:05 - watchfiles.main - INFO - 1 change detected
2026-01-13 19:21:05 - watchfiles.main - INFO - 1 change detected
2026-01-13 19:21:05 - watchfiles.main - INFO - 1 change detected
2026-01-13 19:21:06 - watchfiles.main - INFO - 1 change detected
2026-01-13 19:21:06 - watchfiles.main - INFO - 1 change detected
2026-01-13 19:21:07 - watchfiles.main - INFO - 1 change detected
2026-01-13 19:21:07 - watchfiles.main - INFO - 1 change detected
2026-01-13 19:21:07 - watchfiles.main - INFO - 1 change detected
2026-01-13 19:21:08 - watchfiles.main - INFO - 1 change detected
2026-01-13 19:21:08 - watchfiles.main - INFO - 1 change detected
2026-01-13 19:21:09 - watchfiles.main - INFO - 1 change detected
2026-01-13 19:21:09 - watchfiles.main - INFO - 1 change detected
2026-01-13 19:21:10 - watchfiles.main - INFO - 1 change detected
2026-01-13 19:21:10 - watchfiles.main - INFO - 1 change detected
2026-01-13 19:21:10 - watchfiles.main - INFO - 1 change detected
2026-01-13 19:21:11 - watchfiles.main - INFO - 1 change detected
2026-01-13 19:21:11 - watchfiles.main - INFO - 1 change detected
2026-01-13 19:21:12 - watchfiles.main - INFO - 1 change detected
2026-01-13 19:21:12 - watchfiles.main - INFO - 1 change detected
2026-01-13 19:21:12 - watchfiles.main - INFO - 1 change detected
2026-01-13 19:21:13 - watchfiles.main - INFO - 1 change detected
2026-01-13 19:21:13 - watchfiles.main - INFO - 1 change detected
2026-01-13 19:21:14 - watchfiles.main - INFO - 1 change detected
2026-01-13 19:21:14 - watchfiles.main - INFO - 1 change detected
2026-01-13 19:21:14 - watchfiles.main - INFO - 1 change detected
2026-01-13 19:21:15 - watchfiles.main - INFO - 1 change detected
2026-01-13 19:21:15 - watchfiles.main - INFO - 1 change detected
2026-01-13 19:21:16 - watchfiles.main - INFO - 1 change detected
2026-01-13 19:21:16 - watchfiles.main - INFO - 1 change detected
2026-01-13 19:21:16 - watchfiles.main - INFO - 1 change detected
2026-01-13 19:21:17 - watchfiles.main - INFO - 1 change detected
2026-01-13 19:21:17 - watchfiles.main - INFO - 1 change detected
2026-01-13 19:21:18 - watchfiles.main - INFO - 1 change detected
2026-01-13 19:21:18 - watchfiles.main - INFO - 1 change detected
2026-01-13 19:21:18 - watchfiles.main - INFO - 1 change detected
2026-01-13 19:21:19 - watchfiles.main - INFO - 1 change detected
2026-01-13 19:21:19 - watchfiles.main - INFO - 1 change detected
2026-01-13 19:21:20 - watchfiles.main - INFO - 1 change detected
2026-01-13 19:21:20 - watchfiles.main - INFO - 1 change detected
2026-01-13 19:21:21 - watchfiles.main - INFO - 1 change detected
2026-01-13 19:21:21 - watchfiles.main - INFO - 1 change detected
2026-01-13 19:21:21 - watchfiles.main - INFO - 1 change detected
2026-01-13 19:21:22 - watchfiles.main - INFO - 1 change detected
2026-01-13 19:21:22 - watchfiles.main - INFO - 1 change detected
2026-01-13 19:21:23 - watchfiles.main - INFO - 1 change detected
2026-01-13 19:21:23 - watchfiles.main - INFO - 1 change detected
2026-01-13 19:21:23 - watchfiles.main - INFO - 1 change detected
2026-01-13 19:21:24 - watchfiles.main - INFO - 1 change detected
2026-01-13 19:21:24 - watchfiles.main - INFO - 1 change detected
2026-01-13 19:21:25 - watchfiles.main - INFO - 1 change detected
2026-01-13 19:21:25 - watchfiles.main - INFO - 1 change detected
2026-01-13 19:21:25 - watchfiles.main - INFO - 1 change detected
2026-01-13 19:21:26 - watchfiles.main - INFO - 1 change detected
2026-01-13 19:21:26 - watchfiles.main - INFO - 1 change detected
2026-01-13 19:21:27 - watchfiles.main - INFO - 1 change detected
2026-01-13 19:21:27 - watchfiles.main - INFO - 1 change detected
2026-01-13 19:21:28 - watchfiles.main - INFO - 1 change detected
2026-01-13 19:21:28 - watchfiles.main - INFO - 1 change detected
2026-01-13 19:21:28 - watchfiles.main - INFO - 1 change detected
2026-01-13 19:21:29 - watchfiles.main - INFO - 1 change detected
2026-01-13 19:21:29 - watchfiles.main - INFO - 1 change detected
2026-01-13 19:21:30 - watchfiles.main - INFO - 1 change detected
2026-01-13 19:21:30 - watchfiles.main - INFO - 1 change detected
2026-01-13 19:21:30 - watchfiles.main - INFO - 1 change detected
2026-01-13 19:21:31 - watchfiles.main - INFO - 1 change detected
2026-01-13 19:21:31 - watchfiles.main - INFO - 1 change detected
2026-01-13 19:21:32 - watchfiles.main - INFO - 1 change detected
2026-01-13 19:21:32 - watchfiles.main - INFO - 1 change detected
2026-01-13 19:21:32 - watchfiles.main - INFO - 1 change detected
2026-01-13 19:21:33 - watchfiles.main - INFO - 1 change detected
2026-01-13 19:21:33 - watchfiles.main - INFO - 1 change detected
2026-01-13 19:21:34 - watchfiles.main - INFO - 1 change detected
2026-01-13 19:21:34 - watchfiles.main - INFO - 1 change detected
2026-01-13 19:21:34 - watchfiles.main - INFO - 1 change detected
2026-01-13 19:21:35 - watchfiles.main - INFO - 1 change detected
2026-01-13 19:21:35 - watchfiles.main - INFO - 1 change detected
2026-01-13 19:21:36 - watchfiles.main - INFO - 1 change detected
2026-01-13 19:21:36 - watchfiles.main - INFO - 1 change detected
2026-01-13 19:21:37 - watchfiles.main - INFO - 1 change detected
2026-01-13 19:21:37 - watchfiles.main - INFO - 1 change detected
2026-01-13 19:21:37 - watchfiles.main - INFO - 1 change detected
2026-01-13 19:21:38 - watchfiles.main - INFO - 1 change detected
2026-01-13 19:21:38 - watchfiles.main - INFO - 1 change detected
2026-01-13 19:21:39 - watchfiles.main - INFO - 1 change detected
2026-01-13 19:21:39 - watchfiles.main - INFO - 1 change detected
2026-01-13 19:21:39 - watchfiles.main - INFO - 1 change detected
2026-01-13 19:21:40 - watchfiles.main - INFO - 1 change detected
2026-01-13 19:21:40 - watchfiles.main - INFO - 1 change detected
2026-01-13 19:21:41 - watchfiles.main - INFO - 1 change detected
2026-01-13 19:21:41 - watchfiles.main - INFO - 1 change detected
2026-01-13 19:21:41 - watchfiles.main - INFO - 1 change detected
2026-01-13 19:21:42 - watchfiles.main - INFO - 1 change detected
2026-01-13 19:21:42 - watchfiles.main - INFO - 1 change detected
2026-01-13 19:21:43 - watchfiles.main - INFO - 1 change detected
2026-01-13 19:21:43 - watchfiles.main - INFO - 1 change detected
2026-01-13 19:21:43 - watchfiles.main - INFO - 1 change detected
2026-01-13 19:21:44 - watchfiles.main - INFO - 1 change detected
2026-01-13 19:21:44 - watchfiles.main - INFO - 1 change detected
2026-01-13 19:21:45 - watchfiles.main - INFO - 1 change detected
2026-01-13 19:21:45 - watchfiles.main - INFO - 1 change detected
2026-01-13 19:21:45 - watchfiles.main - INFO - 1 change detected
2026-01-13 19:21:46 - watchfiles.main - INFO - 1 change detected
2026-01-13 19:21:46 - watchfiles.main - INFO - 1 change detected
2026-01-13 19:21:47 - watchfiles.main - INFO - 1 change detected
2026-01-13 19:21:47 - watchfiles.main - INFO - 1 change detected
2026-01-13 19:21:47 - watchfiles.main - INFO - 1 change detected
2026-01-13 19:21:48 - watchfiles.main - INFO - 1 change detected
2026-01-13 19:21:48 - watchfiles.main - INFO - 1 change detected
2026-01-13 19:21:49 - watchfiles.main - INFO - 1 change detected
2026-01-13 19:21:49 - watchfiles.main - INFO - 1 change detected
2026-01-13 19:21:49 - watchfiles.main - INFO - 1 change detected
2026-01-13 19:21:50 - watchfiles.main - INFO - 1 change detected
2026-01-13 19:21:50 - watchfiles.main - INFO - 1 change detected
2026-01-13 19:21:51 - watchfiles.main - INFO - 1 change detected
2026-01-13 19:21:51 - watchfiles.main - INFO - 1 change detected
2026-01-13 19:21:52 - watchfiles.main - INFO - 1 change detected
2026-01-13 19:21:52 - watchfiles.main - INFO - 1 change detected
2026-01-13 19:21:52 - watchfiles.main - INFO - 1 change detected
2026-01-13 19:21:53 - watchfiles.main - INFO - 1 change detected
2026-01-13 19:21:53 - watchfiles.main - INFO - 1 change detected
2026-01-13 19:21:54 - watchfiles.main - INFO - 1 change detected
2026-01-13 19:21:54 - watchfiles.main - INFO - 1 change detected
2026-01-13 19:21:54 - watchfiles.main - INFO - 1 change detected
2026-01-13 19:21:55 - watchfiles.main - INFO - 1 change detected
2026-01-13 19:21:55 - watchfiles.main - INFO - 1 change detected
2026-01-13 19:21:56 - watchfiles.main - INFO - 1 change detected
2026-01-13 19:21:56 - watchfiles.main - INFO - 1 change detected
2026-01-13 19:21:56 - watchfiles.main - INFO - 1 change detected
2026-01-13 19:21:57 - watchfiles.main - INFO - 1 change detected
2026-01-13 19:21:57 - watchfiles.main - INFO - 1 change detected
2026-01-13 19:21:58 - watchfiles.main - INFO - 1 change detected
2026-01-13 19:21:58 - watchfiles.main - INFO - 1 change detected
2026-01-13 19:21:59 - watchfiles.main - INFO - 1 change detected
2026-01-13 19:21:59 - watchfiles.main - INFO - 1 change detected
2026-01-13 19:21:59 - watchfiles.main - INFO - 1 change detected
2026-01-13 19:22:00 - watchfiles.main - INFO - 1 change detected
2026-01-13 19:22:00 - watchfiles.main - INFO - 1 change detected
2026-01-13 19:22:01 - watchfiles.main - INFO - 1 change detected
2026-01-13 19:22:01 - watchfiles.main - INFO - 1 change detected
2026-01-13 19:22:01 - watchfiles.main - INFO - 1 change detected
2026-01-13 19:22:02 - watchfiles.main - INFO - 1 change detected
2026-01-13 19:22:02 - watchfiles.main - INFO - 1 change detected
2026-01-13 19:22:03 - watchfiles.main - INFO - 1 change detected
2026-01-13 19:22:03 - watchfiles.main - INFO - 1 change detected
2026-01-13 19:22:03 - watchfiles.main - INFO - 1 change detected
2026-01-13 19:22:04 - watchfiles.main - INFO - 1 change detected
2026-01-13 19:22:04 - watchfiles.main - INFO - 1 change detected
2026-01-13 19:22:05 - watchfiles.main - INFO - 1 change detected
2026-01-13 19:22:05 - watchfiles.main - INFO - 1 change detected
2026-01-13 19:22:05 - watchfiles.main - INFO - 1 change detected
2026-01-13 19:22:06 - watchfiles.main - INFO - 1 change detected
2026-01-13 19:22:06 - watchfiles.main - INFO - 1 change detected
2026-01-13 19:22:07 - watchfiles.main - INFO - 1 change detected
2026-01-13 19:22:07 - watchfiles.main - INFO - 1 change detected
2026-01-13 19:22:07 - watchfiles.main - INFO - 1 change detected
2026-01-13 19:22:08 - watchfiles.main - INFO - 1 change detected
2026-01-13 19:22:08 - watchfiles.main - INFO - 1 change detected
2026-01-13 19:22:09 - watchfiles.main - INFO - 1 change detected
2026-01-13 19:22:09 - watchfiles.main - INFO - 1 change detected
2026-01-13 19:22:09 - watchfiles.main - INFO - 1 change detected
2026-01-13 19:22:10 - watchfiles.main - INFO - 1 change detected
2026-01-13 19:22:10 - watchfiles.main - INFO - 1 change detected
2026-01-13 19:22:11 - watchfiles.main - INFO - 1 change detected
2026-01-13 19:22:11 - watchfiles.main - INFO - 1 change detected
2026-01-13 19:22:11 - watchfiles.main - INFO - 1 change detected
2026-01-13 19:22:12 - watchfiles.main - INFO - 1 change detected
2026-01-13 19:22:12 - watchfiles.main - INFO - 1 change detected
2026-01-13 19:22:13 - watchfiles.main - INFO - 1 change detected
2026-01-13 19:22:13 - watchfiles.main - INFO - 1 change detected
2026-01-13 19:22:13 - watchfiles.main - INFO - 1 change detected
2026-01-13 19:22:14 - watchfiles.main - INFO - 1 change detected
2026-01-13 19:22:14 - watchfiles.main - INFO - 1 change detected
2026-01-13 19:22:15 - watchfiles.main - INFO - 1 change detected
2026-01-13 19:22:15 - watchfiles.main - INFO - 1 change detected
2026-01-13 19:22:16 - watchfiles.main - INFO - 1 change detected
2026-01-13 19:22:16 - watchfiles.main - INFO - 1 change detected
2026-01-13 19:22:16 - watchfiles.main - INFO - 1 change detected
2026-01-13 19:22:17 - watchfiles.main - INFO - 1 change detected
2026-01-13 19:22:17 - watchfiles.main - INFO - 1 change detected
2026-01-13 19:22:18 - watchfiles.main - INFO - 1 change detected
2026-01-13 19:22:18 - watchfiles.main - INFO - 1 change detected
2026-01-13 19:22:18 - watchfiles.main - INFO - 1 change detected
2026-01-13 19:22:19 - watchfiles.main - INFO - 1 change detected
2026-01-13 19:22:19 - watchfiles.main - INFO - 1 change detected
2026-01-13 19:22:20 - watchfiles.main - INFO - 1 change detected
2026-01-13 19:22:20 - watchfiles.main - INFO - 1 change detected
2026-01-13 19:22:20 - watchfiles.main - INFO - 1 change detected
2026-01-13 19:22:21 - watchfiles.main - INFO - 1 change detected
2026-01-13 19:22:21 - watchfiles.main - INFO - 1 change detected
2026-01-13 19:22:22 - watchfiles.main - INFO - 1 change detected
2026-01-13 19:22:22 - watchfiles.main - INFO - 1 change detected
2026-01-13 19:22:23 - watchfiles.main - INFO - 1 change detected
2026-01-13 19:22:23 - watchfiles.main - INFO - 1 change detected
2026-01-13 19:22:23 - watchfiles.main - INFO - 1 change detected
2026-01-13 19:22:24 - watchfiles.main - INFO - 1 change detected
2026-01-13 19:22:24 - watchfiles.main - INFO - 1 change detected
2026-01-13 19:22:25 - watchfiles.main - INFO - 1 change detected
2026-01-13 19:22:25 - watchfiles.main - INFO - 1 change detected
2026-01-13 19:22:25 - watchfiles.main - INFO - 1 change detected
2026-01-13 19:22:26 - watchfiles.main - INFO - 1 change detected
2026-01-13 19:22:26 - watchfiles.main - INFO - 1 change detected
2026-01-13 19:22:27 - watchfiles.main - INFO - 1 change detected
2026-01-13 19:22:27 - watchfiles.main - INFO - 1 change detected
2026-01-13 19:22:27 - watchfiles.main - INFO - 1 change detected
2026-01-13 19:22:28 - watchfiles.main - INFO - 1 change detected
2026-01-13 19:22:28 - watchfiles.main - INFO - 1 change detected
2026-01-13 19:22:29 - watchfiles.main - INFO - 1 change detected
2026-01-13 19:22:29 - watchfiles.main - INFO - 1 change detected
2026-01-13 19:22:29 - watchfiles.main - INFO - 1 change detected
2026-01-13 19:22:30 - watchfiles.main - INFO - 1 change detected
2026-01-13 19:22:30 - watchfiles.main - INFO - 1 change detected
2026-01-13 19:22:31 - watchfiles.main - INFO - 1 change detected
2026-01-13 19:22:31 - watchfiles.main - INFO - 1 change detected
2026-01-13 19:22:31 - watchfiles.main - INFO - 1 change detected
2026-01-13 19:22:32 - watchfiles.main - INFO - 1 change detected
2026-01-13 19:22:32 - watchfiles.main - INFO - 1 change detected
2026-01-13 19:22:33 - watchfiles.main - INFO - 1 change detected
2026-01-13 19:22:33 - watchfiles.main - INFO - 1 change detected
2026-01-13 19:22:33 - watchfiles.main - INFO - 1 change detected
2026-01-13 19:22:34 - watchfiles.main - INFO - 1 change detected
2026-01-13 19:22:34 - watchfiles.main - INFO - 1 change detected
2026-01-13 19:22:35 - watchfiles.main - INFO - 1 change detected
2026-01-13 19:22:35 - watchfiles.main - INFO - 1 change detected
2026-01-13 19:22:35 - watchfiles.main - INFO - 1 change detected
2026-01-13 19:22:36 - watchfiles.main - INFO - 1 change detected
2026-01-13 19:22:36 - watchfiles.main - INFO - 1 change detected
2026-01-13 19:22:37 - watchfiles.main - INFO - 1 change detected
2026-01-13 19:22:37 - watchfiles.main - INFO - 1 change detected
2026-01-13 19:22:37 - watchfiles.main - INFO - 1 change detected
2026-01-13 19:22:38 - watchfiles.main - INFO - 1 change detected
2026-01-13 19:22:38 - watchfiles.main - INFO - 1 change detected
2026-01-13 19:22:39 - watchfiles.main - INFO - 1 change detected
2026-01-13 19:22:39 - watchfiles.main - INFO - 1 change detected
2026-01-13 19:22:40 - watchfiles.main - INFO - 1 change detected
2026-01-13 19:22:40 - watchfiles.main - INFO - 1 change detected
2026-01-13 19:22:40 - watchfiles.main - INFO - 1 change detected
2026-01-13 19:22:41 - watchfiles.main - INFO - 1 change detected
2026-01-13 19:22:41 - watchfiles.main - INFO - 1 change detected
2026-01-13 19:22:42 - watchfiles.main - INFO - 1 change detected
2026-01-13 19:22:42 - watchfiles.main - INFO - 1 change detected
2026-01-13 19:22:42 - watchfiles.main - INFO - 1 change detected
2026-01-13 19:22:43 - watchfiles.main - INFO - 1 change detected
2026-01-13 19:22:43 - watchfiles.main - INFO - 1 change detected
2026-01-13 19:22:44 - watchfiles.main - INFO - 1 change detected
2026-01-13 19:22:44 - watchfiles.main - INFO - 1 change detected
2026-01-13 19:22:44 - watchfiles.main - INFO - 1 change detected
2026-01-13 19:22:45 - watchfiles.main - INFO - 1 change detected
2026-01-13 19:22:45 - watchfiles.main - INFO - 1 change detected
2026-01-13 19:22:46 - watchfiles.main - INFO - 1 change detected
2026-01-13 19:22:46 - watchfiles.main - INFO - 1 change detected
2026-01-13 19:22:46 - watchfiles.main - INFO - 1 change detected
2026-01-13 19:22:47 - watchfiles.main - INFO - 1 change detected
2026-01-13 19:22:47 - watchfiles.main - INFO - 1 change detected
2026-01-13 19:22:48 - watchfiles.main - INFO - 1 change detected
2026-01-13 19:22:48 - watchfiles.main - INFO - 1 change detected
2026-01-13 19:22:48 - watchfiles.main - INFO - 1 change detected
2026-01-13 19:22:49 - watchfiles.main - INFO - 1 change detected
2026-01-13 19:22:49 - watchfiles.main - INFO - 1 change detected
2026-01-13 19:22:50 - watchfiles.main - INFO - 1 change detected
2026-01-13 19:22:50 - watchfiles.main - INFO - 1 change detected
2026-01-13 19:22:50 - watchfiles.main - INFO - 1 change detected
2026-01-13 19:22:51 - watchfiles.main - INFO - 1 change detected
2026-01-13 19:22:51 - watchfiles.main - INFO - 1 change detected
2026-01-13 19:22:52 - watchfiles.main - INFO - 1 change detected
2026-01-13 19:22:52 - watchfiles.main - INFO - 1 change detected
2026-01-13 19:22:53 - watchfiles.main - INFO - 1 change detected
2026-01-13 19:22:53 - watchfiles.main - INFO - 1 change detected
2026-01-13 19:22:53 - watchfiles.main - INFO - 1 change detected
2026-01-13 19:22:54 - watchfiles.main - INFO - 1 change detected
2026-01-13 19:22:54 - watchfiles.main - INFO - 1 change detected
2026-01-13 19:22:55 - watchfiles.main - INFO - 1 change detected
2026-01-13 19:22:55 - watchfiles.main - INFO - 1 change detected
2026-01-13 19:22:55 - watchfiles.main - INFO - 1 change detected
2026-01-13 19:22:56 - watchfiles.main - INFO - 1 change detected
2026-01-13 19:22:56 - watchfiles.main - INFO - 1 change detected
2026-01-13 19:22:57 - watchfiles.main - INFO - 1 change detected
2026-01-13 19:22:57 - watchfiles.main - INFO - 1 change detected
2026-01-13 19:22:57 - watchfiles.main - INFO - 1 change detected
2026-01-13 19:22:58 - watchfiles.main - INFO - 1 change detected
2026-01-13 19:22:58 - watchfiles.main - INFO - 1 change detected
2026-01-13 19:22:59 - watchfiles.main - INFO - 1 change detected
2026-01-13 19:22:59 - watchfiles.main - INFO - 1 change detected
2026-01-13 19:22:59 - watchfiles.main - INFO - 1 change detected
2026-01-13 19:23:00 - watchfiles.main - INFO - 1 change detected
2026-01-13 19:23:00 - watchfiles.main - INFO - 1 change detected
2026-01-13 19:23:01 - watchfiles.main - INFO - 1 change detected
2026-01-13 19:23:01 - watchfiles.main - INFO - 1 change detected
2026-01-13 19:23:02 - watchfiles.main - INFO - 1 change detected
2026-01-13 19:23:02 - watchfiles.main - INFO - 1 change detected
2026-01-13 19:23:02 - watchfiles.main - INFO - 1 change detected
2026-01-13 19:23:03 - watchfiles.main - INFO - 1 change detected
2026-01-13 19:23:03 - watchfiles.main - INFO - 1 change detected
2026-01-13 19:23:03 - watchfiles.main - INFO - 1 change detected
2026-01-13 19:23:04 - watchfiles.main - INFO - 1 change detected
2026-01-13 19:23:04 - watchfiles.main - INFO - 1 change detected
2026-01-13 19:23:05 - watchfiles.main - INFO - 1 change detected
2026-01-13 19:23:05 - watchfiles.main - INFO - 1 change detected
2026-01-13 19:23:06 - watchfiles.main - INFO - 1 change detected
2026-01-13 19:23:06 - watchfiles.main - INFO - 1 change detected
2026-01-13 19:23:06 - watchfiles.main - INFO - 1 change detected
2026-01-13 19:23:07 - watchfiles.main - INFO - 1 change detected
2026-01-13 19:23:07 - watchfiles.main - INFO - 1 change detected
2026-01-13 19:23:08 - watchfiles.main - INFO - 1 change detected
2026-01-13 19:23:08 - watchfiles.main - INFO - 1 change detected
2026-01-13 19:23:08 - watchfiles.main - INFO - 1 change detected
2026-01-13 19:23:09 - watchfiles.main - INFO - 1 change detected
2026-01-13 19:23:09 - watchfiles.main - INFO - 1 change detected
2026-01-13 19:23:10 - watchfiles.main - INFO - 1 change detected
2026-01-13 19:23:10 - watchfiles.main - INFO - 1 change detected
2026-01-13 19:23:10 - watchfiles.main - INFO - 1 change detected
2026-01-13 19:23:11 - watchfiles.main - INFO - 1 change detected
2026-01-13 19:23:11 - watchfiles.main - INFO - 1 change detected
2026-01-13 19:23:12 - watchfiles.main - INFO - 1 change detected
2026-01-13 19:23:12 - watchfiles.main - INFO - 1 change detected
2026-01-13 19:23:12 - watchfiles.main - INFO - 1 change detected
2026-01-13 19:23:13 - watchfiles.main - INFO - 1 change detected
2026-01-13 19:23:13 - watchfiles.main - INFO - 1 change detected
2026-01-13 19:23:14 - watchfiles.main - INFO - 1 change detected
2026-01-13 19:23:14 - watchfiles.main - INFO - 1 change detected
2026-01-13 19:23:14 - watchfiles.main - INFO - 1 change detected
2026-01-13 19:23:15 - watchfiles.main - INFO - 1 change detected
2026-01-13 19:23:15 - watchfiles.main - INFO - 1 change detected
2026-01-13 19:23:16 - watchfiles.main - INFO - 1 change detected
2026-01-13 19:23:16 - watchfiles.main - INFO - 1 change detected
2026-01-13 19:23:16 - watchfiles.main - INFO - 1 change detected
2026-01-13 19:23:17 - watchfiles.main - INFO - 1 change detected
2026-01-13 19:23:17 - watchfiles.main - INFO - 1 change detected
2026-01-13 19:23:18 - watchfiles.main - INFO - 1 change detected
2026-01-13 19:23:18 - watchfiles.main - INFO - 1 change detected
2026-01-13 19:23:18 - watchfiles.main - INFO - 1 change detected
2026-01-13 19:23:19 - watchfiles.main - INFO - 1 change detected
2026-01-13 19:23:19 - watchfiles.main - INFO - 1 change detected
2026-01-13 19:23:20 - watchfiles.main - INFO - 1 change detected
2026-01-13 19:23:20 - watchfiles.main - INFO - 1 change detected
2026-01-13 19:23:21 - watchfiles.main - INFO - 1 change detected
2026-01-13 19:23:21 - watchfiles.main - INFO - 1 change detected
2026-01-13 19:23:21 - watchfiles.main - INFO - 1 change detected
2026-01-13 19:23:22 - watchfiles.main - INFO - 1 change detected
2026-01-13 19:23:22 - watchfiles.main - INFO - 1 change detected
2026-01-13 19:23:23 - watchfiles.main - INFO - 1 change detected
2026-01-13 19:23:23 - watchfiles.main - INFO - 1 change detected
2026-01-13 19:23:23 - watchfiles.main - INFO - 1 change detected
2026-01-13 19:23:24 - watchfiles.main - INFO - 1 change detected
2026-01-13 19:23:24 - watchfiles.main - INFO - 1 change detected
2026-01-13 19:23:25 - watchfiles.main - INFO - 1 change detected
2026-01-13 19:23:25 - watchfiles.main - INFO - 1 change detected
2026-01-13 19:23:25 - watchfiles.main - INFO - 1 change detected
2026-01-13 19:23:26 - watchfiles.main - INFO - 1 change detected
2026-01-13 19:23:26 - watchfiles.main - INFO - 1 change detected
2026-01-13 19:23:27 - watchfiles.main - INFO - 1 change detected
2026-01-13 19:23:27 - watchfiles.main - INFO - 1 change detected
2026-01-13 19:23:27 - watchfiles.main - INFO - 1 change detected
2026-01-13 19:23:28 - watchfiles.main - INFO - 1 change detected
2026-01-13 19:23:28 - watchfiles.main - INFO - 1 change detected
2026-01-13 19:23:29 - watchfiles.main - INFO - 1 change detected
2026-01-13 19:23:29 - watchfiles.main - INFO - 1 change detected
2026-01-13 19:23:29 - watchfiles.main - INFO - 1 change detected
2026-01-13 19:23:30 - watchfiles.main - INFO - 1 change detected
2026-01-13 19:23:30 - watchfiles.main - INFO - 1 change detected
2026-01-13 19:23:31 - watchfiles.main - INFO - 1 change detected
2026-01-13 19:23:31 - watchfiles.main - INFO - 1 change detected
2026-01-13 19:23:32 - watchfiles.main - INFO - 1 change detected
2026-01-13 19:23:32 - watchfiles.main - INFO - 1 change detected
2026-01-13 19:23:32 - watchfiles.main - INFO - 1 change detected
2026-01-13 19:23:33 - watchfiles.main - INFO - 1 change detected
2026-01-13 19:23:33 - watchfiles.main - INFO - 1 change detected
2026-01-13 19:23:34 - watchfiles.main - INFO - 1 change detected
2026-01-13 19:23:34 - watchfiles.main - INFO - 1 change detected
2026-01-13 19:23:34 - watchfiles.main - INFO - 1 change detected
2026-01-13 19:23:35 - watchfiles.main - INFO - 1 change detected
2026-01-13 19:23:35 - watchfiles.main - INFO - 1 change detected
2026-01-13 19:23:36 - watchfiles.main - INFO - 1 change detected
2026-01-13 19:23:36 - watchfiles.main - INFO - 1 change detected
2026-01-13 19:23:36 - watchfiles.main - INFO - 1 change detected
2026-01-13 19:23:37 - watchfiles.main - INFO - 1 change detected
2026-01-13 19:23:37 - watchfiles.main - INFO - 1 change detected
2026-01-13 19:23:38 - watchfiles.main - INFO - 1 change detected
2026-01-13 19:23:38 - watchfiles.main - INFO - 1 change detected
2026-01-13 19:23:39 - watchfiles.main - INFO - 1 change detected
2026-01-13 19:23:39 - watchfiles.main - INFO - 1 change detected
2026-01-13 19:23:39 - watchfiles.main - INFO - 1 change detected
2026-01-13 19:23:40 - watchfiles.main - INFO - 1 change detected
2026-01-13 19:23:40 - watchfiles.main - INFO - 1 change detected
2026-01-13 19:23:41 - watchfiles.main - INFO - 1 change detected
2026-01-13 19:23:41 - watchfiles.main - INFO - 1 change detected
2026-01-13 19:23:41 - watchfiles.main - INFO - 1 change detected
2026-01-13 19:23:42 - watchfiles.main - INFO - 1 change detected
2026-01-13 19:23:42 - watchfiles.main - INFO - 1 change detected
2026-01-13 19:23:43 - watchfiles.main - INFO - 1 change detected
2026-01-13 19:23:43 - watchfiles.main - INFO - 1 change detected
2026-01-13 19:23:43 - watchfiles.main - INFO - 1 change detected
2026-01-13 19:23:44 - watchfiles.main - INFO - 1 change detected
2026-01-13 19:23:44 - watchfiles.main - INFO - 1 change detected
2026-01-13 19:23:45 - watchfiles.main - INFO - 1 change detected
2026-01-13 19:23:45 - watchfiles.main - INFO - 1 change detected
2026-01-13 19:23:46 - watchfiles.main - INFO - 1 change detected
2026-01-13 19:23:46 - watchfiles.main - INFO - 1 change detected
2026-01-13 19:23:46 - watchfiles.main - INFO - 1 change detected
2026-01-13 19:23:47 - watchfiles.main - INFO - 1 change detected
2026-01-13 19:23:47 - watchfiles.main - INFO - 1 change detected
2026-01-13 19:23:48 - watchfiles.main - INFO - 1 change detected
2026-01-13 19:23:48 - watchfiles.main - INFO - 1 change detected
2026-01-13 19:23:48 - watchfiles.main - INFO - 1 change detected
2026-01-13 19:23:49 - watchfiles.main - INFO - 1 change detected
2026-01-13 19:23:49 - watchfiles.main - INFO - 1 change detected
2026-01-13 19:23:50 - watchfiles.main - INFO - 1 change detected
2026-01-13 19:23:50 - watchfiles.main - INFO - 1 change detected
2026-01-13 19:23:50 - watchfiles.main - INFO - 1 change detected
2026-01-13 19:23:51 - watchfiles.main - INFO - 1 change detected
2026-01-13 19:23:51 - watchfiles.main - INFO - 1 change detected
2026-01-13 19:23:52 - watchfiles.main - INFO - 1 change detected
2026-01-13 19:23:52 - watchfiles.main - INFO - 1 change detected
2026-01-13 19:23:52 - watchfiles.main - INFO - 1 change detected
2026-01-13 19:23:53 - watchfiles.main - INFO - 1 change detected
2026-01-13 19:23:53 - watchfiles.main - INFO - 1 change detected
2026-01-13 19:23:54 - watchfiles.main - INFO - 1 change detected
2026-01-13 19:23:54 - watchfiles.main - INFO - 1 change detected
2026-01-13 19:23:54 - watchfiles.main - INFO - 1 change detected
2026-01-13 19:23:55 - watchfiles.main - INFO - 1 change detected
2026-01-13 19:23:55 - watchfiles.main - INFO - 1 change detected
2026-01-13 19:23:56 - watchfiles.main - INFO - 1 change detected
2026-01-13 19:23:56 - watchfiles.main - INFO - 1 change detected
2026-01-13 19:23:57 - watchfiles.main - INFO - 1 change detected
2026-01-13 19:23:57 - watchfiles.main - INFO - 1 change detected
2026-01-13 19:23:57 - watchfiles.main - INFO - 1 change detected
2026-01-13 19:23:58 - watchfiles.main - INFO - 1 change detected
2026-01-13 19:23:58 - watchfiles.main - INFO - 1 change detected
2026-01-13 19:23:59 - watchfiles.main - INFO - 1 change detected
2026-01-13 19:23:59 - watchfiles.main - INFO - 1 change detected
2026-01-13 19:23:59 - watchfiles.main - INFO - 1 change detected
2026-01-13 19:24:00 - watchfiles.main - INFO - 1 change detected
2026-01-13 19:24:00 - watchfiles.main - INFO - 1 change detected
2026-01-13 19:24:01 - watchfiles.main - INFO - 1 change detected
2026-01-13 19:24:01 - watchfiles.main - INFO - 1 change detected
2026-01-13 19:24:01 - watchfiles.main - INFO - 1 change detected
2026-01-13 19:24:02 - watchfiles.main - INFO - 1 change detected
2026-01-13 19:24:02 - watchfiles.main - INFO - 1 change detected
2026-01-13 19:24:03 - watchfiles.main - INFO - 1 change detected
2026-01-13 19:24:03 - watchfiles.main - INFO - 1 change detected
2026-01-13 19:24:03 - watchfiles.main - INFO - 1 change detected
2026-01-13 19:24:04 - watchfiles.main - INFO - 1 change detected
2026-01-13 19:24:04 - watchfiles.main - INFO - 1 change detected
2026-01-13 19:24:05 - watchfiles.main - INFO - 1 change detected
2026-01-13 19:24:05 - watchfiles.main - INFO - 1 change detected
2026-01-13 19:24:05 - watchfiles.main - INFO - 1 change detected
2026-01-13 19:24:06 - watchfiles.main - INFO - 1 change detected
2026-01-13 19:24:06 - watchfiles.main - INFO - 1 change detected
2026-01-13 19:24:07 - watchfiles.main - INFO - 1 change detected
2026-01-13 19:24:07 - watchfiles.main - INFO - 1 change detected
2026-01-13 19:24:08 - watchfiles.main - INFO - 1 change detected
2026-01-13 19:24:08 - watchfiles.main - INFO - 1 change detected
2026-01-13 19:24:08 - watchfiles.main - INFO - 1 change detected
2026-01-13 19:24:09 - watchfiles.main - INFO - 1 change detected
2026-01-13 19:24:09 - watchfiles.main - INFO - 1 change detected
2026-01-13 19:24:10 - watchfiles.main - INFO - 1 change detected
2026-01-13 19:24:10 - watchfiles.main - INFO - 1 change detected
2026-01-13 19:24:10 - watchfiles.main - INFO - 1 change detected
2026-01-13 19:24:11 - watchfiles.main - INFO - 1 change detected
2026-01-13 19:24:11 - watchfiles.main - INFO - 1 change detected
2026-01-13 19:24:12 - watchfiles.main - INFO - 1 change detected
2026-01-13 19:24:12 - watchfiles.main - INFO - 1 change detected
2026-01-13 19:24:12 - watchfiles.main - INFO - 1 change detected
2026-01-13 19:24:13 - watchfiles.main - INFO - 1 change detected
2026-01-13 19:24:13 - watchfiles.main - INFO - 1 change detected
2026-01-13 19:24:14 - watchfiles.main - INFO - 1 change detected
2026-01-13 19:24:14 - watchfiles.main - INFO - 1 change detected
2026-01-13 19:24:14 - watchfiles.main - INFO - 1 change detected
2026-01-13 19:24:15 - watchfiles.main - INFO - 1 change detected
2026-01-13 19:24:15 - watchfiles.main - INFO - 1 change detected
2026-01-13 19:24:16 - watchfiles.main - INFO - 1 change detected
2026-01-13 19:24:16 - watchfiles.main - INFO - 1 change detected
2026-01-13 19:24:17 - watchfiles.main - INFO - 1 change detected
2026-01-13 19:24:17 - watchfiles.main - INFO - 1 change detected
2026-01-13 19:24:17 - watchfiles.main - INFO - 1 change detected
2026-01-13 19:24:18 - watchfiles.main - INFO - 1 change detected
2026-01-13 19:24:18 - watchfiles.main - INFO - 1 change detected
2026-01-13 19:24:19 - watchfiles.main - INFO - 1 change detected
2026-01-13 19:24:19 - watchfiles.main - INFO - 1 change detected
2026-01-13 19:24:19 - watchfiles.main - INFO - 1 change detected
2026-01-13 19:24:20 - watchfiles.main - INFO - 1 change detected
2026-01-13 19:24:20 - watchfiles.main - INFO - 1 change detected
2026-01-13 19:24:21 - watchfiles.main - INFO - 1 change detected
2026-01-13 19:24:21 - watchfiles.main - INFO - 1 change detected
2026-01-13 19:24:21 - watchfiles.main - INFO - 1 change detected
2026-01-13 19:24:22 - watchfiles.main - INFO - 1 change detected
2026-01-13 19:24:22 - watchfiles.main - INFO - 1 change detected
2026-01-13 19:24:23 - watchfiles.main - INFO - 1 change detected
2026-01-13 19:24:23 - watchfiles.main - INFO - 1 change detected
2026-01-13 19:24:23 - watchfiles.main - INFO - 1 change detected
2026-01-13 19:24:24 - watchfiles.main - INFO - 1 change detected
2026-01-13 19:24:24 - watchfiles.main - INFO - 1 change detected
2026-01-13 19:24:25 - watchfiles.main - INFO - 1 change detected
2026-01-13 19:24:25 - watchfiles.main - INFO - 1 change detected
2026-01-13 19:24:25 - watchfiles.main - INFO - 1 change detected
2026-01-13 19:24:26 - watchfiles.main - INFO - 1 change detected
2026-01-13 19:24:26 - watchfiles.main - INFO - 1 change detected
2026-01-13 19:24:27 - watchfiles.main - INFO - 1 change detected
2026-01-13 19:24:27 - watchfiles.main - INFO - 1 change detected
2026-01-13 19:24:27 - watchfiles.main - INFO - 1 change detected
2026-01-13 19:24:28 - watchfiles.main - INFO - 1 change detected
2026-01-13 19:24:28 - watchfiles.main - INFO - 1 change detected
2026-01-13 19:24:29 - watchfiles.main - INFO - 1 change detected
2026-01-13 19:24:29 - watchfiles.main - INFO - 1 change detected
2026-01-13 19:24:29 - watchfiles.main - INFO - 1 change detected
2026-01-13 19:24:30 - watchfiles.main - INFO - 1 change detected
2026-01-13 19:24:30 - watchfiles.main - INFO - 1 change detected
2026-01-13 19:24:31 - watchfiles.main - INFO - 1 change detected
2026-01-13 19:24:31 - watchfiles.main - INFO - 1 change detected
2026-01-13 19:24:31 - watchfiles.main - INFO - 1 change detected
2026-01-13 19:24:32 - watchfiles.main - INFO - 1 change detected
2026-01-13 19:24:32 - watchfiles.main - INFO - 1 change detected
2026-01-13 19:24:33 - watchfiles.main - INFO - 1 change detected
2026-01-13 19:24:33 - watchfiles.main - INFO - 1 change detected
2026-01-13 19:24:34 - watchfiles.main - INFO - 1 change detected
2026-01-13 19:24:34 - watchfiles.main - INFO - 1 change detected
2026-01-13 19:24:34 - watchfiles.main - INFO - 1 change detected
2026-01-13 19:24:35 - watchfiles.main - INFO - 1 change detected
2026-01-13 19:24:35 - watchfiles.main - INFO - 1 change detected
2026-01-13 19:24:36 - watchfiles.main - INFO - 1 change detected
2026-01-13 19:24:36 - watchfiles.main - INFO - 1 change detected
2026-01-13 19:24:36 - watchfiles.main - INFO - 1 change detected
2026-01-13 19:24:37 - watchfiles.main - INFO - 1 change detected
2026-01-13 19:24:37 - watchfiles.main - INFO - 1 change detected
2026-01-13 19:24:38 - watchfiles.main - INFO - 1 change detected
2026-01-13 19:24:38 - watchfiles.main - INFO - 1 change detected
2026-01-13 19:24:38 - watchfiles.main - INFO - 1 change detected
2026-01-13 19:24:39 - watchfiles.main - INFO - 1 change detected
2026-01-13 19:24:39 - watchfiles.main - INFO - 1 change detected
2026-01-13 19:24:40 - watchfiles.main - INFO - 1 change detected
2026-01-13 19:24:40 - watchfiles.main - INFO - 1 change detected
2026-01-13 19:24:41 - watchfiles.main - INFO - 1 change detected
2026-01-13 19:24:41 - watchfiles.main - INFO - 1 change detected
2026-01-13 19:24:41 - watchfiles.main - INFO - 1 change detected
2026-01-13 19:24:42 - watchfiles.main - INFO - 1 change detected
2026-01-13 19:24:42 - watchfiles.main - INFO - 1 change detected
2026-01-13 19:24:43 - watchfiles.main - INFO - 1 change detected
2026-01-13 19:24:43 - watchfiles.main - INFO - 1 change detected
2026-01-13 19:24:43 - watchfiles.main - INFO - 1 change detected
2026-01-13 19:24:44 - watchfiles.main - INFO - 1 change detected
2026-01-13 19:24:44 - watchfiles.main - INFO - 1 change detected
2026-01-13 19:24:45 - watchfiles.main - INFO - 1 change detected
2026-01-13 19:24:45 - watchfiles.main - INFO - 1 change detected
2026-01-13 19:24:45 - watchfiles.main - INFO - 1 change detected
2026-01-13 19:24:46 - watchfiles.main - INFO - 1 change detected
2026-01-13 19:24:46 - watchfiles.main - INFO - 1 change detected
2026-01-13 19:24:47 - watchfiles.main - INFO - 1 change detected
2026-01-13 19:24:47 - watchfiles.main - INFO - 1 change detected
2026-01-13 19:24:47 - watchfiles.main - INFO - 1 change detected
2026-01-13 19:24:48 - watchfiles.main - INFO - 1 change detected
2026-01-13 19:24:48 - watchfiles.main - INFO - 1 change detected
2026-01-13 19:24:49 - watchfiles.main - INFO - 1 change detected
2026-01-13 19:24:49 - watchfiles.main - INFO - 1 change detected
2026-01-13 19:24:49 - watchfiles.main - INFO - 1 change detected
2026-01-13 19:24:50 - watchfiles.main - INFO - 1 change detected
2026-01-13 19:24:50 - watchfiles.main - INFO - 1 change detected
2026-01-13 19:24:51 - watchfiles.main - INFO - 1 change detected
2026-01-13 19:24:51 - watchfiles.main - INFO - 1 change detected
2026-01-13 19:24:51 - watchfiles.main - INFO - 1 change detected
2026-01-13 19:24:52 - watchfiles.main - INFO - 1 change detected
2026-01-13 19:24:52 - watchfiles.main - INFO - 1 change detected
2026-01-13 19:24:53 - watchfiles.main - INFO - 1 change detected
2026-01-13 19:24:53 - watchfiles.main - INFO - 1 change detected
2026-01-13 19:24:54 - watchfiles.main - INFO - 1 change detected
2026-01-13 19:24:54 - watchfiles.main - INFO - 1 change detected
2026-01-13 19:24:54 - watchfiles.main - INFO - 1 change detected
2026-01-13 19:24:55 - watchfiles.main - INFO - 1 change detected
2026-01-13 19:24:55 - watchfiles.main - INFO - 1 change detected
2026-01-13 19:24:56 - watchfiles.main - INFO - 1 change detected
2026-01-13 19:24:56 - watchfiles.main - INFO - 1 change detected
2026-01-13 19:24:56 - watchfiles.main - INFO - 1 change detected
2026-01-13 19:24:57 - watchfiles.main - INFO - 1 change detected
2026-01-13 19:24:57 - watchfiles.main - INFO - 1 change detected
2026-01-13 19:24:58 - watchfiles.main - INFO - 1 change detected
2026-01-13 19:24:58 - watchfiles.main - INFO - 1 change detected
2026-01-13 19:24:58 - watchfiles.main - INFO - 1 change detected
2026-01-13 19:24:59 - watchfiles.main - INFO - 1 change detected
2026-01-13 19:24:59 - watchfiles.main - INFO - 1 change detected
2026-01-13 19:25:00 - watchfiles.main - INFO - 1 change detected
2026-01-13 19:25:00 - watchfiles.main - INFO - 1 change detected
2026-01-13 19:25:00 - watchfiles.main - INFO - 1 change detected
2026-01-13 19:25:01 - watchfiles.main - INFO - 1 change detected
2026-01-13 19:25:01 - watchfiles.main - INFO - 1 change detected
2026-01-13 19:25:02 - watchfiles.main - INFO - 1 change detected
2026-01-13 19:25:02 - watchfiles.main - INFO - 1 change detected
2026-01-13 19:25:03 - watchfiles.main - INFO - 1 change detected
2026-01-13 19:25:03 - watchfiles.main - INFO - 1 change detected
2026-01-13 19:25:03 - watchfiles.main - INFO - 1 change detected
2026-01-13 19:25:04 - watchfiles.main - INFO - 1 change detected
2026-01-13 19:25:04 - watchfiles.main - INFO - 1 change detected
2026-01-13 19:25:05 - watchfiles.main - INFO - 1 change detected
2026-01-13 19:25:05 - watchfiles.main - INFO - 1 change detected
2026-01-13 19:25:05 - watchfiles.main - INFO - 1 change detected
2026-01-13 19:25:06 - watchfiles.main - INFO - 1 change detected
2026-01-13 19:25:06 - watchfiles.main - INFO - 1 change detected
2026-01-13 19:25:07 - watchfiles.main - INFO - 1 change detected
2026-01-13 19:25:07 - watchfiles.main - INFO - 1 change detected
2026-01-13 19:25:07 - watchfiles.main - INFO - 1 change detected
2026-01-13 19:25:08 - watchfiles.main - INFO - 1 change detected
2026-01-13 19:25:08 - watchfiles.main - INFO - 1 change detected
2026-01-13 19:25:09 - watchfiles.main - INFO - 1 change detected
2026-01-13 19:25:09 - watchfiles.main - INFO - 1 change detected
2026-01-13 19:25:09 - watchfiles.main - INFO - 1 change detected
2026-01-13 19:25:10 - watchfiles.main - INFO - 1 change detected
2026-01-13 19:25:10 - watchfiles.main - INFO - 1 change detected
2026-01-13 19:25:11 - watchfiles.main - INFO - 1 change detected
2026-01-13 19:25:11 - watchfiles.main - INFO - 1 change detected
2026-01-13 19:25:11 - watchfiles.main - INFO - 1 change detected
2026-01-13 19:25:12 - watchfiles.main - INFO - 1 change detected
2026-01-13 19:25:12 - watchfiles.main - INFO - 1 change detected
2026-01-13 19:25:13 - watchfiles.main - INFO - 1 change detected
2026-01-13 19:25:13 - watchfiles.main - INFO - 1 change detected
2026-01-13 19:25:14 - watchfiles.main - INFO - 1 change detected
2026-01-13 19:25:14 - watchfiles.main - INFO - 1 change detected
2026-01-13 19:25:14 - watchfiles.main - INFO - 1 change detected
2026-01-13 19:25:15 - watchfiles.main - INFO - 1 change detected
2026-01-13 19:25:15 - watchfiles.main - INFO - 1 change detected
2026-01-13 19:25:16 - watchfiles.main - INFO - 1 change detected
2026-01-13 19:25:16 - watchfiles.main - INFO - 1 change detected
2026-01-13 19:25:16 - watchfiles.main - INFO - 1 change detected
2026-01-13 19:25:17 - watchfiles.main - INFO - 1 change detected
2026-01-13 19:25:17 - watchfiles.main - INFO - 1 change detected
2026-01-13 19:25:18 - watchfiles.main - INFO - 1 change detected
2026-01-13 19:25:18 - watchfiles.main - INFO - 1 change detected
2026-01-13 19:25:18 - watchfiles.main - INFO - 1 change detected
2026-01-13 19:25:19 - watchfiles.main - INFO - 1 change detected
2026-01-13 19:25:19 - watchfiles.main - INFO - 1 change detected
2026-01-13 19:25:20 - watchfiles.main - INFO - 1 change detected
2026-01-13 19:25:20 - watchfiles.main - INFO - 1 change detected
2026-01-13 19:25:20 - watchfiles.main - INFO - 1 change detected
2026-01-13 19:25:21 - watchfiles.main - INFO - 1 change detected
2026-01-13 19:25:21 - watchfiles.main - INFO - 1 change detected
2026-01-13 19:25:22 - watchfiles.main - INFO - 1 change detected
2026-01-13 19:25:22 - watchfiles.main - INFO - 1 change detected
2026-01-13 19:25:22 - watchfiles.main - INFO - 1 change detected
2026-01-13 19:25:23 - watchfiles.main - INFO - 1 change detected
2026-01-13 19:25:23 - watchfiles.main - INFO - 1 change detected
2026-01-13 19:25:24 - watchfiles.main - INFO - 1 change detected
2026-01-13 19:25:24 - watchfiles.main - INFO - 1 change detected
2026-01-13 19:25:24 - watchfiles.main - INFO - 1 change detected
2026-01-13 19:25:25 - watchfiles.main - INFO - 1 change detected
2026-01-13 19:25:25 - watchfiles.main - INFO - 1 change detected
2026-01-13 19:25:26 - watchfiles.main - INFO - 1 change detected
2026-01-13 19:25:26 - watchfiles.main - INFO - 1 change detected
2026-01-13 19:25:26 - watchfiles.main - INFO - 1 change detected
2026-01-13 19:25:27 - watchfiles.main - INFO - 1 change detected
2026-01-13 19:25:27 - watchfiles.main - INFO - 1 change detected
2026-01-13 19:25:28 - watchfiles.main - INFO - 1 change detected
2026-01-13 19:25:28 - watchfiles.main - INFO - 1 change detected
2026-01-13 19:25:28 - watchfiles.main - INFO - 1 change detected
2026-01-13 19:25:29 - watchfiles.main - INFO - 1 change detected
2026-01-13 19:25:29 - watchfiles.main - INFO - 1 change detected
2026-01-13 19:25:30 - watchfiles.main - INFO - 1 change detected
2026-01-13 19:25:30 - watchfiles.main - INFO - 1 change detected
2026-01-13 19:25:31 - watchfiles.main - INFO - 1 change detected
2026-01-13 19:25:31 - watchfiles.main - INFO - 1 change detected
2026-01-13 19:25:31 - watchfiles.main - INFO - 1 change detected
2026-01-13 19:25:32 - watchfiles.main - INFO - 1 change detected
2026-01-13 19:25:32 - watchfiles.main - INFO - 1 change detected
2026-01-13 19:25:33 - watchfiles.main - INFO - 1 change detected
2026-01-13 19:25:33 - watchfiles.main - INFO - 1 change detected
2026-01-13 19:25:33 - watchfiles.main - INFO - 1 change detected
2026-01-13 19:25:34 - watchfiles.main - INFO - 1 change detected
2026-01-13 19:25:34 - watchfiles.main - INFO - 1 change detected
2026-01-13 19:25:35 - watchfiles.main - INFO - 1 change detected
2026-01-13 19:25:35 - watchfiles.main - INFO - 1 change detected
2026-01-13 19:25:35 - watchfiles.main - INFO - 1 change detected
2026-01-13 19:25:36 - watchfiles.main - INFO - 1 change detected
2026-01-13 19:25:36 - watchfiles.main - INFO - 1 change detected
2026-01-13 19:25:37 - watchfiles.main - INFO - 1 change detected
2026-01-13 19:25:37 - watchfiles.main - INFO - 1 change detected
2026-01-13 19:25:37 - watchfiles.main - INFO - 1 change detected
2026-01-13 19:25:38 - watchfiles.main - INFO - 1 change detected
2026-01-13 19:25:38 - watchfiles.main - INFO - 1 change detected
2026-01-13 19:25:39 - watchfiles.main - INFO - 1 change detected
2026-01-13 19:25:39 - watchfiles.main - INFO - 1 change detected
2026-01-13 19:25:39 - watchfiles.main - INFO - 1 change detected
2026-01-13 19:25:40 - watchfiles.main - INFO - 1 change detected
2026-01-13 19:25:40 - watchfiles.main - INFO - 1 change detected
2026-01-13 19:25:41 - watchfiles.main - INFO - 1 change detected
2026-01-13 19:25:41 - watchfiles.main - INFO - 1 change detected
2026-01-13 19:25:41 - watchfiles.main - INFO - 1 change detected
2026-01-13 19:25:42 - watchfiles.main - INFO - 1 change detected
2026-01-13 19:25:42 - watchfiles.main - INFO - 1 change detected
2026-01-13 19:25:43 - watchfiles.main - INFO - 1 change detected
2026-01-13 19:25:43 - watchfiles.main - INFO - 1 change detected
2026-01-13 19:25:43 - watchfiles.main - INFO - 1 change detected
2026-01-13 19:25:44 - watchfiles.main - INFO - 1 change detected
2026-01-13 19:25:44 - watchfiles.main - INFO - 1 change detected
2026-01-13 19:25:45 - watchfiles.main - INFO - 1 change detected
2026-01-13 19:25:45 - watchfiles.main - INFO - 1 change detected
2026-01-13 19:25:45 - watchfiles.main - INFO - 1 change detected
2026-01-13 19:25:46 - watchfiles.main - INFO - 1 change detected
2026-01-13 19:25:46 - watchfiles.main - INFO - 1 change detected
2026-01-13 19:25:47 - watchfiles.main - INFO - 1 change detected
2026-01-13 19:25:47 - watchfiles.main - INFO - 1 change detected
2026-01-13 19:25:47 - watchfiles.main - INFO - 1 change detected
2026-01-13 19:25:48 - watchfiles.main - INFO - 1 change detected
2026-01-13 19:25:48 - watchfiles.main - INFO - 1 change detected
2026-01-13 19:25:49 - watchfiles.main - INFO - 1 change detected
2026-01-13 19:25:49 - watchfiles.main - INFO - 1 change detected
2026-01-13 19:25:49 - watchfiles.main - INFO - 1 change detected
2026-01-13 19:25:50 - watchfiles.main - INFO - 1 change detected
2026-01-13 19:25:50 - watchfiles.main - INFO - 1 change detected
2026-01-13 19:25:51 - watchfiles.main - INFO - 1 change detected
2026-01-13 19:25:51 - watchfiles.main - INFO - 1 change detected
2026-01-13 19:25:51 - watchfiles.main - INFO - 1 change detected
2026-01-13 19:25:52 - watchfiles.main - INFO - 1 change detected
2026-01-13 19:25:52 - watchfiles.main - INFO - 1 change detected
2026-01-13 19:25:53 - watchfiles.main - INFO - 1 change detected
2026-01-13 19:25:53 - watchfiles.main - INFO - 1 change detected
2026-01-13 19:25:54 - watchfiles.main - INFO - 1 change detected
2026-01-13 19:25:54 - watchfiles.main - INFO - 1 change detected
2026-01-13 19:25:54 - watchfiles.main - INFO - 1 change detected
2026-01-13 19:25:55 - watchfiles.main - INFO - 1 change detected
2026-01-13 19:25:55 - watchfiles.main - INFO - 1 change detected
2026-01-13 19:25:56 - watchfiles.main - INFO - 1 change detected
2026-01-13 19:25:56 - watchfiles.main - INFO - 1 change detected
2026-01-13 19:25:56 - watchfiles.main - INFO - 1 change detected
2026-01-13 19:25:57 - watchfiles.main - INFO - 1 change detected
2026-01-13 19:25:57 - watchfiles.main - INFO - 1 change detected
2026-01-13 19:25:58 - watchfiles.main - INFO - 1 change detected
2026-01-13 19:25:58 - watchfiles.main - INFO - 1 change detected
2026-01-13 19:25:58 - watchfiles.main - INFO - 1 change detected
2026-01-13 19:25:59 - watchfiles.main - INFO - 1 change detected
2026-01-13 19:25:59 - watchfiles.main - INFO - 1 change detected
2026-01-13 19:26:00 - watchfiles.main - INFO - 1 change detected
2026-01-13 19:26:00 - watchfiles.main - INFO - 1 change detected
2026-01-13 19:26:01 - watchfiles.main - INFO - 1 change detected
2026-01-13 19:26:01 - watchfiles.main - INFO - 1 change detected
2026-01-13 19:26:01 - watchfiles.main - INFO - 1 change detected
2026-01-13 19:26:02 - watchfiles.main - INFO - 1 change detected
2026-01-13 19:26:02 - watchfiles.main - INFO - 1 change detected
2026-01-13 19:26:03 - watchfiles.main - INFO - 1 change detected
2026-01-13 19:26:03 - watchfiles.main - INFO - 1 change detected
2026-01-13 19:26:03 - watchfiles.main - INFO - 1 change detected
2026-01-13 19:26:04 - watchfiles.main - INFO - 1 change detected
2026-01-13 19:26:04 - watchfiles.main - INFO - 1 change detected
2026-01-13 19:26:05 - watchfiles.main - INFO - 1 change detected
2026-01-13 19:26:05 - watchfiles.main - INFO - 1 change detected
2026-01-13 19:26:05 - watchfiles.main - INFO - 1 change detected
2026-01-13 19:26:06 - watchfiles.main - INFO - 1 change detected
2026-01-13 19:26:06 - watchfiles.main - INFO - 1 change detected
2026-01-13 19:26:07 - watchfiles.main - INFO - 1 change detected
2026-01-13 19:26:07 - watchfiles.main - INFO - 1 change detected
2026-01-13 19:26:07 - watchfiles.main - INFO - 1 change detected
2026-01-13 19:26:08 - watchfiles.main - INFO - 1 change detected
2026-01-13 19:26:08 - watchfiles.main - INFO - 1 change detected
2026-01-13 19:26:09 - watchfiles.main - INFO - 1 change detected
2026-01-13 19:26:09 - watchfiles.main - INFO - 1 change detected
2026-01-13 19:26:09 - watchfiles.main - INFO - 1 change detected
2026-01-13 19:26:10 - watchfiles.main - INFO - 1 change detected
2026-01-13 19:26:10 - watchfiles.main - INFO - 1 change detected
2026-01-13 19:26:11 - watchfiles.main - INFO - 1 change detected
2026-01-13 19:26:11 - watchfiles.main - INFO - 1 change detected
2026-01-13 19:26:11 - watchfiles.main - INFO - 1 change detected
2026-01-13 19:26:12 - watchfiles.main - INFO - 1 change detected
2026-01-13 19:26:12 - watchfiles.main - INFO - 1 change detected
2026-01-13 19:26:13 - watchfiles.main - INFO - 1 change detected
2026-01-13 19:26:13 - watchfiles.main - INFO - 1 change detected
2026-01-13 19:26:14 - watchfiles.main - INFO - 1 change detected
2026-01-13 19:26:14 - watchfiles.main - INFO - 1 change detected
2026-01-13 19:26:14 - watchfiles.main - INFO - 1 change detected
2026-01-13 19:26:15 - watchfiles.main - INFO - 1 change detected
2026-01-13 19:26:15 - watchfiles.main - INFO - 1 change detected
2026-01-13 19:26:16 - watchfiles.main - INFO - 1 change detected
2026-01-13 19:26:16 - watchfiles.main - INFO - 1 change detected
2026-01-13 19:26:16 - watchfiles.main - INFO - 1 change detected
2026-01-13 19:26:17 - watchfiles.main - INFO - 1 change detected
2026-01-13 19:26:17 - watchfiles.main - INFO - 1 change detected
2026-01-13 19:26:18 - watchfiles.main - INFO - 1 change detected
2026-01-13 19:26:18 - watchfiles.main - INFO - 1 change detected
2026-01-13 19:26:18 - watchfiles.main - INFO - 1 change detected
2026-01-13 19:26:19 - watchfiles.main - INFO - 1 change detected
2026-01-13 19:26:19 - watchfiles.main - INFO - 1 change detected
2026-01-13 19:26:20 - watchfiles.main - INFO - 1 change detected
2026-01-13 19:26:20 - watchfiles.main - INFO - 1 change detected
2026-01-13 19:26:20 - watchfiles.main - INFO - 1 change detected
2026-01-13 19:26:21 - watchfiles.main - INFO - 1 change detected
2026-01-13 19:26:21 - watchfiles.main - INFO - 1 change detected
2026-01-13 19:26:22 - watchfiles.main - INFO - 1 change detected
2026-01-13 19:26:22 - watchfiles.main - INFO - 1 change detected
2026-01-13 19:26:22 - watchfiles.main - INFO - 1 change detected
2026-01-13 19:26:23 - watchfiles.main - INFO - 1 change detected
2026-01-13 19:26:23 - watchfiles.main - INFO - 1 change detected
2026-01-13 19:26:24 - watchfiles.main - INFO - 1 change detected
2026-01-13 19:26:24 - watchfiles.main - INFO - 1 change detected
2026-01-13 19:26:25 - watchfiles.main - INFO - 1 change detected
2026-01-13 19:26:25 - watchfiles.main - INFO - 1 change detected
2026-01-13 19:26:25 - watchfiles.main - INFO - 1 change detected
2026-01-13 19:26:26 - watchfiles.main - INFO - 1 change detected
2026-01-13 19:26:26 - watchfiles.main - INFO - 1 change detected
2026-01-13 19:26:27 - watchfiles.main - INFO - 1 change detected
2026-01-13 19:26:27 - watchfiles.main - INFO - 1 change detected
2026-01-13 19:26:27 - watchfiles.main - INFO - 1 change detected
2026-01-13 19:26:28 - watchfiles.main - INFO - 1 change detected
2026-01-13 19:26:28 - watchfiles.main - INFO - 1 change detected
2026-01-13 19:26:29 - watchfiles.main - INFO - 1 change detected
2026-01-13 19:26:29 - watchfiles.main - INFO - 1 change detected
2026-01-13 19:26:29 - watchfiles.main - INFO - 1 change detected
2026-01-13 19:26:30 - watchfiles.main - INFO - 1 change detected
2026-01-13 19:26:30 - watchfiles.main - INFO - 1 change detected
2026-01-13 19:26:31 - watchfiles.main - INFO - 1 change detected
2026-01-13 19:26:31 - watchfiles.main - INFO - 1 change detected
2026-01-13 19:26:32 - watchfiles.main - INFO - 1 change detected
2026-01-13 19:26:32 - watchfiles.main - INFO - 1 change detected
2026-01-13 19:26:32 - watchfiles.main - INFO - 1 change detected
2026-01-13 19:26:33 - watchfiles.main - INFO - 1 change detected
2026-01-13 19:26:33 - watchfiles.main - INFO - 1 change detected
2026-01-13 19:26:33 - watchfiles.main - INFO - 1 change detected
2026-01-13 19:26:34 - watchfiles.main - INFO - 1 change detected
2026-01-13 19:26:34 - watchfiles.main - INFO - 1 change detected
2026-01-13 19:26:35 - watchfiles.main - INFO - 1 change detected
2026-01-13 19:26:35 - watchfiles.main - INFO - 1 change detected
2026-01-13 19:26:35 - watchfiles.main - INFO - 1 change detected
2026-01-13 19:26:36 - watchfiles.main - INFO - 1 change detected
2026-01-13 19:26:36 - watchfiles.main - INFO - 1 change detected
2026-01-13 19:26:37 - watchfiles.main - INFO - 1 change detected
2026-01-13 19:26:37 - watchfiles.main - INFO - 1 change detected
2026-01-13 19:26:38 - watchfiles.main - INFO - 1 change detected
2026-01-13 19:26:38 - watchfiles.main - INFO - 1 change detected
2026-01-13 19:26:38 - watchfiles.main - INFO - 1 change detected
2026-01-13 19:26:39 - watchfiles.main - INFO - 1 change detected
2026-01-13 19:26:39 - watchfiles.main - INFO - 1 change detected
2026-01-13 19:26:40 - watchfiles.main - INFO - 1 change detected
2026-01-13 19:26:40 - watchfiles.main - INFO - 1 change detected
2026-01-13 19:26:40 - watchfiles.main - INFO - 1 change detected
2026-01-13 19:26:41 - watchfiles.main - INFO - 1 change detected
2026-01-13 19:26:41 - watchfiles.main - INFO - 1 change detected
2026-01-13 19:26:42 - watchfiles.main - INFO - 1 change detected
2026-01-13 19:26:42 - watchfiles.main - INFO - 1 change detected
2026-01-13 19:26:42 - watchfiles.main - INFO - 1 change detected
2026-01-13 19:26:43 - watchfiles.main - INFO - 1 change detected
2026-01-13 19:26:43 - watchfiles.main - INFO - 1 change detected
2026-01-13 19:26:44 - watchfiles.main - INFO - 1 change detected
2026-01-13 19:26:44 - watchfiles.main - INFO - 1 change detected
2026-01-13 19:26:44 - watchfiles.main - INFO - 1 change detected
2026-01-13 19:26:45 - watchfiles.main - INFO - 1 change detected
2026-01-13 19:26:45 - watchfiles.main - INFO - 1 change detected
2026-01-13 19:26:46 - watchfiles.main - INFO - 1 change detected
2026-01-13 19:26:46 - watchfiles.main - INFO - 1 change detected
2026-01-13 19:26:46 - watchfiles.main - INFO - 1 change detected
2026-01-13 19:26:47 - watchfiles.main - INFO - 1 change detected
2026-01-13 19:26:47 - watchfiles.main - INFO - 1 change detected
2026-01-13 19:26:48 - watchfiles.main - INFO - 1 change detected
2026-01-13 19:26:48 - watchfiles.main - INFO - 1 change detected
2026-01-13 19:26:48 - watchfiles.main - INFO - 1 change detected
2026-01-13 19:26:49 - watchfiles.main - INFO - 1 change detected
2026-01-13 19:26:49 - watchfiles.main - INFO - 1 change detected
2026-01-13 19:26:50 - watchfiles.main - INFO - 1 change detected
2026-01-13 19:26:50 - watchfiles.main - INFO - 1 change detected
2026-01-13 19:26:51 - watchfiles.main - INFO - 1 change detected
2026-01-13 19:26:51 - watchfiles.main - INFO - 1 change detected
2026-01-13 19:26:51 - watchfiles.main - INFO - 1 change detected
2026-01-13 19:26:52 - watchfiles.main - INFO - 1 change detected
2026-01-13 19:26:52 - watchfiles.main - INFO - 1 change detected
2026-01-13 19:26:53 - watchfiles.main - INFO - 1 change detected
2026-01-13 19:26:53 - watchfiles.main - INFO - 1 change detected
2026-01-13 19:26:53 - watchfiles.main - INFO - 1 change detected
2026-01-13 19:26:54 - watchfiles.main - INFO - 1 change detected
2026-01-13 19:26:54 - watchfiles.main - INFO - 1 change detected
2026-01-13 19:26:55 - watchfiles.main - INFO - 1 change detected
2026-01-13 19:26:55 - watchfiles.main - INFO - 1 change detected
2026-01-13 19:26:55 - watchfiles.main - INFO - 1 change detected
2026-01-13 19:26:56 - watchfiles.main - INFO - 1 change detected
2026-01-13 19:26:56 - watchfiles.main - INFO - 1 change detected
2026-01-13 19:26:57 - watchfiles.main - INFO - 1 change detected
2026-01-13 19:26:57 - watchfiles.main - INFO - 1 change detected
2026-01-13 19:26:57 - watchfiles.main - INFO - 1 change detected
2026-01-13 19:26:58 - watchfiles.main - INFO - 1 change detected
2026-01-13 19:26:58 - watchfiles.main - INFO - 1 change detected
2026-01-13 19:26:59 - watchfiles.main - INFO - 1 change detected
2026-01-13 19:26:59 - watchfiles.main - INFO - 1 change detected
2026-01-13 19:27:00 - watchfiles.main - INFO - 1 change detected
2026-01-13 19:27:00 - watchfiles.main - INFO - 1 change detected
2026-01-13 19:27:00 - watchfiles.main - INFO - 1 change detected
2026-01-13 19:27:01 - watchfiles.main - INFO - 1 change detected
2026-01-13 19:27:01 - watchfiles.main - INFO - 1 change detected
2026-01-13 19:27:02 - watchfiles.main - INFO - 1 change detected
2026-01-13 19:27:02 - watchfiles.main - INFO - 1 change detected
2026-01-13 19:27:02 - watchfiles.main - INFO - 1 change detected
2026-01-13 19:27:03 - watchfiles.main - INFO - 1 change detected
2026-01-13 19:27:03 - watchfiles.main - INFO - 1 change detected
2026-01-13 19:27:04 - watchfiles.main - INFO - 1 change detected
2026-01-13 19:27:04 - watchfiles.main - INFO - 1 change detected
2026-01-13 19:27:04 - watchfiles.main - INFO - 1 change detected
2026-01-13 19:27:05 - watchfiles.main - INFO - 1 change detected
2026-01-13 19:27:05 - watchfiles.main - INFO - 1 change detected
2026-01-13 19:27:06 - watchfiles.main - INFO - 1 change detected
2026-01-13 19:27:06 - watchfiles.main - INFO - 1 change detected
2026-01-13 19:27:06 - watchfiles.main - INFO - 1 change detected
2026-01-13 19:27:07 - watchfiles.main - INFO - 1 change detected
2026-01-13 19:27:07 - watchfiles.main - INFO - 1 change detected
2026-01-13 19:27:08 - watchfiles.main - INFO - 1 change detected
2026-01-13 19:27:08 - watchfiles.main - INFO - 1 change detected
2026-01-13 19:27:09 - watchfiles.main - INFO - 1 change detected
2026-01-13 19:27:09 - watchfiles.main - INFO - 1 change detected
2026-01-13 19:27:09 - watchfiles.main - INFO - 1 change detected
2026-01-13 19:27:10 - watchfiles.main - INFO - 1 change detected
2026-01-13 19:27:10 - watchfiles.main - INFO - 1 change detected
2026-01-13 19:27:11 - watchfiles.main - INFO - 1 change detected
2026-01-13 19:27:11 - watchfiles.main - INFO - 1 change detected
2026-01-13 19:27:11 - watchfiles.main - INFO - 1 change detected
2026-01-13 19:27:12 - watchfiles.main - INFO - 1 change detected
2026-01-13 19:27:12 - watchfiles.main - INFO - 1 change detected
2026-01-13 19:27:13 - watchfiles.main - INFO - 1 change detected
2026-01-13 19:27:13 - watchfiles.main - INFO - 1 change detected
2026-01-13 19:27:13 - watchfiles.main - INFO - 1 change detected
2026-01-13 19:27:14 - watchfiles.main - INFO - 1 change detected
2026-01-13 19:27:14 - watchfiles.main - INFO - 1 change detected
2026-01-13 19:27:15 - watchfiles.main - INFO - 1 change detected
2026-01-13 19:27:15 - watchfiles.main - INFO - 1 change detected
2026-01-13 19:27:15 - watchfiles.main - INFO - 1 change detected
2026-01-13 19:27:16 - watchfiles.main - INFO - 1 change detected
2026-01-13 19:27:16 - watchfiles.main - INFO - 1 change detected
2026-01-13 19:27:17 - watchfiles.main - INFO - 1 change detected
2026-01-13 19:27:17 - watchfiles.main - INFO - 1 change detected
2026-01-13 19:27:17 - watchfiles.main - INFO - 1 change detected
2026-01-13 19:27:18 - watchfiles.main - INFO - 1 change detected
2026-01-13 19:27:18 - watchfiles.main - INFO - 1 change detected
2026-01-13 19:27:19 - watchfiles.main - INFO - 1 change detected
2026-01-13 19:27:19 - watchfiles.main - INFO - 1 change detected
2026-01-13 19:27:19 - watchfiles.main - INFO - 1 change detected
2026-01-13 19:27:20 - watchfiles.main - INFO - 1 change detected
2026-01-13 19:27:20 - watchfiles.main - INFO - 1 change detected
2026-01-13 19:27:21 - watchfiles.main - INFO - 1 change detected
2026-01-13 19:27:21 - watchfiles.main - INFO - 1 change detected
2026-01-13 19:27:21 - watchfiles.main - INFO - 1 change detected
2026-01-13 19:27:22 - watchfiles.main - INFO - 1 change detected
2026-01-13 19:27:22 - watchfiles.main - INFO - 1 change detected
2026-01-13 19:27:23 - watchfiles.main - INFO - 1 change detected
2026-01-13 19:27:23 - watchfiles.main - INFO - 1 change detected
2026-01-13 19:27:24 - watchfiles.main - INFO - 1 change detected
2026-01-13 19:27:24 - watchfiles.main - INFO - 1 change detected
2026-01-13 19:27:24 - watchfiles.main - INFO - 1 change detected
2026-01-13 19:27:25 - watchfiles.main - INFO - 1 change detected
2026-01-13 19:27:25 - watchfiles.main - INFO - 1 change detected
2026-01-13 19:27:26 - watchfiles.main - INFO - 1 change detected
2026-01-13 19:27:26 - watchfiles.main - INFO - 1 change detected
2026-01-13 19:27:26 - watchfiles.main - INFO - 1 change detected
2026-01-13 19:27:27 - watchfiles.main - INFO - 1 change detected
2026-01-13 19:27:27 - watchfiles.main - INFO - 1 change detected
2026-01-13 19:27:28 - watchfiles.main - INFO - 1 change detected
2026-01-13 19:27:28 - watchfiles.main - INFO - 1 change detected
2026-01-13 19:27:28 - watchfiles.main - INFO - 1 change detected
2026-01-13 19:27:29 - watchfiles.main - INFO - 1 change detected
2026-01-13 19:27:29 - watchfiles.main - INFO - 1 change detected
2026-01-13 19:27:30 - watchfiles.main - INFO - 1 change detected
2026-01-13 19:27:30 - watchfiles.main - INFO - 1 change detected
2026-01-13 19:27:30 - watchfiles.main - INFO - 1 change detected
2026-01-13 19:27:31 - watchfiles.main - INFO - 1 change detected
2026-01-13 19:27:31 - watchfiles.main - INFO - 1 change detected
2026-01-13 19:27:32 - watchfiles.main - INFO - 1 change detected
2026-01-13 19:27:32 - watchfiles.main - INFO - 1 change detected
2026-01-13 19:27:32 - watchfiles.main - INFO - 1 change detected
2026-01-13 19:27:33 - watchfiles.main - INFO - 1 change detected
2026-01-13 19:27:33 - watchfiles.main - INFO - 1 change detected
2026-01-13 19:27:34 - watchfiles.main - INFO - 1 change detected
2026-01-13 19:27:34 - watchfiles.main - INFO - 1 change detected
2026-01-13 19:27:35 - watchfiles.main - INFO - 1 change detected
2026-01-13 19:27:35 - watchfiles.main - INFO - 1 change detected
2026-01-13 19:27:35 - watchfiles.main - INFO - 1 change detected
2026-01-13 19:27:36 - watchfiles.main - INFO - 1 change detected
2026-01-13 19:27:36 - watchfiles.main - INFO - 1 change detected
2026-01-13 19:27:36 - watchfiles.main - INFO - 1 change detected
2026-01-13 19:27:37 - watchfiles.main - INFO - 1 change detected
2026-01-13 19:27:37 - watchfiles.main - INFO - 1 change detected
2026-01-13 19:27:38 - watchfiles.main - INFO - 1 change detected
2026-01-13 19:27:38 - watchfiles.main - INFO - 1 change detected
2026-01-13 19:27:38 - watchfiles.main - INFO - 1 change detected
2026-01-13 19:27:39 - watchfiles.main - INFO - 1 change detected
2026-01-13 19:27:39 - watchfiles.main - INFO - 1 change detected
2026-01-13 19:27:40 - watchfiles.main - INFO - 1 change detected
2026-01-13 19:27:40 - watchfiles.main - INFO - 1 change detected
2026-01-13 19:27:41 - watchfiles.main - INFO - 1 change detected
2026-01-13 19:27:41 - watchfiles.main - INFO - 1 change detected
2026-01-13 19:27:41 - watchfiles.main - INFO - 1 change detected
2026-01-13 19:27:42 - watchfiles.main - INFO - 1 change detected
2026-01-13 19:27:42 - watchfiles.main - INFO - 1 change detected
2026-01-13 19:27:43 - watchfiles.main - INFO - 1 change detected
2026-01-13 19:27:43 - watchfiles.main - INFO - 1 change detected
2026-01-13 19:27:43 - watchfiles.main - INFO - 1 change detected
2026-01-13 19:27:44 - watchfiles.main - INFO - 1 change detected
2026-01-13 19:27:44 - watchfiles.main - INFO - 1 change detected
2026-01-13 19:27:45 - watchfiles.main - INFO - 1 change detected
2026-01-13 19:27:45 - watchfiles.main - INFO - 1 change detected
2026-01-13 19:27:45 - watchfiles.main - INFO - 1 change detected
2026-01-13 19:27:46 - watchfiles.main - INFO - 1 change detected
2026-01-13 19:27:46 - watchfiles.main - INFO - 1 change detected
2026-01-13 19:27:47 - watchfiles.main - INFO - 1 change detected
2026-01-13 19:27:47 - watchfiles.main - INFO - 1 change detected
2026-01-13 19:27:47 - watchfiles.main - INFO - 1 change detected
2026-01-13 19:27:48 - watchfiles.main - INFO - 1 change detected
2026-01-13 19:27:48 - watchfiles.main - INFO - 1 change detected
2026-01-13 19:27:49 - watchfiles.main - INFO - 1 change detected
2026-01-13 19:27:49 - watchfiles.main - INFO - 1 change detected
2026-01-13 19:27:49 - watchfiles.main - INFO - 1 change detected
2026-01-13 19:27:50 - watchfiles.main - INFO - 1 change detected
2026-01-13 19:27:50 - watchfiles.main - INFO - 1 change detected
2026-01-13 19:27:51 - watchfiles.main - INFO - 1 change detected
2026-01-13 19:27:51 - watchfiles.main - INFO - 1 change detected
2026-01-13 19:27:52 - watchfiles.main - INFO - 1 change detected
2026-01-13 19:27:52 - watchfiles.main - INFO - 1 change detected
2026-01-13 19:27:52 - watchfiles.main - INFO - 1 change detected
2026-01-13 19:27:53 - watchfiles.main - INFO - 1 change detected
2026-01-13 19:27:53 - watchfiles.main - INFO - 1 change detected
2026-01-13 19:27:54 - watchfiles.main - INFO - 1 change detected
2026-01-13 19:27:54 - watchfiles.main - INFO - 1 change detected
2026-01-13 19:27:54 - watchfiles.main - INFO - 1 change detected
2026-01-13 19:27:55 - watchfiles.main - INFO - 1 change detected
2026-01-13 19:27:55 - watchfiles.main - INFO - 1 change detected
2026-01-13 19:27:56 - watchfiles.main - INFO - 1 change detected
2026-01-13 19:27:56 - watchfiles.main - INFO - 1 change detected
2026-01-13 19:27:56 - watchfiles.main - INFO - 1 change detected
2026-01-13 19:27:57 - watchfiles.main - INFO - 1 change detected
2026-01-13 19:27:57 - watchfiles.main - INFO - 1 change detected
2026-01-13 19:27:58 - watchfiles.main - INFO - 1 change detected
2026-01-13 19:27:58 - watchfiles.main - INFO - 1 change detected
2026-01-13 19:27:58 - watchfiles.main - INFO - 1 change detected
2026-01-13 19:27:59 - watchfiles.main - INFO - 1 change detected
2026-01-13 19:27:59 - watchfiles.main - INFO - 1 change detected
2026-01-13 19:28:00 - watchfiles.main - INFO - 1 change detected
2026-01-13 19:28:00 - watchfiles.main - INFO - 1 change detected
2026-01-13 19:28:00 - watchfiles.main - INFO - 1 change detected
2026-01-13 19:28:01 - watchfiles.main - INFO - 1 change detected
2026-01-13 19:28:01 - watchfiles.main - INFO - 1 change detected
2026-01-13 19:28:02 - watchfiles.main - INFO - 1 change detected
2026-01-13 19:28:02 - watchfiles.main - INFO - 1 change detected
2026-01-13 19:28:02 - watchfiles.main - INFO - 1 change detected
2026-01-13 19:28:03 - watchfiles.main - INFO - 1 change detected
2026-01-13 19:28:03 - watchfiles.main - INFO - 1 change detected
2026-01-13 19:28:04 - watchfiles.main - INFO - 1 change detected
2026-01-13 19:28:04 - watchfiles.main - INFO - 1 change detected
2026-01-13 19:28:04 - watchfiles.main - INFO - 1 change detected
2026-01-13 19:28:05 - watchfiles.main - INFO - 1 change detected
2026-01-13 19:28:05 - watchfiles.main - INFO - 1 change detected
2026-01-13 19:28:06 - watchfiles.main - INFO - 1 change detected
2026-01-13 19:28:06 - watchfiles.main - INFO - 1 change detected
2026-01-13 19:28:06 - watchfiles.main - INFO - 1 change detected
2026-01-13 19:28:07 - watchfiles.main - INFO - 1 change detected
2026-01-13 19:28:07 - watchfiles.main - INFO - 1 change detected
2026-01-13 19:28:08 - watchfiles.main - INFO - 1 change detected
2026-01-13 19:28:08 - watchfiles.main - INFO - 1 change detected
2026-01-13 19:28:08 - watchfiles.main - INFO - 1 change detected
2026-01-13 19:28:09 - watchfiles.main - INFO - 1 change detected
2026-01-13 19:28:09 - watchfiles.main - INFO - 1 change detected
2026-01-13 19:28:10 - watchfiles.main - INFO - 1 change detected
2026-01-13 19:28:10 - watchfiles.main - INFO - 1 change detected
2026-01-13 19:28:10 - watchfiles.main - INFO - 1 change detected
2026-01-13 19:28:11 - watchfiles.main - INFO - 1 change detected
2026-01-13 19:28:11 - watchfiles.main - INFO - 1 change detected
2026-01-13 19:28:12 - watchfiles.main - INFO - 1 change detected
2026-01-13 19:28:12 - watchfiles.main - INFO - 1 change detected
2026-01-13 19:28:12 - watchfiles.main - INFO - 1 change detected
2026-01-13 19:28:13 - watchfiles.main - INFO - 1 change detected
2026-01-13 19:28:13 - watchfiles.main - INFO - 1 change detected
2026-01-13 19:28:14 - watchfiles.main - INFO - 1 change detected
2026-01-13 19:28:14 - watchfiles.main - INFO - 1 change detected
2026-01-13 19:28:14 - watchfiles.main - INFO - 1 change detected
2026-01-13 19:28:15 - watchfiles.main - INFO - 1 change detected
2026-01-13 19:28:15 - watchfiles.main - INFO - 1 change detected
2026-01-13 19:28:16 - watchfiles.main - INFO - 1 change detected
2026-01-13 19:28:16 - watchfiles.main - INFO - 1 change detected
2026-01-13 19:28:17 - watchfiles.main - INFO - 1 change detected
2026-01-13 19:28:17 - watchfiles.main - INFO - 1 change detected
2026-01-13 19:28:17 - watchfiles.main - INFO - 1 change detected
2026-01-13 19:28:18 - watchfiles.main - INFO - 1 change detected
2026-01-13 19:28:18 - watchfiles.main - INFO - 1 change detected
2026-01-13 19:28:19 - watchfiles.main - INFO - 1 change detected
2026-01-13 19:28:19 - watchfiles.main - INFO - 1 change detected
2026-01-13 19:28:19 - watchfiles.main - INFO - 1 change detected
2026-01-13 19:28:20 - watchfiles.main - INFO - 1 change detected
2026-01-13 19:28:20 - watchfiles.main - INFO - 1 change detected
2026-01-13 19:28:21 - watchfiles.main - INFO - 1 change detected
2026-01-13 19:28:21 - watchfiles.main - INFO - 1 change detected
2026-01-13 19:28:21 - watchfiles.main - INFO - 1 change detected
2026-01-13 19:28:22 - watchfiles.main - INFO - 1 change detected
2026-01-13 19:28:22 - watchfiles.main - INFO - 1 change detected
2026-01-13 19:28:23 - watchfiles.main - INFO - 1 change detected
2026-01-13 19:28:23 - watchfiles.main - INFO - 1 change detected
2026-01-13 19:28:23 - watchfiles.main - INFO - 1 change detected
2026-01-13 19:28:24 - watchfiles.main - INFO - 1 change detected
2026-01-13 19:28:24 - watchfiles.main - INFO - 1 change detected
2026-01-13 19:28:25 - watchfiles.main - INFO - 1 change detected
2026-01-13 19:28:25 - watchfiles.main - INFO - 1 change detected
2026-01-13 19:28:25 - watchfiles.main - INFO - 1 change detected
2026-01-13 19:28:26 - watchfiles.main - INFO - 1 change detected
2026-01-13 19:28:26 - watchfiles.main - INFO - 1 change detected
2026-01-13 19:28:27 - watchfiles.main - INFO - 1 change detected
2026-01-13 19:28:27 - watchfiles.main - INFO - 1 change detected
2026-01-13 19:28:28 - watchfiles.main - INFO - 1 change detected
2026-01-13 19:28:28 - watchfiles.main - INFO - 1 change detected
2026-01-13 19:28:28 - watchfiles.main - INFO - 1 change detected
2026-01-13 19:28:29 - watchfiles.main - INFO - 1 change detected
2026-01-13 19:28:29 - watchfiles.main - INFO - 1 change detected
2026-01-13 19:28:30 - watchfiles.main - INFO - 1 change detected
2026-01-13 19:28:30 - watchfiles.main - INFO - 1 change detected
2026-01-13 19:28:30 - watchfiles.main - INFO - 1 change detected
2026-01-13 19:28:31 - watchfiles.main - INFO - 1 change detected
2026-01-13 19:28:31 - watchfiles.main - INFO - 1 change detected
2026-01-13 19:28:32 - watchfiles.main - INFO - 1 change detected
2026-01-13 19:28:32 - watchfiles.main - INFO - 1 change detected
2026-01-13 19:28:32 - watchfiles.main - INFO - 1 change detected
2026-01-13 19:28:33 - watchfiles.main - INFO - 1 change detected
2026-01-13 19:28:33 - watchfiles.main - INFO - 1 change detected
2026-01-13 19:28:34 - watchfiles.main - INFO - 1 change detected
2026-01-13 19:28:34 - watchfiles.main - INFO - 1 change detected
2026-01-13 19:28:35 - watchfiles.main - INFO - 1 change detected
2026-01-13 19:28:35 - watchfiles.main - INFO - 1 change detected
2026-01-13 19:28:35 - watchfiles.main - INFO - 1 change detected
2026-01-13 19:28:36 - watchfiles.main - INFO - 1 change detected
2026-01-13 19:28:36 - watchfiles.main - INFO - 1 change detected
2026-01-13 19:28:37 - watchfiles.main - INFO - 1 change detected
2026-01-13 19:28:37 - watchfiles.main - INFO - 1 change detected
2026-01-13 19:28:37 - watchfiles.main - INFO - 1 change detected
2026-01-13 19:28:38 - watchfiles.main - INFO - 1 change detected
2026-01-13 19:28:38 - watchfiles.main - INFO - 1 change detected
2026-01-13 19:28:39 - watchfiles.main - INFO - 1 change detected
2026-01-13 19:28:39 - watchfiles.main - INFO - 1 change detected
2026-01-13 19:28:39 - watchfiles.main - INFO - 1 change detected
2026-01-13 19:28:40 - watchfiles.main - INFO - 1 change detected
2026-01-13 19:28:40 - watchfiles.main - INFO - 1 change detected
2026-01-13 19:28:41 - watchfiles.main - INFO - 1 change detected
2026-01-13 19:28:41 - watchfiles.main - INFO - 1 change detected
2026-01-13 19:28:41 - watchfiles.main - INFO - 1 change detected
2026-01-13 19:28:42 - watchfiles.main - INFO - 1 change detected
2026-01-13 19:28:42 - watchfiles.main - INFO - 1 change detected
2026-01-13 19:28:43 - watchfiles.main - INFO - 1 change detected
2026-01-13 19:28:43 - watchfiles.main - INFO - 1 change detected
2026-01-13 19:28:44 - watchfiles.main - INFO - 1 change detected
2026-01-13 19:28:44 - watchfiles.main - INFO - 1 change detected
2026-01-13 19:28:44 - watchfiles.main - INFO - 1 change detected
2026-01-13 19:28:45 - watchfiles.main - INFO - 1 change detected
2026-01-13 19:28:45 - watchfiles.main - INFO - 1 change detected
2026-01-13 19:28:46 - watchfiles.main - INFO - 1 change detected
2026-01-13 19:28:46 - watchfiles.main - INFO - 1 change detected
2026-01-13 19:28:46 - watchfiles.main - INFO - 1 change detected
2026-01-13 19:28:47 - watchfiles.main - INFO - 1 change detected
2026-01-13 19:28:47 - watchfiles.main - INFO - 1 change detected
2026-01-13 19:28:48 - watchfiles.main - INFO - 1 change detected
2026-01-13 19:28:48 - watchfiles.main - INFO - 1 change detected
2026-01-13 19:28:48 - watchfiles.main - INFO - 1 change detected
2026-01-13 19:28:49 - watchfiles.main - INFO - 1 change detected
2026-01-13 19:28:49 - watchfiles.main - INFO - 1 change detected
2026-01-13 19:28:50 - watchfiles.main - INFO - 1 change detected
2026-01-13 19:28:50 - watchfiles.main - INFO - 1 change detected
2026-01-13 19:28:51 - watchfiles.main - INFO - 1 change detected
2026-01-13 19:28:51 - watchfiles.main - INFO - 1 change detected
2026-01-13 19:28:51 - watchfiles.main - INFO - 1 change detected
2026-01-13 19:28:52 - watchfiles.main - INFO - 1 change detected
2026-01-13 19:28:52 - watchfiles.main - INFO - 1 change detected
2026-01-13 19:28:53 - watchfiles.main - INFO - 1 change detected
2026-01-13 19:28:53 - watchfiles.main - INFO - 1 change detected
2026-01-13 19:28:53 - watchfiles.main - INFO - 1 change detected
2026-01-13 19:28:54 - watchfiles.main - INFO - 1 change detected
2026-01-13 19:28:54 - watchfiles.main - INFO - 1 change detected
2026-01-13 19:28:55 - watchfiles.main - INFO - 1 change detected
2026-01-13 19:28:55 - watchfiles.main - INFO - 1 change detected
2026-01-13 19:28:55 - watchfiles.main - INFO - 1 change detected
2026-01-13 19:28:56 - watchfiles.main - INFO - 1 change detected
2026-01-13 19:28:56 - watchfiles.main - INFO - 1 change detected
2026-01-13 19:28:57 - watchfiles.main - INFO - 1 change detected
2026-01-13 19:28:57 - watchfiles.main - INFO - 1 change detected
2026-01-13 19:28:57 - watchfiles.main - INFO - 1 change detected
2026-01-13 19:28:58 - watchfiles.main - INFO - 1 change detected
2026-01-13 19:28:58 - watchfiles.main - INFO - 1 change detected
2026-01-13 19:28:59 - watchfiles.main - INFO - 1 change detected
2026-01-13 19:28:59 - watchfiles.main - INFO - 1 change detected
2026-01-13 19:28:59 - watchfiles.main - INFO - 1 change detected
2026-01-13 19:29:00 - watchfiles.main - INFO - 1 change detected
2026-01-13 19:29:00 - watchfiles.main - INFO - 1 change detected
2026-01-13 19:29:01 - watchfiles.main - INFO - 1 change detected
2026-01-13 19:29:01 - watchfiles.main - INFO - 1 change detected
2026-01-13 19:29:01 - watchfiles.main - INFO - 1 change detected
2026-01-13 19:29:02 - watchfiles.main - INFO - 1 change detected
2026-01-13 19:29:02 - watchfiles.main - INFO - 1 change detected
2026-01-13 19:29:03 - watchfiles.main - INFO - 1 change detected
2026-01-13 19:29:03 - watchfiles.main - INFO - 1 change detected
2026-01-13 19:29:03 - watchfiles.main - INFO - 1 change detected
2026-01-13 19:29:04 - watchfiles.main - INFO - 1 change detected
2026-01-13 19:29:04 - watchfiles.main - INFO - 1 change detected
2026-01-13 19:29:05 - watchfiles.main - INFO - 1 change detected
2026-01-13 19:29:05 - watchfiles.main - INFO - 1 change detected
2026-01-13 19:29:06 - watchfiles.main - INFO - 1 change detected
2026-01-13 19:29:06 - watchfiles.main - INFO - 1 change detected
2026-01-13 19:29:06 - watchfiles.main - INFO - 1 change detected
2026-01-13 19:29:07 - watchfiles.main - INFO - 1 change detected
2026-01-13 19:29:07 - watchfiles.main - INFO - 1 change detected
2026-01-13 19:29:08 - watchfiles.main - INFO - 1 change detected
2026-01-13 19:29:08 - watchfiles.main - INFO - 1 change detected
2026-01-13 19:29:08 - watchfiles.main - INFO - 1 change detected
2026-01-13 19:29:09 - watchfiles.main - INFO - 1 change detected
2026-01-13 19:29:09 - watchfiles.main - INFO - 1 change detected
2026-01-13 19:29:10 - watchfiles.main - INFO - 1 change detected
2026-01-13 19:29:10 - watchfiles.main - INFO - 1 change detected
2026-01-13 19:29:10 - watchfiles.main - INFO - 1 change detected
2026-01-13 19:29:11 - watchfiles.main - INFO - 1 change detected
2026-01-13 19:29:11 - watchfiles.main - INFO - 1 change detected
2026-01-13 19:29:12 - watchfiles.main - INFO - 1 change detected
2026-01-13 19:29:12 - watchfiles.main - INFO - 1 change detected
2026-01-13 19:29:12 - watchfiles.main - INFO - 1 change detected
2026-01-13 19:29:13 - watchfiles.main - INFO - 1 change detected
2026-01-13 19:29:13 - watchfiles.main - INFO - 1 change detected
2026-01-13 19:29:14 - watchfiles.main - INFO - 1 change detected
2026-01-13 19:29:14 - watchfiles.main - INFO - 1 change detected
2026-01-13 19:29:15 - watchfiles.main - INFO - 1 change detected
2026-01-13 19:29:15 - watchfiles.main - INFO - 1 change detected
2026-01-13 19:29:15 - watchfiles.main - INFO - 1 change detected
2026-01-13 19:29:16 - watchfiles.main - INFO - 1 change detected
2026-01-13 19:29:16 - watchfiles.main - INFO - 1 change detected
2026-01-13 19:29:17 - watchfiles.main - INFO - 1 change detected
2026-01-13 19:29:17 - watchfiles.main - INFO - 1 change detected
2026-01-13 19:29:17 - watchfiles.main - INFO - 1 change detected
2026-01-13 19:29:18 - watchfiles.main - INFO - 1 change detected
2026-01-13 19:29:18 - watchfiles.main - INFO - 1 change detected
2026-01-13 19:29:19 - watchfiles.main - INFO - 1 change detected
2026-01-13 19:29:19 - watchfiles.main - INFO - 1 change detected
2026-01-13 19:29:19 - watchfiles.main - INFO - 1 change detected
2026-01-13 19:29:20 - watchfiles.main - INFO - 1 change detected
2026-01-13 19:29:20 - watchfiles.main - INFO - 1 change detected
2026-01-13 19:29:21 - watchfiles.main - INFO - 1 change detected
2026-01-13 19:29:21 - watchfiles.main - INFO - 1 change detected
2026-01-13 19:29:22 - watchfiles.main - INFO - 1 change detected
2026-01-13 19:29:22 - watchfiles.main - INFO - 1 change detected
2026-01-13 19:29:22 - watchfiles.main - INFO - 1 change detected
2026-01-13 19:29:23 - watchfiles.main - INFO - 1 change detected
2026-01-13 19:29:23 - watchfiles.main - INFO - 1 change detected
2026-01-13 19:29:24 - watchfiles.main - INFO - 1 change detected
2026-01-13 19:29:24 - watchfiles.main - INFO - 1 change detected
2026-01-13 19:29:24 - watchfiles.main - INFO - 1 change detected
2026-01-13 19:29:25 - watchfiles.main - INFO - 1 change detected
2026-01-13 19:29:25 - watchfiles.main - INFO - 1 change detected
2026-01-13 19:29:26 - watchfiles.main - INFO - 1 change detected
2026-01-13 19:29:26 - watchfiles.main - INFO - 1 change detected
2026-01-13 19:29:26 - watchfiles.main - INFO - 1 change detected
2026-01-13 19:29:27 - watchfiles.main - INFO - 1 change detected
2026-01-13 19:29:27 - watchfiles.main - INFO - 1 change detected
2026-01-13 19:29:28 - watchfiles.main - INFO - 1 change detected
2026-01-13 19:29:28 - watchfiles.main - INFO - 1 change detected
2026-01-13 19:29:28 - watchfiles.main - INFO - 1 change detected
2026-01-13 19:29:29 - watchfiles.main - INFO - 1 change detected
2026-01-13 19:29:29 - watchfiles.main - INFO - 1 change detected
2026-01-13 19:29:30 - watchfiles.main - INFO - 1 change detected
2026-01-13 19:29:30 - watchfiles.main - INFO - 1 change detected
2026-01-13 19:29:31 - watchfiles.main - INFO - 1 change detected
2026-01-13 19:29:31 - watchfiles.main - INFO - 1 change detected
2026-01-13 19:29:31 - watchfiles.main - INFO - 1 change detected
2026-01-13 19:29:32 - watchfiles.main - INFO - 1 change detected
2026-01-13 19:29:32 - watchfiles.main - INFO - 1 change detected
2026-01-13 19:29:33 - watchfiles.main - INFO - 1 change detected
2026-01-13 19:29:33 - watchfiles.main - INFO - 1 change detected
2026-01-13 19:29:33 - watchfiles.main - INFO - 1 change detected
2026-01-13 19:29:34 - watchfiles.main - INFO - 1 change detected
2026-01-13 19:29:34 - watchfiles.main - INFO - 1 change detected
2026-01-13 19:29:35 - watchfiles.main - INFO - 1 change detected
2026-01-13 19:29:35 - watchfiles.main - INFO - 1 change detected
2026-01-13 19:29:35 - watchfiles.main - INFO - 1 change detected
2026-01-13 19:29:36 - watchfiles.main - INFO - 1 change detected
2026-01-13 19:29:36 - watchfiles.main - INFO - 1 change detected
2026-01-13 19:29:37 - watchfiles.main - INFO - 1 change detected
2026-01-13 19:29:37 - watchfiles.main - INFO - 1 change detected
2026-01-13 19:29:38 - watchfiles.main - INFO - 1 change detected
2026-01-13 19:29:38 - watchfiles.main - INFO - 1 change detected
2026-01-13 19:29:38 - watchfiles.main - INFO - 1 change detected
2026-01-13 19:29:39 - watchfiles.main - INFO - 1 change detected
2026-01-13 19:29:39 - watchfiles.main - INFO - 1 change detected
2026-01-13 19:29:40 - watchfiles.main - INFO - 1 change detected
2026-01-13 19:29:40 - watchfiles.main - INFO - 1 change detected
2026-01-13 19:29:40 - watchfiles.main - INFO - 1 change detected
2026-01-13 19:29:41 - watchfiles.main - INFO - 1 change detected
2026-01-13 19:29:41 - watchfiles.main - INFO - 1 change detected
2026-01-13 19:29:42 - watchfiles.main - INFO - 1 change detected
2026-01-13 19:29:42 - watchfiles.main - INFO - 1 change detected
2026-01-13 19:29:42 - watchfiles.main - INFO - 1 change detected
2026-01-13 19:29:43 - watchfiles.main - INFO - 1 change detected
2026-01-13 19:29:43 - watchfiles.main - INFO - 1 change detected
2026-01-13 19:29:44 - watchfiles.main - INFO - 1 change detected
2026-01-13 19:29:44 - watchfiles.main - INFO - 1 change detected
2026-01-13 19:29:45 - watchfiles.main - INFO - 1 change detected
2026-01-13 19:29:45 - watchfiles.main - INFO - 1 change detected
2026-01-13 19:29:45 - watchfiles.main - INFO - 1 change detected
2026-01-13 19:29:46 - watchfiles.main - INFO - 1 change detected
2026-01-13 19:29:46 - watchfiles.main - INFO - 1 change detected
2026-01-13 19:29:47 - watchfiles.main - INFO - 1 change detected
2026-01-13 19:29:47 - watchfiles.main - INFO - 1 change detected
2026-01-13 19:29:47 - watchfiles.main - INFO - 1 change detected
2026-01-13 19:29:48 - watchfiles.main - INFO - 1 change detected
2026-01-13 19:29:48 - watchfiles.main - INFO - 1 change detected
2026-01-13 19:29:49 - watchfiles.main - INFO - 1 change detected
2026-01-13 19:29:49 - watchfiles.main - INFO - 1 change detected
2026-01-13 19:29:49 - watchfiles.main - INFO - 1 change detected
2026-01-13 19:29:50 - watchfiles.main - INFO - 1 change detected
2026-01-13 19:29:50 - watchfiles.main - INFO - 1 change detected
2026-01-13 19:29:51 - watchfiles.main - INFO - 1 change detected
2026-01-13 19:29:51 - watchfiles.main - INFO - 1 change detected
2026-01-13 19:29:51 - watchfiles.main - INFO - 1 change detected
2026-01-13 19:29:52 - watchfiles.main - INFO - 1 change detected
2026-01-13 19:29:52 - watchfiles.main - INFO - 1 change detected
2026-01-13 19:29:53 - watchfiles.main - INFO - 1 change detected
2026-01-13 19:29:53 - watchfiles.main - INFO - 1 change detected
2026-01-13 19:29:54 - watchfiles.main - INFO - 1 change detected
2026-01-13 19:29:54 - watchfiles.main - INFO - 1 change detected
2026-01-13 19:29:54 - watchfiles.main - INFO - 1 change detected
2026-01-13 19:29:55 - watchfiles.main - INFO - 1 change detected
2026-01-13 19:29:55 - watchfiles.main - INFO - 1 change detected
2026-01-13 19:29:56 - watchfiles.main - INFO - 1 change detected
2026-01-13 19:29:56 - watchfiles.main - INFO - 1 change detected
2026-01-13 19:29:56 - watchfiles.main - INFO - 1 change detected
2026-01-13 19:29:57 - watchfiles.main - INFO - 1 change detected
2026-01-13 19:29:57 - watchfiles.main - INFO - 1 change detected
2026-01-13 19:29:58 - watchfiles.main - INFO - 1 change detected
2026-01-13 19:29:58 - watchfiles.main - INFO - 1 change detected
2026-01-13 19:29:58 - watchfiles.main - INFO - 1 change detected
2026-01-13 19:29:59 - watchfiles.main - INFO - 1 change detected
2026-01-13 19:29:59 - watchfiles.main - INFO - 1 change detected
2026-01-13 19:30:00 - watchfiles.main - INFO - 1 change detected
2026-01-13 19:30:00 - watchfiles.main - INFO - 1 change detected
2026-01-13 19:30:00 - watchfiles.main - INFO - 1 change detected
2026-01-13 19:30:01 - watchfiles.main - INFO - 1 change detected
2026-01-13 19:30:01 - watchfiles.main - INFO - 1 change detected
2026-01-13 19:30:02 - watchfiles.main - INFO - 1 change detected
2026-01-13 19:30:02 - watchfiles.main - INFO - 1 change detected
2026-01-13 19:30:02 - watchfiles.main - INFO - 1 change detected
2026-01-13 19:30:03 - watchfiles.main - INFO - 1 change detected
2026-01-13 19:30:03 - watchfiles.main - INFO - 1 change detected
2026-01-13 19:30:04 - watchfiles.main - INFO - 1 change detected
2026-01-13 19:30:04 - watchfiles.main - INFO - 1 change detected
2026-01-13 19:30:05 - watchfiles.main - INFO - 1 change detected
2026-01-13 19:30:05 - watchfiles.main - INFO - 1 change detected
2026-01-13 19:30:05 - watchfiles.main - INFO - 1 change detected
2026-01-13 19:30:06 - watchfiles.main - INFO - 1 change detected
2026-01-13 19:30:06 - watchfiles.main - INFO - 1 change detected
2026-01-13 19:30:07 - watchfiles.main - INFO - 1 change detected
2026-01-13 19:30:07 - watchfiles.main - INFO - 1 change detected
2026-01-13 19:30:07 - watchfiles.main - INFO - 1 change detected
2026-01-13 19:30:08 - watchfiles.main - INFO - 1 change detected
2026-01-13 19:30:08 - watchfiles.main - INFO - 1 change detected
2026-01-13 19:30:09 - watchfiles.main - INFO - 1 change detected
2026-01-13 19:30:09 - watchfiles.main - INFO - 1 change detected
2026-01-13 19:30:10 - watchfiles.main - INFO - 1 change detected
2026-01-13 19:30:10 - watchfiles.main - INFO - 1 change detected
2026-01-13 19:30:10 - watchfiles.main - INFO - 1 change detected
2026-01-13 19:30:11 - watchfiles.main - INFO - 1 change detected
2026-01-13 19:30:11 - watchfiles.main - INFO - 1 change detected
2026-01-13 19:30:12 - watchfiles.main - INFO - 1 change detected
2026-01-13 19:30:12 - watchfiles.main - INFO - 1 change detected
2026-01-13 19:30:12 - watchfiles.main - INFO - 1 change detected
2026-01-13 19:30:13 - watchfiles.main - INFO - 1 change detected
2026-01-13 19:30:13 - watchfiles.main - INFO - 1 change detected
2026-01-13 19:30:14 - watchfiles.main - INFO - 1 change detected
2026-01-13 19:30:14 - watchfiles.main - INFO - 1 change detected
2026-01-13 19:30:14 - watchfiles.main - INFO - 1 change detected
2026-01-13 19:30:15 - watchfiles.main - INFO - 1 change detected
2026-01-13 19:30:15 - watchfiles.main - INFO - 1 change detected
2026-01-13 19:30:16 - watchfiles.main - INFO - 1 change detected
2026-01-13 19:30:16 - watchfiles.main - INFO - 1 change detected
2026-01-13 19:30:17 - watchfiles.main - INFO - 1 change detected
2026-01-13 19:30:17 - watchfiles.main - INFO - 1 change detected
2026-01-13 19:30:17 - watchfiles.main - INFO - 1 change detected
2026-01-13 19:30:18 - watchfiles.main - INFO - 1 change detected
2026-01-13 19:30:18 - watchfiles.main - INFO - 1 change detected
2026-01-13 19:30:19 - watchfiles.main - INFO - 1 change detected
2026-01-13 19:30:19 - watchfiles.main - INFO - 1 change detected
2026-01-13 19:30:19 - watchfiles.main - INFO - 1 change detected
2026-01-13 19:30:20 - watchfiles.main - INFO - 1 change detected
2026-01-13 19:30:20 - watchfiles.main - INFO - 1 change detected
2026-01-13 19:30:21 - watchfiles.main - INFO - 1 change detected
2026-01-13 19:30:21 - watchfiles.main - INFO - 1 change detected
2026-01-13 19:30:21 - watchfiles.main - INFO - 1 change detected
2026-01-13 19:30:22 - watchfiles.main - INFO - 1 change detected
2026-01-13 19:30:22 - watchfiles.main - INFO - 1 change detected
2026-01-13 19:30:23 - watchfiles.main - INFO - 1 change detected
2026-01-13 19:30:23 - watchfiles.main - INFO - 1 change detected
2026-01-13 19:30:23 - watchfiles.main - INFO - 1 change detected
2026-01-13 19:30:24 - watchfiles.main - INFO - 1 change detected
2026-01-13 19:30:24 - watchfiles.main - INFO - 1 change detected
2026-01-13 19:30:25 - watchfiles.main - INFO - 1 change detected
2026-01-13 19:30:25 - watchfiles.main - INFO - 1 change detected
2026-01-13 19:30:26 - watchfiles.main - INFO - 1 change detected
2026-01-13 19:30:26 - watchfiles.main - INFO - 1 change detected
2026-01-13 19:30:26 - watchfiles.main - INFO - 1 change detected
2026-01-13 19:30:27 - watchfiles.main - INFO - 1 change detected
2026-01-13 19:30:27 - watchfiles.main - INFO - 1 change detected
2026-01-13 19:30:27 - watchfiles.main - INFO - 1 change detected
2026-01-13 19:30:28 - watchfiles.main - INFO - 1 change detected
2026-01-13 19:30:28 - watchfiles.main - INFO - 1 change detected
2026-01-13 19:30:29 - watchfiles.main - INFO - 1 change detected
2026-01-13 19:30:29 - watchfiles.main - INFO - 1 change detected
2026-01-13 19:30:30 - watchfiles.main - INFO - 1 change detected
2026-01-13 19:30:30 - watchfiles.main - INFO - 1 change detected
2026-01-13 19:30:30 - watchfiles.main - INFO - 1 change detected
2026-01-13 19:30:31 - watchfiles.main - INFO - 1 change detected
2026-01-13 19:30:31 - watchfiles.main - INFO - 1 change detected
2026-01-13 19:30:32 - watchfiles.main - INFO - 1 change detected
2026-01-13 19:30:32 - watchfiles.main - INFO - 1 change detected
2026-01-13 19:30:32 - watchfiles.main - INFO - 1 change detected
2026-01-13 19:30:33 - watchfiles.main - INFO - 1 change detected
2026-01-13 19:30:33 - watchfiles.main - INFO - 1 change detected
2026-01-13 19:30:34 - watchfiles.main - INFO - 1 change detected
2026-01-13 19:30:34 - watchfiles.main - INFO - 1 change detected
2026-01-13 19:30:34 - watchfiles.main - INFO - 1 change detected
2026-01-13 19:30:35 - watchfiles.main - INFO - 1 change detected
2026-01-13 19:30:35 - watchfiles.main - INFO - 1 change detected
2026-01-13 19:30:36 - watchfiles.main - INFO - 1 change detected
2026-01-13 19:30:36 - watchfiles.main - INFO - 1 change detected
2026-01-13 19:30:36 - watchfiles.main - INFO - 1 change detected
2026-01-13 19:30:37 - watchfiles.main - INFO - 1 change detected
2026-01-13 19:30:37 - watchfiles.main - INFO - 1 change detected
2026-01-13 19:30:38 - watchfiles.main - INFO - 1 change detected
2026-01-13 19:30:38 - watchfiles.main - INFO - 1 change detected
2026-01-13 19:30:39 - watchfiles.main - INFO - 1 change detected
2026-01-13 19:30:39 - watchfiles.main - INFO - 1 change detected
2026-01-13 19:30:39 - watchfiles.main - INFO - 1 change detected
2026-01-13 19:30:40 - watchfiles.main - INFO - 1 change detected
2026-01-13 19:30:40 - watchfiles.main - INFO - 1 change detected
2026-01-13 19:30:41 - watchfiles.main - INFO - 1 change detected
2026-01-13 19:30:41 - watchfiles.main - INFO - 1 change detected
2026-01-13 19:30:42 - watchfiles.main - INFO - 1 change detected
2026-01-13 19:30:42 - watchfiles.main - INFO - 1 change detected
2026-01-13 19:30:42 - watchfiles.main - INFO - 1 change detected
2026-01-13 19:30:43 - watchfiles.main - INFO - 1 change detected
2026-01-13 19:30:43 - watchfiles.main - INFO - 1 change detected
2026-01-13 19:30:43 - watchfiles.main - INFO - 1 change detected
2026-01-13 19:30:44 - watchfiles.main - INFO - 1 change detected
2026-01-13 19:30:44 - watchfiles.main - INFO - 1 change detected
2026-01-13 19:30:45 - watchfiles.main - INFO - 1 change detected
2026-01-13 19:30:45 - watchfiles.main - INFO - 1 change detected
2026-01-13 19:30:46 - watchfiles.main - INFO - 1 change detected
2026-01-13 19:30:46 - watchfiles.main - INFO - 1 change detected
2026-01-13 19:30:46 - watchfiles.main - INFO - 1 change detected
2026-01-13 19:30:47 - watchfiles.main - INFO - 1 change detected
2026-01-13 19:30:47 - watchfiles.main - INFO - 1 change detected
2026-01-13 19:30:48 - watchfiles.main - INFO - 1 change detected
2026-01-13 19:30:48 - watchfiles.main - INFO - 1 change detected
2026-01-13 19:30:48 - watchfiles.main - INFO - 1 change detected
2026-01-13 19:30:49 - watchfiles.main - INFO - 1 change detected
2026-01-13 19:30:49 - watchfiles.main - INFO - 1 change detected
2026-01-13 19:30:50 - watchfiles.main - INFO - 1 change detected
2026-01-13 19:30:50 - watchfiles.main - INFO - 1 change detected
2026-01-13 19:30:50 - watchfiles.main - INFO - 1 change detected
2026-01-13 19:30:51 - watchfiles.main - INFO - 1 change detected
2026-01-13 19:30:51 - watchfiles.main - INFO - 1 change detected
2026-01-13 19:30:52 - watchfiles.main - INFO - 1 change detected
2026-01-13 19:30:52 - watchfiles.main - INFO - 1 change detected
2026-01-13 19:30:53 - watchfiles.main - INFO - 1 change detected
2026-01-13 19:30:53 - watchfiles.main - INFO - 1 change detected
2026-01-13 19:30:53 - watchfiles.main - INFO - 1 change detected
2026-01-13 19:30:54 - watchfiles.main - INFO - 1 change detected
2026-01-13 19:30:54 - watchfiles.main - INFO - 1 change detected
2026-01-13 19:30:55 - watchfiles.main - INFO - 1 change detected
2026-01-13 19:30:55 - watchfiles.main - INFO - 1 change detected
2026-01-13 19:30:55 - watchfiles.main - INFO - 1 change detected
2026-01-13 19:30:56 - watchfiles.main - INFO - 1 change detected
2026-01-13 19:30:56 - watchfiles.main - INFO - 1 change detected
2026-01-13 19:30:57 - watchfiles.main - INFO - 1 change detected
2026-01-13 19:30:57 - watchfiles.main - INFO - 1 change detected
2026-01-13 19:30:57 - watchfiles.main - INFO - 1 change detected
2026-01-13 19:30:58 - watchfiles.main - INFO - 1 change detected
2026-01-13 19:30:58 - watchfiles.main - INFO - 1 change detected
2026-01-13 19:30:59 - watchfiles.main - INFO - 1 change detected
2026-01-13 19:30:59 - watchfiles.main - INFO - 1 change detected
2026-01-13 19:30:59 - watchfiles.main - INFO - 1 change detected
2026-01-13 19:31:00 - watchfiles.main - INFO - 1 change detected
2026-01-13 19:31:00 - watchfiles.main - INFO - 1 change detected
2026-01-13 19:31:01 - watchfiles.main - INFO - 1 change detected
2026-01-13 19:31:01 - watchfiles.main - INFO - 1 change detected
2026-01-13 19:31:01 - watchfiles.main - INFO - 1 change detected
2026-01-13 19:31:02 - watchfiles.main - INFO - 1 change detected
2026-01-13 19:31:02 - watchfiles.main - INFO - 1 change detected
2026-01-13 19:31:03 - watchfiles.main - INFO - 1 change detected
2026-01-13 19:31:03 - watchfiles.main - INFO - 1 change detected
2026-01-13 19:31:04 - watchfiles.main - INFO - 1 change detected
2026-01-13 19:31:04 - watchfiles.main - INFO - 1 change detected
2026-01-13 19:31:04 - watchfiles.main - INFO - 1 change detected
2026-01-13 19:31:05 - watchfiles.main - INFO - 1 change detected
2026-01-13 19:31:05 - watchfiles.main - INFO - 1 change detected
2026-01-13 19:31:06 - watchfiles.main - INFO - 1 change detected
2026-01-13 19:31:06 - watchfiles.main - INFO - 1 change detected
2026-01-13 19:31:06 - watchfiles.main - INFO - 1 change detected
2026-01-13 19:31:07 - watchfiles.main - INFO - 1 change detected
2026-01-13 19:31:07 - watchfiles.main - INFO - 1 change detected
2026-01-13 19:31:08 - watchfiles.main - INFO - 1 change detected
2026-01-13 19:31:08 - watchfiles.main - INFO - 1 change detected
2026-01-13 19:31:08 - watchfiles.main - INFO - 1 change detected
2026-01-13 19:31:09 - watchfiles.main - INFO - 1 change detected
2026-01-13 19:31:09 - watchfiles.main - INFO - 1 change detected
2026-01-13 19:31:10 - watchfiles.main - INFO - 1 change detected
2026-01-13 19:31:10 - watchfiles.main - INFO - 1 change detected
2026-01-13 19:31:11 - watchfiles.main - INFO - 1 change detected
2026-01-13 19:31:11 - watchfiles.main - INFO - 1 change detected
2026-01-13 19:31:11 - watchfiles.main - INFO - 1 change detected
2026-01-13 19:31:12 - watchfiles.main - INFO - 1 change detected
2026-01-13 19:31:12 - watchfiles.main - INFO - 1 change detected
2026-01-13 19:31:13 - watchfiles.main - INFO - 1 change detected
2026-01-13 19:31:13 - watchfiles.main - INFO - 1 change detected
2026-01-13 19:31:13 - watchfiles.main - INFO - 1 change detected
2026-01-13 19:31:14 - watchfiles.main - INFO - 1 change detected
2026-01-13 19:31:14 - watchfiles.main - INFO - 1 change detected
2026-01-13 19:31:15 - watchfiles.main - INFO - 1 change detected
2026-01-13 19:31:15 - watchfiles.main - INFO - 1 change detected
2026-01-13 19:31:15 - watchfiles.main - INFO - 1 change detected
2026-01-13 19:31:16 - watchfiles.main - INFO - 1 change detected
2026-01-13 19:31:16 - watchfiles.main - INFO - 1 change detected
2026-01-13 19:31:17 - watchfiles.main - INFO - 1 change detected
2026-01-13 19:31:17 - watchfiles.main - INFO - 1 change detected
2026-01-13 19:31:17 - watchfiles.main - INFO - 1 change detected
2026-01-13 19:31:18 - watchfiles.main - INFO - 1 change detected
2026-01-13 19:31:18 - watchfiles.main - INFO - 1 change detected
2026-01-13 19:31:19 - watchfiles.main - INFO - 1 change detected
2026-01-13 19:31:19 - watchfiles.main - INFO - 1 change detected
2026-01-13 19:31:20 - watchfiles.main - INFO - 1 change detected
2026-01-13 19:31:20 - watchfiles.main - INFO - 1 change detected
2026-01-13 19:31:20 - watchfiles.main - INFO - 1 change detected
2026-01-13 19:31:21 - watchfiles.main - INFO - 1 change detected
2026-01-13 19:31:21 - watchfiles.main - INFO - 1 change detected
2026-01-13 19:31:22 - watchfiles.main - INFO - 1 change detected
2026-01-13 19:31:22 - watchfiles.main - INFO - 1 change detected
2026-01-13 19:31:22 - watchfiles.main - INFO - 1 change detected
2026-01-13 19:31:23 - watchfiles.main - INFO - 1 change detected
2026-01-13 19:31:23 - watchfiles.main - INFO - 1 change detected
2026-01-13 19:31:24 - watchfiles.main - INFO - 1 change detected
2026-01-13 19:31:24 - watchfiles.main - INFO - 1 change detected
2026-01-13 19:31:24 - watchfiles.main - INFO - 1 change detected
2026-01-13 19:31:25 - watchfiles.main - INFO - 1 change detected
2026-01-13 19:31:25 - watchfiles.main - INFO - 1 change detected
2026-01-13 19:31:26 - watchfiles.main - INFO - 1 change detected
2026-01-13 19:31:26 - watchfiles.main - INFO - 1 change detected
2026-01-13 19:31:26 - watchfiles.main - INFO - 1 change detected
2026-01-13 19:31:27 - watchfiles.main - INFO - 1 change detected
2026-01-13 19:31:27 - watchfiles.main - INFO - 1 change detected
2026-01-13 19:31:28 - watchfiles.main - INFO - 1 change detected
2026-01-13 19:31:28 - watchfiles.main - INFO - 1 change detected
2026-01-13 19:31:28 - watchfiles.main - INFO - 1 change detected
2026-01-13 19:31:29 - watchfiles.main - INFO - 1 change detected
2026-01-13 19:31:29 - watchfiles.main - INFO - 1 change detected
2026-01-13 19:31:30 - watchfiles.main - INFO - 1 change detected
2026-01-13 19:31:30 - watchfiles.main - INFO - 1 change detected
2026-01-13 19:31:30 - watchfiles.main - INFO - 1 change detected
2026-01-13 19:31:31 - watchfiles.main - INFO - 1 change detected
2026-01-13 19:31:31 - watchfiles.main - INFO - 1 change detected
2026-01-13 19:31:32 - watchfiles.main - INFO - 1 change detected
2026-01-13 19:31:32 - watchfiles.main - INFO - 1 change detected
2026-01-13 19:31:33 - watchfiles.main - INFO - 1 change detected
2026-01-13 19:31:33 - watchfiles.main - INFO - 1 change detected
2026-01-13 19:31:33 - watchfiles.main - INFO - 1 change detected
2026-01-13 19:31:34 - watchfiles.main - INFO - 1 change detected
2026-01-13 19:31:34 - watchfiles.main - INFO - 1 change detected
2026-01-13 19:31:35 - watchfiles.main - INFO - 1 change detected
2026-01-13 19:31:35 - watchfiles.main - INFO - 1 change detected
2026-01-13 19:31:35 - watchfiles.main - INFO - 1 change detected
2026-01-13 19:31:36 - watchfiles.main - INFO - 1 change detected
2026-01-13 19:31:36 - watchfiles.main - INFO - 1 change detected
2026-01-13 19:31:37 - watchfiles.main - INFO - 1 change detected
2026-01-13 19:31:37 - watchfiles.main - INFO - 1 change detected
2026-01-13 19:31:37 - watchfiles.main - INFO - 1 change detected
2026-01-13 19:31:38 - watchfiles.main - INFO - 1 change detected
2026-01-13 19:31:38 - watchfiles.main - INFO - 1 change detected
2026-01-13 19:31:39 - watchfiles.main - INFO - 1 change detected
2026-01-13 19:31:39 - watchfiles.main - INFO - 1 change detected
2026-01-13 19:31:39 - watchfiles.main - INFO - 1 change detected
2026-01-13 19:31:40 - watchfiles.main - INFO - 1 change detected
2026-01-13 19:31:40 - watchfiles.main - INFO - 1 change detected
2026-01-13 19:31:41 - watchfiles.main - INFO - 1 change detected
2026-01-13 19:31:41 - watchfiles.main - INFO - 1 change detected
2026-01-13 19:31:42 - watchfiles.main - INFO - 1 change detected
2026-01-13 19:31:42 - watchfiles.main - INFO - 1 change detected
2026-01-13 19:31:42 - watchfiles.main - INFO - 1 change detected
2026-01-13 19:31:43 - watchfiles.main - INFO - 1 change detected
2026-01-13 19:31:43 - watchfiles.main - INFO - 1 change detected
2026-01-13 19:31:44 - watchfiles.main - INFO - 1 change detected
2026-01-13 19:31:44 - watchfiles.main - INFO - 1 change detected
2026-01-13 19:31:44 - watchfiles.main - INFO - 1 change detected
2026-01-13 19:31:45 - watchfiles.main - INFO - 1 change detected
2026-01-13 19:31:45 - watchfiles.main - INFO - 1 change detected
2026-01-13 19:31:46 - watchfiles.main - INFO - 1 change detected
2026-01-13 19:31:46 - watchfiles.main - INFO - 1 change detected
2026-01-13 19:31:46 - watchfiles.main - INFO - 1 change detected
2026-01-13 19:31:47 - watchfiles.main - INFO - 1 change detected
2026-01-13 19:31:47 - watchfiles.main - INFO - 1 change detected
2026-01-13 19:31:48 - watchfiles.main - INFO - 1 change detected
2026-01-13 19:31:48 - watchfiles.main - INFO - 1 change detected
2026-01-13 19:31:49 - watchfiles.main - INFO - 1 change detected
2026-01-13 19:31:49 - watchfiles.main - INFO - 1 change detected
2026-01-13 19:31:49 - watchfiles.main - INFO - 1 change detected
2026-01-13 19:31:50 - watchfiles.main - INFO - 1 change detected
2026-01-13 19:31:50 - watchfiles.main - INFO - 1 change detected
2026-01-13 19:31:51 - watchfiles.main - INFO - 1 change detected
2026-01-13 19:31:51 - watchfiles.main - INFO - 1 change detected
2026-01-13 19:31:51 - watchfiles.main - INFO - 1 change detected
2026-01-13 19:31:52 - watchfiles.main - INFO - 1 change detected
2026-01-13 19:31:52 - watchfiles.main - INFO - 1 change detected
2026-01-13 19:31:53 - watchfiles.main - INFO - 1 change detected
2026-01-13 19:31:53 - watchfiles.main - INFO - 1 change detected
2026-01-13 19:31:53 - watchfiles.main - INFO - 1 change detected
2026-01-13 19:31:54 - watchfiles.main - INFO - 1 change detected
2026-01-13 19:31:54 - watchfiles.main - INFO - 1 change detected
2026-01-13 19:31:55 - watchfiles.main - INFO - 1 change detected
2026-01-13 19:31:55 - watchfiles.main - INFO - 1 change detected
2026-01-13 19:31:56 - watchfiles.main - INFO - 1 change detected
2026-01-13 19:31:56 - watchfiles.main - INFO - 1 change detected
2026-01-13 19:31:56 - watchfiles.main - INFO - 1 change detected
2026-01-13 19:31:57 - watchfiles.main - INFO - 1 change detected
2026-01-13 19:31:57 - watchfiles.main - INFO - 1 change detected
2026-01-13 19:31:58 - watchfiles.main - INFO - 1 change detected
2026-01-13 19:31:58 - watchfiles.main - INFO - 1 change detected
2026-01-13 19:31:58 - watchfiles.main - INFO - 1 change detected
2026-01-13 19:31:59 - watchfiles.main - INFO - 1 change detected
2026-01-13 19:31:59 - watchfiles.main - INFO - 1 change detected
2026-01-13 19:32:00 - watchfiles.main - INFO - 1 change detected
2026-01-13 19:32:00 - watchfiles.main - INFO - 1 change detected
2026-01-13 19:32:00 - watchfiles.main - INFO - 1 change detected
2026-01-13 19:32:01 - watchfiles.main - INFO - 1 change detected
2026-01-13 19:32:01 - watchfiles.main - INFO - 1 change detected
2026-01-13 19:32:02 - watchfiles.main - INFO - 1 change detected
2026-01-13 19:32:02 - watchfiles.main - INFO - 1 change detected
2026-01-13 19:32:03 - watchfiles.main - INFO - 1 change detected
2026-01-13 19:32:03 - watchfiles.main - INFO - 1 change detected
2026-01-13 19:32:03 - watchfiles.main - INFO - 1 change detected
2026-01-13 19:32:04 - watchfiles.main - INFO - 1 change detected
2026-01-13 19:32:04 - watchfiles.main - INFO - 1 change detected
2026-01-13 19:32:05 - watchfiles.main - INFO - 1 change detected
2026-01-13 19:32:05 - watchfiles.main - INFO - 1 change detected
2026-01-13 19:32:05 - watchfiles.main - INFO - 1 change detected
2026-01-13 19:32:06 - watchfiles.main - INFO - 1 change detected
2026-01-13 19:32:06 - watchfiles.main - INFO - 1 change detected
2026-01-13 19:32:07 - watchfiles.main - INFO - 1 change detected
2026-01-13 19:32:07 - watchfiles.main - INFO - 1 change detected
2026-01-13 19:32:07 - watchfiles.main - INFO - 1 change detected
2026-01-13 19:32:08 - watchfiles.main - INFO - 1 change detected
2026-01-13 19:32:08 - watchfiles.main - INFO - 1 change detected
2026-01-13 19:32:09 - watchfiles.main - INFO - 1 change detected
2026-01-13 19:32:09 - watchfiles.main - INFO - 1 change detected
2026-01-13 19:32:09 - watchfiles.main - INFO - 1 change detected
2026-01-13 19:32:10 - watchfiles.main - INFO - 1 change detected
2026-01-13 19:32:10 - watchfiles.main - INFO - 1 change detected
2026-01-13 19:32:11 - watchfiles.main - INFO - 1 change detected
2026-01-13 19:32:11 - watchfiles.main - INFO - 1 change detected
2026-01-13 19:32:12 - watchfiles.main - INFO - 1 change detected
2026-01-13 19:32:12 - watchfiles.main - INFO - 1 change detected
2026-01-13 19:32:12 - watchfiles.main - INFO - 1 change detected
2026-01-13 19:32:13 - watchfiles.main - INFO - 1 change detected
2026-01-13 19:32:13 - watchfiles.main - INFO - 1 change detected
2026-01-13 19:32:14 - watchfiles.main - INFO - 1 change detected
2026-01-13 19:32:14 - watchfiles.main - INFO - 1 change detected
2026-01-13 19:32:14 - watchfiles.main - INFO - 1 change detected
2026-01-13 19:32:15 - watchfiles.main - INFO - 1 change detected
2026-01-13 19:32:15 - watchfiles.main - INFO - 1 change detected
2026-01-13 19:32:16 - watchfiles.main - INFO - 1 change detected
2026-01-13 19:32:16 - watchfiles.main - INFO - 1 change detected
2026-01-13 19:32:16 - watchfiles.main - INFO - 1 change detected
2026-01-13 19:32:17 - watchfiles.main - INFO - 1 change detected
2026-01-13 19:32:17 - watchfiles.main - INFO - 1 change detected
2026-01-13 19:32:18 - watchfiles.main - INFO - 1 change detected
2026-01-13 19:32:18 - watchfiles.main - INFO - 1 change detected
2026-01-13 19:32:18 - watchfiles.main - INFO - 1 change detected
2026-01-13 19:32:19 - watchfiles.main - INFO - 1 change detected
2026-01-13 19:32:19 - watchfiles.main - INFO - 1 change detected
2026-01-13 19:32:20 - watchfiles.main - INFO - 1 change detected
2026-01-13 19:32:20 - watchfiles.main - INFO - 1 change detected
2026-01-13 19:32:21 - watchfiles.main - INFO - 1 change detected
2026-01-13 19:32:21 - watchfiles.main - INFO - 1 change detected
2026-01-13 19:32:21 - watchfiles.main - INFO - 1 change detected
2026-01-13 19:32:22 - watchfiles.main - INFO - 1 change detected
2026-01-13 19:32:22 - watchfiles.main - INFO - 1 change detected
2026-01-13 19:32:23 - watchfiles.main - INFO - 1 change detected
2026-01-13 19:32:23 - watchfiles.main - INFO - 1 change detected
2026-01-13 19:32:24 - watchfiles.main - INFO - 1 change detected
2026-01-13 19:32:24 - watchfiles.main - INFO - 1 change detected
2026-01-13 19:32:24 - watchfiles.main - INFO - 1 change detected
2026-01-13 19:32:25 - watchfiles.main - INFO - 1 change detected
2026-01-13 19:32:25 - watchfiles.main - INFO - 1 change detected
2026-01-13 19:32:26 - watchfiles.main - INFO - 1 change detected
2026-01-13 19:32:26 - watchfiles.main - INFO - 1 change detected
2026-01-13 19:32:26 - watchfiles.main - INFO - 1 change detected
2026-01-13 19:32:27 - watchfiles.main - INFO - 1 change detected
2026-01-13 19:32:27 - watchfiles.main - INFO - 1 change detected
2026-01-13 19:32:28 - watchfiles.main - INFO - 1 change detected
2026-01-13 19:32:28 - watchfiles.main - INFO - 1 change detected
2026-01-13 19:32:28 - watchfiles.main - INFO - 1 change detected
2026-01-13 19:32:29 - watchfiles.main - INFO - 1 change detected
2026-01-13 19:32:29 - watchfiles.main - INFO - 1 change detected
2026-01-13 19:32:30 - watchfiles.main - INFO - 1 change detected
2026-01-13 19:32:30 - watchfiles.main - INFO - 1 change detected
2026-01-13 19:32:30 - watchfiles.main - INFO - 1 change detected
2026-01-13 19:32:31 - watchfiles.main - INFO - 1 change detected
2026-01-13 19:32:31 - watchfiles.main - INFO - 1 change detected
2026-01-13 19:32:32 - watchfiles.main - INFO - 1 change detected
2026-01-13 19:32:32 - watchfiles.main - INFO - 1 change detected
2026-01-13 19:32:33 - watchfiles.main - INFO - 1 change detected
2026-01-13 19:32:33 - watchfiles.main - INFO - 1 change detected
2026-01-13 19:32:33 - watchfiles.main - INFO - 1 change detected
2026-01-13 19:32:34 - watchfiles.main - INFO - 1 change detected
2026-01-13 19:32:34 - watchfiles.main - INFO - 1 change detected
2026-01-13 19:32:35 - watchfiles.main - INFO - 1 change detected
2026-01-13 19:32:35 - watchfiles.main - INFO - 1 change detected
2026-01-13 19:32:35 - watchfiles.main - INFO - 1 change detected
2026-01-13 19:32:36 - watchfiles.main - INFO - 1 change detected
2026-01-13 19:32:36 - watchfiles.main - INFO - 1 change detected
2026-01-13 19:32:37 - watchfiles.main - INFO - 1 change detected
2026-01-13 19:32:37 - watchfiles.main - INFO - 1 change detected
2026-01-13 19:32:37 - watchfiles.main - INFO - 1 change detected
2026-01-13 19:32:38 - watchfiles.main - INFO - 1 change detected
2026-01-13 19:32:38 - watchfiles.main - INFO - 1 change detected
2026-01-13 19:32:39 - watchfiles.main - INFO - 1 change detected
2026-01-13 19:32:39 - watchfiles.main - INFO - 1 change detected
2026-01-13 19:32:39 - watchfiles.main - INFO - 1 change detected
2026-01-13 19:32:40 - watchfiles.main - INFO - 1 change detected
2026-01-13 19:32:40 - watchfiles.main - INFO - 1 change detected
2026-01-13 19:32:41 - watchfiles.main - INFO - 1 change detected
2026-01-13 19:32:41 - watchfiles.main - INFO - 1 change detected
2026-01-13 19:32:42 - watchfiles.main - INFO - 1 change detected
2026-01-13 19:32:42 - watchfiles.main - INFO - 1 change detected
2026-01-13 19:32:42 - watchfiles.main - INFO - 1 change detected
2026-01-13 19:32:43 - watchfiles.main - INFO - 1 change detected
2026-01-13 19:32:43 - watchfiles.main - INFO - 1 change detected
2026-01-13 19:32:44 - watchfiles.main - INFO - 1 change detected
2026-01-13 19:32:44 - watchfiles.main - INFO - 1 change detected
2026-01-13 19:32:44 - watchfiles.main - INFO - 1 change detected
2026-01-13 19:32:45 - watchfiles.main - INFO - 1 change detected
2026-01-13 19:32:45 - watchfiles.main - INFO - 1 change detected
2026-01-13 19:32:46 - watchfiles.main - INFO - 1 change detected
2026-01-13 19:32:46 - watchfiles.main - INFO - 1 change detected
2026-01-13 19:32:46 - watchfiles.main - INFO - 1 change detected
2026-01-13 19:32:47 - watchfiles.main - INFO - 1 change detected
2026-01-13 19:32:47 - watchfiles.main - INFO - 1 change detected
2026-01-13 19:32:48 - watchfiles.main - INFO - 1 change detected
2026-01-13 19:32:48 - watchfiles.main - INFO - 1 change detected
2026-01-13 19:32:48 - watchfiles.main - INFO - 1 change detected
2026-01-13 19:32:49 - watchfiles.main - INFO - 1 change detected
2026-01-13 19:32:49 - watchfiles.main - INFO - 1 change detected
2026-01-13 19:32:50 - watchfiles.main - INFO - 1 change detected
2026-01-13 19:32:50 - watchfiles.main - INFO - 1 change detected
2026-01-13 19:32:50 - watchfiles.main - INFO - 1 change detected
2026-01-13 19:32:51 - watchfiles.main - INFO - 1 change detected
2026-01-13 19:32:51 - watchfiles.main - INFO - 1 change detected
2026-01-13 19:32:52 - watchfiles.main - INFO - 1 change detected
2026-01-13 19:32:52 - watchfiles.main - INFO - 1 change detected
2026-01-13 19:32:52 - watchfiles.main - INFO - 1 change detected
2026-01-13 19:32:53 - watchfiles.main - INFO - 1 change detected
2026-01-13 19:32:53 - watchfiles.main - INFO - 1 change detected
2026-01-13 19:32:54 - watchfiles.main - INFO - 1 change detected
2026-01-13 19:32:54 - watchfiles.main - INFO - 1 change detected
2026-01-13 19:32:55 - watchfiles.main - INFO - 1 change detected
2026-01-13 19:32:55 - watchfiles.main - INFO - 1 change detected
2026-01-13 19:32:55 - watchfiles.main - INFO - 1 change detected
2026-01-13 19:32:56 - watchfiles.main - INFO - 1 change detected
2026-01-13 19:32:56 - watchfiles.main - INFO - 1 change detected
2026-01-13 19:32:57 - watchfiles.main - INFO - 1 change detected
2026-01-13 19:32:57 - watchfiles.main - INFO - 1 change detected
2026-01-13 19:32:57 - watchfiles.main - INFO - 1 change detected
2026-01-13 19:32:58 - watchfiles.main - INFO - 1 change detected
2026-01-13 19:32:58 - watchfiles.main - INFO - 1 change detected
2026-01-13 19:32:59 - watchfiles.main - INFO - 1 change detected
2026-01-13 19:32:59 - watchfiles.main - INFO - 1 change detected
2026-01-13 19:32:59 - watchfiles.main - INFO - 1 change detected
2026-01-13 19:33:00 - watchfiles.main - INFO - 1 change detected
2026-01-13 19:33:00 - watchfiles.main - INFO - 1 change detected
2026-01-13 19:33:01 - watchfiles.main - INFO - 1 change detected
2026-01-13 19:33:01 - watchfiles.main - INFO - 1 change detected
2026-01-13 19:33:01 - watchfiles.main - INFO - 1 change detected
2026-01-13 19:33:02 - watchfiles.main - INFO - 1 change detected
2026-01-13 19:33:02 - watchfiles.main - INFO - 1 change detected
2026-01-13 19:33:03 - watchfiles.main - INFO - 1 change detected
2026-01-13 19:33:03 - watchfiles.main - INFO - 1 change detected
2026-01-13 19:33:03 - watchfiles.main - INFO - 1 change detected
2026-01-13 19:33:04 - watchfiles.main - INFO - 1 change detected
2026-01-13 19:33:04 - watchfiles.main - INFO - 1 change detected
2026-01-13 19:33:05 - watchfiles.main - INFO - 1 change detected
2026-01-13 19:33:05 - watchfiles.main - INFO - 1 change detected
2026-01-13 19:33:06 - watchfiles.main - INFO - 1 change detected
2026-01-13 19:33:06 - watchfiles.main - INFO - 1 change detected
2026-01-13 19:33:06 - watchfiles.main - INFO - 1 change detected
2026-01-13 19:33:07 - watchfiles.main - INFO - 1 change detected
2026-01-13 19:33:07 - watchfiles.main - INFO - 1 change detected
2026-01-13 19:33:08 - watchfiles.main - INFO - 1 change detected
2026-01-13 19:33:08 - watchfiles.main - INFO - 1 change detected
2026-01-13 19:33:08 - watchfiles.main - INFO - 1 change detected
2026-01-13 19:33:09 - watchfiles.main - INFO - 1 change detected
2026-01-13 19:33:09 - watchfiles.main - INFO - 1 change detected
2026-01-13 19:33:10 - watchfiles.main - INFO - 1 change detected
2026-01-13 19:33:10 - watchfiles.main - INFO - 1 change detected
2026-01-13 19:33:10 - watchfiles.main - INFO - 1 change detected
2026-01-13 19:33:11 - watchfiles.main - INFO - 1 change detected
2026-01-13 19:33:11 - watchfiles.main - INFO - 1 change detected
2026-01-13 19:33:12 - watchfiles.main - INFO - 1 change detected
2026-01-13 19:33:12 - watchfiles.main - INFO - 1 change detected
2026-01-13 19:33:12 - watchfiles.main - INFO - 1 change detected
2026-01-13 19:33:13 - watchfiles.main - INFO - 1 change detected
2026-01-13 19:33:13 - watchfiles.main - INFO - 1 change detected
2026-01-13 19:33:14 - watchfiles.main - INFO - 1 change detected
2026-01-13 19:33:14 - watchfiles.main - INFO - 1 change detected
2026-01-13 19:33:15 - watchfiles.main - INFO - 1 change detected
2026-01-13 19:33:15 - watchfiles.main - INFO - 1 change detected
2026-01-13 19:33:15 - watchfiles.main - INFO - 1 change detected
2026-01-13 19:33:16 - watchfiles.main - INFO - 1 change detected
2026-01-13 19:33:16 - watchfiles.main - INFO - 1 change detected
2026-01-13 19:33:17 - watchfiles.main - INFO - 1 change detected
2026-01-13 19:33:17 - watchfiles.main - INFO - 1 change detected
2026-01-13 19:33:17 - watchfiles.main - INFO - 1 change detected
2026-01-13 19:33:18 - watchfiles.main - INFO - 1 change detected
2026-01-13 19:33:18 - watchfiles.main - INFO - 1 change detected
2026-01-13 19:33:19 - watchfiles.main - INFO - 1 change detected
2026-01-13 19:33:19 - watchfiles.main - INFO - 1 change detected
2026-01-13 19:33:19 - watchfiles.main - INFO - 1 change detected
2026-01-13 19:33:20 - watchfiles.main - INFO - 1 change detected
2026-01-13 19:33:20 - watchfiles.main - INFO - 1 change detected
2026-01-13 19:33:21 - watchfiles.main - INFO - 1 change detected
2026-01-13 19:33:21 - watchfiles.main - INFO - 1 change detected
2026-01-13 19:33:21 - watchfiles.main - INFO - 1 change detected
2026-01-13 19:33:22 - watchfiles.main - INFO - 1 change detected
2026-01-13 19:33:22 - watchfiles.main - INFO - 1 change detected
2026-01-13 19:33:23 - watchfiles.main - INFO - 1 change detected
2026-01-13 19:33:23 - watchfiles.main - INFO - 1 change detected
2026-01-13 19:33:24 - watchfiles.main - INFO - 1 change detected
2026-01-13 19:33:24 - watchfiles.main - INFO - 1 change detected
2026-01-13 19:33:24 - watchfiles.main - INFO - 1 change detected
2026-01-13 19:33:25 - watchfiles.main - INFO - 1 change detected
2026-01-13 19:33:25 - watchfiles.main - INFO - 1 change detected
2026-01-13 19:33:26 - watchfiles.main - INFO - 1 change detected
2026-01-13 19:33:26 - watchfiles.main - INFO - 1 change detected
2026-01-13 19:33:26 - watchfiles.main - INFO - 1 change detected
2026-01-13 19:33:27 - watchfiles.main - INFO - 1 change detected
2026-01-13 19:33:27 - watchfiles.main - INFO - 1 change detected
2026-01-13 19:33:28 - watchfiles.main - INFO - 1 change detected
2026-01-13 19:33:28 - watchfiles.main - INFO - 1 change detected
2026-01-13 19:33:28 - watchfiles.main - INFO - 1 change detected
2026-01-13 19:33:29 - watchfiles.main - INFO - 1 change detected
2026-01-13 19:33:29 - watchfiles.main - INFO - 1 change detected
2026-01-13 19:33:30 - watchfiles.main - INFO - 1 change detected
2026-01-13 19:33:30 - watchfiles.main - INFO - 1 change detected
2026-01-13 19:33:31 - watchfiles.main - INFO - 1 change detected
2026-01-13 19:33:31 - watchfiles.main - INFO - 1 change detected
2026-01-13 19:33:31 - watchfiles.main - INFO - 1 change detected
2026-01-13 19:33:32 - watchfiles.main - INFO - 1 change detected
2026-01-13 19:33:32 - watchfiles.main - INFO - 1 change detected
2026-01-13 19:33:33 - watchfiles.main - INFO - 1 change detected
2026-01-13 19:33:33 - watchfiles.main - INFO - 1 change detected
2026-01-13 19:33:33 - watchfiles.main - INFO - 1 change detected
2026-01-13 19:33:34 - watchfiles.main - INFO - 1 change detected
2026-01-13 19:33:34 - watchfiles.main - INFO - 1 change detected
2026-01-13 19:33:35 - watchfiles.main - INFO - 1 change detected
2026-01-13 19:33:35 - watchfiles.main - INFO - 1 change detected
2026-01-13 19:33:35 - watchfiles.main - INFO - 1 change detected
2026-01-13 19:33:36 - watchfiles.main - INFO - 1 change detected
2026-01-13 19:33:36 - watchfiles.main - INFO - 1 change detected
2026-01-13 19:33:37 - watchfiles.main - INFO - 1 change detected
2026-01-13 19:33:37 - watchfiles.main - INFO - 1 change detected
2026-01-13 19:33:38 - watchfiles.main - INFO - 1 change detected
2026-01-13 19:33:38 - watchfiles.main - INFO - 1 change detected
2026-01-13 19:33:38 - watchfiles.main - INFO - 1 change detected
2026-01-13 19:33:39 - watchfiles.main - INFO - 1 change detected
2026-01-13 19:33:39 - watchfiles.main - INFO - 1 change detected
2026-01-13 19:33:40 - watchfiles.main - INFO - 1 change detected
2026-01-13 19:33:40 - watchfiles.main - INFO - 1 change detected
2026-01-13 19:33:40 - watchfiles.main - INFO - 1 change detected
2026-01-13 19:33:41 - watchfiles.main - INFO - 1 change detected
2026-01-13 19:33:41 - watchfiles.main - INFO - 1 change detected
2026-01-13 19:33:42 - watchfiles.main - INFO - 1 change detected
2026-01-13 19:33:42 - watchfiles.main - INFO - 1 change detected
2026-01-13 19:33:42 - watchfiles.main - INFO - 1 change detected
2026-01-13 19:33:43 - watchfiles.main - INFO - 1 change detected
2026-01-13 19:33:43 - watchfiles.main - INFO - 1 change detected
2026-01-13 19:33:44 - watchfiles.main - INFO - 1 change detected
2026-01-13 19:33:44 - watchfiles.main - INFO - 1 change detected
2026-01-13 19:33:45 - watchfiles.main - INFO - 1 change detected
2026-01-13 19:33:45 - watchfiles.main - INFO - 1 change detected
2026-01-13 19:33:45 - watchfiles.main - INFO - 1 change detected
2026-01-13 19:33:46 - watchfiles.main - INFO - 1 change detected
2026-01-13 19:33:46 - watchfiles.main - INFO - 1 change detected
2026-01-13 19:33:47 - watchfiles.main - INFO - 1 change detected
2026-01-13 19:33:47 - watchfiles.main - INFO - 1 change detected
2026-01-13 19:33:47 - watchfiles.main - INFO - 1 change detected
2026-01-13 19:33:48 - watchfiles.main - INFO - 1 change detected
2026-01-13 19:33:48 - watchfiles.main - INFO - 1 change detected
2026-01-13 19:33:49 - watchfiles.main - INFO - 1 change detected
2026-01-13 19:33:49 - watchfiles.main - INFO - 1 change detected
2026-01-13 19:33:49 - watchfiles.main - INFO - 1 change detected
2026-01-13 19:33:50 - watchfiles.main - INFO - 1 change detected
2026-01-13 19:33:50 - watchfiles.main - INFO - 1 change detected
2026-01-13 19:33:51 - watchfiles.main - INFO - 1 change detected
2026-01-13 19:33:51 - watchfiles.main - INFO - 1 change detected
2026-01-13 19:33:52 - watchfiles.main - INFO - 1 change detected
2026-01-13 19:33:52 - watchfiles.main - INFO - 1 change detected
2026-01-13 19:33:52 - watchfiles.main - INFO - 1 change detected
2026-01-13 19:33:53 - watchfiles.main - INFO - 1 change detected
2026-01-13 19:33:53 - watchfiles.main - INFO - 1 change detected
2026-01-13 19:33:54 - watchfiles.main - INFO - 1 change detected
2026-01-13 19:33:54 - watchfiles.main - INFO - 1 change detected
2026-01-13 19:33:54 - watchfiles.main - INFO - 1 change detected
2026-01-13 19:33:55 - watchfiles.main - INFO - 1 change detected
2026-01-13 19:33:55 - watchfiles.main - INFO - 1 change detected
2026-01-13 19:33:56 - watchfiles.main - INFO - 1 change detected
2026-01-13 19:33:56 - watchfiles.main - INFO - 1 change detected
2026-01-13 19:33:56 - watchfiles.main - INFO - 1 change detected
2026-01-13 19:33:57 - watchfiles.main - INFO - 1 change detected
2026-01-13 19:33:57 - watchfiles.main - INFO - 1 change detected
2026-01-13 19:33:58 - watchfiles.main - INFO - 1 change detected
2026-01-13 19:33:58 - watchfiles.main - INFO - 1 change detected
2026-01-13 19:33:58 - watchfiles.main - INFO - 1 change detected
2026-01-13 19:33:59 - watchfiles.main - INFO - 1 change detected
2026-01-13 19:33:59 - watchfiles.main - INFO - 1 change detected
2026-01-13 19:34:00 - watchfiles.main - INFO - 1 change detected
2026-01-13 19:34:00 - watchfiles.main - INFO - 1 change detected
2026-01-13 19:34:00 - watchfiles.main - INFO - 1 change detected
2026-01-13 19:34:01 - watchfiles.main - INFO - 1 change detected
2026-01-13 19:34:01 - watchfiles.main - INFO - 1 change detected
2026-01-13 19:34:02 - watchfiles.main - INFO - 1 change detected
2026-01-13 19:34:02 - watchfiles.main - INFO - 1 change detected
2026-01-13 19:34:03 - watchfiles.main - INFO - 1 change detected
2026-01-13 19:34:03 - watchfiles.main - INFO - 1 change detected
2026-01-13 19:34:03 - watchfiles.main - INFO - 1 change detected
2026-01-13 19:34:04 - watchfiles.main - INFO - 1 change detected
2026-01-13 19:34:04 - watchfiles.main - INFO - 1 change detected
2026-01-13 19:34:05 - watchfiles.main - INFO - 1 change detected
2026-01-13 19:34:05 - watchfiles.main - INFO - 1 change detected
2026-01-13 19:34:06 - watchfiles.main - INFO - 1 change detected
2026-01-13 19:34:06 - watchfiles.main - INFO - 1 change detected
2026-01-13 19:34:06 - watchfiles.main - INFO - 1 change detected
2026-01-13 19:34:07 - watchfiles.main - INFO - 1 change detected
2026-01-13 19:34:07 - watchfiles.main - INFO - 1 change detected
2026-01-13 19:34:08 - watchfiles.main - INFO - 1 change detected
2026-01-13 19:34:08 - watchfiles.main - INFO - 1 change detected
2026-01-13 19:34:08 - watchfiles.main - INFO - 1 change detected
2026-01-13 19:34:09 - watchfiles.main - INFO - 1 change detected
2026-01-13 19:34:09 - watchfiles.main - INFO - 1 change detected
2026-01-13 19:34:10 - watchfiles.main - INFO - 1 change detected
2026-01-13 19:34:10 - watchfiles.main - INFO - 1 change detected
2026-01-13 19:34:10 - watchfiles.main - INFO - 1 change detected
2026-01-13 19:34:11 - watchfiles.main - INFO - 1 change detected
2026-01-13 19:34:11 - watchfiles.main - INFO - 1 change detected
2026-01-13 19:34:12 - watchfiles.main - INFO - 1 change detected
2026-01-13 19:34:12 - watchfiles.main - INFO - 1 change detected
2026-01-13 19:34:12 - watchfiles.main - INFO - 1 change detected
2026-01-13 19:34:13 - watchfiles.main - INFO - 1 change detected
2026-01-13 19:34:13 - watchfiles.main - INFO - 1 change detected
2026-01-13 19:34:14 - watchfiles.main - INFO - 1 change detected
2026-01-13 19:34:14 - watchfiles.main - INFO - 1 change detected
2026-01-13 19:34:15 - watchfiles.main - INFO - 1 change detected
2026-01-13 19:34:15 - watchfiles.main - INFO - 1 change detected
2026-01-13 19:34:15 - watchfiles.main - INFO - 1 change detected
2026-01-13 19:34:16 - watchfiles.main - INFO - 1 change detected
2026-01-13 19:34:16 - watchfiles.main - INFO - 1 change detected
2026-01-13 19:34:17 - watchfiles.main - INFO - 1 change detected
2026-01-13 19:34:17 - watchfiles.main - INFO - 1 change detected
2026-01-13 19:34:17 - watchfiles.main - INFO - 1 change detected
2026-01-13 19:34:18 - watchfiles.main - INFO - 1 change detected
2026-01-13 19:34:18 - watchfiles.main - INFO - 1 change detected
2026-01-13 19:34:19 - watchfiles.main - INFO - 1 change detected
2026-01-13 19:34:19 - watchfiles.main - INFO - 1 change detected
2026-01-13 19:34:19 - watchfiles.main - INFO - 1 change detected
2026-01-13 19:34:20 - watchfiles.main - INFO - 1 change detected
2026-01-13 19:34:20 - watchfiles.main - INFO - 1 change detected
2026-01-13 19:34:21 - watchfiles.main - INFO - 1 change detected
2026-01-13 19:34:21 - watchfiles.main - INFO - 1 change detected
2026-01-13 19:34:22 - watchfiles.main - INFO - 1 change detected
2026-01-13 19:34:22 - watchfiles.main - INFO - 1 change detected
2026-01-13 19:34:22 - watchfiles.main - INFO - 1 change detected
2026-01-13 19:34:23 - watchfiles.main - INFO - 1 change detected
2026-01-13 19:34:23 - watchfiles.main - INFO - 1 change detected
2026-01-13 19:34:23 - watchfiles.main - INFO - 1 change detected
2026-01-13 19:34:24 - watchfiles.main - INFO - 1 change detected
2026-01-13 19:34:24 - watchfiles.main - INFO - 1 change detected
2026-01-13 19:34:25 - watchfiles.main - INFO - 1 change detected
2026-01-13 19:34:25 - watchfiles.main - INFO - 1 change detected
2026-01-13 19:34:26 - watchfiles.main - INFO - 1 change detected
2026-01-13 19:34:26 - watchfiles.main - INFO - 1 change detected
2026-01-13 19:34:26 - watchfiles.main - INFO - 1 change detected
2026-01-13 19:34:27 - watchfiles.main - INFO - 1 change detected
2026-01-13 19:34:27 - watchfiles.main - INFO - 1 change detected
2026-01-13 19:34:28 - watchfiles.main - INFO - 1 change detected
2026-01-13 19:34:28 - watchfiles.main - INFO - 1 change detected
2026-01-13 19:34:28 - watchfiles.main - INFO - 1 change detected
2026-01-13 19:34:29 - watchfiles.main - INFO - 1 change detected
2026-01-13 19:34:29 - watchfiles.main - INFO - 1 change detected
2026-01-13 19:34:30 - watchfiles.main - INFO - 1 change detected
2026-01-13 19:34:30 - watchfiles.main - INFO - 1 change detected
2026-01-13 19:34:30 - watchfiles.main - INFO - 1 change detected
2026-01-13 19:34:31 - watchfiles.main - INFO - 1 change detected
2026-01-13 19:34:31 - watchfiles.main - INFO - 1 change detected
2026-01-13 19:34:32 - watchfiles.main - INFO - 1 change detected
2026-01-13 19:34:32 - watchfiles.main - INFO - 1 change detected
2026-01-13 19:34:32 - watchfiles.main - INFO - 1 change detected
2026-01-13 19:34:33 - watchfiles.main - INFO - 1 change detected
2026-01-13 19:34:33 - watchfiles.main - INFO - 1 change detected
2026-01-13 19:34:34 - watchfiles.main - INFO - 1 change detected
2026-01-13 19:34:34 - watchfiles.main - INFO - 1 change detected
2026-01-13 19:34:35 - watchfiles.main - INFO - 1 change detected
2026-01-13 19:34:35 - watchfiles.main - INFO - 1 change detected
2026-01-13 19:34:35 - watchfiles.main - INFO - 1 change detected
2026-01-13 19:34:36 - watchfiles.main - INFO - 1 change detected
2026-01-13 19:34:36 - watchfiles.main - INFO - 1 change detected
2026-01-13 19:34:37 - watchfiles.main - INFO - 1 change detected
2026-01-13 19:34:37 - watchfiles.main - INFO - 1 change detected
2026-01-13 19:34:37 - watchfiles.main - INFO - 1 change detected
2026-01-13 19:34:38 - watchfiles.main - INFO - 1 change detected
2026-01-13 19:34:38 - watchfiles.main - INFO - 1 change detected
2026-01-13 19:34:39 - watchfiles.main - INFO - 1 change detected
2026-01-13 19:34:39 - watchfiles.main - INFO - 1 change detected
2026-01-13 19:34:39 - watchfiles.main - INFO - 1 change detected
2026-01-13 19:34:40 - watchfiles.main - INFO - 1 change detected
2026-01-13 19:34:40 - watchfiles.main - INFO - 1 change detected
2026-01-13 19:34:41 - watchfiles.main - INFO - 1 change detected
2026-01-13 19:34:41 - watchfiles.main - INFO - 1 change detected
2026-01-13 19:34:41 - watchfiles.main - INFO - 1 change detected
2026-01-13 19:34:42 - watchfiles.main - INFO - 1 change detected
2026-01-13 19:34:42 - watchfiles.main - INFO - 1 change detected
2026-01-13 19:34:43 - watchfiles.main - INFO - 1 change detected
2026-01-13 19:34:43 - watchfiles.main - INFO - 1 change detected
2026-01-13 19:34:44 - watchfiles.main - INFO - 1 change detected
2026-01-13 19:34:44 - watchfiles.main - INFO - 1 change detected
2026-01-13 19:34:44 - watchfiles.main - INFO - 1 change detected
2026-01-13 19:34:45 - watchfiles.main - INFO - 1 change detected
2026-01-13 19:34:45 - watchfiles.main - INFO - 1 change detected
2026-01-13 19:34:46 - watchfiles.main - INFO - 1 change detected
2026-01-13 19:34:46 - watchfiles.main - INFO - 1 change detected
2026-01-13 19:34:46 - watchfiles.main - INFO - 1 change detected
2026-01-13 19:34:47 - watchfiles.main - INFO - 1 change detected
2026-01-13 19:34:47 - watchfiles.main - INFO - 1 change detected
2026-01-13 19:34:48 - watchfiles.main - INFO - 1 change detected
2026-01-13 19:34:48 - watchfiles.main - INFO - 1 change detected
2026-01-13 19:34:48 - watchfiles.main - INFO - 1 change detected
2026-01-13 19:34:49 - watchfiles.main - INFO - 1 change detected
2026-01-13 19:34:49 - watchfiles.main - INFO - 1 change detected
2026-01-13 19:34:50 - watchfiles.main - INFO - 1 change detected
2026-01-13 19:34:50 - watchfiles.main - INFO - 1 change detected
2026-01-13 19:34:50 - watchfiles.main - INFO - 1 change detected
2026-01-13 19:34:51 - watchfiles.main - INFO - 1 change detected
2026-01-13 19:34:51 - watchfiles.main - INFO - 1 change detected
2026-01-13 19:34:52 - watchfiles.main - INFO - 1 change detected
2026-01-13 19:34:52 - watchfiles.main - INFO - 1 change detected
2026-01-13 19:34:53 - watchfiles.main - INFO - 1 change detected
2026-01-13 19:34:53 - watchfiles.main - INFO - 1 change detected
2026-01-13 19:34:53 - watchfiles.main - INFO - 1 change detected
2026-01-13 19:34:54 - watchfiles.main - INFO - 1 change detected
2026-01-13 19:34:54 - watchfiles.main - INFO - 1 change detected
2026-01-13 19:34:55 - watchfiles.main - INFO - 1 change detected
2026-01-13 19:34:55 - watchfiles.main - INFO - 1 change detected
2026-01-13 19:34:55 - watchfiles.main - INFO - 1 change detected
2026-01-13 19:34:56 - watchfiles.main - INFO - 1 change detected
2026-01-13 19:34:56 - watchfiles.main - INFO - 1 change detected
2026-01-13 19:34:57 - watchfiles.main - INFO - 1 change detected
2026-01-13 19:34:57 - watchfiles.main - INFO - 1 change detected
2026-01-13 19:34:57 - watchfiles.main - INFO - 1 change detected
2026-01-13 19:34:58 - watchfiles.main - INFO - 1 change detected
2026-01-13 19:34:58 - watchfiles.main - INFO - 1 change detected
2026-01-13 19:34:59 - watchfiles.main - INFO - 1 change detected
2026-01-13 19:34:59 - watchfiles.main - INFO - 1 change detected
2026-01-13 19:35:00 - watchfiles.main - INFO - 1 change detected
2026-01-13 19:35:00 - watchfiles.main - INFO - 1 change detected
2026-01-13 19:35:00 - watchfiles.main - INFO - 1 change detected
2026-01-13 19:35:01 - watchfiles.main - INFO - 1 change detected
2026-01-13 19:35:01 - watchfiles.main - INFO - 1 change detected
2026-01-13 19:35:02 - watchfiles.main - INFO - 1 change detected
2026-01-13 19:35:02 - watchfiles.main - INFO - 1 change detected
2026-01-13 19:35:02 - watchfiles.main - INFO - 1 change detected
2026-01-13 19:35:03 - watchfiles.main - INFO - 1 change detected
2026-01-13 19:35:03 - watchfiles.main - INFO - 1 change detected
2026-01-13 19:35:04 - watchfiles.main - INFO - 1 change detected
2026-01-13 19:35:04 - watchfiles.main - INFO - 1 change detected
2026-01-13 19:35:04 - watchfiles.main - INFO - 1 change detected
2026-01-13 19:35:05 - watchfiles.main - INFO - 1 change detected
2026-01-13 19:35:05 - watchfiles.main - INFO - 1 change detected
2026-01-13 19:35:06 - watchfiles.main - INFO - 1 change detected
2026-01-13 19:35:06 - watchfiles.main - INFO - 1 change detected
2026-01-13 19:35:06 - watchfiles.main - INFO - 1 change detected
2026-01-13 19:35:07 - watchfiles.main - INFO - 1 change detected
2026-01-13 19:35:07 - watchfiles.main - INFO - 1 change detected
2026-01-13 19:35:08 - watchfiles.main - INFO - 1 change detected
2026-01-13 19:35:08 - watchfiles.main - INFO - 1 change detected
2026-01-13 19:35:08 - watchfiles.main - INFO - 1 change detected
2026-01-13 19:35:09 - watchfiles.main - INFO - 1 change detected
2026-01-13 19:35:09 - watchfiles.main - INFO - 1 change detected
2026-01-13 19:35:10 - watchfiles.main - INFO - 1 change detected
2026-01-13 19:35:10 - watchfiles.main - INFO - 1 change detected
2026-01-13 19:35:11 - watchfiles.main - INFO - 1 change detected
2026-01-13 19:35:11 - watchfiles.main - INFO - 1 change detected
2026-01-13 19:35:11 - watchfiles.main - INFO - 1 change detected
2026-01-13 19:35:12 - watchfiles.main - INFO - 1 change detected
2026-01-13 19:35:12 - watchfiles.main - INFO - 1 change detected
2026-01-13 19:35:13 - watchfiles.main - INFO - 1 change detected
2026-01-13 19:35:13 - watchfiles.main - INFO - 1 change detected
2026-01-13 19:35:13 - watchfiles.main - INFO - 1 change detected
2026-01-13 19:35:14 - watchfiles.main - INFO - 1 change detected
2026-01-13 19:35:14 - watchfiles.main - INFO - 1 change detected
2026-01-13 19:35:15 - watchfiles.main - INFO - 1 change detected
2026-01-13 19:35:15 - watchfiles.main - INFO - 1 change detected
2026-01-13 19:35:15 - watchfiles.main - INFO - 1 change detected
2026-01-13 19:35:16 - watchfiles.main - INFO - 1 change detected
2026-01-13 19:35:16 - watchfiles.main - INFO - 1 change detected
2026-01-13 19:35:17 - watchfiles.main - INFO - 1 change detected
2026-01-13 19:35:17 - watchfiles.main - INFO - 1 change detected
2026-01-13 19:35:17 - watchfiles.main - INFO - 1 change detected
2026-01-13 19:35:18 - watchfiles.main - INFO - 1 change detected
2026-01-13 19:35:18 - watchfiles.main - INFO - 1 change detected
2026-01-13 19:35:19 - watchfiles.main - INFO - 1 change detected
2026-01-13 19:35:19 - watchfiles.main - INFO - 1 change detected
2026-01-13 19:35:19 - watchfiles.main - INFO - 1 change detected
2026-01-13 19:35:20 - watchfiles.main - INFO - 1 change detected
2026-01-13 19:35:20 - watchfiles.main - INFO - 1 change detected
2026-01-13 19:35:21 - watchfiles.main - INFO - 1 change detected
2026-01-13 19:35:21 - watchfiles.main - INFO - 1 change detected
2026-01-13 19:35:22 - watchfiles.main - INFO - 1 change detected
2026-01-13 19:35:22 - watchfiles.main - INFO - 1 change detected
2026-01-13 19:35:22 - watchfiles.main - INFO - 1 change detected
2026-01-13 19:35:23 - watchfiles.main - INFO - 1 change detected
2026-01-13 19:35:23 - watchfiles.main - INFO - 1 change detected
2026-01-13 19:35:24 - watchfiles.main - INFO - 1 change detected
2026-01-13 19:35:24 - watchfiles.main - INFO - 1 change detected
2026-01-13 19:35:24 - watchfiles.main - INFO - 1 change detected
2026-01-13 19:35:25 - watchfiles.main - INFO - 1 change detected
2026-01-13 19:35:25 - watchfiles.main - INFO - 1 change detected
2026-01-13 19:35:26 - watchfiles.main - INFO - 1 change detected
2026-01-13 19:35:26 - watchfiles.main - INFO - 1 change detected
2026-01-13 19:35:26 - watchfiles.main - INFO - 1 change detected
2026-01-13 19:35:27 - watchfiles.main - INFO - 1 change detected
2026-01-13 19:35:27 - watchfiles.main - INFO - 1 change detected
2026-01-13 19:35:28 - watchfiles.main - INFO - 1 change detected
2026-01-13 19:35:28 - watchfiles.main - INFO - 1 change detected
2026-01-13 19:35:28 - watchfiles.main - INFO - 1 change detected
2026-01-13 19:35:29 - watchfiles.main - INFO - 1 change detected
2026-01-13 19:35:29 - watchfiles.main - INFO - 1 change detected
2026-01-13 19:35:30 - watchfiles.main - INFO - 1 change detected
2026-01-13 19:35:30 - watchfiles.main - INFO - 1 change detected
2026-01-13 19:35:30 - watchfiles.main - INFO - 1 change detected
2026-01-13 19:35:31 - watchfiles.main - INFO - 1 change detected
2026-01-13 19:35:31 - watchfiles.main - INFO - 1 change detected
2026-01-13 19:35:32 - watchfiles.main - INFO - 1 change detected
2026-01-13 19:35:32 - watchfiles.main - INFO - 1 change detected
2026-01-13 19:35:32 - watchfiles.main - INFO - 1 change detected
2026-01-13 19:35:33 - watchfiles.main - INFO - 1 change detected
2026-01-13 19:35:33 - watchfiles.main - INFO - 1 change detected
2026-01-13 19:35:34 - watchfiles.main - INFO - 1 change detected
2026-01-13 19:35:34 - watchfiles.main - INFO - 1 change detected
2026-01-13 19:35:35 - watchfiles.main - INFO - 1 change detected
2026-01-13 19:35:35 - watchfiles.main - INFO - 1 change detected
2026-01-13 19:35:35 - watchfiles.main - INFO - 1 change detected
2026-01-13 19:35:36 - watchfiles.main - INFO - 1 change detected
2026-01-13 19:35:36 - watchfiles.main - INFO - 1 change detected
2026-01-13 19:35:37 - watchfiles.main - INFO - 1 change detected
2026-01-13 19:35:37 - watchfiles.main - INFO - 1 change detected
2026-01-13 19:35:37 - watchfiles.main - INFO - 1 change detected
2026-01-13 19:35:38 - watchfiles.main - INFO - 1 change detected
2026-01-13 19:35:38 - watchfiles.main - INFO - 1 change detected
2026-01-13 19:35:39 - watchfiles.main - INFO - 1 change detected
2026-01-13 19:35:39 - watchfiles.main - INFO - 1 change detected
2026-01-13 19:35:40 - watchfiles.main - INFO - 1 change detected
2026-01-13 19:35:40 - watchfiles.main - INFO - 1 change detected
2026-01-13 19:35:40 - watchfiles.main - INFO - 1 change detected
2026-01-13 19:35:41 - watchfiles.main - INFO - 1 change detected
2026-01-13 19:35:41 - watchfiles.main - INFO - 1 change detected
2026-01-13 19:35:42 - watchfiles.main - INFO - 1 change detected
2026-01-13 19:35:42 - watchfiles.main - INFO - 1 change detected
2026-01-13 19:35:42 - watchfiles.main - INFO - 1 change detected
2026-01-13 19:35:43 - watchfiles.main - INFO - 1 change detected
2026-01-13 19:35:43 - watchfiles.main - INFO - 1 change detected
2026-01-13 19:35:44 - watchfiles.main - INFO - 1 change detected
2026-01-13 19:35:44 - watchfiles.main - INFO - 1 change detected
2026-01-13 19:35:44 - watchfiles.main - INFO - 1 change detected
2026-01-13 19:35:45 - watchfiles.main - INFO - 1 change detected
2026-01-13 19:35:45 - watchfiles.main - INFO - 1 change detected
2026-01-13 19:35:46 - watchfiles.main - INFO - 1 change detected
2026-01-13 19:35:46 - watchfiles.main - INFO - 1 change detected
2026-01-13 19:35:46 - watchfiles.main - INFO - 1 change detected
2026-01-13 19:35:47 - watchfiles.main - INFO - 1 change detected
2026-01-13 19:35:47 - watchfiles.main - INFO - 1 change detected
2026-01-13 19:35:48 - watchfiles.main - INFO - 1 change detected
2026-01-13 19:35:48 - watchfiles.main - INFO - 1 change detected
2026-01-13 19:35:48 - watchfiles.main - INFO - 1 change detected
2026-01-13 19:35:49 - watchfiles.main - INFO - 1 change detected
2026-01-13 19:35:49 - watchfiles.main - INFO - 1 change detected
2026-01-13 19:35:50 - watchfiles.main - INFO - 1 change detected
2026-01-13 19:35:50 - watchfiles.main - INFO - 1 change detected
2026-01-13 19:35:51 - watchfiles.main - INFO - 1 change detected
2026-01-13 19:35:51 - watchfiles.main - INFO - 1 change detected
2026-01-13 19:35:51 - watchfiles.main - INFO - 1 change detected
2026-01-13 19:35:52 - watchfiles.main - INFO - 1 change detected
2026-01-13 19:35:52 - watchfiles.main - INFO - 1 change detected
2026-01-13 19:35:53 - watchfiles.main - INFO - 1 change detected
2026-01-13 19:35:53 - watchfiles.main - INFO - 1 change detected
2026-01-13 19:35:53 - watchfiles.main - INFO - 1 change detected
2026-01-13 19:35:54 - watchfiles.main - INFO - 1 change detected
2026-01-13 19:35:54 - watchfiles.main - INFO - 1 change detected
2026-01-13 19:35:55 - watchfiles.main - INFO - 1 change detected
2026-01-13 19:35:55 - watchfiles.main - INFO - 1 change detected
2026-01-13 19:35:55 - watchfiles.main - INFO - 1 change detected
2026-01-13 19:35:56 - watchfiles.main - INFO - 1 change detected
2026-01-13 19:35:56 - watchfiles.main - INFO - 1 change detected
2026-01-13 19:35:57 - watchfiles.main - INFO - 1 change detected
2026-01-13 19:35:57 - watchfiles.main - INFO - 1 change detected
2026-01-13 19:35:58 - watchfiles.main - INFO - 1 change detected
2026-01-13 19:35:58 - watchfiles.main - INFO - 1 change detected
2026-01-13 19:35:58 - watchfiles.main - INFO - 1 change detected
2026-01-13 19:35:59 - watchfiles.main - INFO - 1 change detected
2026-01-13 19:35:59 - watchfiles.main - INFO - 1 change detected
2026-01-13 19:36:00 - watchfiles.main - INFO - 1 change detected
2026-01-13 19:36:00 - watchfiles.main - INFO - 1 change detected
2026-01-13 19:36:00 - watchfiles.main - INFO - 1 change detected
2026-01-13 19:36:01 - watchfiles.main - INFO - 1 change detected
2026-01-13 19:36:01 - watchfiles.main - INFO - 1 change detected
2026-01-13 19:36:02 - watchfiles.main - INFO - 1 change detected
2026-01-13 19:36:02 - watchfiles.main - INFO - 1 change detected
2026-01-13 19:36:02 - watchfiles.main - INFO - 1 change detected
2026-01-13 19:36:03 - watchfiles.main - INFO - 1 change detected
2026-01-13 19:36:03 - watchfiles.main - INFO - 1 change detected
2026-01-13 19:36:04 - watchfiles.main - INFO - 1 change detected
2026-01-13 19:36:04 - watchfiles.main - INFO - 1 change detected
2026-01-13 19:36:05 - watchfiles.main - INFO - 1 change detected
2026-01-13 19:36:05 - watchfiles.main - INFO - 1 change detected
2026-01-13 19:36:05 - watchfiles.main - INFO - 1 change detected
2026-01-13 19:36:06 - watchfiles.main - INFO - 1 change detected
2026-01-13 19:36:06 - watchfiles.main - INFO - 1 change detected
2026-01-13 19:36:07 - watchfiles.main - INFO - 1 change detected
2026-01-13 19:36:07 - watchfiles.main - INFO - 1 change detected
2026-01-13 19:36:07 - watchfiles.main - INFO - 1 change detected
2026-01-13 19:36:08 - watchfiles.main - INFO - 1 change detected
2026-01-13 19:36:08 - watchfiles.main - INFO - 1 change detected
2026-01-13 19:36:09 - watchfiles.main - INFO - 1 change detected
2026-01-13 19:36:09 - watchfiles.main - INFO - 1 change detected
2026-01-13 19:36:09 - watchfiles.main - INFO - 1 change detected
2026-01-13 19:36:10 - watchfiles.main - INFO - 1 change detected
2026-01-13 19:36:10 - watchfiles.main - INFO - 1 change detected
2026-01-13 19:36:11 - watchfiles.main - INFO - 1 change detected
2026-01-13 19:36:11 - watchfiles.main - INFO - 1 change detected
2026-01-13 19:36:11 - watchfiles.main - INFO - 1 change detected
2026-01-13 19:36:12 - watchfiles.main - INFO - 1 change detected
2026-01-13 19:36:12 - watchfiles.main - INFO - 1 change detected
2026-01-13 19:36:13 - watchfiles.main - INFO - 1 change detected
2026-01-13 19:36:13 - watchfiles.main - INFO - 1 change detected
2026-01-13 19:36:14 - watchfiles.main - INFO - 1 change detected
2026-01-13 19:36:14 - watchfiles.main - INFO - 1 change detected
2026-01-13 19:36:14 - watchfiles.main - INFO - 1 change detected
2026-01-13 19:36:15 - watchfiles.main - INFO - 1 change detected
2026-01-13 19:36:15 - watchfiles.main - INFO - 1 change detected
2026-01-13 19:36:16 - watchfiles.main - INFO - 1 change detected
2026-01-13 19:36:16 - watchfiles.main - INFO - 1 change detected
2026-01-13 19:36:16 - watchfiles.main - INFO - 1 change detected
2026-01-13 19:36:17 - watchfiles.main - INFO - 1 change detected
2026-01-13 19:36:17 - watchfiles.main - INFO - 1 change detected
2026-01-13 19:36:18 - watchfiles.main - INFO - 1 change detected
2026-01-13 19:36:18 - watchfiles.main - INFO - 1 change detected
2026-01-13 19:36:19 - watchfiles.main - INFO - 1 change detected
2026-01-13 19:36:19 - watchfiles.main - INFO - 1 change detected
2026-01-13 19:36:19 - watchfiles.main - INFO - 1 change detected
2026-01-13 19:36:20 - watchfiles.main - INFO - 1 change detected
2026-01-13 19:36:20 - watchfiles.main - INFO - 1 change detected
2026-01-13 19:36:21 - watchfiles.main - INFO - 1 change detected
2026-01-13 19:36:21 - watchfiles.main - INFO - 1 change detected
2026-01-13 19:36:21 - watchfiles.main - INFO - 1 change detected
2026-01-13 19:36:22 - watchfiles.main - INFO - 1 change detected
2026-01-13 19:36:22 - watchfiles.main - INFO - 1 change detected
2026-01-13 19:36:23 - watchfiles.main - INFO - 1 change detected
2026-01-13 19:36:23 - watchfiles.main - INFO - 1 change detected
2026-01-13 19:36:23 - watchfiles.main - INFO - 1 change detected
2026-01-13 19:36:24 - watchfiles.main - INFO - 1 change detected
2026-01-13 19:36:24 - watchfiles.main - INFO - 1 change detected
2026-01-13 19:36:25 - watchfiles.main - INFO - 1 change detected
2026-01-13 19:36:25 - watchfiles.main - INFO - 1 change detected
2026-01-13 19:36:25 - watchfiles.main - INFO - 1 change detected
2026-01-13 19:36:26 - watchfiles.main - INFO - 1 change detected
2026-01-13 19:36:26 - watchfiles.main - INFO - 1 change detected
2026-01-13 19:36:27 - watchfiles.main - INFO - 1 change detected
2026-01-13 19:36:27 - watchfiles.main - INFO - 1 change detected
2026-01-13 19:36:27 - watchfiles.main - INFO - 1 change detected
2026-01-13 19:36:28 - watchfiles.main - INFO - 1 change detected
2026-01-13 19:36:28 - watchfiles.main - INFO - 1 change detected
2026-01-13 19:36:29 - watchfiles.main - INFO - 1 change detected
2026-01-13 19:36:29 - watchfiles.main - INFO - 1 change detected
2026-01-13 19:36:30 - watchfiles.main - INFO - 1 change detected
2026-01-13 19:36:30 - watchfiles.main - INFO - 1 change detected
2026-01-13 19:36:30 - watchfiles.main - INFO - 1 change detected
2026-01-13 19:36:31 - watchfiles.main - INFO - 1 change detected
2026-01-13 19:36:31 - watchfiles.main - INFO - 1 change detected
2026-01-13 19:36:32 - watchfiles.main - INFO - 1 change detected
2026-01-13 19:36:32 - watchfiles.main - INFO - 1 change detected
2026-01-13 19:36:32 - watchfiles.main - INFO - 1 change detected
2026-01-13 19:36:33 - watchfiles.main - INFO - 1 change detected
2026-01-13 19:36:33 - watchfiles.main - INFO - 1 change detected
2026-01-13 19:36:34 - watchfiles.main - INFO - 1 change detected
2026-01-13 19:36:34 - watchfiles.main - INFO - 1 change detected
2026-01-13 19:36:34 - watchfiles.main - INFO - 1 change detected
2026-01-13 19:36:35 - watchfiles.main - INFO - 1 change detected
2026-01-13 19:36:35 - watchfiles.main - INFO - 1 change detected
2026-01-13 19:36:36 - watchfiles.main - INFO - 1 change detected
2026-01-13 19:36:36 - watchfiles.main - INFO - 1 change detected
2026-01-13 19:36:36 - watchfiles.main - INFO - 1 change detected
2026-01-13 19:36:37 - watchfiles.main - INFO - 1 change detected
2026-01-13 19:36:37 - watchfiles.main - INFO - 1 change detected
2026-01-13 19:36:38 - watchfiles.main - INFO - 1 change detected
2026-01-13 19:36:38 - watchfiles.main - INFO - 1 change detected
2026-01-13 19:36:38 - watchfiles.main - INFO - 1 change detected
2026-01-13 19:36:39 - watchfiles.main - INFO - 1 change detected
2026-01-13 19:36:39 - watchfiles.main - INFO - 1 change detected
2026-01-13 19:36:40 - watchfiles.main - INFO - 1 change detected
2026-01-13 19:36:40 - watchfiles.main - INFO - 1 change detected
2026-01-13 19:36:40 - watchfiles.main - INFO - 1 change detected
2026-01-13 19:36:41 - watchfiles.main - INFO - 1 change detected
2026-01-13 19:36:41 - watchfiles.main - INFO - 1 change detected
2026-01-13 19:36:42 - watchfiles.main - INFO - 1 change detected
2026-01-13 19:36:42 - watchfiles.main - INFO - 1 change detected
2026-01-13 19:36:43 - watchfiles.main - INFO - 1 change detected
2026-01-13 19:36:43 - watchfiles.main - INFO - 1 change detected
2026-01-13 19:36:43 - watchfiles.main - INFO - 1 change detected
2026-01-13 19:36:44 - watchfiles.main - INFO - 1 change detected
2026-01-13 19:36:44 - watchfiles.main - INFO - 1 change detected
2026-01-13 19:36:45 - watchfiles.main - INFO - 1 change detected
2026-01-13 19:36:45 - watchfiles.main - INFO - 1 change detected
2026-01-13 19:36:45 - watchfiles.main - INFO - 1 change detected
2026-01-13 19:36:46 - watchfiles.main - INFO - 1 change detected
2026-01-13 19:36:46 - watchfiles.main - INFO - 1 change detected
2026-01-13 19:36:47 - watchfiles.main - INFO - 1 change detected
2026-01-13 19:36:47 - watchfiles.main - INFO - 1 change detected
2026-01-13 19:36:47 - watchfiles.main - INFO - 1 change detected
2026-01-13 19:36:48 - watchfiles.main - INFO - 1 change detected
2026-01-13 19:36:48 - watchfiles.main - INFO - 1 change detected
2026-01-13 19:36:49 - watchfiles.main - INFO - 1 change detected
2026-01-13 19:36:49 - watchfiles.main - INFO - 1 change detected
2026-01-13 19:36:49 - watchfiles.main - INFO - 1 change detected
2026-01-13 19:36:50 - watchfiles.main - INFO - 1 change detected
2026-01-13 19:36:50 - watchfiles.main - INFO - 1 change detected
2026-01-13 19:36:51 - watchfiles.main - INFO - 1 change detected
2026-01-13 19:36:51 - watchfiles.main - INFO - 1 change detected
2026-01-13 19:36:51 - watchfiles.main - INFO - 1 change detected
2026-01-13 19:36:52 - watchfiles.main - INFO - 1 change detected
2026-01-13 19:36:52 - watchfiles.main - INFO - 1 change detected
2026-01-13 19:36:53 - watchfiles.main - INFO - 1 change detected
2026-01-13 19:36:53 - watchfiles.main - INFO - 1 change detected
2026-01-13 19:36:54 - watchfiles.main - INFO - 1 change detected
2026-01-13 19:36:54 - watchfiles.main - INFO - 1 change detected
2026-01-13 19:36:54 - watchfiles.main - INFO - 1 change detected
2026-01-13 19:36:55 - watchfiles.main - INFO - 1 change detected
2026-01-13 19:36:55 - watchfiles.main - INFO - 1 change detected
2026-01-13 19:36:56 - watchfiles.main - INFO - 1 change detected
2026-01-13 19:36:56 - watchfiles.main - INFO - 1 change detected
2026-01-13 19:36:56 - watchfiles.main - INFO - 1 change detected
2026-01-13 19:36:57 - watchfiles.main - INFO - 1 change detected
2026-01-13 19:36:57 - watchfiles.main - INFO - 1 change detected
2026-01-13 19:36:58 - watchfiles.main - INFO - 1 change detected
2026-01-13 19:36:58 - watchfiles.main - INFO - 1 change detected
2026-01-13 19:36:58 - watchfiles.main - INFO - 1 change detected
2026-01-13 19:36:59 - watchfiles.main - INFO - 1 change detected
2026-01-13 19:36:59 - watchfiles.main - INFO - 1 change detected
2026-01-13 19:37:00 - watchfiles.main - INFO - 1 change detected
2026-01-13 19:37:00 - watchfiles.main - INFO - 1 change detected
2026-01-13 19:37:01 - watchfiles.main - INFO - 1 change detected
2026-01-13 19:37:01 - watchfiles.main - INFO - 1 change detected
2026-01-13 19:37:01 - watchfiles.main - INFO - 1 change detected
2026-01-13 19:37:02 - watchfiles.main - INFO - 1 change detected
2026-01-13 19:37:02 - watchfiles.main - INFO - 1 change detected
2026-01-13 19:37:03 - watchfiles.main - INFO - 1 change detected
2026-01-13 19:37:03 - watchfiles.main - INFO - 1 change detected
2026-01-13 19:37:03 - watchfiles.main - INFO - 1 change detected
2026-01-13 19:37:04 - watchfiles.main - INFO - 1 change detected
2026-01-13 19:37:04 - watchfiles.main - INFO - 1 change detected
2026-01-13 19:37:05 - watchfiles.main - INFO - 1 change detected
2026-01-13 19:37:05 - watchfiles.main - INFO - 1 change detected
2026-01-13 19:37:05 - watchfiles.main - INFO - 1 change detected
2026-01-13 19:37:06 - watchfiles.main - INFO - 1 change detected
2026-01-13 19:37:06 - watchfiles.main - INFO - 1 change detected
2026-01-13 19:37:07 - watchfiles.main - INFO - 1 change detected
2026-01-13 19:37:07 - watchfiles.main - INFO - 1 change detected
2026-01-13 19:37:07 - watchfiles.main - INFO - 1 change detected
2026-01-13 19:37:08 - watchfiles.main - INFO - 1 change detected
2026-01-13 19:37:08 - watchfiles.main - INFO - 1 change detected
2026-01-13 19:37:09 - watchfiles.main - INFO - 1 change detected
2026-01-13 19:37:09 - watchfiles.main - INFO - 1 change detected
2026-01-13 19:37:09 - watchfiles.main - INFO - 1 change detected
2026-01-13 19:37:10 - watchfiles.main - INFO - 1 change detected
2026-01-13 19:37:10 - watchfiles.main - INFO - 1 change detected
2026-01-13 19:37:11 - watchfiles.main - INFO - 1 change detected
2026-01-13 19:37:11 - watchfiles.main - INFO - 1 change detected
2026-01-13 19:37:12 - watchfiles.main - INFO - 1 change detected
2026-01-13 19:37:12 - watchfiles.main - INFO - 1 change detected
2026-01-13 19:37:12 - watchfiles.main - INFO - 1 change detected
2026-01-13 19:37:13 - watchfiles.main - INFO - 1 change detected
2026-01-13 19:37:13 - watchfiles.main - INFO - 1 change detected
2026-01-13 19:37:14 - watchfiles.main - INFO - 1 change detected
2026-01-13 19:37:14 - watchfiles.main - INFO - 1 change detected
2026-01-13 19:37:14 - watchfiles.main - INFO - 1 change detected
2026-01-13 19:37:15 - watchfiles.main - INFO - 1 change detected
2026-01-13 19:37:15 - watchfiles.main - INFO - 1 change detected
2026-01-13 19:37:16 - watchfiles.main - INFO - 1 change detected
2026-01-13 19:37:16 - watchfiles.main - INFO - 1 change detected
2026-01-13 19:37:16 - watchfiles.main - INFO - 1 change detected
2026-01-13 19:37:17 - watchfiles.main - INFO - 1 change detected
2026-01-13 19:37:17 - watchfiles.main - INFO - 1 change detected
2026-01-13 19:37:18 - watchfiles.main - INFO - 1 change detected
2026-01-13 19:37:18 - watchfiles.main - INFO - 1 change detected
2026-01-13 19:37:18 - watchfiles.main - INFO - 1 change detected
2026-01-13 19:37:19 - watchfiles.main - INFO - 1 change detected
2026-01-13 19:37:19 - watchfiles.main - INFO - 1 change detected
2026-01-13 19:37:20 - watchfiles.main - INFO - 1 change detected
2026-01-13 19:37:20 - watchfiles.main - INFO - 1 change detected
2026-01-13 19:37:21 - watchfiles.main - INFO - 1 change detected
2026-01-13 19:37:21 - watchfiles.main - INFO - 1 change detected
2026-01-13 19:37:21 - watchfiles.main - INFO - 1 change detected
2026-01-13 19:37:22 - watchfiles.main - INFO - 1 change detected
2026-01-13 19:37:22 - watchfiles.main - INFO - 1 change detected
2026-01-13 19:37:23 - watchfiles.main - INFO - 1 change detected
2026-01-13 19:37:23 - watchfiles.main - INFO - 1 change detected
2026-01-13 19:37:23 - watchfiles.main - INFO - 1 change detected
2026-01-13 19:37:24 - watchfiles.main - INFO - 1 change detected
2026-01-13 19:37:24 - watchfiles.main - INFO - 1 change detected
2026-01-13 19:37:25 - watchfiles.main - INFO - 1 change detected
2026-01-13 19:37:25 - watchfiles.main - INFO - 1 change detected
2026-01-13 19:37:25 - watchfiles.main - INFO - 1 change detected
2026-01-13 19:37:26 - watchfiles.main - INFO - 1 change detected
2026-01-13 19:37:26 - watchfiles.main - INFO - 1 change detected
2026-01-13 19:37:27 - watchfiles.main - INFO - 1 change detected
2026-01-13 19:37:27 - watchfiles.main - INFO - 1 change detected
2026-01-13 19:37:27 - watchfiles.main - INFO - 1 change detected
2026-01-13 19:37:28 - watchfiles.main - INFO - 1 change detected
2026-01-13 19:37:28 - watchfiles.main - INFO - 1 change detected
2026-01-13 19:37:29 - watchfiles.main - INFO - 1 change detected
2026-01-13 19:37:29 - watchfiles.main - INFO - 1 change detected
2026-01-13 19:37:30 - watchfiles.main - INFO - 1 change detected
2026-01-13 19:37:30 - watchfiles.main - INFO - 1 change detected
2026-01-13 19:37:30 - watchfiles.main - INFO - 1 change detected
2026-01-13 19:37:31 - watchfiles.main - INFO - 1 change detected
2026-01-13 19:37:31 - watchfiles.main - INFO - 1 change detected
2026-01-13 19:37:32 - watchfiles.main - INFO - 1 change detected
2026-01-13 19:37:32 - watchfiles.main - INFO - 1 change detected
2026-01-13 19:37:32 - watchfiles.main - INFO - 1 change detected
2026-01-13 19:37:33 - watchfiles.main - INFO - 1 change detected
2026-01-13 19:37:33 - watchfiles.main - INFO - 1 change detected
2026-01-13 19:37:34 - watchfiles.main - INFO - 1 change detected
2026-01-13 19:37:34 - watchfiles.main - INFO - 1 change detected
2026-01-13 19:37:34 - watchfiles.main - INFO - 1 change detected
2026-01-13 19:37:35 - watchfiles.main - INFO - 1 change detected
2026-01-13 19:37:35 - watchfiles.main - INFO - 1 change detected
2026-01-13 19:37:36 - watchfiles.main - INFO - 1 change detected
2026-01-13 19:37:36 - watchfiles.main - INFO - 1 change detected
2026-01-13 19:37:37 - watchfiles.main - INFO - 1 change detected
2026-01-13 19:37:37 - watchfiles.main - INFO - 1 change detected
2026-01-13 19:37:37 - watchfiles.main - INFO - 1 change detected
2026-01-13 19:37:38 - watchfiles.main - INFO - 1 change detected
2026-01-13 19:37:38 - watchfiles.main - INFO - 1 change detected
2026-01-13 19:37:39 - watchfiles.main - INFO - 1 change detected
2026-01-13 19:37:39 - watchfiles.main - INFO - 1 change detected
2026-01-13 19:37:39 - watchfiles.main - INFO - 1 change detected
2026-01-13 19:37:40 - watchfiles.main - INFO - 1 change detected
2026-01-13 19:37:40 - watchfiles.main - INFO - 1 change detected
2026-01-13 19:37:41 - watchfiles.main - INFO - 1 change detected
2026-01-13 19:37:41 - watchfiles.main - INFO - 1 change detected
2026-01-13 19:37:42 - watchfiles.main - INFO - 1 change detected
2026-01-13 19:37:42 - watchfiles.main - INFO - 1 change detected
2026-01-13 19:37:42 - watchfiles.main - INFO - 1 change detected
2026-01-13 19:37:43 - watchfiles.main - INFO - 1 change detected
2026-01-13 19:37:43 - watchfiles.main - INFO - 1 change detected
2026-01-13 19:37:44 - watchfiles.main - INFO - 1 change detected
2026-01-13 19:37:44 - watchfiles.main - INFO - 1 change detected
2026-01-13 19:37:44 - watchfiles.main - INFO - 1 change detected
2026-01-13 19:37:45 - watchfiles.main - INFO - 1 change detected
2026-01-13 19:37:45 - watchfiles.main - INFO - 1 change detected
2026-01-13 19:37:46 - watchfiles.main - INFO - 1 change detected
2026-01-13 19:37:46 - watchfiles.main - INFO - 1 change detected
2026-01-13 19:37:47 - watchfiles.main - INFO - 1 change detected
2026-01-13 19:37:47 - watchfiles.main - INFO - 1 change detected
2026-01-13 19:37:47 - watchfiles.main - INFO - 1 change detected
2026-01-13 19:37:48 - watchfiles.main - INFO - 1 change detected
2026-01-13 19:37:48 - watchfiles.main - INFO - 1 change detected
2026-01-13 19:37:49 - watchfiles.main - INFO - 1 change detected
2026-01-13 19:37:49 - watchfiles.main - INFO - 1 change detected
2026-01-13 19:37:49 - watchfiles.main - INFO - 1 change detected
2026-01-13 19:37:50 - watchfiles.main - INFO - 1 change detected
2026-01-13 19:37:50 - watchfiles.main - INFO - 1 change detected
2026-01-13 19:37:51 - watchfiles.main - INFO - 1 change detected
2026-01-13 19:37:51 - watchfiles.main - INFO - 1 change detected
2026-01-13 19:37:51 - watchfiles.main - INFO - 1 change detected
2026-01-13 19:37:52 - watchfiles.main - INFO - 1 change detected
2026-01-13 19:37:52 - watchfiles.main - INFO - 1 change detected
2026-01-13 19:37:53 - watchfiles.main - INFO - 1 change detected
2026-01-13 19:37:53 - watchfiles.main - INFO - 1 change detected
2026-01-13 19:37:53 - watchfiles.main - INFO - 1 change detected
2026-01-13 19:37:54 - watchfiles.main - INFO - 1 change detected
2026-01-13 19:37:54 - watchfiles.main - INFO - 1 change detected
2026-01-13 19:37:55 - watchfiles.main - INFO - 1 change detected
2026-01-13 19:37:55 - watchfiles.main - INFO - 1 change detected
2026-01-13 19:37:56 - watchfiles.main - INFO - 1 change detected
2026-01-13 19:37:56 - watchfiles.main - INFO - 1 change detected
2026-01-13 19:37:56 - watchfiles.main - INFO - 1 change detected
2026-01-13 19:37:57 - watchfiles.main - INFO - 1 change detected
2026-01-13 19:37:57 - watchfiles.main - INFO - 1 change detected
2026-01-13 19:37:58 - watchfiles.main - INFO - 1 change detected
2026-01-13 19:37:58 - watchfiles.main - INFO - 1 change detected
2026-01-13 19:37:58 - watchfiles.main - INFO - 1 change detected
2026-01-13 19:37:59 - watchfiles.main - INFO - 1 change detected
2026-01-13 19:37:59 - watchfiles.main - INFO - 1 change detected
2026-01-13 19:38:00 - watchfiles.main - INFO - 1 change detected
2026-01-13 19:38:00 - watchfiles.main - INFO - 1 change detected
2026-01-13 19:38:00 - watchfiles.main - INFO - 1 change detected
2026-01-13 19:38:01 - watchfiles.main - INFO - 1 change detected
2026-01-13 19:38:01 - watchfiles.main - INFO - 1 change detected
2026-01-13 19:38:02 - watchfiles.main - INFO - 1 change detected
2026-01-13 19:38:02 - watchfiles.main - INFO - 1 change detected
2026-01-13 19:38:02 - watchfiles.main - INFO - 1 change detected
2026-01-13 19:38:03 - watchfiles.main - INFO - 1 change detected
2026-01-13 19:38:03 - watchfiles.main - INFO - 1 change detected
2026-01-13 19:38:04 - watchfiles.main - INFO - 1 change detected
2026-01-13 19:38:04 - watchfiles.main - INFO - 1 change detected
2026-01-13 19:38:04 - watchfiles.main - INFO - 1 change detected
2026-01-13 19:38:05 - watchfiles.main - INFO - 1 change detected
2026-01-13 19:38:05 - watchfiles.main - INFO - 1 change detected
2026-01-13 19:38:06 - watchfiles.main - INFO - 1 change detected
2026-01-13 19:38:06 - watchfiles.main - INFO - 1 change detected
2026-01-13 19:38:06 - watchfiles.main - INFO - 1 change detected
2026-01-13 19:38:07 - watchfiles.main - INFO - 1 change detected
2026-01-13 19:38:07 - watchfiles.main - INFO - 1 change detected
2026-01-13 19:38:08 - watchfiles.main - INFO - 1 change detected
2026-01-13 19:38:08 - watchfiles.main - INFO - 1 change detected
2026-01-13 19:38:09 - watchfiles.main - INFO - 1 change detected
2026-01-13 19:38:09 - watchfiles.main - INFO - 1 change detected
2026-01-13 19:38:09 - watchfiles.main - INFO - 1 change detected
2026-01-13 19:38:10 - watchfiles.main - INFO - 1 change detected
2026-01-13 19:38:10 - watchfiles.main - INFO - 1 change detected
2026-01-13 19:38:11 - watchfiles.main - INFO - 1 change detected
2026-01-13 19:38:11 - watchfiles.main - INFO - 1 change detected
2026-01-13 19:38:11 - watchfiles.main - INFO - 1 change detected
2026-01-13 19:38:12 - watchfiles.main - INFO - 1 change detected
2026-01-13 19:38:12 - watchfiles.main - INFO - 1 change detected
2026-01-13 19:38:13 - watchfiles.main - INFO - 1 change detected
2026-01-13 19:38:13 - watchfiles.main - INFO - 1 change detected
2026-01-13 19:38:13 - watchfiles.main - INFO - 1 change detected
2026-01-13 19:38:14 - watchfiles.main - INFO - 1 change detected
2026-01-13 19:38:14 - watchfiles.main - INFO - 1 change detected
2026-01-13 19:38:15 - watchfiles.main - INFO - 1 change detected
2026-01-13 19:38:15 - watchfiles.main - INFO - 1 change detected
2026-01-13 19:38:15 - watchfiles.main - INFO - 1 change detected
2026-01-13 19:38:16 - watchfiles.main - INFO - 1 change detected
2026-01-13 19:38:16 - watchfiles.main - INFO - 1 change detected
2026-01-13 19:38:17 - watchfiles.main - INFO - 1 change detected
2026-01-13 19:38:17 - watchfiles.main - INFO - 1 change detected
2026-01-13 19:38:18 - watchfiles.main - INFO - 1 change detected
2026-01-13 19:38:18 - watchfiles.main - INFO - 1 change detected
2026-01-13 19:38:18 - watchfiles.main - INFO - 1 change detected
2026-01-13 19:38:19 - watchfiles.main - INFO - 1 change detected
2026-01-13 19:38:19 - watchfiles.main - INFO - 1 change detected
2026-01-13 19:38:20 - watchfiles.main - INFO - 1 change detected
2026-01-13 19:38:20 - watchfiles.main - INFO - 1 change detected
2026-01-13 19:38:20 - watchfiles.main - INFO - 1 change detected
2026-01-13 19:38:21 - watchfiles.main - INFO - 1 change detected
2026-01-13 19:38:21 - watchfiles.main - INFO - 1 change detected
2026-01-13 19:38:22 - watchfiles.main - INFO - 1 change detected
2026-01-13 19:38:22 - watchfiles.main - INFO - 1 change detected
2026-01-13 19:38:22 - watchfiles.main - INFO - 1 change detected
2026-01-13 19:38:23 - watchfiles.main - INFO - 1 change detected
2026-01-13 19:38:23 - watchfiles.main - INFO - 1 change detected
2026-01-13 19:38:24 - watchfiles.main - INFO - 1 change detected
2026-01-13 19:38:24 - watchfiles.main - INFO - 1 change detected
2026-01-13 19:38:24 - watchfiles.main - INFO - 1 change detected
2026-01-13 19:38:25 - watchfiles.main - INFO - 1 change detected
2026-01-13 19:38:25 - watchfiles.main - INFO - 1 change detected
2026-01-13 19:38:26 - watchfiles.main - INFO - 1 change detected
2026-01-13 19:38:26 - watchfiles.main - INFO - 1 change detected
2026-01-13 19:38:26 - watchfiles.main - INFO - 1 change detected
2026-01-13 19:38:27 - watchfiles.main - INFO - 1 change detected
2026-01-13 19:38:27 - watchfiles.main - INFO - 1 change detected
2026-01-13 19:38:28 - watchfiles.main - INFO - 1 change detected
2026-01-13 19:38:28 - watchfiles.main - INFO - 1 change detected
2026-01-13 19:38:28 - watchfiles.main - INFO - 1 change detected
2026-01-13 19:38:29 - watchfiles.main - INFO - 1 change detected
2026-01-13 19:38:29 - watchfiles.main - INFO - 1 change detected
2026-01-13 19:38:30 - watchfiles.main - INFO - 1 change detected
2026-01-13 19:38:30 - watchfiles.main - INFO - 1 change detected
2026-01-13 19:38:31 - watchfiles.main - INFO - 1 change detected
2026-01-13 19:38:31 - watchfiles.main - INFO - 1 change detected
2026-01-13 19:38:31 - watchfiles.main - INFO - 1 change detected
2026-01-13 19:38:32 - watchfiles.main - INFO - 1 change detected
2026-01-13 19:38:32 - watchfiles.main - INFO - 1 change detected
2026-01-13 19:38:33 - watchfiles.main - INFO - 1 change detected
2026-01-13 19:38:33 - watchfiles.main - INFO - 1 change detected
2026-01-13 19:38:33 - watchfiles.main - INFO - 1 change detected
2026-01-13 19:38:34 - watchfiles.main - INFO - 1 change detected
2026-01-13 19:38:34 - watchfiles.main - INFO - 1 change detected
2026-01-13 19:38:35 - watchfiles.main - INFO - 1 change detected
2026-01-13 19:38:35 - watchfiles.main - INFO - 1 change detected
2026-01-13 19:38:35 - watchfiles.main - INFO - 1 change detected
2026-01-13 19:38:36 - watchfiles.main - INFO - 1 change detected
2026-01-13 19:38:36 - watchfiles.main - INFO - 1 change detected
2026-01-13 19:38:37 - watchfiles.main - INFO - 1 change detected
2026-01-13 19:38:37 - watchfiles.main - INFO - 1 change detected
2026-01-13 19:38:37 - watchfiles.main - INFO - 1 change detected
2026-01-13 19:38:38 - watchfiles.main - INFO - 1 change detected
2026-01-13 19:38:38 - watchfiles.main - INFO - 1 change detected
2026-01-13 19:38:39 - watchfiles.main - INFO - 1 change detected
2026-01-13 19:38:39 - watchfiles.main - INFO - 1 change detected
2026-01-13 19:38:39 - watchfiles.main - INFO - 1 change detected
2026-01-13 19:38:40 - watchfiles.main - INFO - 1 change detected
2026-01-13 19:38:40 - watchfiles.main - INFO - 1 change detected
2026-01-13 19:38:41 - watchfiles.main - INFO - 1 change detected
2026-01-13 19:38:41 - watchfiles.main - INFO - 1 change detected
2026-01-13 19:38:42 - watchfiles.main - INFO - 1 change detected
2026-01-13 19:38:42 - watchfiles.main - INFO - 1 change detected
2026-01-13 19:38:42 - watchfiles.main - INFO - 1 change detected
2026-01-13 19:38:43 - watchfiles.main - INFO - 1 change detected
2026-01-13 19:38:43 - watchfiles.main - INFO - 1 change detected
2026-01-13 19:38:44 - watchfiles.main - INFO - 1 change detected
2026-01-13 19:38:44 - watchfiles.main - INFO - 1 change detected
2026-01-13 19:38:44 - watchfiles.main - INFO - 1 change detected
2026-01-13 19:38:45 - watchfiles.main - INFO - 1 change detected
2026-01-13 19:38:45 - watchfiles.main - INFO - 1 change detected
2026-01-13 19:38:46 - watchfiles.main - INFO - 1 change detected
2026-01-13 19:38:46 - watchfiles.main - INFO - 1 change detected
2026-01-13 19:38:46 - watchfiles.main - INFO - 1 change detected
2026-01-13 19:38:47 - watchfiles.main - INFO - 1 change detected
2026-01-13 19:38:47 - watchfiles.main - INFO - 1 change detected
2026-01-13 19:38:48 - watchfiles.main - INFO - 1 change detected
2026-01-13 19:38:48 - watchfiles.main - INFO - 1 change detected
2026-01-13 19:38:48 - watchfiles.main - INFO - 1 change detected
2026-01-13 19:38:49 - watchfiles.main - INFO - 1 change detected
2026-01-13 19:38:49 - watchfiles.main - INFO - 1 change detected
2026-01-13 19:38:50 - watchfiles.main - INFO - 1 change detected
2026-01-13 19:38:50 - watchfiles.main - INFO - 1 change detected
2026-01-13 19:38:51 - watchfiles.main - INFO - 1 change detected
2026-01-13 19:38:51 - watchfiles.main - INFO - 1 change detected
2026-01-13 19:38:51 - watchfiles.main - INFO - 1 change detected
2026-01-13 19:38:52 - watchfiles.main - INFO - 1 change detected
2026-01-13 19:38:52 - watchfiles.main - INFO - 1 change detected
2026-01-13 19:38:53 - watchfiles.main - INFO - 1 change detected
2026-01-13 19:38:53 - watchfiles.main - INFO - 1 change detected
2026-01-13 19:38:53 - watchfiles.main - INFO - 1 change detected
2026-01-13 19:38:54 - watchfiles.main - INFO - 1 change detected
2026-01-13 19:38:54 - watchfiles.main - INFO - 1 change detected
2026-01-13 19:38:55 - watchfiles.main - INFO - 1 change detected
2026-01-13 19:38:55 - watchfiles.main - INFO - 1 change detected
2026-01-13 19:38:55 - watchfiles.main - INFO - 1 change detected
2026-01-13 19:38:56 - watchfiles.main - INFO - 1 change detected
2026-01-13 19:38:56 - watchfiles.main - INFO - 1 change detected
2026-01-13 19:38:57 - watchfiles.main - INFO - 1 change detected
2026-01-13 19:38:57 - watchfiles.main - INFO - 1 change detected
2026-01-13 19:38:58 - watchfiles.main - INFO - 1 change detected
2026-01-13 19:38:58 - watchfiles.main - INFO - 1 change detected
2026-01-13 19:38:58 - watchfiles.main - INFO - 1 change detected
2026-01-13 19:38:59 - watchfiles.main - INFO - 1 change detected
2026-01-13 19:38:59 - watchfiles.main - INFO - 1 change detected
2026-01-13 19:39:00 - watchfiles.main - INFO - 1 change detected
2026-01-13 19:39:00 - watchfiles.main - INFO - 1 change detected
2026-01-13 19:39:00 - watchfiles.main - INFO - 1 change detected
2026-01-13 19:39:01 - watchfiles.main - INFO - 1 change detected
2026-01-13 19:39:01 - watchfiles.main - INFO - 1 change detected
2026-01-13 19:39:02 - watchfiles.main - INFO - 1 change detected
2026-01-13 19:39:02 - watchfiles.main - INFO - 1 change detected
2026-01-13 19:39:02 - watchfiles.main - INFO - 1 change detected
2026-01-13 19:39:03 - watchfiles.main - INFO - 1 change detected
2026-01-13 19:39:03 - watchfiles.main - INFO - 1 change detected
2026-01-13 19:39:04 - watchfiles.main - INFO - 1 change detected
2026-01-13 19:39:04 - watchfiles.main - INFO - 1 change detected
2026-01-13 19:39:04 - watchfiles.main - INFO - 1 change detected
2026-01-13 19:39:05 - watchfiles.main - INFO - 1 change detected
2026-01-13 19:39:05 - watchfiles.main - INFO - 1 change detected
2026-01-13 19:39:06 - watchfiles.main - INFO - 1 change detected
2026-01-13 19:39:06 - watchfiles.main - INFO - 1 change detected
2026-01-13 19:39:06 - watchfiles.main - INFO - 1 change detected
2026-01-13 19:39:07 - watchfiles.main - INFO - 1 change detected
2026-01-13 19:39:07 - watchfiles.main - INFO - 1 change detected
2026-01-13 19:39:08 - watchfiles.main - INFO - 1 change detected
2026-01-13 19:39:08 - watchfiles.main - INFO - 1 change detected
2026-01-13 19:39:08 - watchfiles.main - INFO - 1 change detected
2026-01-13 19:39:09 - watchfiles.main - INFO - 1 change detected
2026-01-13 19:39:09 - watchfiles.main - INFO - 1 change detected
2026-01-13 19:39:10 - watchfiles.main - INFO - 1 change detected
2026-01-13 19:39:10 - watchfiles.main - INFO - 1 change detected
2026-01-13 19:39:10 - watchfiles.main - INFO - 1 change detected
2026-01-13 19:39:11 - watchfiles.main - INFO - 1 change detected
2026-01-13 19:39:11 - watchfiles.main - INFO - 1 change detected
2026-01-13 19:39:12 - watchfiles.main - INFO - 1 change detected
2026-01-13 19:39:12 - watchfiles.main - INFO - 1 change detected
2026-01-13 19:39:12 - watchfiles.main - INFO - 1 change detected
2026-01-13 19:39:13 - watchfiles.main - INFO - 1 change detected
2026-01-13 19:39:13 - watchfiles.main - INFO - 1 change detected
2026-01-13 19:39:14 - watchfiles.main - INFO - 1 change detected
2026-01-13 19:39:14 - watchfiles.main - INFO - 1 change detected
2026-01-13 19:39:15 - watchfiles.main - INFO - 1 change detected
2026-01-13 19:39:15 - watchfiles.main - INFO - 1 change detected
2026-01-13 19:39:15 - watchfiles.main - INFO - 1 change detected
2026-01-13 19:39:16 - watchfiles.main - INFO - 1 change detected
2026-01-13 19:39:16 - watchfiles.main - INFO - 1 change detected
2026-01-13 19:39:17 - watchfiles.main - INFO - 1 change detected
2026-01-13 19:39:17 - watchfiles.main - INFO - 1 change detected
2026-01-13 19:39:17 - watchfiles.main - INFO - 1 change detected
2026-01-13 19:39:18 - watchfiles.main - INFO - 1 change detected
2026-01-13 19:39:18 - watchfiles.main - INFO - 1 change detected
2026-01-13 19:39:19 - watchfiles.main - INFO - 1 change detected
2026-01-13 19:39:19 - watchfiles.main - INFO - 1 change detected
2026-01-13 19:39:19 - watchfiles.main - INFO - 1 change detected
2026-01-13 19:39:20 - watchfiles.main - INFO - 1 change detected
2026-01-13 19:39:20 - watchfiles.main - INFO - 1 change detected
2026-01-13 19:39:21 - watchfiles.main - INFO - 1 change detected
2026-01-13 19:39:21 - watchfiles.main - INFO - 1 change detected
2026-01-13 19:39:21 - watchfiles.main - INFO - 1 change detected
2026-01-13 19:39:22 - watchfiles.main - INFO - 1 change detected
2026-01-13 19:39:22 - watchfiles.main - INFO - 1 change detected
2026-01-13 19:39:23 - watchfiles.main - INFO - 1 change detected
2026-01-13 19:39:23 - watchfiles.main - INFO - 1 change detected
2026-01-13 19:39:24 - watchfiles.main - INFO - 1 change detected
2026-01-13 19:39:24 - watchfiles.main - INFO - 1 change detected
2026-01-13 19:39:24 - watchfiles.main - INFO - 1 change detected
2026-01-13 19:39:25 - watchfiles.main - INFO - 1 change detected
2026-01-13 19:39:25 - watchfiles.main - INFO - 1 change detected
2026-01-13 19:39:26 - watchfiles.main - INFO - 1 change detected
2026-01-13 19:39:26 - watchfiles.main - INFO - 1 change detected
2026-01-13 19:39:26 - watchfiles.main - INFO - 1 change detected
2026-01-13 22:16:19 - watchfiles.main - INFO - 1 change detected
2026-01-13 22:16:19 - watchfiles.main - INFO - 1 change detected
2026-01-13 22:16:20 - watchfiles.main - INFO - 1 change detected
2026-01-13 22:16:20 - watchfiles.main - INFO - 1 change detected
2026-01-13 22:16:21 - watchfiles.main - INFO - 1 change detected
2026-01-13 22:16:21 - watchfiles.main - INFO - 1 change detected
2026-01-13 22:16:22 - watchfiles.main - INFO - 1 change detected
2026-01-13 22:16:22 - watchfiles.main - INFO - 1 change detected
2026-01-13 22:16:22 - watchfiles.main - INFO - 1 change detected
2026-01-13 22:16:23 - watchfiles.main - INFO - 1 change detected
2026-01-13 22:16:23 - watchfiles.main - INFO - 1 change detected
2026-01-13 22:16:24 - watchfiles.main - INFO - 1 change detected
2026-01-13 22:16:24 - watchfiles.main - INFO - 1 change detected
2026-01-13 22:16:24 - watchfiles.main - INFO - 1 change detected
2026-01-13 22:16:25 - watchfiles.main - INFO - 1 change detected
2026-01-13 22:16:25 - watchfiles.main - INFO - 1 change detected
2026-01-13 22:16:26 - watchfiles.main - INFO - 1 change detected
2026-01-13 22:16:26 - watchfiles.main - INFO - 1 change detected
2026-01-13 22:16:26 - watchfiles.main - INFO - 1 change detected
2026-01-13 22:16:27 - watchfiles.main - INFO - 1 change detected
2026-01-13 22:16:27 - watchfiles.main - INFO - 1 change detected
2026-01-13 22:16:28 - watchfiles.main - INFO - 1 change detected
2026-01-13 22:16:28 - watchfiles.main - INFO - 1 change detected
2026-01-13 22:16:28 - watchfiles.main - INFO - 1 change detected
2026-01-13 22:16:29 - watchfiles.main - INFO - 1 change detected
2026-01-13 22:16:29 - watchfiles.main - INFO - 1 change detected
2026-01-13 22:16:30 - watchfiles.main - INFO - 1 change detected
2026-01-13 22:16:30 - watchfiles.main - INFO - 1 change detected
2026-01-13 22:16:30 - watchfiles.main - INFO - 1 change detected
2026-01-13 22:16:31 - watchfiles.main - INFO - 1 change detected
2026-01-13 22:16:31 - watchfiles.main - INFO - 1 change detected
2026-01-13 22:16:32 - watchfiles.main - INFO - 1 change detected
2026-01-13 22:16:32 - watchfiles.main - INFO - 1 change detected
2026-01-13 22:16:33 - watchfiles.main - INFO - 1 change detected
2026-01-13 22:16:33 - watchfiles.main - INFO - 1 change detected
2026-01-13 22:16:33 - watchfiles.main - INFO - 1 change detected
2026-01-13 22:16:34 - watchfiles.main - INFO - 1 change detected
2026-01-13 22:16:34 - watchfiles.main - INFO - 1 change detected
2026-01-13 22:16:35 - watchfiles.main - INFO - 1 change detected
2026-01-13 22:16:35 - watchfiles.main - INFO - 1 change detected
2026-01-13 22:16:35 - watchfiles.main - INFO - 1 change detected
2026-01-13 22:16:36 - watchfiles.main - INFO - 1 change detected
2026-01-13 22:16:36 - watchfiles.main - INFO - 1 change detected
2026-01-13 22:16:37 - watchfiles.main - INFO - 1 change detected
2026-01-13 22:16:37 - watchfiles.main - INFO - 1 change detected
2026-01-13 22:16:38 - watchfiles.main - INFO - 1 change detected
2026-01-13 22:16:38 - watchfiles.main - INFO - 1 change detected
2026-01-13 22:16:38 - watchfiles.main - INFO - 1 change detected
2026-01-13 22:16:39 - watchfiles.main - INFO - 1 change detected
2026-01-13 22:16:39 - watchfiles.main - INFO - 1 change detected
2026-01-13 22:16:40 - watchfiles.main - INFO - 1 change detected
2026-01-13 22:16:40 - watchfiles.main - INFO - 1 change detected
2026-01-13 22:16:40 - watchfiles.main - INFO - 1 change detected
2026-01-13 22:16:41 - watchfiles.main - INFO - 1 change detected
2026-01-13 22:16:41 - watchfiles.main - INFO - 1 change detected
2026-01-13 22:16:42 - watchfiles.main - INFO - 1 change detected
2026-01-13 22:16:42 - watchfiles.main - INFO - 1 change detected
2026-01-13 22:16:42 - watchfiles.main - INFO - 1 change detected
2026-01-13 22:16:43 - watchfiles.main - INFO - 1 change detected
2026-01-13 22:16:43 - watchfiles.main - INFO - 1 change detected
2026-01-13 22:16:44 - watchfiles.main - INFO - 1 change detected
2026-01-13 22:16:44 - watchfiles.main - INFO - 1 change detected
