2026-01-14 16:49:58 - app.core.logging - INFO - 📋 Logging configured - Level: INFO, File: C:\Users\Balmukund.Mishra\Desktop\NEO\Neo-Chatbot\backend\logs\chatbot_20260114.log
2026-01-14 16:49:58 - __main__ - INFO - 🚀 Starting NEO Chatbot server...
2026-01-14 16:50:49 - app.core.logging - INFO - 📋 Logging configured - Level: INFO, File: C:\Users\Balmukund.Mishra\Desktop\NEO\Neo-Chatbot\backend\logs\chatbot_20260114.log
2026-01-14 16:50:49 - watchfiles.main - INFO - 1 change detected
2026-01-14 16:50:49 - app.core.logging - INFO - 📋 Logging configured - Level: INFO, File: C:\Users\Balmukund.Mishra\Desktop\NEO\Neo-Chatbot\backend\logs\chatbot_20260114.log
2026-01-14 16:50:49 - watchfiles.main - INFO - 1 change detected
2026-01-14 16:50:50 - watchfiles.main - INFO - 1 change detected
2026-01-14 16:50:50 - watchfiles.main - INFO - 1 change detected
2026-01-14 16:50:50 - watchfiles.main - INFO - 1 change detected
2026-01-14 16:50:51 - watchfiles.main - INFO - 1 change detected
2026-01-14 16:50:51 - watchfiles.main - INFO - 1 change detected
2026-01-14 16:50:51 - watchfiles.main - INFO - 1 change detected
2026-01-14 16:50:52 - watchfiles.main - INFO - 1 change detected
2026-01-14 16:50:52 - watchfiles.main - INFO - 1 change detected
2026-01-14 16:50:53 - watchfiles.main - INFO - 1 change detected
2026-01-14 16:50:53 - watchfiles.main - INFO - 1 change detected
2026-01-14 16:50:53 - watchfiles.main - INFO - 1 change detected
2026-01-14 16:50:54 - watchfiles.main - INFO - 1 change detected
2026-01-14 16:50:54 - watchfiles.main - INFO - 1 change detected
2026-01-14 16:50:55 - watchfiles.main - INFO - 1 change detected
2026-01-14 16:50:55 - watchfiles.main - INFO - 1 change detected
2026-01-14 16:50:56 - watchfiles.main - INFO - 1 change detected
2026-01-14 16:50:56 - watchfiles.main - INFO - 1 change detected
2026-01-14 16:50:56 - watchfiles.main - INFO - 1 change detected
2026-01-14 16:50:57 - watchfiles.main - INFO - 1 change detected
2026-01-14 16:50:57 - watchfiles.main - INFO - 1 change detected
2026-01-14 16:50:58 - watchfiles.main - INFO - 1 change detected
2026-01-14 16:50:58 - watchfiles.main - INFO - 1 change detected
2026-01-14 16:50:58 - watchfiles.main - INFO - 1 change detected
2026-01-14 16:50:59 - watchfiles.main - INFO - 1 change detected
2026-01-14 16:50:59 - watchfiles.main - INFO - 1 change detected
2026-01-14 16:51:00 - watchfiles.main - INFO - 1 change detected
2026-01-14 16:51:00 - watchfiles.main - INFO - 1 change detected
2026-01-14 16:51:00 - watchfiles.main - INFO - 1 change detected
2026-01-14 16:51:01 - watchfiles.main - INFO - 1 change detected
2026-01-14 16:51:01 - watchfiles.main - INFO - 1 change detected
2026-01-14 16:51:02 - watchfiles.main - INFO - 1 change detected
2026-01-14 16:51:02 - watchfiles.main - INFO - 1 change detected
2026-01-14 16:51:02 - watchfiles.main - INFO - 1 change detected
2026-01-14 16:51:03 - watchfiles.main - INFO - 1 change detected
2026-01-14 16:51:03 - watchfiles.main - INFO - 1 change detected
2026-01-14 16:51:04 - watchfiles.main - INFO - 1 change detected
2026-01-14 16:51:04 - watchfiles.main - INFO - 1 change detected
2026-01-14 16:51:04 - watchfiles.main - INFO - 1 change detected
2026-01-14 16:51:05 - watchfiles.main - INFO - 1 change detected
2026-01-14 16:51:05 - watchfiles.main - INFO - 1 change detected
2026-01-14 16:51:06 - watchfiles.main - INFO - 1 change detected
2026-01-14 16:51:06 - watchfiles.main - INFO - 1 change detected
2026-01-14 16:51:06 - watchfiles.main - INFO - 1 change detected
2026-01-14 16:51:07 - watchfiles.main - INFO - 1 change detected
2026-01-14 16:51:07 - watchfiles.main - INFO - 1 change detected
2026-01-14 16:51:08 - watchfiles.main - INFO - 1 change detected
2026-01-14 16:51:08 - watchfiles.main - INFO - 1 change detected
2026-01-14 16:51:08 - watchfiles.main - INFO - 1 change detected
2026-01-14 16:51:09 - watchfiles.main - INFO - 1 change detected
2026-01-14 16:51:09 - watchfiles.main - INFO - 1 change detected
2026-01-14 16:51:10 - watchfiles.main - INFO - 1 change detected
2026-01-14 16:51:10 - watchfiles.main - INFO - 1 change detected
2026-01-14 16:51:10 - watchfiles.main - INFO - 1 change detected
2026-01-14 16:51:11 - watchfiles.main - INFO - 1 change detected
2026-01-14 16:51:11 - watchfiles.main - INFO - 1 change detected
2026-01-14 16:51:12 - watchfiles.main - INFO - 1 change detected
2026-01-14 16:51:12 - watchfiles.main - INFO - 1 change detected
2026-01-14 16:51:12 - watchfiles.main - INFO - 1 change detected
2026-01-14 16:51:13 - watchfiles.main - INFO - 1 change detected
2026-01-14 16:51:13 - watchfiles.main - INFO - 1 change detected
2026-01-14 16:51:14 - watchfiles.main - INFO - 1 change detected
2026-01-14 16:51:14 - watchfiles.main - INFO - 1 change detected
2026-01-14 16:51:14 - watchfiles.main - INFO - 1 change detected
2026-01-14 16:51:15 - watchfiles.main - INFO - 1 change detected
2026-01-14 16:51:15 - watchfiles.main - INFO - 1 change detected
2026-01-14 16:51:16 - watchfiles.main - INFO - 1 change detected
2026-01-14 16:51:16 - watchfiles.main - INFO - 1 change detected
2026-01-14 16:51:16 - watchfiles.main - INFO - 1 change detected
2026-01-14 16:51:17 - watchfiles.main - INFO - 1 change detected
2026-01-14 16:51:17 - watchfiles.main - INFO - 1 change detected
2026-01-14 16:51:18 - watchfiles.main - INFO - 1 change detected
2026-01-14 16:51:18 - watchfiles.main - INFO - 1 change detected
2026-01-14 16:51:19 - watchfiles.main - INFO - 1 change detected
2026-01-14 16:51:19 - watchfiles.main - INFO - 1 change detected
2026-01-14 16:51:19 - watchfiles.main - INFO - 1 change detected
2026-01-14 16:51:20 - watchfiles.main - INFO - 1 change detected
2026-01-14 16:51:20 - watchfiles.main - INFO - 1 change detected
2026-01-14 16:51:20 - watchfiles.main - INFO - 1 change detected
2026-01-14 16:51:21 - watchfiles.main - INFO - 1 change detected
2026-01-14 16:51:21 - watchfiles.main - INFO - 1 change detected
2026-01-14 16:51:22 - watchfiles.main - INFO - 1 change detected
2026-01-14 16:51:22 - watchfiles.main - INFO - 1 change detected
2026-01-14 16:51:22 - watchfiles.main - INFO - 1 change detected
2026-01-14 16:51:23 - watchfiles.main - INFO - 1 change detected
2026-01-14 16:51:23 - watchfiles.main - INFO - 1 change detected
2026-01-14 16:51:24 - watchfiles.main - INFO - 1 change detected
2026-01-14 16:51:24 - watchfiles.main - INFO - 1 change detected
2026-01-14 16:51:24 - watchfiles.main - INFO - 1 change detected
2026-01-14 16:51:25 - watchfiles.main - INFO - 1 change detected
2026-01-14 16:51:25 - watchfiles.main - INFO - 1 change detected
2026-01-14 16:51:26 - watchfiles.main - INFO - 1 change detected
2026-01-14 16:51:26 - watchfiles.main - INFO - 1 change detected
2026-01-14 16:51:26 - watchfiles.main - INFO - 1 change detected
2026-01-14 16:51:27 - watchfiles.main - INFO - 1 change detected
2026-01-14 16:51:27 - watchfiles.main - INFO - 1 change detected
2026-01-14 16:51:28 - watchfiles.main - INFO - 1 change detected
2026-01-14 16:51:28 - watchfiles.main - INFO - 1 change detected
2026-01-14 16:51:28 - watchfiles.main - INFO - 1 change detected
2026-01-14 16:51:29 - watchfiles.main - INFO - 1 change detected
2026-01-14 16:51:29 - watchfiles.main - INFO - 1 change detected
2026-01-14 16:51:30 - watchfiles.main - INFO - 1 change detected
2026-01-14 16:51:30 - watchfiles.main - INFO - 1 change detected
2026-01-14 16:51:30 - watchfiles.main - INFO - 1 change detected
2026-01-14 16:51:31 - watchfiles.main - INFO - 1 change detected
2026-01-14 16:51:31 - watchfiles.main - INFO - 1 change detected
2026-01-14 16:51:32 - watchfiles.main - INFO - 1 change detected
2026-01-14 16:51:32 - watchfiles.main - INFO - 1 change detected
2026-01-14 16:51:32 - watchfiles.main - INFO - 1 change detected
2026-01-14 16:51:33 - watchfiles.main - INFO - 1 change detected
2026-01-14 16:51:33 - watchfiles.main - INFO - 1 change detected
2026-01-14 16:51:34 - watchfiles.main - INFO - 1 change detected
2026-01-14 16:51:34 - watchfiles.main - INFO - 1 change detected
2026-01-14 16:51:34 - watchfiles.main - INFO - 1 change detected
2026-01-14 16:51:35 - watchfiles.main - INFO - 1 change detected
2026-01-14 16:51:35 - watchfiles.main - INFO - 1 change detected
2026-01-14 16:51:36 - watchfiles.main - INFO - 1 change detected
2026-01-14 16:51:36 - watchfiles.main - INFO - 1 change detected
2026-01-14 16:51:36 - watchfiles.main - INFO - 1 change detected
2026-01-14 16:51:37 - watchfiles.main - INFO - 1 change detected
2026-01-14 16:51:37 - watchfiles.main - INFO - 1 change detected
2026-01-14 16:51:38 - watchfiles.main - INFO - 1 change detected
2026-01-14 16:51:38 - watchfiles.main - INFO - 1 change detected
2026-01-14 16:51:38 - watchfiles.main - INFO - 1 change detected
2026-01-14 16:51:39 - watchfiles.main - INFO - 1 change detected
2026-01-14 16:51:39 - watchfiles.main - INFO - 1 change detected
2026-01-14 16:51:40 - watchfiles.main - INFO - 1 change detected
2026-01-14 16:51:40 - watchfiles.main - INFO - 1 change detected
2026-01-14 16:51:40 - watchfiles.main - INFO - 1 change detected
2026-01-14 16:51:41 - watchfiles.main - INFO - 1 change detected
2026-01-14 16:51:41 - watchfiles.main - INFO - 1 change detected
2026-01-14 16:51:42 - watchfiles.main - INFO - 1 change detected
2026-01-14 16:51:42 - watchfiles.main - INFO - 1 change detected
2026-01-14 16:51:42 - watchfiles.main - INFO - 1 change detected
2026-01-14 16:51:43 - watchfiles.main - INFO - 1 change detected
2026-01-14 16:51:43 - watchfiles.main - INFO - 1 change detected
2026-01-14 16:51:44 - watchfiles.main - INFO - 1 change detected
2026-01-14 16:51:44 - watchfiles.main - INFO - 1 change detected
2026-01-14 16:51:44 - watchfiles.main - INFO - 1 change detected
2026-01-14 16:51:45 - watchfiles.main - INFO - 1 change detected
2026-01-14 16:51:45 - watchfiles.main - INFO - 1 change detected
2026-01-14 16:51:46 - watchfiles.main - INFO - 1 change detected
2026-01-14 16:51:46 - watchfiles.main - INFO - 1 change detected
2026-01-14 16:51:46 - watchfiles.main - INFO - 1 change detected
2026-01-14 16:51:47 - watchfiles.main - INFO - 1 change detected
2026-01-14 16:51:47 - watchfiles.main - INFO - 1 change detected
2026-01-14 16:51:48 - watchfiles.main - INFO - 1 change detected
2026-01-14 16:51:48 - watchfiles.main - INFO - 1 change detected
2026-01-14 16:51:48 - watchfiles.main - INFO - 1 change detected
2026-01-14 16:51:49 - watchfiles.main - INFO - 1 change detected
2026-01-14 16:51:49 - watchfiles.main - INFO - 1 change detected
2026-01-14 16:51:50 - watchfiles.main - INFO - 1 change detected
2026-01-14 16:51:50 - watchfiles.main - INFO - 1 change detected
2026-01-14 16:51:50 - watchfiles.main - INFO - 1 change detected
2026-01-14 16:51:51 - watchfiles.main - INFO - 1 change detected
2026-01-14 16:51:51 - watchfiles.main - INFO - 1 change detected
2026-01-14 16:51:52 - watchfiles.main - INFO - 1 change detected
2026-01-14 16:51:52 - watchfiles.main - INFO - 1 change detected
2026-01-14 16:51:53 - watchfiles.main - INFO - 1 change detected
2026-01-14 16:51:53 - watchfiles.main - INFO - 1 change detected
2026-01-14 16:51:53 - watchfiles.main - INFO - 1 change detected
2026-01-14 16:51:54 - watchfiles.main - INFO - 1 change detected
2026-01-14 16:56:57 - app.core.logging - INFO - 📋 Logging configured - Level: INFO, File: C:\Users\Balmukund.Mishra\Desktop\NEO\Neo-Chatbot\backend\logs\chatbot_20260114.log
2026-01-14 16:56:57 - __main__ - INFO - 🚀 Starting NEO Chatbot server...
2026-01-14 16:57:39 - app.core.logging - INFO - 📋 Logging configured - Level: INFO, File: C:\Users\Balmukund.Mishra\Desktop\NEO\Neo-Chatbot\backend\logs\chatbot_20260114.log
2026-01-14 16:57:39 - app.core.logging - INFO - 📋 Logging configured - Level: INFO, File: C:\Users\Balmukund.Mishra\Desktop\NEO\Neo-Chatbot\backend\logs\chatbot_20260114.log
2026-01-14 16:57:39 - watchfiles.main - INFO - 1 change detected
2026-01-14 16:57:40 - watchfiles.main - INFO - 1 change detected
2026-01-14 16:57:40 - watchfiles.main - INFO - 1 change detected
2026-01-14 16:57:40 - watchfiles.main - INFO - 1 change detected
2026-01-14 16:57:41 - watchfiles.main - INFO - 1 change detected
2026-01-14 16:57:41 - watchfiles.main - INFO - 1 change detected
2026-01-14 16:57:42 - watchfiles.main - INFO - 1 change detected
2026-01-14 16:57:42 - watchfiles.main - INFO - 1 change detected
2026-01-14 16:57:42 - watchfiles.main - INFO - 1 change detected
2026-01-14 16:57:43 - watchfiles.main - INFO - 1 change detected
2026-01-14 16:57:43 - watchfiles.main - INFO - 1 change detected
2026-01-14 16:57:44 - watchfiles.main - INFO - 1 change detected
2026-01-14 16:57:44 - watchfiles.main - INFO - 1 change detected
2026-01-14 16:57:44 - watchfiles.main - INFO - 1 change detected
2026-01-14 16:57:45 - watchfiles.main - INFO - 1 change detected
2026-01-14 16:57:45 - watchfiles.main - INFO - 1 change detected
2026-01-14 16:57:46 - watchfiles.main - INFO - 1 change detected
2026-01-14 16:57:46 - watchfiles.main - INFO - 1 change detected
2026-01-14 16:57:46 - watchfiles.main - INFO - 1 change detected
2026-01-14 16:57:47 - watchfiles.main - INFO - 1 change detected
2026-01-14 16:57:47 - watchfiles.main - INFO - 1 change detected
2026-01-14 16:57:48 - watchfiles.main - INFO - 1 change detected
2026-01-14 16:57:48 - watchfiles.main - INFO - 1 change detected
2026-01-14 16:57:48 - watchfiles.main - INFO - 1 change detected
2026-01-14 16:57:49 - watchfiles.main - INFO - 1 change detected
2026-01-14 16:57:49 - watchfiles.main - INFO - 1 change detected
2026-01-14 16:57:50 - watchfiles.main - INFO - 1 change detected
2026-01-14 16:57:50 - watchfiles.main - INFO - 1 change detected
2026-01-14 16:57:50 - watchfiles.main - INFO - 1 change detected
2026-01-14 16:57:51 - watchfiles.main - INFO - 1 change detected
2026-01-14 16:57:51 - watchfiles.main - INFO - 1 change detected
2026-01-14 16:57:52 - watchfiles.main - INFO - 1 change detected
2026-01-14 16:57:52 - watchfiles.main - INFO - 1 change detected
2026-01-14 16:57:53 - watchfiles.main - INFO - 1 change detected
2026-01-14 16:57:53 - watchfiles.main - INFO - 1 change detected
2026-01-14 16:57:53 - watchfiles.main - INFO - 1 change detected
2026-01-14 16:57:54 - watchfiles.main - INFO - 1 change detected
2026-01-14 16:57:54 - watchfiles.main - INFO - 1 change detected
2026-01-14 16:57:55 - watchfiles.main - INFO - 1 change detected
2026-01-14 16:57:55 - watchfiles.main - INFO - 1 change detected
2026-01-14 16:57:55 - watchfiles.main - INFO - 1 change detected
2026-01-14 16:57:56 - watchfiles.main - INFO - 1 change detected
2026-01-14 16:57:56 - watchfiles.main - INFO - 1 change detected
2026-01-14 16:57:57 - watchfiles.main - INFO - 1 change detected
2026-01-14 16:57:57 - watchfiles.main - INFO - 1 change detected
2026-01-14 16:57:57 - watchfiles.main - INFO - 1 change detected
2026-01-14 16:57:58 - watchfiles.main - INFO - 1 change detected
2026-01-14 16:57:58 - watchfiles.main - INFO - 1 change detected
2026-01-14 16:57:59 - watchfiles.main - INFO - 1 change detected
2026-01-14 16:57:59 - watchfiles.main - INFO - 1 change detected
2026-01-14 16:57:59 - app.api.chatbot_endpoints - INFO - 📨 Chat request: type=ChatbotType.DIAGNOSTIC, message=BOT-001 stoppped without any error...
2026-01-14 16:57:59 - app.services.diagnostic_service - INFO - 🔍 Processing intelligent diagnostic query: BOT-001 stoppped without any error...
2026-01-14 16:57:59 - app.services.intelligent_diagnostic_service - INFO - 🔍 Starting intelligent diagnosis with self-improving loop: BOT-001 stoppped without any error...
2026-01-14 16:57:59 - watchfiles.main - INFO - 1 change detected
2026-01-14 16:58:00 - watchfiles.main - INFO - 1 change detected
2026-01-14 16:58:00 - app.services.intelligent_diagnostic_service - INFO - 🎯 Intent classified: TROUBLESHOOT - The user is reporting a problem with a specific bot (BOT-001) that stopped without any error, indicating they need help diagnosing and resolving the issue.
2026-01-14 16:58:00 - app.services.intelligent_diagnostic_service - INFO - 🎯 Response format: diagnostic
2026-01-14 16:58:00 - watchfiles.main - INFO - 1 change detected
2026-01-14 16:58:01 - watchfiles.main - INFO - 1 change detected
2026-01-14 16:58:01 - app.services.intelligent_diagnostic_service - INFO - 📊 Problem analysis: {'component': 'bot', 'symptom': 'unknown', 'entity': 'general', 'severity': 'medium', 'likely_tables': ['task_master', 'bot_master', 'order_bin_mapping'], 'keywords': ['bot-001', 'stoppped', 'without', 'any', 'error']}
2026-01-14 16:58:01 - app.services.intelligent_diagnostic_service - INFO - 📋 Retrieved 33 columns for table bot_master
2026-01-14 16:58:01 - app.services.intelligent_diagnostic_service - INFO - 📋 Retrieved 33 columns for table bot_master
2026-01-14 16:58:01 - app.services.intelligent_diagnostic_service - INFO - 📋 Retrieved 33 columns for table bot_master
2026-01-14 16:58:01 - app.services.intelligent_diagnostic_service - WARNING - ⚠️ Invalid columns in query for bot_master: ['* as total_bots', "CASE WHEN STATUS='ACTIVE' THEN 1 ELSE 0 END as active_bots"]
2026-01-14 16:58:01 - app.services.intelligent_diagnostic_service - INFO - ✓ Available columns: ['BOT_MASTER_ID', 'BOT_ID', 'STATUS', 'COUNTER', 'AUTO_MANUAL', 'ACTIVITY_REQUEST', 'BATTERY', 'BATTERY_HEALTH', 'IP', 'PORT', 'SIM_PORT', 'GRIDX', 'GRIDY', 'GRIDZ', 'ACTIVE_AXIS', 'LOAD_CONDITION', 'UPDATED_TIMESTAMP', 'ALARM', 'ALARM_TYPE', 'RECOVERY_BIN_LOAD_STATUS', 'STATION_SAFETY_VALUE', 'BATTERY_VOLTS', 'AH_REMAINING_PERCENTAGE', 'AH_REMAINING_NORMAL', 'RECOVERY_BIT', 'NON_RECOVERY_BIT', 'LOAD_NON_RECOVERY_BIT', 'CHARGING_BIT', 'BIN_ALREDY_PRSENT_RECOVERY_', 'SLIDER_RECOVERY_FAIL_ALARM_BIT', 'SLIDER_RECOVERY_FAIL_TRUE', 'SLIDER_RECOVERY_FAIL_FALSE', 'DSB_TMM_Z_AXIS_ACKNOWLEDGEMENT']
2026-01-14 16:58:01 - app.services.intelligent_diagnostic_service - WARNING - ⚠️ Query uses invalid columns for bot_master: ['* as total_bots', "CASE WHEN STATUS='ACTIVE' THEN 1 ELSE 0 END as active_bots"]
2026-01-14 16:58:01 - app.services.intelligent_diagnostic_service - INFO - ✅ Generated 1 queries using valid tables: {'bot_master'}
2026-01-14 16:58:01 - app.services.intelligent_diagnostic_service - INFO - Generated 1 diagnostic queries for bot/unknown
2026-01-14 16:58:01 - app.services.intelligent_diagnostic_service - INFO - 🔍 Executing: Check bot inventory
2026-01-14 16:58:01 - watchfiles.main - INFO - 1 change detected
2026-01-14 16:58:01 - watchfiles.main - INFO - 1 change detected
2026-01-14 16:58:02 - app.services.sql_assistant_service - INFO - ✅ Query executed: 1 rows returned
2026-01-14 16:58:02 - app.services.intelligent_diagnostic_service - INFO - ✅ Found 1 records
2026-01-14 16:58:02 - watchfiles.main - INFO - 1 change detected
2026-01-14 16:58:02 - watchfiles.main - INFO - 1 change detected
2026-01-14 16:58:03 - watchfiles.main - INFO - 1 change detected
2026-01-14 16:58:03 - watchfiles.main - INFO - 1 change detected
2026-01-14 16:58:03 - watchfiles.main - INFO - 1 change detected
2026-01-14 16:58:04 - watchfiles.main - INFO - 1 change detected
2026-01-14 16:58:04 - app.services.intelligent_diagnostic_service - ERROR - Error searching documentation: 'content'
2026-01-14 16:58:04 - app.services.intelligent_diagnostic_service - INFO - 🔁 Diagnosis refinement iteration 1/3
2026-01-14 16:58:04 - app.services.intelligent_diagnostic_service - INFO - 📋 Retrieved 33 columns for table bot_master
2026-01-14 16:58:04 - app.services.intelligent_diagnostic_service - INFO - 📋 Retrieved 33 columns for table bot_master
2026-01-14 16:58:04 - app.services.sql_assistant_service - INFO - ✅ Query executed: 0 rows returned
2026-01-14 16:58:04 - app.services.intelligent_diagnostic_service - INFO - 📊 Found 0 distinct values for bot_master.STATUS
2026-01-14 16:58:04 - watchfiles.main - INFO - 1 change detected
2026-01-14 16:58:05 - watchfiles.main - INFO - 1 change detected
2026-01-14 16:58:05 - watchfiles.main - INFO - 1 change detected
2026-01-14 16:58:05 - watchfiles.main - INFO - 1 change detected
2026-01-14 16:58:06 - watchfiles.main - INFO - 1 change detected
2026-01-14 16:58:06 - app.services.intelligent_diagnostic_service - INFO - 🧑‍⚖️ Diagnosis Judge (iteration 1): satisfactory=False, confidence=0.30
2026-01-14 16:58:06 - app.services.intelligent_diagnostic_service - INFO - 🧑‍⚖️ Judge: satisfactory=False, confidence=0.30
2026-01-14 16:58:06 - app.services.intelligent_diagnostic_service - INFO - 🔄 Running 3 additional diagnostic queries based on judge feedback
2026-01-14 16:58:06 - app.services.intelligent_diagnostic_service - INFO - 🔍 Executing: Additional diagnostic based on judge feedback
2026-01-14 16:58:06 - watchfiles.main - INFO - 1 change detected
2026-01-14 16:58:06 - app.services.sql_assistant_service - INFO - ✅ Query executed: 0 rows returned
2026-01-14 16:58:06 - app.services.intelligent_diagnostic_service - INFO - ⚠️ Query succeeded but returned 0 records
2026-01-14 16:58:06 - app.services.intelligent_diagnostic_service - INFO - 🔍 Executing: Additional diagnostic based on judge feedback
2026-01-14 16:58:06 - app.services.sql_assistant_service - INFO - ✅ Query executed: 0 rows returned
2026-01-14 16:58:06 - app.services.intelligent_diagnostic_service - INFO - ⚠️ Query succeeded but returned 0 records
2026-01-14 16:58:06 - app.services.intelligent_diagnostic_service - INFO - 🔍 Executing: Additional diagnostic based on judge feedback
2026-01-14 16:58:06 - app.services.sql_assistant_service - INFO - ✅ Query executed: 0 rows returned
2026-01-14 16:58:06 - app.services.intelligent_diagnostic_service - INFO - ⚠️ Query succeeded but returned 0 records
2026-01-14 16:58:06 - app.services.intelligent_diagnostic_service - INFO - ✨ Collected additional diagnostic data, continuing refinement
2026-01-14 16:58:06 - app.services.intelligent_diagnostic_service - INFO - 🔁 Diagnosis refinement iteration 2/3
2026-01-14 16:58:06 - app.services.intelligent_diagnostic_service - INFO - 📋 Retrieved 33 columns for table bot_master
2026-01-14 16:58:06 - app.services.intelligent_diagnostic_service - INFO - 📋 Retrieved 33 columns for table bot_master
2026-01-14 16:58:06 - app.services.sql_assistant_service - INFO - ✅ Query executed: 0 rows returned
2026-01-14 16:58:06 - app.services.intelligent_diagnostic_service - INFO - 📊 Found 0 distinct values for bot_master.STATUS
2026-01-14 16:58:07 - watchfiles.main - INFO - 1 change detected
2026-01-14 16:58:07 - watchfiles.main - INFO - 1 change detected
2026-01-14 16:58:07 - watchfiles.main - INFO - 1 change detected
2026-01-14 16:58:08 - watchfiles.main - INFO - 1 change detected
2026-01-14 16:58:08 - watchfiles.main - INFO - 1 change detected
2026-01-14 16:58:09 - watchfiles.main - INFO - 1 change detected
2026-01-14 16:58:09 - app.services.intelligent_diagnostic_service - INFO - 🧑‍⚖️ Diagnosis Judge (iteration 2): satisfactory=False, confidence=0.30
2026-01-14 16:58:09 - app.services.intelligent_diagnostic_service - INFO - 🧑‍⚖️ Judge: satisfactory=False, confidence=0.30
2026-01-14 16:58:09 - app.services.intelligent_diagnostic_service - INFO - 🔄 Running 3 additional diagnostic queries based on judge feedback
2026-01-14 16:58:09 - app.services.intelligent_diagnostic_service - INFO - 🔍 Executing: Additional diagnostic based on judge feedback
2026-01-14 16:58:09 - app.services.sql_assistant_service - INFO - ✅ Query executed: 0 rows returned
2026-01-14 16:58:09 - app.services.intelligent_diagnostic_service - INFO - ⚠️ Query succeeded but returned 0 records
2026-01-14 16:58:09 - app.services.intelligent_diagnostic_service - INFO - 🔍 Executing: Additional diagnostic based on judge feedback
2026-01-14 16:58:09 - app.services.sql_assistant_service - INFO - ✅ Query executed: 0 rows returned
2026-01-14 16:58:09 - app.services.intelligent_diagnostic_service - INFO - ⚠️ Query succeeded but returned 0 records
2026-01-14 16:58:09 - app.services.intelligent_diagnostic_service - INFO - 🔍 Executing: Additional diagnostic based on judge feedback
2026-01-14 16:58:09 - app.services.sql_assistant_service - INFO - ✅ Query executed: 0 rows returned
2026-01-14 16:58:09 - app.services.intelligent_diagnostic_service - INFO - ⚠️ Query succeeded but returned 0 records
2026-01-14 16:58:09 - app.services.intelligent_diagnostic_service - INFO - ✨ Collected additional diagnostic data, continuing refinement
2026-01-14 16:58:09 - app.services.intelligent_diagnostic_service - INFO - 🔁 Diagnosis refinement iteration 3/3
2026-01-14 16:58:09 - app.services.intelligent_diagnostic_service - INFO - 📋 Retrieved 33 columns for table bot_master
2026-01-14 16:58:09 - app.services.intelligent_diagnostic_service - INFO - 📋 Retrieved 33 columns for table bot_master
2026-01-14 16:58:09 - app.services.sql_assistant_service - INFO - ✅ Query executed: 0 rows returned
2026-01-14 16:58:09 - app.services.intelligent_diagnostic_service - INFO - 📊 Found 0 distinct values for bot_master.STATUS
2026-01-14 16:58:09 - watchfiles.main - INFO - 1 change detected
2026-01-14 16:58:09 - watchfiles.main - INFO - 1 change detected
2026-01-14 16:58:10 - watchfiles.main - INFO - 1 change detected
2026-01-14 16:58:10 - watchfiles.main - INFO - 1 change detected
2026-01-14 16:58:11 - watchfiles.main - INFO - 1 change detected
2026-01-14 16:58:11 - watchfiles.main - INFO - 1 change detected
2026-01-14 16:58:11 - app.services.intelligent_diagnostic_service - INFO - 🧑‍⚖️ Diagnosis Judge (iteration 3): satisfactory=False, confidence=0.30
2026-01-14 16:58:11 - app.services.intelligent_diagnostic_service - INFO - 🧑‍⚖️ Judge: satisfactory=False, confidence=0.30
2026-01-14 16:58:11 - app.services.intelligent_diagnostic_service - INFO - 🛑 Reached max iterations (3) - using best diagnosis
2026-01-14 16:58:11 - app.services.intelligent_diagnostic_service - INFO - 📈 Diagnosis refinement summary: 3 iterations, final confidence: 0.90
2026-01-14 16:58:11 - app.services.rlhf_service - WARNING - ⚠️ Skipping DB insert - chat_id 'chat_f8280143d1824029' does not exist in chatbot_chat_history. Feedback saved to JSONL only for feedback_id: abe9da12-026d-4636-8319-9e7e1d187cc3
2026-01-14 16:58:11 - app.services.rlhf_service - INFO - 📝 Feedback recorded: diagnostic_support | neutral | Reward: 0.10
2026-01-14 16:58:11 - app.api.chatbot_endpoints - INFO - ✅ Chat response generated: confidence=0.90
2026-01-14 16:58:11 - watchfiles.main - INFO - 4 changes detected
2026-01-14 16:58:12 - watchfiles.main - INFO - 1 change detected
2026-01-14 16:58:12 - watchfiles.main - INFO - 1 change detected
2026-01-14 16:58:13 - watchfiles.main - INFO - 1 change detected
2026-01-14 16:58:13 - watchfiles.main - INFO - 1 change detected
2026-01-14 16:58:13 - watchfiles.main - INFO - 1 change detected
2026-01-14 16:58:14 - watchfiles.main - INFO - 1 change detected
2026-01-14 16:58:14 - watchfiles.main - INFO - 1 change detected
2026-01-14 16:58:15 - watchfiles.main - INFO - 1 change detected
2026-01-14 16:58:15 - watchfiles.main - INFO - 1 change detected
2026-01-14 16:58:15 - watchfiles.main - INFO - 1 change detected
2026-01-14 16:58:16 - watchfiles.main - INFO - 1 change detected
2026-01-14 16:58:16 - watchfiles.main - INFO - 1 change detected
2026-01-14 16:58:17 - watchfiles.main - INFO - 1 change detected
2026-01-14 16:58:17 - watchfiles.main - INFO - 1 change detected
2026-01-14 16:58:17 - watchfiles.main - INFO - 1 change detected
2026-01-14 16:58:18 - watchfiles.main - INFO - 1 change detected
2026-01-14 16:58:18 - watchfiles.main - INFO - 1 change detected
2026-01-14 16:58:19 - watchfiles.main - INFO - 1 change detected
2026-01-14 16:58:19 - watchfiles.main - INFO - 1 change detected
2026-01-14 16:58:20 - watchfiles.main - INFO - 1 change detected
2026-01-14 16:58:20 - watchfiles.main - INFO - 1 change detected
2026-01-14 16:58:20 - watchfiles.main - INFO - 1 change detected
2026-01-14 16:58:21 - watchfiles.main - INFO - 1 change detected
2026-01-14 16:58:21 - watchfiles.main - INFO - 1 change detected
2026-01-14 16:58:22 - watchfiles.main - INFO - 1 change detected
2026-01-14 16:58:22 - watchfiles.main - INFO - 1 change detected
2026-01-14 16:58:22 - watchfiles.main - INFO - 1 change detected
2026-01-14 16:58:23 - watchfiles.main - INFO - 1 change detected
2026-01-14 16:58:23 - watchfiles.main - INFO - 1 change detected
2026-01-14 16:58:24 - watchfiles.main - INFO - 1 change detected
2026-01-14 16:58:24 - watchfiles.main - INFO - 1 change detected
2026-01-14 16:58:24 - watchfiles.main - INFO - 1 change detected
2026-01-14 16:58:25 - watchfiles.main - INFO - 1 change detected
2026-01-14 16:58:25 - watchfiles.main - INFO - 1 change detected
2026-01-14 16:58:26 - watchfiles.main - INFO - 1 change detected
2026-01-14 16:58:26 - watchfiles.main - INFO - 1 change detected
2026-01-14 16:58:26 - watchfiles.main - INFO - 1 change detected
2026-01-14 16:58:27 - watchfiles.main - INFO - 1 change detected
2026-01-14 16:58:27 - watchfiles.main - INFO - 1 change detected
2026-01-14 16:58:28 - watchfiles.main - INFO - 1 change detected
2026-01-14 16:58:28 - watchfiles.main - INFO - 1 change detected
2026-01-14 16:58:28 - watchfiles.main - INFO - 1 change detected
2026-01-14 16:58:29 - watchfiles.main - INFO - 1 change detected
2026-01-14 16:58:29 - watchfiles.main - INFO - 1 change detected
2026-01-14 16:58:30 - watchfiles.main - INFO - 1 change detected
2026-01-14 16:58:30 - watchfiles.main - INFO - 1 change detected
2026-01-14 16:58:30 - watchfiles.main - INFO - 1 change detected
2026-01-14 16:58:31 - watchfiles.main - INFO - 1 change detected
2026-01-14 16:58:31 - watchfiles.main - INFO - 1 change detected
2026-01-14 16:58:32 - watchfiles.main - INFO - 1 change detected
2026-01-14 16:58:32 - watchfiles.main - INFO - 1 change detected
2026-01-14 16:58:32 - watchfiles.main - INFO - 1 change detected
2026-01-14 16:58:33 - watchfiles.main - INFO - 1 change detected
2026-01-14 16:58:33 - watchfiles.main - INFO - 1 change detected
2026-01-14 16:58:34 - watchfiles.main - INFO - 1 change detected
2026-01-14 16:58:34 - watchfiles.main - INFO - 1 change detected
2026-01-14 16:58:34 - watchfiles.main - INFO - 1 change detected
2026-01-14 16:58:35 - watchfiles.main - INFO - 1 change detected
2026-01-14 16:58:35 - watchfiles.main - INFO - 1 change detected
2026-01-14 16:58:36 - watchfiles.main - INFO - 1 change detected
2026-01-14 16:58:36 - watchfiles.main - INFO - 1 change detected
2026-01-14 16:58:36 - watchfiles.main - INFO - 1 change detected
2026-01-14 16:58:37 - watchfiles.main - INFO - 1 change detected
2026-01-14 16:58:37 - watchfiles.main - INFO - 1 change detected
2026-01-14 16:58:38 - watchfiles.main - INFO - 1 change detected
2026-01-14 16:58:38 - watchfiles.main - INFO - 1 change detected
2026-01-14 16:58:38 - watchfiles.main - INFO - 1 change detected
2026-01-14 16:58:39 - watchfiles.main - INFO - 1 change detected
2026-01-14 16:58:39 - watchfiles.main - INFO - 1 change detected
2026-01-14 16:58:40 - watchfiles.main - INFO - 1 change detected
2026-01-14 16:58:40 - watchfiles.main - INFO - 1 change detected
2026-01-14 16:58:40 - watchfiles.main - INFO - 1 change detected
2026-01-14 16:58:41 - watchfiles.main - INFO - 1 change detected
2026-01-14 16:58:41 - watchfiles.main - INFO - 1 change detected
2026-01-14 16:58:42 - watchfiles.main - INFO - 1 change detected
2026-01-14 16:58:42 - watchfiles.main - INFO - 1 change detected
2026-01-14 16:58:43 - watchfiles.main - INFO - 1 change detected
2026-01-14 16:58:43 - watchfiles.main - INFO - 1 change detected
2026-01-14 16:58:43 - watchfiles.main - INFO - 1 change detected
2026-01-14 16:58:44 - watchfiles.main - INFO - 1 change detected
2026-01-14 16:58:44 - watchfiles.main - INFO - 1 change detected
2026-01-14 16:58:45 - watchfiles.main - INFO - 1 change detected
2026-01-14 16:58:45 - watchfiles.main - INFO - 1 change detected
2026-01-14 16:58:45 - watchfiles.main - INFO - 1 change detected
2026-01-14 16:58:46 - watchfiles.main - INFO - 1 change detected
2026-01-14 16:58:46 - watchfiles.main - INFO - 1 change detected
2026-01-14 16:58:47 - watchfiles.main - INFO - 1 change detected
2026-01-14 16:58:47 - watchfiles.main - INFO - 1 change detected
2026-01-14 16:58:47 - watchfiles.main - INFO - 1 change detected
2026-01-14 16:58:48 - watchfiles.main - INFO - 1 change detected
2026-01-14 16:58:48 - watchfiles.main - INFO - 1 change detected
2026-01-14 16:58:49 - watchfiles.main - INFO - 1 change detected
2026-01-14 16:58:49 - watchfiles.main - INFO - 1 change detected
2026-01-14 16:58:49 - watchfiles.main - INFO - 1 change detected
2026-01-14 16:58:50 - watchfiles.main - INFO - 1 change detected
2026-01-14 16:58:50 - watchfiles.main - INFO - 1 change detected
2026-01-14 16:58:51 - watchfiles.main - INFO - 1 change detected
2026-01-14 16:58:51 - watchfiles.main - INFO - 1 change detected
2026-01-14 16:58:51 - watchfiles.main - INFO - 1 change detected
2026-01-14 16:58:52 - watchfiles.main - INFO - 1 change detected
2026-01-14 16:58:52 - watchfiles.main - INFO - 1 change detected
2026-01-14 16:58:53 - watchfiles.main - INFO - 1 change detected
2026-01-14 16:58:53 - watchfiles.main - INFO - 1 change detected
2026-01-14 16:58:53 - watchfiles.main - INFO - 1 change detected
2026-01-14 16:58:54 - watchfiles.main - INFO - 1 change detected
2026-01-14 16:58:54 - watchfiles.main - INFO - 1 change detected
2026-01-14 16:58:55 - watchfiles.main - INFO - 1 change detected
2026-01-14 16:58:55 - watchfiles.main - INFO - 1 change detected
2026-01-14 16:58:55 - watchfiles.main - INFO - 1 change detected
2026-01-14 16:58:56 - watchfiles.main - INFO - 1 change detected
2026-01-14 16:58:56 - watchfiles.main - INFO - 1 change detected
2026-01-14 16:58:57 - watchfiles.main - INFO - 1 change detected
2026-01-14 16:58:57 - watchfiles.main - INFO - 1 change detected
2026-01-14 16:58:57 - watchfiles.main - INFO - 1 change detected
2026-01-14 16:58:58 - watchfiles.main - INFO - 1 change detected
2026-01-14 16:58:58 - watchfiles.main - INFO - 1 change detected
2026-01-14 16:58:59 - watchfiles.main - INFO - 1 change detected
2026-01-14 16:58:59 - watchfiles.main - INFO - 1 change detected
2026-01-14 16:58:59 - watchfiles.main - INFO - 1 change detected
2026-01-14 16:59:00 - watchfiles.main - INFO - 1 change detected
2026-01-14 16:59:00 - watchfiles.main - INFO - 1 change detected
2026-01-14 16:59:01 - watchfiles.main - INFO - 1 change detected
2026-01-14 16:59:01 - watchfiles.main - INFO - 1 change detected
2026-01-14 16:59:01 - watchfiles.main - INFO - 1 change detected
2026-01-14 16:59:02 - watchfiles.main - INFO - 1 change detected
2026-01-14 16:59:02 - watchfiles.main - INFO - 1 change detected
2026-01-14 16:59:03 - watchfiles.main - INFO - 1 change detected
2026-01-14 16:59:03 - watchfiles.main - INFO - 1 change detected
2026-01-14 16:59:03 - watchfiles.main - INFO - 1 change detected
2026-01-14 16:59:04 - watchfiles.main - INFO - 1 change detected
2026-01-14 16:59:04 - watchfiles.main - INFO - 1 change detected
2026-01-14 16:59:05 - watchfiles.main - INFO - 1 change detected
2026-01-14 16:59:05 - watchfiles.main - INFO - 1 change detected
2026-01-14 16:59:05 - watchfiles.main - INFO - 1 change detected
2026-01-14 16:59:06 - watchfiles.main - INFO - 1 change detected
2026-01-14 16:59:06 - watchfiles.main - INFO - 1 change detected
2026-01-14 16:59:07 - watchfiles.main - INFO - 1 change detected
2026-01-14 16:59:07 - watchfiles.main - INFO - 1 change detected
2026-01-14 16:59:07 - watchfiles.main - INFO - 1 change detected
2026-01-14 16:59:08 - watchfiles.main - INFO - 1 change detected
2026-01-14 16:59:08 - watchfiles.main - INFO - 1 change detected
2026-01-14 16:59:09 - watchfiles.main - INFO - 1 change detected
2026-01-14 16:59:09 - watchfiles.main - INFO - 1 change detected
2026-01-14 16:59:09 - watchfiles.main - INFO - 1 change detected
2026-01-14 16:59:10 - watchfiles.main - INFO - 1 change detected
2026-01-14 16:59:10 - watchfiles.main - INFO - 1 change detected
2026-01-14 16:59:11 - watchfiles.main - INFO - 1 change detected
2026-01-14 16:59:11 - watchfiles.main - INFO - 1 change detected
2026-01-14 16:59:11 - watchfiles.main - INFO - 1 change detected
2026-01-14 16:59:12 - watchfiles.main - INFO - 1 change detected
2026-01-14 16:59:12 - watchfiles.main - INFO - 1 change detected
2026-01-14 16:59:13 - watchfiles.main - INFO - 1 change detected
2026-01-14 16:59:13 - watchfiles.main - INFO - 1 change detected
2026-01-14 16:59:13 - watchfiles.main - INFO - 1 change detected
2026-01-14 16:59:14 - watchfiles.main - INFO - 1 change detected
2026-01-14 16:59:14 - watchfiles.main - INFO - 1 change detected
2026-01-14 16:59:15 - watchfiles.main - INFO - 1 change detected
2026-01-14 16:59:15 - watchfiles.main - INFO - 1 change detected
2026-01-14 16:59:15 - watchfiles.main - INFO - 1 change detected
2026-01-14 16:59:16 - watchfiles.main - INFO - 1 change detected
2026-01-14 16:59:16 - watchfiles.main - INFO - 1 change detected
2026-01-14 16:59:17 - watchfiles.main - INFO - 1 change detected
2026-01-14 16:59:17 - watchfiles.main - INFO - 1 change detected
2026-01-14 16:59:18 - watchfiles.main - INFO - 1 change detected
2026-01-14 16:59:18 - watchfiles.main - INFO - 1 change detected
2026-01-14 16:59:18 - watchfiles.main - INFO - 1 change detected
2026-01-14 16:59:19 - watchfiles.main - INFO - 1 change detected
2026-01-14 16:59:19 - watchfiles.main - INFO - 1 change detected
2026-01-14 16:59:20 - watchfiles.main - INFO - 1 change detected
2026-01-14 16:59:20 - watchfiles.main - INFO - 1 change detected
2026-01-14 16:59:20 - watchfiles.main - INFO - 1 change detected
2026-01-14 16:59:21 - watchfiles.main - INFO - 1 change detected
2026-01-14 16:59:21 - watchfiles.main - INFO - 1 change detected
2026-01-14 16:59:22 - watchfiles.main - INFO - 1 change detected
2026-01-14 16:59:22 - watchfiles.main - INFO - 1 change detected
2026-01-14 16:59:22 - watchfiles.main - INFO - 1 change detected
2026-01-14 16:59:23 - watchfiles.main - INFO - 1 change detected
2026-01-14 16:59:23 - watchfiles.main - INFO - 1 change detected
2026-01-14 16:59:24 - watchfiles.main - INFO - 1 change detected
2026-01-14 16:59:24 - watchfiles.main - INFO - 1 change detected
2026-01-14 16:59:24 - watchfiles.main - INFO - 1 change detected
2026-01-14 16:59:25 - watchfiles.main - INFO - 1 change detected
2026-01-14 16:59:25 - watchfiles.main - INFO - 1 change detected
2026-01-14 16:59:26 - watchfiles.main - INFO - 1 change detected
2026-01-14 16:59:26 - watchfiles.main - INFO - 1 change detected
2026-01-14 16:59:26 - watchfiles.main - INFO - 1 change detected
2026-01-14 16:59:27 - watchfiles.main - INFO - 1 change detected
2026-01-14 16:59:27 - watchfiles.main - INFO - 1 change detected
2026-01-14 16:59:28 - watchfiles.main - INFO - 1 change detected
2026-01-14 16:59:28 - watchfiles.main - INFO - 1 change detected
2026-01-14 16:59:28 - watchfiles.main - INFO - 1 change detected
2026-01-14 16:59:29 - watchfiles.main - INFO - 1 change detected
2026-01-14 16:59:29 - watchfiles.main - INFO - 1 change detected
2026-01-14 16:59:30 - watchfiles.main - INFO - 1 change detected
2026-01-14 16:59:30 - watchfiles.main - INFO - 1 change detected
2026-01-14 16:59:30 - watchfiles.main - INFO - 1 change detected
2026-01-14 16:59:31 - watchfiles.main - INFO - 1 change detected
2026-01-14 16:59:31 - watchfiles.main - INFO - 1 change detected
2026-01-14 16:59:32 - watchfiles.main - INFO - 1 change detected
2026-01-14 16:59:32 - watchfiles.main - INFO - 1 change detected
2026-01-14 16:59:32 - watchfiles.main - INFO - 1 change detected
2026-01-14 16:59:33 - watchfiles.main - INFO - 1 change detected
2026-01-14 16:59:33 - watchfiles.main - INFO - 1 change detected
2026-01-14 16:59:34 - watchfiles.main - INFO - 1 change detected
2026-01-14 16:59:34 - watchfiles.main - INFO - 1 change detected
2026-01-14 16:59:34 - watchfiles.main - INFO - 1 change detected
2026-01-14 16:59:35 - watchfiles.main - INFO - 1 change detected
2026-01-14 16:59:35 - watchfiles.main - INFO - 1 change detected
2026-01-14 16:59:36 - watchfiles.main - INFO - 1 change detected
2026-01-14 16:59:36 - watchfiles.main - INFO - 1 change detected
2026-01-14 16:59:36 - watchfiles.main - INFO - 1 change detected
2026-01-14 16:59:37 - watchfiles.main - INFO - 1 change detected
2026-01-14 16:59:37 - watchfiles.main - INFO - 1 change detected
2026-01-14 16:59:38 - watchfiles.main - INFO - 1 change detected
2026-01-14 16:59:38 - watchfiles.main - INFO - 1 change detected
2026-01-14 16:59:38 - watchfiles.main - INFO - 1 change detected
2026-01-14 16:59:39 - watchfiles.main - INFO - 1 change detected
2026-01-14 16:59:39 - watchfiles.main - INFO - 1 change detected
2026-01-14 16:59:40 - watchfiles.main - INFO - 1 change detected
2026-01-14 16:59:40 - watchfiles.main - INFO - 1 change detected
2026-01-14 16:59:41 - watchfiles.main - INFO - 1 change detected
2026-01-14 16:59:41 - watchfiles.main - INFO - 1 change detected
2026-01-14 16:59:41 - watchfiles.main - INFO - 1 change detected
2026-01-14 16:59:42 - watchfiles.main - INFO - 1 change detected
2026-01-14 16:59:42 - watchfiles.main - INFO - 1 change detected
2026-01-14 16:59:43 - watchfiles.main - INFO - 1 change detected
2026-01-14 16:59:43 - watchfiles.main - INFO - 1 change detected
2026-01-14 16:59:43 - watchfiles.main - INFO - 1 change detected
2026-01-14 16:59:44 - watchfiles.main - INFO - 1 change detected
2026-01-14 16:59:44 - watchfiles.main - INFO - 1 change detected
2026-01-14 16:59:45 - watchfiles.main - INFO - 1 change detected
2026-01-14 16:59:45 - watchfiles.main - INFO - 1 change detected
2026-01-14 16:59:45 - watchfiles.main - INFO - 1 change detected
2026-01-14 16:59:46 - watchfiles.main - INFO - 1 change detected
2026-01-14 16:59:46 - watchfiles.main - INFO - 1 change detected
2026-01-14 16:59:47 - watchfiles.main - INFO - 1 change detected
2026-01-14 16:59:47 - watchfiles.main - INFO - 1 change detected
2026-01-14 16:59:47 - watchfiles.main - INFO - 1 change detected
2026-01-14 16:59:48 - watchfiles.main - INFO - 1 change detected
2026-01-14 16:59:48 - watchfiles.main - INFO - 1 change detected
2026-01-14 16:59:49 - watchfiles.main - INFO - 1 change detected
2026-01-14 16:59:49 - watchfiles.main - INFO - 1 change detected
2026-01-14 16:59:49 - watchfiles.main - INFO - 1 change detected
2026-01-14 16:59:50 - watchfiles.main - INFO - 1 change detected
2026-01-14 16:59:50 - watchfiles.main - INFO - 1 change detected
2026-01-14 16:59:51 - watchfiles.main - INFO - 1 change detected
2026-01-14 16:59:51 - watchfiles.main - INFO - 1 change detected
2026-01-14 16:59:51 - watchfiles.main - INFO - 1 change detected
2026-01-14 16:59:52 - watchfiles.main - INFO - 1 change detected
2026-01-14 16:59:52 - watchfiles.main - INFO - 1 change detected
2026-01-14 16:59:53 - watchfiles.main - INFO - 1 change detected
2026-01-14 16:59:53 - watchfiles.main - INFO - 1 change detected
2026-01-14 16:59:53 - watchfiles.main - INFO - 1 change detected
2026-01-14 16:59:54 - watchfiles.main - INFO - 1 change detected
2026-01-14 16:59:54 - watchfiles.main - INFO - 1 change detected
2026-01-14 16:59:55 - watchfiles.main - INFO - 1 change detected
2026-01-14 16:59:55 - watchfiles.main - INFO - 1 change detected
2026-01-14 16:59:55 - watchfiles.main - INFO - 1 change detected
2026-01-14 16:59:56 - watchfiles.main - INFO - 1 change detected
2026-01-14 16:59:56 - watchfiles.main - INFO - 1 change detected
2026-01-14 16:59:57 - watchfiles.main - INFO - 1 change detected
2026-01-14 16:59:57 - watchfiles.main - INFO - 1 change detected
2026-01-14 16:59:57 - watchfiles.main - INFO - 1 change detected
2026-01-14 16:59:58 - watchfiles.main - INFO - 1 change detected
2026-01-14 16:59:58 - watchfiles.main - INFO - 1 change detected
2026-01-14 16:59:59 - watchfiles.main - INFO - 1 change detected
2026-01-14 16:59:59 - watchfiles.main - INFO - 1 change detected
2026-01-14 16:59:59 - watchfiles.main - INFO - 1 change detected
2026-01-14 17:00:00 - watchfiles.main - INFO - 1 change detected
2026-01-14 17:00:00 - watchfiles.main - INFO - 1 change detected
2026-01-14 17:00:01 - watchfiles.main - INFO - 1 change detected
2026-01-14 17:00:01 - watchfiles.main - INFO - 1 change detected
2026-01-14 17:00:01 - watchfiles.main - INFO - 1 change detected
2026-01-14 17:00:02 - watchfiles.main - INFO - 1 change detected
2026-01-14 17:00:02 - watchfiles.main - INFO - 1 change detected
2026-01-14 17:00:03 - watchfiles.main - INFO - 1 change detected
2026-01-14 17:00:03 - watchfiles.main - INFO - 1 change detected
2026-01-14 17:00:03 - watchfiles.main - INFO - 1 change detected
2026-01-14 17:00:04 - watchfiles.main - INFO - 1 change detected
2026-01-14 17:00:04 - watchfiles.main - INFO - 1 change detected
2026-01-14 17:00:05 - watchfiles.main - INFO - 1 change detected
2026-01-14 17:00:05 - watchfiles.main - INFO - 1 change detected
2026-01-14 17:00:05 - watchfiles.main - INFO - 1 change detected
2026-01-14 17:00:06 - watchfiles.main - INFO - 1 change detected
2026-01-14 17:00:06 - watchfiles.main - INFO - 1 change detected
2026-01-14 17:00:07 - watchfiles.main - INFO - 1 change detected
2026-01-14 17:00:07 - watchfiles.main - INFO - 1 change detected
2026-01-14 17:00:07 - watchfiles.main - INFO - 1 change detected
2026-01-14 17:00:08 - watchfiles.main - INFO - 1 change detected
2026-01-14 17:00:08 - watchfiles.main - INFO - 1 change detected
2026-01-14 17:00:09 - watchfiles.main - INFO - 1 change detected
2026-01-14 17:00:09 - watchfiles.main - INFO - 1 change detected
2026-01-14 17:00:09 - watchfiles.main - INFO - 1 change detected
2026-01-14 17:00:10 - watchfiles.main - INFO - 1 change detected
2026-01-14 17:00:10 - watchfiles.main - INFO - 1 change detected
2026-01-14 17:00:11 - watchfiles.main - INFO - 1 change detected
2026-01-14 17:00:11 - watchfiles.main - INFO - 1 change detected
2026-01-14 17:00:11 - watchfiles.main - INFO - 1 change detected
2026-01-14 17:00:12 - watchfiles.main - INFO - 1 change detected
2026-01-14 17:00:12 - watchfiles.main - INFO - 1 change detected
2026-01-14 17:00:13 - watchfiles.main - INFO - 1 change detected
2026-01-14 17:00:13 - watchfiles.main - INFO - 1 change detected
2026-01-14 17:00:13 - watchfiles.main - INFO - 1 change detected
2026-01-14 17:00:14 - watchfiles.main - INFO - 1 change detected
2026-01-14 17:00:14 - watchfiles.main - INFO - 1 change detected
2026-01-14 17:00:15 - watchfiles.main - INFO - 1 change detected
2026-01-14 17:00:15 - watchfiles.main - INFO - 1 change detected
2026-01-14 17:00:15 - watchfiles.main - INFO - 1 change detected
2026-01-14 17:00:16 - watchfiles.main - INFO - 1 change detected
2026-01-14 17:00:16 - watchfiles.main - INFO - 1 change detected
2026-01-14 17:00:17 - watchfiles.main - INFO - 1 change detected
2026-01-14 17:00:17 - watchfiles.main - INFO - 1 change detected
2026-01-14 17:00:17 - watchfiles.main - INFO - 1 change detected
2026-01-14 17:00:18 - watchfiles.main - INFO - 1 change detected
2026-01-14 17:00:18 - watchfiles.main - INFO - 1 change detected
2026-01-14 17:00:19 - watchfiles.main - INFO - 1 change detected
2026-01-14 17:00:19 - watchfiles.main - INFO - 1 change detected
2026-01-14 17:00:19 - watchfiles.main - INFO - 1 change detected
2026-01-14 17:00:20 - watchfiles.main - INFO - 1 change detected
2026-01-14 17:00:20 - watchfiles.main - INFO - 1 change detected
2026-01-14 17:00:21 - watchfiles.main - INFO - 1 change detected
2026-01-14 17:00:21 - watchfiles.main - INFO - 1 change detected
2026-01-14 17:00:22 - watchfiles.main - INFO - 1 change detected
2026-01-14 17:00:22 - watchfiles.main - INFO - 1 change detected
2026-01-14 17:00:22 - watchfiles.main - INFO - 1 change detected
2026-01-14 17:00:23 - watchfiles.main - INFO - 1 change detected
2026-01-14 17:00:23 - watchfiles.main - INFO - 1 change detected
2026-01-14 17:00:24 - watchfiles.main - INFO - 1 change detected
2026-01-14 17:00:24 - watchfiles.main - INFO - 1 change detected
2026-01-14 17:00:24 - watchfiles.main - INFO - 1 change detected
2026-01-14 17:00:25 - watchfiles.main - INFO - 1 change detected
2026-01-14 17:00:25 - watchfiles.main - INFO - 1 change detected
2026-01-14 17:00:26 - watchfiles.main - INFO - 1 change detected
2026-01-14 17:00:26 - watchfiles.main - INFO - 1 change detected
2026-01-14 17:00:26 - watchfiles.main - INFO - 1 change detected
2026-01-14 17:00:27 - watchfiles.main - INFO - 1 change detected
2026-01-14 17:00:27 - watchfiles.main - INFO - 1 change detected
2026-01-14 17:00:28 - watchfiles.main - INFO - 1 change detected
2026-01-14 17:00:28 - watchfiles.main - INFO - 1 change detected
2026-01-14 17:00:28 - watchfiles.main - INFO - 1 change detected
2026-01-14 17:00:29 - watchfiles.main - INFO - 1 change detected
2026-01-14 17:00:29 - watchfiles.main - INFO - 1 change detected
2026-01-14 17:00:30 - watchfiles.main - INFO - 1 change detected
2026-01-14 17:00:30 - watchfiles.main - INFO - 1 change detected
2026-01-14 17:00:30 - watchfiles.main - INFO - 1 change detected
2026-01-14 17:00:31 - watchfiles.main - INFO - 1 change detected
2026-01-14 17:00:31 - watchfiles.main - INFO - 1 change detected
2026-01-14 17:00:32 - watchfiles.main - INFO - 1 change detected
2026-01-14 17:00:32 - watchfiles.main - INFO - 1 change detected
2026-01-14 17:00:32 - watchfiles.main - INFO - 1 change detected
2026-01-14 17:00:33 - watchfiles.main - INFO - 1 change detected
2026-01-14 17:00:33 - watchfiles.main - INFO - 1 change detected
2026-01-14 17:00:34 - watchfiles.main - INFO - 1 change detected
2026-01-14 17:00:34 - watchfiles.main - INFO - 1 change detected
2026-01-14 17:00:34 - watchfiles.main - INFO - 1 change detected
2026-01-14 17:00:35 - watchfiles.main - INFO - 1 change detected
2026-01-14 17:00:35 - watchfiles.main - INFO - 1 change detected
2026-01-14 17:00:36 - watchfiles.main - INFO - 1 change detected
2026-01-14 17:00:36 - watchfiles.main - INFO - 1 change detected
2026-01-14 17:00:36 - watchfiles.main - INFO - 1 change detected
2026-01-14 17:00:37 - watchfiles.main - INFO - 1 change detected
2026-01-14 17:00:37 - watchfiles.main - INFO - 1 change detected
2026-01-14 17:00:38 - watchfiles.main - INFO - 1 change detected
2026-01-14 17:00:38 - watchfiles.main - INFO - 1 change detected
2026-01-14 17:00:38 - watchfiles.main - INFO - 1 change detected
2026-01-14 17:00:39 - watchfiles.main - INFO - 1 change detected
2026-01-14 17:00:39 - watchfiles.main - INFO - 1 change detected
2026-01-14 17:00:40 - watchfiles.main - INFO - 1 change detected
2026-01-14 17:00:40 - watchfiles.main - INFO - 1 change detected
2026-01-14 17:00:40 - watchfiles.main - INFO - 1 change detected
2026-01-14 17:00:41 - watchfiles.main - INFO - 1 change detected
2026-01-14 17:00:41 - watchfiles.main - INFO - 1 change detected
2026-01-14 17:00:42 - watchfiles.main - INFO - 1 change detected
2026-01-14 17:00:42 - watchfiles.main - INFO - 1 change detected
2026-01-14 17:00:42 - watchfiles.main - INFO - 1 change detected
2026-01-14 17:00:43 - watchfiles.main - INFO - 1 change detected
2026-01-14 17:00:43 - watchfiles.main - INFO - 1 change detected
2026-01-14 17:00:44 - watchfiles.main - INFO - 1 change detected
2026-01-14 17:00:44 - watchfiles.main - INFO - 1 change detected
2026-01-14 17:00:44 - watchfiles.main - INFO - 1 change detected
2026-01-14 17:00:45 - watchfiles.main - INFO - 1 change detected
2026-01-14 17:00:45 - watchfiles.main - INFO - 1 change detected
2026-01-14 17:00:46 - watchfiles.main - INFO - 1 change detected
2026-01-14 17:00:46 - watchfiles.main - INFO - 1 change detected
2026-01-14 17:00:46 - watchfiles.main - INFO - 1 change detected
2026-01-14 17:00:47 - watchfiles.main - INFO - 1 change detected
2026-01-14 17:00:47 - watchfiles.main - INFO - 1 change detected
2026-01-14 17:00:48 - watchfiles.main - INFO - 1 change detected
2026-01-14 17:00:48 - watchfiles.main - INFO - 1 change detected
2026-01-14 17:00:48 - watchfiles.main - INFO - 1 change detected
2026-01-14 17:00:49 - watchfiles.main - INFO - 1 change detected
2026-01-14 17:00:49 - watchfiles.main - INFO - 1 change detected
2026-01-14 17:00:50 - watchfiles.main - INFO - 1 change detected
2026-01-14 17:00:50 - watchfiles.main - INFO - 1 change detected
2026-01-14 17:00:50 - watchfiles.main - INFO - 1 change detected
2026-01-14 17:00:51 - watchfiles.main - INFO - 1 change detected
2026-01-14 17:00:51 - watchfiles.main - INFO - 1 change detected
2026-01-14 17:00:52 - watchfiles.main - INFO - 1 change detected
2026-01-14 17:00:52 - watchfiles.main - INFO - 1 change detected
2026-01-14 17:00:52 - watchfiles.main - INFO - 1 change detected
2026-01-14 17:00:53 - watchfiles.main - INFO - 1 change detected
2026-01-14 17:00:53 - watchfiles.main - INFO - 1 change detected
2026-01-14 17:00:54 - watchfiles.main - INFO - 1 change detected
2026-01-14 17:00:54 - watchfiles.main - INFO - 1 change detected
2026-01-14 17:00:54 - watchfiles.main - INFO - 1 change detected
2026-01-14 17:00:55 - watchfiles.main - INFO - 1 change detected
2026-01-14 17:00:55 - watchfiles.main - INFO - 1 change detected
2026-01-14 17:00:56 - watchfiles.main - INFO - 1 change detected
2026-01-14 17:00:56 - watchfiles.main - INFO - 1 change detected
2026-01-14 17:00:56 - watchfiles.main - INFO - 1 change detected
2026-01-14 17:00:57 - watchfiles.main - INFO - 1 change detected
2026-01-14 17:00:57 - watchfiles.main - INFO - 1 change detected
2026-01-14 17:00:58 - watchfiles.main - INFO - 1 change detected
2026-01-14 17:00:58 - watchfiles.main - INFO - 1 change detected
2026-01-14 17:00:58 - watchfiles.main - INFO - 1 change detected
2026-01-14 17:00:59 - watchfiles.main - INFO - 1 change detected
2026-01-14 17:00:59 - watchfiles.main - INFO - 1 change detected
2026-01-14 17:01:00 - watchfiles.main - INFO - 1 change detected
2026-01-14 17:01:00 - watchfiles.main - INFO - 1 change detected
2026-01-14 17:01:01 - watchfiles.main - INFO - 1 change detected
2026-01-14 17:01:01 - watchfiles.main - INFO - 1 change detected
2026-01-14 17:01:01 - watchfiles.main - INFO - 1 change detected
2026-01-14 17:01:02 - watchfiles.main - INFO - 1 change detected
2026-01-14 17:01:02 - watchfiles.main - INFO - 1 change detected
2026-01-14 17:01:03 - watchfiles.main - INFO - 1 change detected
2026-01-14 17:01:03 - watchfiles.main - INFO - 1 change detected
2026-01-14 17:01:03 - watchfiles.main - INFO - 1 change detected
2026-01-14 17:01:04 - watchfiles.main - INFO - 1 change detected
2026-01-14 17:01:04 - watchfiles.main - INFO - 1 change detected
2026-01-14 17:01:05 - watchfiles.main - INFO - 1 change detected
2026-01-14 17:01:05 - watchfiles.main - INFO - 1 change detected
2026-01-14 17:01:05 - watchfiles.main - INFO - 1 change detected
2026-01-14 17:01:06 - watchfiles.main - INFO - 1 change detected
2026-01-14 17:01:06 - watchfiles.main - INFO - 1 change detected
2026-01-14 17:01:07 - watchfiles.main - INFO - 1 change detected
2026-01-14 17:01:07 - watchfiles.main - INFO - 1 change detected
2026-01-14 17:01:07 - watchfiles.main - INFO - 1 change detected
2026-01-14 17:01:08 - watchfiles.main - INFO - 1 change detected
2026-01-14 17:01:08 - watchfiles.main - INFO - 1 change detected
2026-01-14 17:01:09 - watchfiles.main - INFO - 1 change detected
2026-01-14 17:01:09 - watchfiles.main - INFO - 1 change detected
2026-01-14 17:01:09 - watchfiles.main - INFO - 1 change detected
2026-01-14 17:01:10 - watchfiles.main - INFO - 1 change detected
2026-01-14 17:01:10 - watchfiles.main - INFO - 1 change detected
2026-01-14 17:01:11 - watchfiles.main - INFO - 1 change detected
2026-01-14 17:01:11 - watchfiles.main - INFO - 1 change detected
2026-01-14 17:01:11 - watchfiles.main - INFO - 1 change detected
2026-01-14 17:01:12 - watchfiles.main - INFO - 1 change detected
2026-01-14 17:01:12 - watchfiles.main - INFO - 1 change detected
2026-01-14 17:01:13 - watchfiles.main - INFO - 1 change detected
2026-01-14 17:01:13 - watchfiles.main - INFO - 1 change detected
2026-01-14 17:01:13 - watchfiles.main - INFO - 1 change detected
2026-01-14 17:01:14 - watchfiles.main - INFO - 1 change detected
2026-01-14 17:01:14 - watchfiles.main - INFO - 1 change detected
2026-01-14 17:01:15 - watchfiles.main - INFO - 1 change detected
2026-01-14 17:01:15 - watchfiles.main - INFO - 1 change detected
2026-01-14 17:01:15 - watchfiles.main - INFO - 1 change detected
2026-01-14 17:01:16 - watchfiles.main - INFO - 1 change detected
2026-01-14 17:01:16 - watchfiles.main - INFO - 1 change detected
2026-01-14 17:01:17 - watchfiles.main - INFO - 1 change detected
2026-01-14 17:01:17 - watchfiles.main - INFO - 1 change detected
2026-01-14 17:01:17 - watchfiles.main - INFO - 1 change detected
2026-01-14 17:01:18 - watchfiles.main - INFO - 1 change detected
2026-01-14 17:01:18 - watchfiles.main - INFO - 1 change detected
2026-01-14 17:01:19 - watchfiles.main - INFO - 1 change detected
2026-01-14 17:01:19 - watchfiles.main - INFO - 1 change detected
2026-01-14 17:01:19 - watchfiles.main - INFO - 1 change detected
2026-01-14 17:01:20 - watchfiles.main - INFO - 1 change detected
2026-01-14 17:01:20 - watchfiles.main - INFO - 1 change detected
2026-01-14 17:01:21 - watchfiles.main - INFO - 1 change detected
2026-01-14 17:01:21 - watchfiles.main - INFO - 1 change detected
2026-01-14 17:01:21 - watchfiles.main - INFO - 1 change detected
2026-01-14 17:01:22 - watchfiles.main - INFO - 1 change detected
2026-01-14 17:01:22 - watchfiles.main - INFO - 1 change detected
2026-01-14 17:01:23 - watchfiles.main - INFO - 1 change detected
2026-01-14 17:01:23 - watchfiles.main - INFO - 1 change detected
2026-01-14 17:01:23 - watchfiles.main - INFO - 1 change detected
2026-01-14 17:01:24 - watchfiles.main - INFO - 1 change detected
2026-01-14 17:01:24 - watchfiles.main - INFO - 1 change detected
2026-01-14 17:01:25 - watchfiles.main - INFO - 1 change detected
2026-01-14 17:01:25 - watchfiles.main - INFO - 1 change detected
2026-01-14 17:01:25 - watchfiles.main - INFO - 1 change detected
2026-01-14 17:01:26 - watchfiles.main - INFO - 1 change detected
2026-01-14 17:01:26 - watchfiles.main - INFO - 1 change detected
2026-01-14 17:01:27 - watchfiles.main - INFO - 1 change detected
2026-01-14 17:01:27 - watchfiles.main - INFO - 1 change detected
2026-01-14 17:01:27 - watchfiles.main - INFO - 1 change detected
2026-01-14 17:01:28 - watchfiles.main - INFO - 1 change detected
2026-01-14 17:01:28 - watchfiles.main - INFO - 1 change detected
2026-01-14 17:01:29 - watchfiles.main - INFO - 1 change detected
2026-01-14 17:01:29 - watchfiles.main - INFO - 1 change detected
2026-01-14 17:01:29 - watchfiles.main - INFO - 1 change detected
2026-01-14 17:01:30 - watchfiles.main - INFO - 1 change detected
2026-01-14 17:01:30 - watchfiles.main - INFO - 1 change detected
2026-01-14 17:01:31 - watchfiles.main - INFO - 1 change detected
2026-01-14 17:01:31 - watchfiles.main - INFO - 1 change detected
2026-01-14 17:01:31 - watchfiles.main - INFO - 1 change detected
2026-01-14 17:01:32 - watchfiles.main - INFO - 1 change detected
2026-01-14 17:01:32 - watchfiles.main - INFO - 1 change detected
2026-01-14 17:01:33 - watchfiles.main - INFO - 1 change detected
2026-01-14 17:01:33 - watchfiles.main - INFO - 1 change detected
2026-01-14 17:01:33 - watchfiles.main - INFO - 1 change detected
2026-01-14 17:01:34 - watchfiles.main - INFO - 1 change detected
2026-01-14 17:01:34 - watchfiles.main - INFO - 1 change detected
2026-01-14 17:01:35 - watchfiles.main - INFO - 1 change detected
2026-01-14 17:01:35 - watchfiles.main - INFO - 1 change detected
2026-01-14 17:01:36 - watchfiles.main - INFO - 1 change detected
2026-01-14 17:01:36 - watchfiles.main - INFO - 1 change detected
2026-01-14 17:01:36 - watchfiles.main - INFO - 1 change detected
2026-01-14 17:01:37 - watchfiles.main - INFO - 1 change detected
2026-01-14 17:01:37 - watchfiles.main - INFO - 1 change detected
2026-01-14 17:01:37 - watchfiles.main - INFO - 1 change detected
2026-01-14 17:01:38 - watchfiles.main - INFO - 1 change detected
2026-01-14 17:01:38 - watchfiles.main - INFO - 1 change detected
2026-01-14 17:01:39 - watchfiles.main - INFO - 1 change detected
2026-01-14 17:01:39 - watchfiles.main - INFO - 1 change detected
2026-01-14 17:01:40 - watchfiles.main - INFO - 1 change detected
2026-01-14 17:01:40 - watchfiles.main - INFO - 1 change detected
2026-01-14 17:01:40 - watchfiles.main - INFO - 1 change detected
2026-01-14 17:01:41 - watchfiles.main - INFO - 1 change detected
2026-01-14 17:01:41 - watchfiles.main - INFO - 1 change detected
2026-01-14 17:01:42 - watchfiles.main - INFO - 1 change detected
2026-01-14 17:01:42 - watchfiles.main - INFO - 1 change detected
2026-01-14 17:01:42 - watchfiles.main - INFO - 1 change detected
2026-01-14 17:01:43 - watchfiles.main - INFO - 1 change detected
2026-01-14 17:01:43 - watchfiles.main - INFO - 1 change detected
2026-01-14 17:01:44 - watchfiles.main - INFO - 1 change detected
2026-01-14 17:01:44 - watchfiles.main - INFO - 1 change detected
2026-01-14 17:01:44 - watchfiles.main - INFO - 1 change detected
2026-01-14 17:01:45 - watchfiles.main - INFO - 1 change detected
2026-01-14 17:01:45 - watchfiles.main - INFO - 1 change detected
2026-01-14 17:01:46 - watchfiles.main - INFO - 1 change detected
2026-01-14 17:01:46 - watchfiles.main - INFO - 1 change detected
2026-01-14 17:01:46 - watchfiles.main - INFO - 1 change detected
2026-01-14 17:01:47 - watchfiles.main - INFO - 1 change detected
2026-01-14 17:01:47 - watchfiles.main - INFO - 1 change detected
2026-01-14 17:01:48 - watchfiles.main - INFO - 1 change detected
2026-01-14 17:01:48 - watchfiles.main - INFO - 1 change detected
2026-01-14 17:01:48 - watchfiles.main - INFO - 1 change detected
2026-01-14 17:01:49 - watchfiles.main - INFO - 1 change detected
2026-01-14 17:01:49 - watchfiles.main - INFO - 1 change detected
2026-01-14 17:01:50 - watchfiles.main - INFO - 1 change detected
2026-01-14 17:01:50 - watchfiles.main - INFO - 1 change detected
2026-01-14 17:01:50 - watchfiles.main - INFO - 1 change detected
2026-01-14 17:01:51 - watchfiles.main - INFO - 1 change detected
2026-01-14 17:01:51 - watchfiles.main - INFO - 1 change detected
2026-01-14 17:01:52 - watchfiles.main - INFO - 1 change detected
2026-01-14 17:01:52 - watchfiles.main - INFO - 1 change detected
2026-01-14 17:01:52 - watchfiles.main - INFO - 1 change detected
2026-01-14 17:01:53 - watchfiles.main - INFO - 1 change detected
2026-01-14 17:01:53 - watchfiles.main - INFO - 1 change detected
2026-01-14 17:01:54 - watchfiles.main - INFO - 1 change detected
2026-01-14 17:01:54 - watchfiles.main - INFO - 1 change detected
2026-01-14 17:01:54 - watchfiles.main - INFO - 1 change detected
2026-01-14 17:01:55 - watchfiles.main - INFO - 1 change detected
2026-01-14 17:01:55 - watchfiles.main - INFO - 1 change detected
2026-01-14 17:01:56 - watchfiles.main - INFO - 1 change detected
2026-01-14 17:01:56 - watchfiles.main - INFO - 1 change detected
2026-01-14 17:01:56 - watchfiles.main - INFO - 1 change detected
2026-01-14 17:01:57 - watchfiles.main - INFO - 1 change detected
2026-01-14 17:01:57 - watchfiles.main - INFO - 1 change detected
2026-01-14 17:01:58 - watchfiles.main - INFO - 1 change detected
2026-01-14 17:01:58 - watchfiles.main - INFO - 1 change detected
2026-01-14 17:01:58 - watchfiles.main - INFO - 1 change detected
2026-01-14 17:01:59 - watchfiles.main - INFO - 1 change detected
2026-01-14 17:01:59 - watchfiles.main - INFO - 1 change detected
2026-01-14 17:02:00 - watchfiles.main - INFO - 1 change detected
2026-01-14 17:02:00 - watchfiles.main - INFO - 1 change detected
2026-01-14 17:02:00 - watchfiles.main - INFO - 1 change detected
2026-01-14 17:02:01 - watchfiles.main - INFO - 1 change detected
2026-01-14 17:02:01 - watchfiles.main - INFO - 1 change detected
2026-01-14 17:02:02 - watchfiles.main - INFO - 1 change detected
2026-01-14 17:02:02 - watchfiles.main - INFO - 1 change detected
2026-01-14 17:02:02 - watchfiles.main - INFO - 1 change detected
2026-01-14 17:02:03 - watchfiles.main - INFO - 1 change detected
2026-01-14 17:02:03 - watchfiles.main - INFO - 1 change detected
2026-01-14 17:02:04 - watchfiles.main - INFO - 1 change detected
2026-01-14 17:02:04 - watchfiles.main - INFO - 1 change detected
2026-01-14 17:02:04 - watchfiles.main - INFO - 1 change detected
2026-01-14 17:02:05 - watchfiles.main - INFO - 1 change detected
2026-01-14 17:02:05 - watchfiles.main - INFO - 1 change detected
2026-01-14 17:02:06 - watchfiles.main - INFO - 1 change detected
2026-01-14 17:02:06 - watchfiles.main - INFO - 1 change detected
2026-01-14 17:02:06 - watchfiles.main - INFO - 1 change detected
2026-01-14 17:02:07 - watchfiles.main - INFO - 1 change detected
2026-01-14 17:02:07 - watchfiles.main - INFO - 1 change detected
2026-01-14 17:02:08 - watchfiles.main - INFO - 1 change detected
2026-01-14 17:02:08 - watchfiles.main - INFO - 1 change detected
2026-01-14 17:02:08 - watchfiles.main - INFO - 1 change detected
2026-01-14 17:02:09 - watchfiles.main - INFO - 1 change detected
2026-01-14 17:02:09 - watchfiles.main - INFO - 1 change detected
2026-01-14 17:02:10 - watchfiles.main - INFO - 1 change detected
2026-01-14 17:02:10 - watchfiles.main - INFO - 1 change detected
2026-01-14 17:02:10 - watchfiles.main - INFO - 1 change detected
2026-01-14 17:02:11 - watchfiles.main - INFO - 1 change detected
2026-01-14 17:02:11 - watchfiles.main - INFO - 1 change detected
2026-01-14 17:02:12 - watchfiles.main - INFO - 1 change detected
2026-01-14 17:02:12 - watchfiles.main - INFO - 1 change detected
2026-01-14 17:02:13 - watchfiles.main - INFO - 1 change detected
2026-01-14 17:02:13 - watchfiles.main - INFO - 1 change detected
2026-01-14 17:02:13 - watchfiles.main - INFO - 1 change detected
2026-01-14 17:02:14 - watchfiles.main - INFO - 1 change detected
2026-01-14 17:02:14 - watchfiles.main - INFO - 1 change detected
2026-01-14 17:02:15 - watchfiles.main - INFO - 1 change detected
2026-01-14 17:02:15 - watchfiles.main - INFO - 1 change detected
2026-01-14 17:02:15 - watchfiles.main - INFO - 1 change detected
2026-01-14 17:02:16 - watchfiles.main - INFO - 1 change detected
2026-01-14 17:02:16 - watchfiles.main - INFO - 1 change detected
2026-01-14 17:02:17 - watchfiles.main - INFO - 1 change detected
2026-01-14 17:02:17 - watchfiles.main - INFO - 1 change detected
2026-01-14 17:02:17 - watchfiles.main - INFO - 1 change detected
2026-01-14 17:02:18 - watchfiles.main - INFO - 1 change detected
2026-01-14 17:02:18 - watchfiles.main - INFO - 1 change detected
2026-01-14 17:02:19 - watchfiles.main - INFO - 1 change detected
2026-01-14 17:02:19 - watchfiles.main - INFO - 1 change detected
2026-01-14 17:02:19 - watchfiles.main - INFO - 1 change detected
2026-01-14 17:02:20 - watchfiles.main - INFO - 1 change detected
2026-01-14 17:02:20 - watchfiles.main - INFO - 1 change detected
2026-01-14 17:02:21 - watchfiles.main - INFO - 1 change detected
2026-01-14 17:02:21 - watchfiles.main - INFO - 1 change detected
2026-01-14 17:02:21 - watchfiles.main - INFO - 1 change detected
2026-01-14 17:02:22 - watchfiles.main - INFO - 1 change detected
2026-01-14 17:02:22 - watchfiles.main - INFO - 1 change detected
2026-01-14 17:02:23 - watchfiles.main - INFO - 1 change detected
2026-01-14 17:02:23 - watchfiles.main - INFO - 1 change detected
2026-01-14 17:02:23 - watchfiles.main - INFO - 1 change detected
2026-01-14 17:02:24 - watchfiles.main - INFO - 1 change detected
2026-01-14 17:02:24 - watchfiles.main - INFO - 1 change detected
2026-01-14 17:02:25 - watchfiles.main - INFO - 1 change detected
2026-01-14 17:02:25 - watchfiles.main - INFO - 1 change detected
2026-01-14 17:02:25 - watchfiles.main - INFO - 1 change detected
2026-01-14 17:02:26 - watchfiles.main - INFO - 1 change detected
2026-01-14 17:02:26 - watchfiles.main - INFO - 1 change detected
2026-01-14 17:02:27 - watchfiles.main - INFO - 1 change detected
2026-01-14 17:02:27 - watchfiles.main - INFO - 1 change detected
2026-01-14 17:02:27 - watchfiles.main - INFO - 1 change detected
2026-01-14 17:02:28 - watchfiles.main - INFO - 1 change detected
2026-01-14 17:02:28 - watchfiles.main - INFO - 1 change detected
2026-01-14 17:02:29 - watchfiles.main - INFO - 1 change detected
2026-01-14 17:02:29 - watchfiles.main - INFO - 1 change detected
2026-01-14 17:02:29 - watchfiles.main - INFO - 1 change detected
2026-01-14 17:02:30 - watchfiles.main - INFO - 1 change detected
2026-01-14 17:02:30 - watchfiles.main - INFO - 1 change detected
2026-01-14 17:02:31 - watchfiles.main - INFO - 1 change detected
2026-01-14 17:02:31 - watchfiles.main - INFO - 1 change detected
2026-01-14 17:02:32 - watchfiles.main - INFO - 1 change detected
2026-01-14 17:02:32 - watchfiles.main - INFO - 1 change detected
2026-01-14 17:02:32 - watchfiles.main - INFO - 1 change detected
2026-01-14 17:02:33 - watchfiles.main - INFO - 1 change detected
2026-01-14 17:02:33 - watchfiles.main - INFO - 1 change detected
2026-01-14 17:02:33 - watchfiles.main - INFO - 1 change detected
2026-01-14 17:02:34 - watchfiles.main - INFO - 1 change detected
2026-01-14 17:02:34 - watchfiles.main - INFO - 1 change detected
2026-01-14 17:02:35 - watchfiles.main - INFO - 1 change detected
2026-01-14 17:02:35 - watchfiles.main - INFO - 1 change detected
2026-01-14 17:02:35 - watchfiles.main - INFO - 1 change detected
2026-01-14 17:02:36 - watchfiles.main - INFO - 1 change detected
2026-01-14 17:02:36 - watchfiles.main - INFO - 1 change detected
2026-01-14 17:02:37 - watchfiles.main - INFO - 1 change detected
2026-01-14 17:02:37 - watchfiles.main - INFO - 1 change detected
2026-01-14 17:02:38 - watchfiles.main - INFO - 1 change detected
2026-01-14 17:02:38 - watchfiles.main - INFO - 1 change detected
2026-01-14 17:02:38 - watchfiles.main - INFO - 1 change detected
2026-01-14 17:02:39 - watchfiles.main - INFO - 1 change detected
2026-01-14 17:02:39 - watchfiles.main - INFO - 1 change detected
2026-01-14 17:02:40 - watchfiles.main - INFO - 1 change detected
2026-01-14 17:02:40 - watchfiles.main - INFO - 1 change detected
2026-01-14 17:02:40 - watchfiles.main - INFO - 1 change detected
2026-01-14 17:02:41 - watchfiles.main - INFO - 1 change detected
2026-01-14 17:02:41 - watchfiles.main - INFO - 1 change detected
2026-01-14 17:02:42 - watchfiles.main - INFO - 1 change detected
2026-01-14 17:02:42 - watchfiles.main - INFO - 1 change detected
2026-01-14 17:02:42 - watchfiles.main - INFO - 1 change detected
2026-01-14 17:02:43 - watchfiles.main - INFO - 1 change detected
2026-01-14 17:02:43 - watchfiles.main - INFO - 1 change detected
2026-01-14 17:02:44 - watchfiles.main - INFO - 1 change detected
2026-01-14 17:02:44 - watchfiles.main - INFO - 1 change detected
2026-01-14 17:02:44 - watchfiles.main - INFO - 1 change detected
2026-01-14 17:02:45 - watchfiles.main - INFO - 1 change detected
2026-01-14 17:02:45 - watchfiles.main - INFO - 1 change detected
2026-01-14 17:02:46 - watchfiles.main - INFO - 1 change detected
2026-01-14 17:02:46 - watchfiles.main - INFO - 1 change detected
2026-01-14 17:02:46 - watchfiles.main - INFO - 1 change detected
2026-01-14 17:02:47 - watchfiles.main - INFO - 1 change detected
2026-01-14 17:02:47 - watchfiles.main - INFO - 1 change detected
2026-01-14 17:02:48 - watchfiles.main - INFO - 1 change detected
2026-01-14 17:02:48 - watchfiles.main - INFO - 1 change detected
2026-01-14 17:02:48 - watchfiles.main - INFO - 1 change detected
2026-01-14 17:02:49 - watchfiles.main - INFO - 1 change detected
2026-01-14 17:02:49 - watchfiles.main - INFO - 1 change detected
2026-01-14 17:02:50 - watchfiles.main - INFO - 1 change detected
2026-01-14 17:02:50 - watchfiles.main - INFO - 1 change detected
2026-01-14 17:02:50 - watchfiles.main - INFO - 1 change detected
2026-01-14 17:02:51 - watchfiles.main - INFO - 1 change detected
2026-01-14 17:02:51 - watchfiles.main - INFO - 1 change detected
2026-01-14 17:02:52 - watchfiles.main - INFO - 1 change detected
2026-01-14 17:02:52 - watchfiles.main - INFO - 1 change detected
2026-01-14 17:02:52 - watchfiles.main - INFO - 1 change detected
2026-01-14 17:02:53 - watchfiles.main - INFO - 1 change detected
2026-01-14 17:02:53 - watchfiles.main - INFO - 1 change detected
2026-01-14 17:02:54 - watchfiles.main - INFO - 1 change detected
2026-01-14 17:02:54 - watchfiles.main - INFO - 1 change detected
2026-01-14 17:02:54 - watchfiles.main - INFO - 1 change detected
2026-01-14 17:02:55 - watchfiles.main - INFO - 1 change detected
2026-01-14 17:02:55 - watchfiles.main - INFO - 1 change detected
2026-01-14 17:02:56 - watchfiles.main - INFO - 1 change detected
2026-01-14 17:02:56 - watchfiles.main - INFO - 1 change detected
2026-01-14 17:02:56 - watchfiles.main - INFO - 1 change detected
2026-01-14 17:02:57 - watchfiles.main - INFO - 1 change detected
2026-01-14 17:02:57 - watchfiles.main - INFO - 1 change detected
2026-01-14 17:02:58 - watchfiles.main - INFO - 1 change detected
2026-01-14 17:02:58 - watchfiles.main - INFO - 1 change detected
2026-01-14 17:02:58 - watchfiles.main - INFO - 1 change detected
2026-01-14 17:02:59 - watchfiles.main - INFO - 1 change detected
2026-01-14 17:02:59 - watchfiles.main - INFO - 1 change detected
2026-01-14 17:03:00 - watchfiles.main - INFO - 1 change detected
2026-01-14 17:03:00 - watchfiles.main - INFO - 1 change detected
2026-01-14 17:03:00 - watchfiles.main - INFO - 1 change detected
2026-01-14 17:03:01 - watchfiles.main - INFO - 1 change detected
2026-01-14 17:03:01 - watchfiles.main - INFO - 1 change detected
2026-01-14 17:03:02 - watchfiles.main - INFO - 1 change detected
2026-01-14 17:03:02 - watchfiles.main - INFO - 1 change detected
2026-01-14 17:03:02 - watchfiles.main - INFO - 1 change detected
2026-01-14 17:03:03 - watchfiles.main - INFO - 1 change detected
2026-01-14 17:03:03 - watchfiles.main - INFO - 1 change detected
2026-01-14 17:03:04 - watchfiles.main - INFO - 1 change detected
2026-01-14 17:03:04 - watchfiles.main - INFO - 1 change detected
2026-01-14 17:03:04 - watchfiles.main - INFO - 1 change detected
2026-01-14 17:03:05 - watchfiles.main - INFO - 1 change detected
2026-01-14 17:03:05 - watchfiles.main - INFO - 1 change detected
2026-01-14 17:03:06 - watchfiles.main - INFO - 1 change detected
2026-01-14 17:03:06 - watchfiles.main - INFO - 1 change detected
2026-01-14 17:03:06 - watchfiles.main - INFO - 1 change detected
2026-01-14 17:03:07 - watchfiles.main - INFO - 1 change detected
2026-01-14 17:03:07 - watchfiles.main - INFO - 1 change detected
2026-01-14 17:03:08 - watchfiles.main - INFO - 1 change detected
2026-01-14 17:03:08 - watchfiles.main - INFO - 1 change detected
2026-01-14 17:03:08 - watchfiles.main - INFO - 1 change detected
2026-01-14 17:03:09 - watchfiles.main - INFO - 1 change detected
2026-01-14 17:03:09 - watchfiles.main - INFO - 1 change detected
2026-01-14 17:03:10 - watchfiles.main - INFO - 1 change detected
2026-01-14 17:03:10 - watchfiles.main - INFO - 1 change detected
2026-01-14 17:03:10 - watchfiles.main - INFO - 1 change detected
2026-01-14 17:03:11 - watchfiles.main - INFO - 1 change detected
2026-01-14 17:03:11 - watchfiles.main - INFO - 1 change detected
2026-01-14 17:03:12 - watchfiles.main - INFO - 1 change detected
2026-01-14 17:03:12 - watchfiles.main - INFO - 1 change detected
2026-01-14 17:03:12 - watchfiles.main - INFO - 1 change detected
2026-01-14 17:03:13 - watchfiles.main - INFO - 1 change detected
2026-01-14 17:03:13 - watchfiles.main - INFO - 1 change detected
2026-01-14 17:03:14 - watchfiles.main - INFO - 1 change detected
2026-01-14 17:03:14 - watchfiles.main - INFO - 1 change detected
2026-01-14 17:03:14 - watchfiles.main - INFO - 1 change detected
2026-01-14 17:03:15 - watchfiles.main - INFO - 1 change detected
2026-01-14 17:03:15 - watchfiles.main - INFO - 1 change detected
2026-01-14 17:03:16 - watchfiles.main - INFO - 1 change detected
2026-01-14 17:03:16 - watchfiles.main - INFO - 1 change detected
2026-01-14 17:03:16 - watchfiles.main - INFO - 1 change detected
2026-01-14 17:03:17 - watchfiles.main - INFO - 1 change detected
2026-01-14 17:03:17 - watchfiles.main - INFO - 1 change detected
2026-01-14 17:03:18 - watchfiles.main - INFO - 1 change detected
2026-01-14 17:03:18 - watchfiles.main - INFO - 1 change detected
2026-01-14 17:03:18 - watchfiles.main - INFO - 1 change detected
2026-01-14 17:03:19 - watchfiles.main - INFO - 1 change detected
2026-01-14 17:03:19 - watchfiles.main - INFO - 1 change detected
2026-01-14 17:03:20 - watchfiles.main - INFO - 1 change detected
2026-01-14 17:03:20 - watchfiles.main - INFO - 1 change detected
2026-01-14 17:03:21 - watchfiles.main - INFO - 1 change detected
2026-01-14 17:03:21 - watchfiles.main - INFO - 1 change detected
2026-01-14 17:03:21 - watchfiles.main - INFO - 1 change detected
2026-01-14 17:03:22 - watchfiles.main - INFO - 1 change detected
2026-01-14 17:03:22 - watchfiles.main - INFO - 1 change detected
2026-01-14 17:03:23 - watchfiles.main - INFO - 1 change detected
2026-01-14 17:03:23 - watchfiles.main - INFO - 1 change detected
2026-01-14 17:03:23 - watchfiles.main - INFO - 1 change detected
2026-01-14 17:03:24 - watchfiles.main - INFO - 1 change detected
2026-01-14 17:03:24 - watchfiles.main - INFO - 1 change detected
2026-01-14 17:03:25 - watchfiles.main - INFO - 1 change detected
2026-01-14 17:03:25 - watchfiles.main - INFO - 1 change detected
2026-01-14 17:03:25 - watchfiles.main - INFO - 1 change detected
2026-01-14 17:03:26 - watchfiles.main - INFO - 1 change detected
2026-01-14 17:03:26 - watchfiles.main - INFO - 1 change detected
2026-01-14 17:03:27 - watchfiles.main - INFO - 1 change detected
2026-01-14 17:03:27 - watchfiles.main - INFO - 1 change detected
2026-01-14 17:03:27 - watchfiles.main - INFO - 1 change detected
2026-01-14 17:03:28 - watchfiles.main - INFO - 1 change detected
2026-01-14 17:03:28 - watchfiles.main - INFO - 1 change detected
2026-01-14 17:03:29 - watchfiles.main - INFO - 1 change detected
2026-01-14 17:03:29 - watchfiles.main - INFO - 1 change detected
2026-01-14 17:03:29 - watchfiles.main - INFO - 1 change detected
2026-01-14 17:03:30 - watchfiles.main - INFO - 1 change detected
2026-01-14 17:03:30 - watchfiles.main - INFO - 1 change detected
2026-01-14 17:03:31 - watchfiles.main - INFO - 1 change detected
2026-01-14 17:03:31 - watchfiles.main - INFO - 1 change detected
2026-01-14 17:03:31 - watchfiles.main - INFO - 1 change detected
2026-01-14 17:03:32 - watchfiles.main - INFO - 1 change detected
2026-01-14 17:03:32 - watchfiles.main - INFO - 1 change detected
2026-01-14 17:03:33 - watchfiles.main - INFO - 1 change detected
2026-01-14 17:03:33 - watchfiles.main - INFO - 1 change detected
2026-01-14 17:03:33 - watchfiles.main - INFO - 1 change detected
2026-01-14 17:03:34 - watchfiles.main - INFO - 1 change detected
2026-01-14 17:03:34 - watchfiles.main - INFO - 1 change detected
2026-01-14 17:03:35 - watchfiles.main - INFO - 1 change detected
2026-01-14 17:03:35 - watchfiles.main - INFO - 1 change detected
2026-01-14 17:03:35 - watchfiles.main - INFO - 1 change detected
2026-01-14 17:03:36 - watchfiles.main - INFO - 1 change detected
2026-01-14 17:03:36 - watchfiles.main - INFO - 1 change detected
2026-01-14 17:03:37 - watchfiles.main - INFO - 1 change detected
2026-01-14 17:03:37 - watchfiles.main - INFO - 1 change detected
2026-01-14 17:03:37 - watchfiles.main - INFO - 1 change detected
2026-01-14 17:03:38 - watchfiles.main - INFO - 1 change detected
2026-01-14 17:03:38 - watchfiles.main - INFO - 1 change detected
2026-01-14 17:03:39 - watchfiles.main - INFO - 1 change detected
2026-01-14 17:03:39 - watchfiles.main - INFO - 1 change detected
2026-01-14 17:03:39 - watchfiles.main - INFO - 1 change detected
2026-01-14 17:03:40 - watchfiles.main - INFO - 1 change detected
2026-01-14 17:03:40 - watchfiles.main - INFO - 1 change detected
2026-01-14 17:03:41 - watchfiles.main - INFO - 1 change detected
2026-01-14 17:03:41 - watchfiles.main - INFO - 1 change detected
2026-01-14 17:03:41 - watchfiles.main - INFO - 1 change detected
2026-01-14 17:03:42 - watchfiles.main - INFO - 1 change detected
2026-01-14 17:03:42 - watchfiles.main - INFO - 1 change detected
2026-01-14 17:03:43 - watchfiles.main - INFO - 1 change detected
2026-01-14 17:03:43 - watchfiles.main - INFO - 1 change detected
2026-01-14 17:03:43 - watchfiles.main - INFO - 1 change detected
2026-01-14 17:03:44 - watchfiles.main - INFO - 1 change detected
2026-01-14 17:03:44 - watchfiles.main - INFO - 1 change detected
2026-01-14 17:03:45 - watchfiles.main - INFO - 1 change detected
2026-01-14 17:03:45 - watchfiles.main - INFO - 1 change detected
2026-01-14 17:03:45 - watchfiles.main - INFO - 1 change detected
2026-01-14 17:03:46 - watchfiles.main - INFO - 1 change detected
2026-01-14 17:03:46 - watchfiles.main - INFO - 1 change detected
2026-01-14 17:03:47 - watchfiles.main - INFO - 1 change detected
2026-01-14 17:03:47 - watchfiles.main - INFO - 1 change detected
2026-01-14 17:03:47 - watchfiles.main - INFO - 1 change detected
2026-01-14 17:03:48 - watchfiles.main - INFO - 1 change detected
2026-01-14 17:03:48 - watchfiles.main - INFO - 1 change detected
2026-01-14 17:03:49 - watchfiles.main - INFO - 1 change detected
2026-01-14 17:03:49 - watchfiles.main - INFO - 1 change detected
2026-01-14 17:03:49 - watchfiles.main - INFO - 1 change detected
2026-01-14 17:03:50 - watchfiles.main - INFO - 1 change detected
2026-01-14 17:03:50 - watchfiles.main - INFO - 1 change detected
2026-01-14 17:03:51 - watchfiles.main - INFO - 1 change detected
2026-01-14 17:03:51 - watchfiles.main - INFO - 1 change detected
2026-01-14 17:03:51 - watchfiles.main - INFO - 1 change detected
2026-01-14 17:03:52 - watchfiles.main - INFO - 1 change detected
2026-01-14 17:03:52 - watchfiles.main - INFO - 1 change detected
2026-01-14 17:03:53 - watchfiles.main - INFO - 1 change detected
2026-01-14 17:03:53 - watchfiles.main - INFO - 1 change detected
2026-01-14 17:03:53 - watchfiles.main - INFO - 1 change detected
2026-01-14 17:03:54 - watchfiles.main - INFO - 1 change detected
2026-01-14 17:03:54 - watchfiles.main - INFO - 1 change detected
2026-01-14 17:03:55 - watchfiles.main - INFO - 1 change detected
2026-01-14 17:03:55 - watchfiles.main - INFO - 1 change detected
2026-01-14 17:03:56 - watchfiles.main - INFO - 1 change detected
2026-01-14 17:03:56 - watchfiles.main - INFO - 1 change detected
2026-01-14 17:03:56 - watchfiles.main - INFO - 1 change detected
2026-01-14 17:03:57 - watchfiles.main - INFO - 1 change detected
2026-01-14 17:03:57 - watchfiles.main - INFO - 1 change detected
2026-01-14 17:03:58 - watchfiles.main - INFO - 1 change detected
2026-01-14 17:03:58 - watchfiles.main - INFO - 1 change detected
2026-01-14 17:03:58 - watchfiles.main - INFO - 1 change detected
2026-01-14 17:03:59 - watchfiles.main - INFO - 1 change detected
2026-01-14 17:03:59 - watchfiles.main - INFO - 1 change detected
2026-01-14 17:04:00 - watchfiles.main - INFO - 1 change detected
2026-01-14 17:04:00 - watchfiles.main - INFO - 1 change detected
2026-01-14 17:04:00 - watchfiles.main - INFO - 1 change detected
2026-01-14 17:04:01 - watchfiles.main - INFO - 1 change detected
2026-01-14 17:04:01 - watchfiles.main - INFO - 1 change detected
2026-01-14 17:04:02 - watchfiles.main - INFO - 1 change detected
2026-01-14 17:04:02 - watchfiles.main - INFO - 1 change detected
2026-01-14 17:04:02 - watchfiles.main - INFO - 1 change detected
2026-01-14 17:04:03 - watchfiles.main - INFO - 1 change detected
2026-01-14 17:04:03 - watchfiles.main - INFO - 1 change detected
2026-01-14 17:04:04 - watchfiles.main - INFO - 1 change detected
2026-01-14 17:04:04 - watchfiles.main - INFO - 1 change detected
2026-01-14 17:04:04 - watchfiles.main - INFO - 1 change detected
2026-01-14 17:04:05 - watchfiles.main - INFO - 1 change detected
2026-01-14 17:04:05 - watchfiles.main - INFO - 1 change detected
2026-01-14 17:04:06 - watchfiles.main - INFO - 1 change detected
2026-01-14 17:04:06 - watchfiles.main - INFO - 1 change detected
2026-01-14 17:04:06 - watchfiles.main - INFO - 1 change detected
2026-01-14 17:04:07 - watchfiles.main - INFO - 1 change detected
2026-01-14 17:04:07 - watchfiles.main - INFO - 1 change detected
2026-01-14 17:04:08 - watchfiles.main - INFO - 1 change detected
2026-01-14 17:04:08 - watchfiles.main - INFO - 1 change detected
2026-01-14 17:04:08 - watchfiles.main - INFO - 1 change detected
2026-01-14 17:04:09 - watchfiles.main - INFO - 1 change detected
2026-01-14 17:04:09 - watchfiles.main - INFO - 1 change detected
2026-01-14 17:04:10 - watchfiles.main - INFO - 1 change detected
2026-01-14 17:04:10 - watchfiles.main - INFO - 1 change detected
2026-01-14 17:04:10 - watchfiles.main - INFO - 1 change detected
2026-01-14 17:04:11 - watchfiles.main - INFO - 1 change detected
2026-01-14 17:04:11 - watchfiles.main - INFO - 1 change detected
2026-01-14 17:04:12 - watchfiles.main - INFO - 1 change detected
2026-01-14 17:04:12 - watchfiles.main - INFO - 1 change detected
2026-01-14 17:04:12 - watchfiles.main - INFO - 1 change detected
2026-01-14 17:04:13 - watchfiles.main - INFO - 1 change detected
2026-01-14 17:04:13 - watchfiles.main - INFO - 1 change detected
2026-01-14 17:04:14 - watchfiles.main - INFO - 1 change detected
2026-01-14 17:04:14 - watchfiles.main - INFO - 1 change detected
2026-01-14 17:04:14 - watchfiles.main - INFO - 1 change detected
2026-01-14 17:04:15 - watchfiles.main - INFO - 1 change detected
2026-01-14 17:04:15 - watchfiles.main - INFO - 1 change detected
2026-01-14 17:04:16 - watchfiles.main - INFO - 1 change detected
2026-01-14 17:04:16 - watchfiles.main - INFO - 1 change detected
2026-01-14 17:04:16 - watchfiles.main - INFO - 1 change detected
2026-01-14 17:04:17 - watchfiles.main - INFO - 1 change detected
2026-01-14 17:04:17 - watchfiles.main - INFO - 1 change detected
2026-01-14 17:04:18 - watchfiles.main - INFO - 1 change detected
2026-01-14 17:04:18 - watchfiles.main - INFO - 1 change detected
2026-01-14 17:04:18 - watchfiles.main - INFO - 1 change detected
2026-01-14 17:04:19 - watchfiles.main - INFO - 1 change detected
2026-01-14 17:04:19 - watchfiles.main - INFO - 1 change detected
2026-01-14 17:04:20 - watchfiles.main - INFO - 1 change detected
2026-01-14 17:04:20 - watchfiles.main - INFO - 1 change detected
2026-01-14 17:04:20 - watchfiles.main - INFO - 1 change detected
2026-01-14 17:04:21 - watchfiles.main - INFO - 1 change detected
2026-01-14 17:04:21 - watchfiles.main - INFO - 1 change detected
2026-01-14 17:04:22 - watchfiles.main - INFO - 1 change detected
2026-01-14 17:04:22 - watchfiles.main - INFO - 1 change detected
2026-01-14 17:04:22 - watchfiles.main - INFO - 1 change detected
2026-01-14 17:04:23 - watchfiles.main - INFO - 1 change detected
2026-01-14 17:04:23 - watchfiles.main - INFO - 1 change detected
2026-01-14 17:04:24 - watchfiles.main - INFO - 1 change detected
2026-01-14 17:04:24 - watchfiles.main - INFO - 1 change detected
2026-01-14 17:04:24 - watchfiles.main - INFO - 1 change detected
2026-01-14 17:04:25 - watchfiles.main - INFO - 1 change detected
2026-01-14 17:04:25 - watchfiles.main - INFO - 1 change detected
2026-01-14 17:04:26 - watchfiles.main - INFO - 1 change detected
2026-01-14 17:04:26 - watchfiles.main - INFO - 1 change detected
2026-01-14 17:04:26 - watchfiles.main - INFO - 1 change detected
2026-01-14 17:04:27 - watchfiles.main - INFO - 1 change detected
2026-01-14 17:04:27 - watchfiles.main - INFO - 1 change detected
2026-01-14 17:04:28 - watchfiles.main - INFO - 1 change detected
2026-01-14 17:04:28 - watchfiles.main - INFO - 1 change detected
2026-01-14 17:04:28 - watchfiles.main - INFO - 1 change detected
2026-01-14 17:04:29 - watchfiles.main - INFO - 1 change detected
2026-01-14 17:04:29 - watchfiles.main - INFO - 1 change detected
2026-01-14 17:04:30 - watchfiles.main - INFO - 1 change detected
2026-01-14 17:04:30 - watchfiles.main - INFO - 1 change detected
2026-01-14 17:04:31 - watchfiles.main - INFO - 1 change detected
2026-01-14 17:04:31 - watchfiles.main - INFO - 1 change detected
2026-01-14 17:04:31 - watchfiles.main - INFO - 1 change detected
2026-01-14 17:04:32 - watchfiles.main - INFO - 1 change detected
2026-01-14 17:04:32 - watchfiles.main - INFO - 1 change detected
2026-01-14 17:04:32 - watchfiles.main - INFO - 1 change detected
2026-01-14 17:04:33 - watchfiles.main - INFO - 1 change detected
2026-01-14 17:04:33 - watchfiles.main - INFO - 1 change detected
2026-01-14 17:04:34 - watchfiles.main - INFO - 1 change detected
2026-01-14 17:04:34 - watchfiles.main - INFO - 1 change detected
2026-01-14 17:04:34 - watchfiles.main - INFO - 1 change detected
2026-01-14 17:04:35 - watchfiles.main - INFO - 1 change detected
2026-01-14 17:04:35 - watchfiles.main - INFO - 1 change detected
2026-01-14 17:04:36 - watchfiles.main - INFO - 1 change detected
2026-01-14 17:04:36 - watchfiles.main - INFO - 1 change detected
2026-01-14 17:04:36 - watchfiles.main - INFO - 1 change detected
2026-01-14 17:04:37 - watchfiles.main - INFO - 1 change detected
2026-01-14 17:04:37 - watchfiles.main - INFO - 1 change detected
2026-01-14 17:04:38 - watchfiles.main - INFO - 1 change detected
2026-01-14 17:04:38 - watchfiles.main - INFO - 1 change detected
2026-01-14 17:04:39 - watchfiles.main - INFO - 1 change detected
2026-01-14 17:04:39 - watchfiles.main - INFO - 1 change detected
2026-01-14 17:04:39 - watchfiles.main - INFO - 1 change detected
2026-01-14 17:04:40 - watchfiles.main - INFO - 1 change detected
2026-01-14 17:04:40 - watchfiles.main - INFO - 1 change detected
2026-01-14 17:04:41 - watchfiles.main - INFO - 1 change detected
2026-01-14 17:04:41 - watchfiles.main - INFO - 1 change detected
2026-01-14 17:04:41 - watchfiles.main - INFO - 1 change detected
2026-01-14 17:04:42 - watchfiles.main - INFO - 1 change detected
2026-01-14 17:04:42 - watchfiles.main - INFO - 1 change detected
2026-01-14 17:04:43 - watchfiles.main - INFO - 1 change detected
2026-01-14 17:04:43 - watchfiles.main - INFO - 1 change detected
2026-01-14 17:04:43 - watchfiles.main - INFO - 1 change detected
2026-01-14 17:04:44 - watchfiles.main - INFO - 1 change detected
2026-01-14 17:04:44 - watchfiles.main - INFO - 1 change detected
2026-01-14 17:04:45 - watchfiles.main - INFO - 1 change detected
2026-01-14 17:04:45 - watchfiles.main - INFO - 1 change detected
2026-01-14 17:04:45 - watchfiles.main - INFO - 1 change detected
2026-01-14 17:04:46 - watchfiles.main - INFO - 1 change detected
2026-01-14 17:04:46 - watchfiles.main - INFO - 1 change detected
2026-01-14 17:04:47 - watchfiles.main - INFO - 1 change detected
2026-01-14 17:04:47 - watchfiles.main - INFO - 1 change detected
2026-01-14 17:04:47 - watchfiles.main - INFO - 1 change detected
2026-01-14 17:04:48 - watchfiles.main - INFO - 1 change detected
2026-01-14 17:04:48 - watchfiles.main - INFO - 1 change detected
2026-01-14 17:04:49 - watchfiles.main - INFO - 1 change detected
2026-01-14 17:04:49 - watchfiles.main - INFO - 1 change detected
2026-01-14 17:04:49 - watchfiles.main - INFO - 1 change detected
2026-01-14 17:04:50 - watchfiles.main - INFO - 1 change detected
2026-01-14 17:04:50 - watchfiles.main - INFO - 1 change detected
2026-01-14 17:04:51 - watchfiles.main - INFO - 1 change detected
2026-01-14 17:04:51 - watchfiles.main - INFO - 1 change detected
2026-01-14 17:04:51 - watchfiles.main - INFO - 1 change detected
2026-01-14 17:04:52 - watchfiles.main - INFO - 1 change detected
2026-01-14 17:04:52 - watchfiles.main - INFO - 1 change detected
2026-01-14 17:04:53 - watchfiles.main - INFO - 1 change detected
2026-01-14 17:04:53 - watchfiles.main - INFO - 1 change detected
2026-01-14 17:04:53 - watchfiles.main - INFO - 1 change detected
2026-01-14 17:04:54 - watchfiles.main - INFO - 1 change detected
2026-01-14 17:04:54 - watchfiles.main - INFO - 1 change detected
2026-01-14 17:04:55 - watchfiles.main - INFO - 1 change detected
2026-01-14 17:04:55 - watchfiles.main - INFO - 1 change detected
2026-01-14 17:04:55 - watchfiles.main - INFO - 1 change detected
2026-01-14 17:04:56 - watchfiles.main - INFO - 1 change detected
2026-01-14 17:04:56 - watchfiles.main - INFO - 1 change detected
2026-01-14 17:04:57 - watchfiles.main - INFO - 1 change detected
2026-01-14 17:04:57 - watchfiles.main - INFO - 1 change detected
2026-01-14 17:04:57 - watchfiles.main - INFO - 1 change detected
2026-01-14 17:04:58 - watchfiles.main - INFO - 1 change detected
2026-01-14 17:04:58 - watchfiles.main - INFO - 1 change detected
2026-01-14 17:04:59 - watchfiles.main - INFO - 1 change detected
2026-01-14 17:04:59 - watchfiles.main - INFO - 1 change detected
2026-01-14 17:04:59 - watchfiles.main - INFO - 1 change detected
2026-01-14 17:05:00 - watchfiles.main - INFO - 1 change detected
2026-01-14 17:05:00 - watchfiles.main - INFO - 1 change detected
2026-01-14 17:05:01 - watchfiles.main - INFO - 1 change detected
2026-01-14 17:05:01 - watchfiles.main - INFO - 1 change detected
2026-01-14 17:05:01 - watchfiles.main - INFO - 1 change detected
2026-01-14 17:05:02 - watchfiles.main - INFO - 1 change detected
2026-01-14 17:05:02 - watchfiles.main - INFO - 1 change detected
2026-01-14 17:05:03 - watchfiles.main - INFO - 1 change detected
2026-01-14 17:05:03 - watchfiles.main - INFO - 1 change detected
2026-01-14 17:05:03 - watchfiles.main - INFO - 1 change detected
2026-01-14 17:05:04 - watchfiles.main - INFO - 1 change detected
2026-01-14 17:05:04 - watchfiles.main - INFO - 1 change detected
2026-01-14 17:05:05 - watchfiles.main - INFO - 1 change detected
2026-01-14 17:05:05 - watchfiles.main - INFO - 1 change detected
2026-01-14 17:05:05 - watchfiles.main - INFO - 1 change detected
2026-01-14 17:05:06 - watchfiles.main - INFO - 1 change detected
2026-01-14 17:05:06 - watchfiles.main - INFO - 1 change detected
2026-01-14 17:05:07 - watchfiles.main - INFO - 1 change detected
2026-01-14 17:05:07 - watchfiles.main - INFO - 1 change detected
2026-01-14 17:05:07 - watchfiles.main - INFO - 1 change detected
2026-01-14 17:05:08 - watchfiles.main - INFO - 1 change detected
2026-01-14 17:05:08 - watchfiles.main - INFO - 1 change detected
2026-01-14 17:05:09 - watchfiles.main - INFO - 1 change detected
2026-01-14 17:05:09 - watchfiles.main - INFO - 1 change detected
2026-01-14 17:05:09 - watchfiles.main - INFO - 1 change detected
2026-01-14 17:05:10 - watchfiles.main - INFO - 1 change detected
2026-01-14 17:05:10 - watchfiles.main - INFO - 1 change detected
2026-01-14 17:05:11 - watchfiles.main - INFO - 1 change detected
2026-01-14 17:05:11 - watchfiles.main - INFO - 1 change detected
2026-01-14 17:05:11 - watchfiles.main - INFO - 1 change detected
2026-01-14 17:05:12 - watchfiles.main - INFO - 1 change detected
2026-01-14 17:05:12 - watchfiles.main - INFO - 1 change detected
2026-01-14 17:05:13 - watchfiles.main - INFO - 1 change detected
2026-01-14 17:05:13 - watchfiles.main - INFO - 1 change detected
2026-01-14 17:05:13 - watchfiles.main - INFO - 1 change detected
2026-01-14 17:05:14 - watchfiles.main - INFO - 1 change detected
2026-01-14 17:05:14 - watchfiles.main - INFO - 1 change detected
2026-01-14 17:05:15 - watchfiles.main - INFO - 1 change detected
2026-01-14 17:05:15 - watchfiles.main - INFO - 1 change detected
2026-01-14 17:05:15 - watchfiles.main - INFO - 1 change detected
2026-01-14 17:05:16 - watchfiles.main - INFO - 1 change detected
2026-01-14 17:05:16 - watchfiles.main - INFO - 1 change detected
2026-01-14 17:05:17 - watchfiles.main - INFO - 1 change detected
2026-01-14 17:05:17 - watchfiles.main - INFO - 1 change detected
2026-01-14 17:05:17 - watchfiles.main - INFO - 1 change detected
2026-01-14 17:05:18 - watchfiles.main - INFO - 1 change detected
2026-01-14 17:05:18 - watchfiles.main - INFO - 1 change detected
2026-01-14 17:05:19 - watchfiles.main - INFO - 1 change detected
2026-01-14 17:05:19 - watchfiles.main - INFO - 1 change detected
2026-01-14 17:05:19 - watchfiles.main - INFO - 1 change detected
2026-01-14 17:05:20 - watchfiles.main - INFO - 1 change detected
2026-01-14 17:05:20 - watchfiles.main - INFO - 1 change detected
2026-01-14 17:05:21 - watchfiles.main - INFO - 1 change detected
2026-01-14 17:05:21 - watchfiles.main - INFO - 1 change detected
2026-01-14 17:05:22 - watchfiles.main - INFO - 1 change detected
2026-01-14 17:05:22 - watchfiles.main - INFO - 1 change detected
2026-01-14 17:05:22 - watchfiles.main - INFO - 1 change detected
2026-01-14 17:05:23 - watchfiles.main - INFO - 1 change detected
2026-01-14 17:05:23 - watchfiles.main - INFO - 1 change detected
2026-01-14 17:05:23 - watchfiles.main - INFO - 1 change detected
2026-01-14 17:05:24 - watchfiles.main - INFO - 1 change detected
2026-01-14 17:05:24 - watchfiles.main - INFO - 1 change detected
2026-01-14 17:05:25 - watchfiles.main - INFO - 1 change detected
2026-01-14 17:05:25 - watchfiles.main - INFO - 1 change detected
2026-01-14 17:05:26 - watchfiles.main - INFO - 1 change detected
2026-01-14 17:05:26 - watchfiles.main - INFO - 1 change detected
2026-01-14 17:05:26 - watchfiles.main - INFO - 1 change detected
2026-01-14 17:05:27 - watchfiles.main - INFO - 1 change detected
2026-01-14 17:05:27 - watchfiles.main - INFO - 1 change detected
2026-01-14 17:05:28 - watchfiles.main - INFO - 1 change detected
2026-01-14 17:05:28 - watchfiles.main - INFO - 1 change detected
2026-01-14 17:05:28 - watchfiles.main - INFO - 1 change detected
2026-01-14 17:05:29 - watchfiles.main - INFO - 1 change detected
2026-01-14 17:05:29 - watchfiles.main - INFO - 1 change detected
2026-01-14 17:05:30 - watchfiles.main - INFO - 1 change detected
2026-01-14 17:05:30 - watchfiles.main - INFO - 1 change detected
2026-01-14 17:05:30 - watchfiles.main - INFO - 1 change detected
2026-01-14 17:05:31 - watchfiles.main - INFO - 1 change detected
2026-01-14 17:05:31 - watchfiles.main - INFO - 1 change detected
2026-01-14 17:05:32 - watchfiles.main - INFO - 1 change detected
2026-01-14 17:05:32 - watchfiles.main - INFO - 1 change detected
2026-01-14 17:05:32 - watchfiles.main - INFO - 1 change detected
2026-01-14 17:05:33 - watchfiles.main - INFO - 1 change detected
2026-01-14 17:05:33 - watchfiles.main - INFO - 1 change detected
2026-01-14 17:05:34 - watchfiles.main - INFO - 1 change detected
2026-01-14 17:05:34 - watchfiles.main - INFO - 1 change detected
2026-01-14 17:05:34 - watchfiles.main - INFO - 1 change detected
2026-01-14 17:05:35 - watchfiles.main - INFO - 1 change detected
2026-01-14 17:05:35 - watchfiles.main - INFO - 1 change detected
2026-01-14 17:05:36 - watchfiles.main - INFO - 1 change detected
2026-01-14 17:05:36 - watchfiles.main - INFO - 1 change detected
2026-01-14 17:05:36 - watchfiles.main - INFO - 1 change detected
2026-01-14 17:05:37 - watchfiles.main - INFO - 1 change detected
2026-01-14 17:05:37 - watchfiles.main - INFO - 1 change detected
2026-01-14 17:05:38 - watchfiles.main - INFO - 1 change detected
2026-01-14 17:05:38 - watchfiles.main - INFO - 1 change detected
2026-01-14 17:05:38 - watchfiles.main - INFO - 1 change detected
2026-01-14 17:05:39 - watchfiles.main - INFO - 1 change detected
2026-01-14 17:05:39 - watchfiles.main - INFO - 1 change detected
2026-01-14 17:05:40 - watchfiles.main - INFO - 1 change detected
2026-01-14 17:05:40 - watchfiles.main - INFO - 1 change detected
2026-01-14 17:05:40 - watchfiles.main - INFO - 1 change detected
2026-01-14 17:05:41 - watchfiles.main - INFO - 1 change detected
2026-01-14 17:05:41 - watchfiles.main - INFO - 1 change detected
2026-01-14 17:05:42 - watchfiles.main - INFO - 1 change detected
2026-01-14 17:05:42 - watchfiles.main - INFO - 1 change detected
2026-01-14 17:05:42 - watchfiles.main - INFO - 1 change detected
2026-01-14 17:05:43 - watchfiles.main - INFO - 1 change detected
2026-01-14 17:05:43 - watchfiles.main - INFO - 1 change detected
2026-01-14 17:05:44 - watchfiles.main - INFO - 1 change detected
2026-01-14 17:05:44 - watchfiles.main - INFO - 1 change detected
2026-01-14 17:05:44 - watchfiles.main - INFO - 1 change detected
2026-01-14 17:05:45 - watchfiles.main - INFO - 1 change detected
2026-01-14 17:05:45 - watchfiles.main - INFO - 1 change detected
2026-01-14 17:05:46 - watchfiles.main - INFO - 1 change detected
2026-01-14 17:05:46 - watchfiles.main - INFO - 1 change detected
2026-01-14 17:05:46 - watchfiles.main - INFO - 1 change detected
2026-01-14 17:05:47 - watchfiles.main - INFO - 1 change detected
2026-01-14 17:05:47 - watchfiles.main - INFO - 1 change detected
2026-01-14 17:05:48 - watchfiles.main - INFO - 1 change detected
2026-01-14 17:05:48 - watchfiles.main - INFO - 1 change detected
2026-01-14 17:05:48 - watchfiles.main - INFO - 1 change detected
2026-01-14 17:05:49 - watchfiles.main - INFO - 1 change detected
2026-01-14 17:05:49 - watchfiles.main - INFO - 1 change detected
2026-01-14 17:05:50 - watchfiles.main - INFO - 1 change detected
2026-01-14 17:05:50 - watchfiles.main - INFO - 1 change detected
2026-01-14 17:05:50 - watchfiles.main - INFO - 1 change detected
2026-01-14 17:05:51 - watchfiles.main - INFO - 1 change detected
2026-01-14 17:05:51 - watchfiles.main - INFO - 1 change detected
2026-01-14 17:05:52 - watchfiles.main - INFO - 1 change detected
2026-01-14 17:05:52 - watchfiles.main - INFO - 1 change detected
2026-01-14 17:05:52 - watchfiles.main - INFO - 1 change detected
2026-01-14 17:05:53 - watchfiles.main - INFO - 1 change detected
2026-01-14 17:05:53 - watchfiles.main - INFO - 1 change detected
2026-01-14 17:05:54 - watchfiles.main - INFO - 1 change detected
2026-01-14 17:05:54 - watchfiles.main - INFO - 1 change detected
2026-01-14 17:05:54 - watchfiles.main - INFO - 1 change detected
2026-01-14 17:05:55 - watchfiles.main - INFO - 1 change detected
2026-01-14 17:05:55 - watchfiles.main - INFO - 1 change detected
2026-01-14 17:05:56 - watchfiles.main - INFO - 1 change detected
2026-01-14 17:05:56 - watchfiles.main - INFO - 1 change detected
2026-01-14 17:05:56 - watchfiles.main - INFO - 1 change detected
2026-01-14 17:05:57 - watchfiles.main - INFO - 1 change detected
2026-01-14 17:05:57 - watchfiles.main - INFO - 1 change detected
2026-01-14 17:05:58 - watchfiles.main - INFO - 1 change detected
2026-01-14 17:05:58 - watchfiles.main - INFO - 1 change detected
2026-01-14 17:05:59 - watchfiles.main - INFO - 1 change detected
2026-01-14 17:05:59 - watchfiles.main - INFO - 1 change detected
2026-01-14 17:05:59 - watchfiles.main - INFO - 1 change detected
2026-01-14 17:06:00 - watchfiles.main - INFO - 1 change detected
2026-01-14 17:06:00 - watchfiles.main - INFO - 1 change detected
2026-01-14 17:06:01 - watchfiles.main - INFO - 1 change detected
2026-01-14 17:06:01 - watchfiles.main - INFO - 1 change detected
2026-01-14 17:06:01 - watchfiles.main - INFO - 1 change detected
2026-01-14 17:06:02 - watchfiles.main - INFO - 1 change detected
2026-01-14 17:06:02 - watchfiles.main - INFO - 1 change detected
2026-01-14 17:06:03 - watchfiles.main - INFO - 1 change detected
2026-01-14 17:06:03 - watchfiles.main - INFO - 1 change detected
2026-01-14 17:06:03 - watchfiles.main - INFO - 1 change detected
2026-01-14 17:06:04 - watchfiles.main - INFO - 1 change detected
2026-01-14 17:06:04 - watchfiles.main - INFO - 1 change detected
2026-01-14 17:06:05 - watchfiles.main - INFO - 1 change detected
2026-01-14 17:06:05 - watchfiles.main - INFO - 1 change detected
2026-01-14 17:06:05 - watchfiles.main - INFO - 1 change detected
2026-01-14 17:06:06 - watchfiles.main - INFO - 1 change detected
2026-01-14 17:06:06 - watchfiles.main - INFO - 1 change detected
2026-01-14 17:06:07 - watchfiles.main - INFO - 1 change detected
2026-01-14 17:06:07 - watchfiles.main - INFO - 1 change detected
2026-01-14 17:06:07 - watchfiles.main - INFO - 1 change detected
2026-01-14 17:06:08 - watchfiles.main - INFO - 1 change detected
2026-01-14 17:06:08 - watchfiles.main - INFO - 1 change detected
2026-01-14 17:06:09 - watchfiles.main - INFO - 1 change detected
2026-01-14 17:06:09 - watchfiles.main - INFO - 1 change detected
2026-01-14 17:06:09 - watchfiles.main - INFO - 1 change detected
2026-01-14 17:06:10 - watchfiles.main - INFO - 1 change detected
2026-01-14 17:06:10 - watchfiles.main - INFO - 1 change detected
2026-01-14 17:06:11 - watchfiles.main - INFO - 1 change detected
2026-01-14 17:06:11 - watchfiles.main - INFO - 1 change detected
2026-01-14 17:06:11 - watchfiles.main - INFO - 1 change detected
2026-01-14 17:06:12 - watchfiles.main - INFO - 1 change detected
2026-01-14 17:06:12 - watchfiles.main - INFO - 1 change detected
2026-01-14 17:06:13 - watchfiles.main - INFO - 1 change detected
2026-01-14 17:06:13 - watchfiles.main - INFO - 1 change detected
2026-01-14 17:06:13 - watchfiles.main - INFO - 1 change detected
2026-01-14 17:06:14 - watchfiles.main - INFO - 1 change detected
2026-01-14 17:06:14 - watchfiles.main - INFO - 1 change detected
2026-01-14 17:06:15 - watchfiles.main - INFO - 1 change detected
2026-01-14 17:06:15 - watchfiles.main - INFO - 1 change detected
2026-01-14 17:06:15 - watchfiles.main - INFO - 1 change detected
2026-01-14 17:06:16 - watchfiles.main - INFO - 1 change detected
2026-01-14 17:06:16 - watchfiles.main - INFO - 1 change detected
2026-01-14 17:06:17 - watchfiles.main - INFO - 1 change detected
2026-01-14 17:06:17 - watchfiles.main - INFO - 1 change detected
2026-01-14 17:06:17 - watchfiles.main - INFO - 1 change detected
2026-01-14 17:06:18 - watchfiles.main - INFO - 1 change detected
2026-01-14 17:06:18 - watchfiles.main - INFO - 1 change detected
2026-01-14 17:06:19 - watchfiles.main - INFO - 1 change detected
2026-01-14 17:06:19 - watchfiles.main - INFO - 1 change detected
2026-01-14 17:06:19 - watchfiles.main - INFO - 1 change detected
2026-01-14 17:06:20 - watchfiles.main - INFO - 1 change detected
2026-01-14 17:06:20 - watchfiles.main - INFO - 1 change detected
2026-01-14 17:06:21 - watchfiles.main - INFO - 1 change detected
2026-01-14 17:06:21 - watchfiles.main - INFO - 1 change detected
2026-01-14 17:06:21 - watchfiles.main - INFO - 1 change detected
2026-01-14 17:06:22 - watchfiles.main - INFO - 1 change detected
2026-01-14 17:06:22 - watchfiles.main - INFO - 1 change detected
2026-01-14 17:06:23 - watchfiles.main - INFO - 1 change detected
2026-01-14 17:06:23 - watchfiles.main - INFO - 1 change detected
2026-01-14 17:06:23 - watchfiles.main - INFO - 1 change detected
2026-01-14 17:06:24 - watchfiles.main - INFO - 1 change detected
2026-01-14 17:06:24 - watchfiles.main - INFO - 1 change detected
2026-01-14 17:06:25 - watchfiles.main - INFO - 1 change detected
2026-01-14 17:06:25 - watchfiles.main - INFO - 1 change detected
2026-01-14 17:06:26 - watchfiles.main - INFO - 1 change detected
2026-01-14 17:06:26 - watchfiles.main - INFO - 1 change detected
2026-01-14 17:06:26 - watchfiles.main - INFO - 1 change detected
2026-01-14 17:06:27 - watchfiles.main - INFO - 1 change detected
2026-01-14 17:06:27 - watchfiles.main - INFO - 1 change detected
2026-01-14 17:06:27 - watchfiles.main - INFO - 1 change detected
2026-01-14 17:06:28 - watchfiles.main - INFO - 1 change detected
2026-01-14 17:06:28 - watchfiles.main - INFO - 1 change detected
2026-01-14 17:06:29 - watchfiles.main - INFO - 1 change detected
2026-01-14 17:06:29 - watchfiles.main - INFO - 1 change detected
2026-01-14 17:06:30 - watchfiles.main - INFO - 1 change detected
2026-01-14 17:06:30 - watchfiles.main - INFO - 1 change detected
2026-01-14 17:06:30 - watchfiles.main - INFO - 1 change detected
2026-01-14 17:06:31 - watchfiles.main - INFO - 1 change detected
2026-01-14 17:06:31 - watchfiles.main - INFO - 1 change detected
2026-01-14 17:06:32 - watchfiles.main - INFO - 1 change detected
2026-01-14 17:06:32 - watchfiles.main - INFO - 1 change detected
2026-01-14 17:06:32 - watchfiles.main - INFO - 1 change detected
2026-01-14 17:06:33 - watchfiles.main - INFO - 1 change detected
2026-01-14 17:06:33 - watchfiles.main - INFO - 1 change detected
2026-01-14 17:06:34 - watchfiles.main - INFO - 1 change detected
2026-01-14 17:06:34 - watchfiles.main - INFO - 1 change detected
2026-01-14 17:06:34 - watchfiles.main - INFO - 1 change detected
2026-01-14 17:06:35 - watchfiles.main - INFO - 1 change detected
2026-01-14 17:06:35 - watchfiles.main - INFO - 1 change detected
2026-01-14 17:06:36 - watchfiles.main - INFO - 1 change detected
2026-01-14 17:06:36 - watchfiles.main - INFO - 1 change detected
2026-01-14 17:06:36 - watchfiles.main - INFO - 1 change detected
2026-01-14 17:06:37 - watchfiles.main - INFO - 1 change detected
2026-01-14 17:06:37 - watchfiles.main - INFO - 1 change detected
2026-01-14 17:06:38 - watchfiles.main - INFO - 1 change detected
2026-01-14 17:06:38 - watchfiles.main - INFO - 1 change detected
2026-01-14 17:06:38 - watchfiles.main - INFO - 1 change detected
2026-01-14 17:06:39 - watchfiles.main - INFO - 1 change detected
2026-01-14 17:06:39 - watchfiles.main - INFO - 1 change detected
2026-01-14 17:06:40 - watchfiles.main - INFO - 1 change detected
2026-01-14 17:06:40 - watchfiles.main - INFO - 1 change detected
2026-01-14 17:06:40 - watchfiles.main - INFO - 1 change detected
2026-01-14 17:06:41 - watchfiles.main - INFO - 1 change detected
2026-01-14 17:06:41 - watchfiles.main - INFO - 1 change detected
2026-01-14 17:06:42 - watchfiles.main - INFO - 1 change detected
2026-01-14 17:06:42 - watchfiles.main - INFO - 1 change detected
2026-01-14 17:06:42 - watchfiles.main - INFO - 1 change detected
2026-01-14 17:06:43 - watchfiles.main - INFO - 1 change detected
2026-01-14 17:06:43 - watchfiles.main - INFO - 1 change detected
2026-01-14 17:06:44 - watchfiles.main - INFO - 1 change detected
2026-01-14 17:06:44 - watchfiles.main - INFO - 1 change detected
2026-01-14 17:06:44 - watchfiles.main - INFO - 1 change detected
2026-01-14 17:06:45 - watchfiles.main - INFO - 1 change detected
2026-01-14 17:06:45 - watchfiles.main - INFO - 1 change detected
2026-01-14 17:06:46 - watchfiles.main - INFO - 1 change detected
2026-01-14 17:06:46 - watchfiles.main - INFO - 1 change detected
2026-01-14 17:06:46 - watchfiles.main - INFO - 1 change detected
2026-01-14 17:06:47 - watchfiles.main - INFO - 1 change detected
2026-01-14 17:06:47 - watchfiles.main - INFO - 1 change detected
2026-01-14 17:06:48 - watchfiles.main - INFO - 1 change detected
2026-01-14 17:06:48 - watchfiles.main - INFO - 1 change detected
2026-01-14 17:06:48 - watchfiles.main - INFO - 1 change detected
2026-01-14 17:06:49 - watchfiles.main - INFO - 1 change detected
2026-01-14 17:06:49 - watchfiles.main - INFO - 1 change detected
2026-01-14 17:06:50 - watchfiles.main - INFO - 1 change detected
2026-01-14 17:06:50 - watchfiles.main - INFO - 1 change detected
2026-01-14 17:06:51 - watchfiles.main - INFO - 1 change detected
2026-01-14 17:06:51 - watchfiles.main - INFO - 1 change detected
2026-01-14 17:06:51 - watchfiles.main - INFO - 1 change detected
2026-01-14 17:06:52 - watchfiles.main - INFO - 1 change detected
2026-01-14 17:06:52 - watchfiles.main - INFO - 1 change detected
2026-01-14 17:06:52 - watchfiles.main - INFO - 1 change detected
2026-01-14 17:06:53 - watchfiles.main - INFO - 1 change detected
2026-01-14 17:06:53 - watchfiles.main - INFO - 1 change detected
2026-01-14 17:06:54 - watchfiles.main - INFO - 1 change detected
2026-01-14 17:06:54 - watchfiles.main - INFO - 1 change detected
2026-01-14 17:06:55 - watchfiles.main - INFO - 1 change detected
2026-01-14 17:06:55 - watchfiles.main - INFO - 1 change detected
2026-01-14 17:06:55 - watchfiles.main - INFO - 1 change detected
2026-01-14 17:06:56 - watchfiles.main - INFO - 1 change detected
2026-01-14 17:06:56 - watchfiles.main - INFO - 1 change detected
2026-01-14 17:06:57 - watchfiles.main - INFO - 1 change detected
2026-01-14 17:06:57 - watchfiles.main - INFO - 1 change detected
2026-01-14 17:06:57 - watchfiles.main - INFO - 1 change detected
2026-01-14 17:06:58 - watchfiles.main - INFO - 1 change detected
2026-01-14 17:06:58 - watchfiles.main - INFO - 1 change detected
2026-01-14 17:06:59 - watchfiles.main - INFO - 1 change detected
2026-01-14 17:06:59 - watchfiles.main - INFO - 1 change detected
2026-01-14 17:06:59 - watchfiles.main - INFO - 1 change detected
2026-01-14 17:07:00 - watchfiles.main - INFO - 1 change detected
2026-01-14 17:07:00 - watchfiles.main - INFO - 1 change detected
2026-01-14 17:07:01 - watchfiles.main - INFO - 1 change detected
2026-01-14 17:07:01 - watchfiles.main - INFO - 1 change detected
2026-01-14 17:07:01 - watchfiles.main - INFO - 1 change detected
2026-01-14 17:07:02 - watchfiles.main - INFO - 1 change detected
2026-01-14 17:07:02 - watchfiles.main - INFO - 1 change detected
2026-01-14 17:07:03 - watchfiles.main - INFO - 1 change detected
2026-01-14 17:07:03 - watchfiles.main - INFO - 1 change detected
2026-01-14 17:07:03 - watchfiles.main - INFO - 1 change detected
2026-01-14 17:07:04 - watchfiles.main - INFO - 1 change detected
2026-01-14 17:07:04 - watchfiles.main - INFO - 1 change detected
2026-01-14 17:07:05 - watchfiles.main - INFO - 1 change detected
2026-01-14 17:07:05 - watchfiles.main - INFO - 1 change detected
2026-01-14 17:07:05 - watchfiles.main - INFO - 1 change detected
2026-01-14 17:07:06 - watchfiles.main - INFO - 1 change detected
2026-01-14 17:07:06 - watchfiles.main - INFO - 1 change detected
2026-01-14 17:07:07 - watchfiles.main - INFO - 1 change detected
2026-01-14 17:07:07 - watchfiles.main - INFO - 1 change detected
2026-01-14 17:07:07 - watchfiles.main - INFO - 1 change detected
2026-01-14 17:07:08 - watchfiles.main - INFO - 1 change detected
2026-01-14 17:07:08 - watchfiles.main - INFO - 1 change detected
2026-01-14 17:07:09 - watchfiles.main - INFO - 1 change detected
2026-01-14 17:07:09 - watchfiles.main - INFO - 1 change detected
2026-01-14 17:07:09 - watchfiles.main - INFO - 1 change detected
2026-01-14 17:07:10 - watchfiles.main - INFO - 1 change detected
2026-01-14 17:07:10 - watchfiles.main - INFO - 1 change detected
2026-01-14 17:07:11 - watchfiles.main - INFO - 1 change detected
2026-01-14 17:07:11 - watchfiles.main - INFO - 1 change detected
2026-01-14 17:07:11 - watchfiles.main - INFO - 1 change detected
2026-01-14 17:07:12 - watchfiles.main - INFO - 1 change detected
2026-01-14 17:07:12 - watchfiles.main - INFO - 1 change detected
2026-01-14 17:07:13 - watchfiles.main - INFO - 1 change detected
2026-01-14 17:07:13 - watchfiles.main - INFO - 1 change detected
2026-01-14 17:07:13 - watchfiles.main - INFO - 1 change detected
2026-01-14 17:07:14 - watchfiles.main - INFO - 1 change detected
2026-01-14 17:07:14 - watchfiles.main - INFO - 1 change detected
2026-01-14 17:07:15 - watchfiles.main - INFO - 1 change detected
2026-01-14 17:07:15 - watchfiles.main - INFO - 1 change detected
2026-01-14 17:07:15 - watchfiles.main - INFO - 1 change detected
2026-01-14 17:07:16 - watchfiles.main - INFO - 1 change detected
2026-01-14 17:07:16 - watchfiles.main - INFO - 1 change detected
2026-01-14 17:07:17 - watchfiles.main - INFO - 1 change detected
2026-01-14 17:07:17 - watchfiles.main - INFO - 1 change detected
2026-01-14 17:07:17 - watchfiles.main - INFO - 1 change detected
2026-01-14 17:07:18 - watchfiles.main - INFO - 1 change detected
2026-01-14 17:07:18 - watchfiles.main - INFO - 1 change detected
2026-01-14 17:07:19 - watchfiles.main - INFO - 1 change detected
2026-01-14 17:07:19 - watchfiles.main - INFO - 1 change detected
2026-01-14 17:07:19 - watchfiles.main - INFO - 1 change detected
2026-01-14 17:07:20 - watchfiles.main - INFO - 1 change detected
2026-01-14 17:07:20 - watchfiles.main - INFO - 1 change detected
2026-01-14 17:07:21 - watchfiles.main - INFO - 1 change detected
2026-01-14 17:07:21 - watchfiles.main - INFO - 1 change detected
2026-01-14 17:07:21 - watchfiles.main - INFO - 1 change detected
2026-01-14 17:07:22 - watchfiles.main - INFO - 1 change detected
2026-01-14 17:07:22 - watchfiles.main - INFO - 1 change detected
2026-01-14 17:07:23 - watchfiles.main - INFO - 1 change detected
2026-01-14 17:07:23 - watchfiles.main - INFO - 1 change detected
2026-01-14 17:07:23 - watchfiles.main - INFO - 1 change detected
2026-01-14 17:07:24 - watchfiles.main - INFO - 1 change detected
2026-01-14 17:07:24 - watchfiles.main - INFO - 1 change detected
2026-01-14 17:07:25 - watchfiles.main - INFO - 1 change detected
2026-01-14 17:07:25 - watchfiles.main - INFO - 1 change detected
2026-01-14 17:07:26 - watchfiles.main - INFO - 1 change detected
2026-01-14 17:07:26 - watchfiles.main - INFO - 1 change detected
2026-01-14 17:07:26 - watchfiles.main - INFO - 1 change detected
2026-01-14 17:07:27 - watchfiles.main - INFO - 1 change detected
2026-01-14 17:07:27 - watchfiles.main - INFO - 1 change detected
2026-01-14 17:07:28 - watchfiles.main - INFO - 1 change detected
2026-01-14 17:07:28 - watchfiles.main - INFO - 1 change detected
2026-01-14 17:07:28 - watchfiles.main - INFO - 1 change detected
2026-01-14 17:07:29 - watchfiles.main - INFO - 1 change detected
2026-01-14 17:07:29 - watchfiles.main - INFO - 1 change detected
2026-01-14 17:07:30 - watchfiles.main - INFO - 1 change detected
2026-01-14 17:07:30 - watchfiles.main - INFO - 1 change detected
2026-01-14 17:07:30 - watchfiles.main - INFO - 1 change detected
2026-01-14 17:07:31 - watchfiles.main - INFO - 1 change detected
2026-01-14 17:07:31 - watchfiles.main - INFO - 1 change detected
2026-01-14 17:07:32 - watchfiles.main - INFO - 1 change detected
2026-01-14 17:07:32 - watchfiles.main - INFO - 1 change detected
2026-01-14 17:07:32 - watchfiles.main - INFO - 1 change detected
2026-01-14 17:07:33 - watchfiles.main - INFO - 1 change detected
2026-01-14 17:07:33 - watchfiles.main - INFO - 1 change detected
2026-01-14 17:07:34 - watchfiles.main - INFO - 1 change detected
2026-01-14 17:07:34 - watchfiles.main - INFO - 1 change detected
2026-01-14 17:07:34 - watchfiles.main - INFO - 1 change detected
2026-01-14 17:07:35 - watchfiles.main - INFO - 1 change detected
2026-01-14 17:07:35 - watchfiles.main - INFO - 1 change detected
2026-01-14 17:07:36 - watchfiles.main - INFO - 1 change detected
2026-01-14 17:07:36 - watchfiles.main - INFO - 1 change detected
2026-01-14 17:07:36 - watchfiles.main - INFO - 1 change detected
2026-01-14 17:07:37 - watchfiles.main - INFO - 1 change detected
2026-01-14 17:07:37 - watchfiles.main - INFO - 1 change detected
2026-01-14 17:07:38 - watchfiles.main - INFO - 1 change detected
2026-01-14 17:07:38 - watchfiles.main - INFO - 1 change detected
2026-01-14 17:07:38 - watchfiles.main - INFO - 1 change detected
2026-01-14 17:07:39 - watchfiles.main - INFO - 1 change detected
2026-01-14 17:07:39 - watchfiles.main - INFO - 1 change detected
2026-01-14 17:07:40 - watchfiles.main - INFO - 1 change detected
2026-01-14 17:07:40 - watchfiles.main - INFO - 1 change detected
2026-01-14 17:07:40 - watchfiles.main - INFO - 1 change detected
2026-01-14 17:07:41 - watchfiles.main - INFO - 1 change detected
2026-01-14 17:07:41 - watchfiles.main - INFO - 1 change detected
2026-01-14 17:07:42 - watchfiles.main - INFO - 1 change detected
2026-01-14 17:07:42 - watchfiles.main - INFO - 1 change detected
2026-01-14 17:07:42 - watchfiles.main - INFO - 1 change detected
2026-01-14 17:07:43 - watchfiles.main - INFO - 1 change detected
2026-01-14 17:07:43 - watchfiles.main - INFO - 1 change detected
2026-01-14 17:07:44 - watchfiles.main - INFO - 1 change detected
2026-01-14 17:07:44 - watchfiles.main - INFO - 1 change detected
2026-01-14 17:07:44 - watchfiles.main - INFO - 1 change detected
2026-01-14 17:07:45 - watchfiles.main - INFO - 1 change detected
2026-01-14 17:07:45 - watchfiles.main - INFO - 1 change detected
2026-01-14 17:07:46 - watchfiles.main - INFO - 1 change detected
2026-01-14 17:07:46 - watchfiles.main - INFO - 1 change detected
2026-01-14 17:07:46 - watchfiles.main - INFO - 1 change detected
2026-01-14 17:07:47 - watchfiles.main - INFO - 1 change detected
2026-01-14 17:07:47 - watchfiles.main - INFO - 1 change detected
2026-01-14 17:07:48 - watchfiles.main - INFO - 1 change detected
2026-01-14 17:07:48 - watchfiles.main - INFO - 1 change detected
2026-01-14 17:07:48 - watchfiles.main - INFO - 1 change detected
2026-01-14 17:07:49 - watchfiles.main - INFO - 1 change detected
2026-01-14 17:07:49 - watchfiles.main - INFO - 1 change detected
2026-01-14 17:07:50 - watchfiles.main - INFO - 1 change detected
2026-01-14 17:07:50 - watchfiles.main - INFO - 1 change detected
2026-01-14 17:07:50 - watchfiles.main - INFO - 1 change detected
2026-01-14 17:07:51 - watchfiles.main - INFO - 1 change detected
2026-01-14 17:07:51 - watchfiles.main - INFO - 1 change detected
2026-01-14 17:07:52 - watchfiles.main - INFO - 1 change detected
2026-01-14 17:07:52 - watchfiles.main - INFO - 1 change detected
2026-01-14 17:07:52 - watchfiles.main - INFO - 1 change detected
2026-01-14 17:07:53 - watchfiles.main - INFO - 1 change detected
2026-01-14 17:07:53 - watchfiles.main - INFO - 1 change detected
2026-01-14 17:07:54 - watchfiles.main - INFO - 1 change detected
2026-01-14 17:07:54 - watchfiles.main - INFO - 1 change detected
2026-01-14 17:07:54 - watchfiles.main - INFO - 1 change detected
2026-01-14 17:07:55 - watchfiles.main - INFO - 1 change detected
2026-01-14 17:07:55 - watchfiles.main - INFO - 1 change detected
2026-01-14 17:07:56 - watchfiles.main - INFO - 1 change detected
2026-01-14 17:07:56 - watchfiles.main - INFO - 1 change detected
2026-01-14 17:07:56 - watchfiles.main - INFO - 1 change detected
2026-01-14 17:07:57 - watchfiles.main - INFO - 1 change detected
2026-01-14 17:07:57 - watchfiles.main - INFO - 1 change detected
2026-01-14 17:07:58 - watchfiles.main - INFO - 1 change detected
2026-01-14 17:07:58 - watchfiles.main - INFO - 1 change detected
2026-01-14 17:07:59 - watchfiles.main - INFO - 1 change detected
2026-01-14 17:07:59 - watchfiles.main - INFO - 1 change detected
2026-01-14 17:07:59 - watchfiles.main - INFO - 1 change detected
2026-01-14 17:08:00 - watchfiles.main - INFO - 1 change detected
2026-01-14 17:08:00 - watchfiles.main - INFO - 1 change detected
2026-01-14 17:08:01 - watchfiles.main - INFO - 1 change detected
2026-01-14 17:08:01 - watchfiles.main - INFO - 1 change detected
2026-01-14 17:08:01 - watchfiles.main - INFO - 1 change detected
2026-01-14 17:08:02 - watchfiles.main - INFO - 1 change detected
2026-01-14 17:08:02 - watchfiles.main - INFO - 1 change detected
2026-01-14 17:08:03 - watchfiles.main - INFO - 1 change detected
2026-01-14 17:08:03 - watchfiles.main - INFO - 1 change detected
2026-01-14 17:08:03 - watchfiles.main - INFO - 1 change detected
2026-01-14 17:08:04 - watchfiles.main - INFO - 1 change detected
2026-01-14 17:08:04 - watchfiles.main - INFO - 1 change detected
2026-01-14 17:08:05 - watchfiles.main - INFO - 1 change detected
2026-01-14 17:08:05 - watchfiles.main - INFO - 1 change detected
2026-01-14 17:08:05 - watchfiles.main - INFO - 1 change detected
2026-01-14 17:08:06 - watchfiles.main - INFO - 1 change detected
2026-01-14 17:08:06 - watchfiles.main - INFO - 1 change detected
2026-01-14 17:08:07 - watchfiles.main - INFO - 1 change detected
2026-01-14 17:08:07 - watchfiles.main - INFO - 1 change detected
2026-01-14 17:08:07 - watchfiles.main - INFO - 1 change detected
2026-01-14 17:08:08 - watchfiles.main - INFO - 1 change detected
2026-01-14 17:08:08 - watchfiles.main - INFO - 1 change detected
2026-01-14 17:08:09 - watchfiles.main - INFO - 1 change detected
2026-01-14 17:08:09 - watchfiles.main - INFO - 1 change detected
2026-01-14 17:08:09 - watchfiles.main - INFO - 1 change detected
2026-01-14 17:08:10 - watchfiles.main - INFO - 1 change detected
2026-01-14 17:08:10 - watchfiles.main - INFO - 1 change detected
2026-01-14 17:08:11 - watchfiles.main - INFO - 1 change detected
2026-01-14 17:08:11 - watchfiles.main - INFO - 1 change detected
2026-01-14 17:08:11 - watchfiles.main - INFO - 1 change detected
2026-01-14 17:08:12 - watchfiles.main - INFO - 1 change detected
2026-01-14 17:08:12 - watchfiles.main - INFO - 1 change detected
2026-01-14 17:08:13 - watchfiles.main - INFO - 1 change detected
2026-01-14 17:08:13 - watchfiles.main - INFO - 1 change detected
2026-01-14 17:08:13 - watchfiles.main - INFO - 1 change detected
2026-01-14 17:08:14 - watchfiles.main - INFO - 1 change detected
2026-01-14 17:08:14 - watchfiles.main - INFO - 1 change detected
2026-01-14 17:08:15 - watchfiles.main - INFO - 1 change detected
2026-01-14 17:08:15 - watchfiles.main - INFO - 1 change detected
2026-01-14 17:08:15 - watchfiles.main - INFO - 1 change detected
2026-01-14 17:08:16 - watchfiles.main - INFO - 1 change detected
2026-01-14 17:08:16 - watchfiles.main - INFO - 1 change detected
2026-01-14 17:08:17 - watchfiles.main - INFO - 1 change detected
2026-01-14 17:08:17 - watchfiles.main - INFO - 1 change detected
2026-01-14 17:08:17 - watchfiles.main - INFO - 1 change detected
2026-01-14 17:08:18 - watchfiles.main - INFO - 1 change detected
2026-01-14 17:08:18 - watchfiles.main - INFO - 1 change detected
2026-01-14 17:08:19 - watchfiles.main - INFO - 1 change detected
2026-01-14 17:08:19 - watchfiles.main - INFO - 1 change detected
2026-01-14 17:08:19 - watchfiles.main - INFO - 1 change detected
2026-01-14 17:08:20 - watchfiles.main - INFO - 1 change detected
2026-01-14 17:08:20 - watchfiles.main - INFO - 1 change detected
2026-01-14 17:08:21 - watchfiles.main - INFO - 1 change detected
2026-01-14 17:08:21 - watchfiles.main - INFO - 1 change detected
2026-01-14 17:08:21 - watchfiles.main - INFO - 1 change detected
2026-01-14 17:08:22 - watchfiles.main - INFO - 1 change detected
2026-01-14 17:08:22 - watchfiles.main - INFO - 1 change detected
2026-01-14 17:08:23 - watchfiles.main - INFO - 1 change detected
2026-01-14 17:08:23 - watchfiles.main - INFO - 1 change detected
2026-01-14 17:08:23 - watchfiles.main - INFO - 1 change detected
2026-01-14 17:08:24 - watchfiles.main - INFO - 1 change detected
2026-01-14 17:08:24 - watchfiles.main - INFO - 1 change detected
2026-01-14 17:08:25 - watchfiles.main - INFO - 1 change detected
2026-01-14 17:08:25 - watchfiles.main - INFO - 1 change detected
2026-01-14 17:08:25 - watchfiles.main - INFO - 1 change detected
2026-01-14 17:08:26 - watchfiles.main - INFO - 1 change detected
2026-01-14 17:08:26 - watchfiles.main - INFO - 1 change detected
2026-01-14 17:08:27 - watchfiles.main - INFO - 1 change detected
2026-01-14 17:08:27 - watchfiles.main - INFO - 1 change detected
2026-01-14 17:08:27 - watchfiles.main - INFO - 1 change detected
2026-01-14 17:08:28 - watchfiles.main - INFO - 1 change detected
2026-01-14 17:08:28 - watchfiles.main - INFO - 1 change detected
2026-01-14 17:08:29 - watchfiles.main - INFO - 1 change detected
2026-01-14 17:08:29 - watchfiles.main - INFO - 1 change detected
2026-01-14 17:08:29 - watchfiles.main - INFO - 1 change detected
2026-01-14 17:08:30 - watchfiles.main - INFO - 1 change detected
2026-01-14 17:08:30 - watchfiles.main - INFO - 1 change detected
2026-01-14 17:08:31 - watchfiles.main - INFO - 1 change detected
2026-01-14 17:08:31 - watchfiles.main - INFO - 1 change detected
2026-01-14 17:08:32 - watchfiles.main - INFO - 1 change detected
2026-01-14 17:08:32 - watchfiles.main - INFO - 1 change detected
2026-01-14 17:08:32 - watchfiles.main - INFO - 1 change detected
2026-01-14 17:08:33 - watchfiles.main - INFO - 1 change detected
2026-01-14 17:08:33 - watchfiles.main - INFO - 1 change detected
2026-01-14 17:08:34 - watchfiles.main - INFO - 1 change detected
2026-01-14 17:08:34 - watchfiles.main - INFO - 1 change detected
2026-01-14 17:08:34 - watchfiles.main - INFO - 1 change detected
2026-01-14 17:08:35 - watchfiles.main - INFO - 1 change detected
2026-01-14 17:08:35 - watchfiles.main - INFO - 1 change detected
2026-01-14 17:08:36 - watchfiles.main - INFO - 1 change detected
2026-01-14 17:08:36 - watchfiles.main - INFO - 1 change detected
2026-01-14 17:08:36 - watchfiles.main - INFO - 1 change detected
2026-01-14 17:08:37 - watchfiles.main - INFO - 1 change detected
2026-01-14 17:08:37 - watchfiles.main - INFO - 1 change detected
2026-01-14 17:08:38 - watchfiles.main - INFO - 1 change detected
2026-01-14 17:08:38 - watchfiles.main - INFO - 1 change detected
2026-01-14 17:08:38 - watchfiles.main - INFO - 1 change detected
2026-01-14 17:08:39 - watchfiles.main - INFO - 1 change detected
2026-01-14 17:08:39 - watchfiles.main - INFO - 1 change detected
2026-01-14 17:08:40 - watchfiles.main - INFO - 1 change detected
2026-01-14 17:08:40 - watchfiles.main - INFO - 1 change detected
2026-01-14 17:08:40 - watchfiles.main - INFO - 1 change detected
2026-01-14 17:08:41 - watchfiles.main - INFO - 1 change detected
2026-01-14 17:08:41 - watchfiles.main - INFO - 1 change detected
2026-01-14 17:08:42 - watchfiles.main - INFO - 1 change detected
2026-01-14 17:08:42 - watchfiles.main - INFO - 1 change detected
2026-01-14 17:08:42 - watchfiles.main - INFO - 1 change detected
2026-01-14 17:08:43 - watchfiles.main - INFO - 1 change detected
2026-01-14 17:08:43 - watchfiles.main - INFO - 1 change detected
2026-01-14 17:08:44 - watchfiles.main - INFO - 1 change detected
2026-01-14 17:08:44 - watchfiles.main - INFO - 1 change detected
2026-01-14 17:08:44 - watchfiles.main - INFO - 1 change detected
2026-01-14 17:08:45 - watchfiles.main - INFO - 1 change detected
2026-01-14 17:08:45 - watchfiles.main - INFO - 1 change detected
2026-01-14 17:08:46 - watchfiles.main - INFO - 1 change detected
2026-01-14 17:08:46 - watchfiles.main - INFO - 1 change detected
2026-01-14 17:08:46 - watchfiles.main - INFO - 1 change detected
2026-01-14 17:08:47 - watchfiles.main - INFO - 1 change detected
2026-01-14 17:08:47 - watchfiles.main - INFO - 1 change detected
2026-01-14 17:08:48 - watchfiles.main - INFO - 1 change detected
2026-01-14 17:08:48 - watchfiles.main - INFO - 1 change detected
2026-01-14 17:08:48 - watchfiles.main - INFO - 1 change detected
2026-01-14 17:08:49 - watchfiles.main - INFO - 1 change detected
2026-01-14 17:08:49 - watchfiles.main - INFO - 1 change detected
2026-01-14 17:08:50 - watchfiles.main - INFO - 1 change detected
2026-01-14 17:08:50 - watchfiles.main - INFO - 1 change detected
2026-01-14 17:08:50 - watchfiles.main - INFO - 1 change detected
2026-01-14 17:08:51 - watchfiles.main - INFO - 1 change detected
2026-01-14 17:08:51 - watchfiles.main - INFO - 1 change detected
2026-01-14 17:08:52 - watchfiles.main - INFO - 1 change detected
2026-01-14 17:08:52 - watchfiles.main - INFO - 1 change detected
2026-01-14 17:08:52 - watchfiles.main - INFO - 1 change detected
2026-01-14 17:08:53 - watchfiles.main - INFO - 1 change detected
2026-01-14 17:08:53 - watchfiles.main - INFO - 1 change detected
2026-01-14 17:08:54 - watchfiles.main - INFO - 1 change detected
2026-01-14 17:08:54 - watchfiles.main - INFO - 1 change detected
2026-01-14 17:08:54 - watchfiles.main - INFO - 1 change detected
2026-01-14 17:08:55 - watchfiles.main - INFO - 1 change detected
2026-01-14 17:08:55 - watchfiles.main - INFO - 1 change detected
2026-01-14 17:08:56 - watchfiles.main - INFO - 1 change detected
2026-01-14 17:08:56 - watchfiles.main - INFO - 1 change detected
2026-01-14 17:08:56 - watchfiles.main - INFO - 1 change detected
2026-01-14 17:08:57 - watchfiles.main - INFO - 1 change detected
2026-01-14 17:08:57 - watchfiles.main - INFO - 1 change detected
2026-01-14 17:08:58 - watchfiles.main - INFO - 1 change detected
2026-01-14 17:08:58 - watchfiles.main - INFO - 1 change detected
2026-01-14 17:08:58 - watchfiles.main - INFO - 1 change detected
2026-01-14 17:08:59 - watchfiles.main - INFO - 1 change detected
2026-01-14 17:08:59 - watchfiles.main - INFO - 1 change detected
2026-01-14 17:09:00 - watchfiles.main - INFO - 1 change detected
2026-01-14 17:09:00 - watchfiles.main - INFO - 1 change detected
2026-01-14 17:09:00 - watchfiles.main - INFO - 1 change detected
2026-01-14 17:09:01 - watchfiles.main - INFO - 1 change detected
2026-01-14 17:09:01 - watchfiles.main - INFO - 1 change detected
2026-01-14 17:09:02 - watchfiles.main - INFO - 1 change detected
2026-01-14 17:09:02 - watchfiles.main - INFO - 1 change detected
2026-01-14 17:09:02 - watchfiles.main - INFO - 1 change detected
2026-01-14 17:09:03 - watchfiles.main - INFO - 1 change detected
2026-01-14 17:09:03 - watchfiles.main - INFO - 1 change detected
2026-01-14 17:09:04 - watchfiles.main - INFO - 1 change detected
2026-01-14 17:09:04 - watchfiles.main - INFO - 1 change detected
2026-01-14 17:09:04 - watchfiles.main - INFO - 1 change detected
2026-01-14 17:09:05 - watchfiles.main - INFO - 1 change detected
2026-01-14 17:09:05 - watchfiles.main - INFO - 1 change detected
2026-01-14 17:09:06 - watchfiles.main - INFO - 1 change detected
2026-01-14 17:09:06 - watchfiles.main - INFO - 1 change detected
2026-01-14 17:09:06 - watchfiles.main - INFO - 1 change detected
2026-01-14 17:09:07 - watchfiles.main - INFO - 1 change detected
2026-01-14 17:09:07 - watchfiles.main - INFO - 1 change detected
2026-01-14 17:09:08 - watchfiles.main - INFO - 1 change detected
2026-01-14 17:09:08 - watchfiles.main - INFO - 1 change detected
2026-01-14 17:09:09 - watchfiles.main - INFO - 1 change detected
2026-01-14 17:09:09 - watchfiles.main - INFO - 1 change detected
2026-01-14 17:09:09 - watchfiles.main - INFO - 1 change detected
2026-01-14 17:09:10 - watchfiles.main - INFO - 1 change detected
2026-01-14 17:09:10 - watchfiles.main - INFO - 1 change detected
2026-01-14 17:09:11 - watchfiles.main - INFO - 1 change detected
2026-01-14 17:09:11 - watchfiles.main - INFO - 1 change detected
2026-01-14 17:09:11 - watchfiles.main - INFO - 1 change detected
2026-01-14 17:09:12 - watchfiles.main - INFO - 1 change detected
2026-01-14 17:09:12 - watchfiles.main - INFO - 1 change detected
2026-01-14 17:09:13 - watchfiles.main - INFO - 1 change detected
2026-01-14 17:09:13 - watchfiles.main - INFO - 1 change detected
2026-01-14 17:09:13 - watchfiles.main - INFO - 1 change detected
2026-01-14 17:09:14 - watchfiles.main - INFO - 1 change detected
2026-01-14 17:09:14 - watchfiles.main - INFO - 1 change detected
2026-01-14 17:09:15 - watchfiles.main - INFO - 1 change detected
2026-01-14 17:09:15 - watchfiles.main - INFO - 1 change detected
2026-01-14 17:09:15 - watchfiles.main - INFO - 1 change detected
2026-01-14 17:09:16 - watchfiles.main - INFO - 1 change detected
2026-01-14 17:09:16 - watchfiles.main - INFO - 1 change detected
2026-01-14 17:09:17 - watchfiles.main - INFO - 1 change detected
2026-01-14 17:09:17 - watchfiles.main - INFO - 1 change detected
2026-01-14 17:09:17 - watchfiles.main - INFO - 1 change detected
2026-01-14 17:09:18 - watchfiles.main - INFO - 1 change detected
2026-01-14 17:09:18 - watchfiles.main - INFO - 1 change detected
2026-01-14 17:09:19 - watchfiles.main - INFO - 1 change detected
2026-01-14 17:09:19 - watchfiles.main - INFO - 1 change detected
2026-01-14 17:09:19 - watchfiles.main - INFO - 1 change detected
2026-01-14 17:09:20 - watchfiles.main - INFO - 1 change detected
2026-01-14 17:09:20 - watchfiles.main - INFO - 1 change detected
2026-01-14 17:09:21 - watchfiles.main - INFO - 1 change detected
2026-01-14 17:09:21 - watchfiles.main - INFO - 1 change detected
2026-01-14 17:09:21 - watchfiles.main - INFO - 1 change detected
2026-01-14 17:09:22 - watchfiles.main - INFO - 1 change detected
2026-01-14 17:09:22 - watchfiles.main - INFO - 1 change detected
2026-01-14 17:09:23 - watchfiles.main - INFO - 1 change detected
2026-01-14 17:09:23 - watchfiles.main - INFO - 1 change detected
2026-01-14 17:09:23 - watchfiles.main - INFO - 1 change detected
2026-01-14 17:09:24 - watchfiles.main - INFO - 1 change detected
2026-01-14 17:09:24 - watchfiles.main - INFO - 1 change detected
2026-01-14 17:09:25 - watchfiles.main - INFO - 1 change detected
2026-01-14 17:09:25 - watchfiles.main - INFO - 1 change detected
2026-01-14 17:09:25 - watchfiles.main - INFO - 1 change detected
2026-01-14 17:09:26 - watchfiles.main - INFO - 1 change detected
2026-01-14 17:09:26 - watchfiles.main - INFO - 1 change detected
2026-01-14 17:09:27 - watchfiles.main - INFO - 1 change detected
2026-01-14 17:09:27 - watchfiles.main - INFO - 1 change detected
2026-01-14 17:09:27 - watchfiles.main - INFO - 1 change detected
2026-01-14 17:09:28 - watchfiles.main - INFO - 1 change detected
2026-01-14 17:09:28 - watchfiles.main - INFO - 1 change detected
2026-01-14 17:09:29 - watchfiles.main - INFO - 1 change detected
2026-01-14 17:09:29 - watchfiles.main - INFO - 1 change detected
2026-01-14 17:09:30 - watchfiles.main - INFO - 1 change detected
2026-01-14 17:09:30 - watchfiles.main - INFO - 1 change detected
2026-01-14 17:09:30 - watchfiles.main - INFO - 1 change detected
2026-01-14 17:09:31 - watchfiles.main - INFO - 1 change detected
2026-01-14 17:09:31 - watchfiles.main - INFO - 1 change detected
2026-01-14 17:09:32 - watchfiles.main - INFO - 1 change detected
2026-01-14 17:09:32 - watchfiles.main - INFO - 1 change detected
2026-01-14 17:09:32 - watchfiles.main - INFO - 1 change detected
2026-01-14 17:09:33 - watchfiles.main - INFO - 1 change detected
2026-01-14 17:09:33 - watchfiles.main - INFO - 1 change detected
2026-01-14 17:09:34 - watchfiles.main - INFO - 1 change detected
2026-01-14 17:09:34 - watchfiles.main - INFO - 1 change detected
2026-01-14 17:09:34 - watchfiles.main - INFO - 1 change detected
2026-01-14 17:09:35 - watchfiles.main - INFO - 1 change detected
2026-01-14 17:09:35 - watchfiles.main - INFO - 1 change detected
2026-01-14 17:09:36 - watchfiles.main - INFO - 1 change detected
2026-01-14 17:09:36 - watchfiles.main - INFO - 1 change detected
2026-01-14 17:09:36 - watchfiles.main - INFO - 1 change detected
2026-01-14 17:09:37 - watchfiles.main - INFO - 1 change detected
2026-01-14 17:09:37 - watchfiles.main - INFO - 1 change detected
2026-01-14 17:09:38 - watchfiles.main - INFO - 1 change detected
2026-01-14 17:09:38 - watchfiles.main - INFO - 1 change detected
2026-01-14 17:09:38 - watchfiles.main - INFO - 1 change detected
2026-01-14 17:09:39 - watchfiles.main - INFO - 1 change detected
2026-01-14 17:09:39 - watchfiles.main - INFO - 1 change detected
2026-01-14 17:09:40 - watchfiles.main - INFO - 1 change detected
2026-01-14 17:09:40 - watchfiles.main - INFO - 1 change detected
2026-01-14 17:09:40 - watchfiles.main - INFO - 1 change detected
2026-01-14 17:09:41 - watchfiles.main - INFO - 1 change detected
2026-01-14 17:09:41 - watchfiles.main - INFO - 1 change detected
2026-01-14 17:09:42 - watchfiles.main - INFO - 1 change detected
2026-01-14 17:09:42 - watchfiles.main - INFO - 1 change detected
2026-01-14 17:09:42 - watchfiles.main - INFO - 1 change detected
2026-01-14 17:09:43 - watchfiles.main - INFO - 1 change detected
2026-01-14 17:09:43 - watchfiles.main - INFO - 1 change detected
2026-01-14 17:09:44 - watchfiles.main - INFO - 1 change detected
2026-01-14 17:09:44 - watchfiles.main - INFO - 1 change detected
2026-01-14 17:09:44 - watchfiles.main - INFO - 1 change detected
2026-01-14 17:09:45 - watchfiles.main - INFO - 1 change detected
2026-01-14 17:09:45 - watchfiles.main - INFO - 1 change detected
2026-01-14 17:09:46 - watchfiles.main - INFO - 1 change detected
2026-01-14 17:09:46 - watchfiles.main - INFO - 1 change detected
2026-01-14 17:09:46 - watchfiles.main - INFO - 1 change detected
2026-01-14 17:09:47 - watchfiles.main - INFO - 1 change detected
2026-01-14 17:09:47 - watchfiles.main - INFO - 1 change detected
2026-01-14 17:09:48 - watchfiles.main - INFO - 1 change detected
2026-01-14 17:09:48 - watchfiles.main - INFO - 1 change detected
2026-01-14 17:09:48 - watchfiles.main - INFO - 1 change detected
2026-01-14 17:09:49 - watchfiles.main - INFO - 1 change detected
2026-01-14 17:09:49 - watchfiles.main - INFO - 1 change detected
2026-01-14 17:09:50 - watchfiles.main - INFO - 1 change detected
2026-01-14 17:09:50 - watchfiles.main - INFO - 1 change detected
2026-01-14 17:09:50 - watchfiles.main - INFO - 1 change detected
2026-01-14 17:09:51 - watchfiles.main - INFO - 1 change detected
2026-01-14 17:09:51 - watchfiles.main - INFO - 1 change detected
2026-01-14 17:09:52 - watchfiles.main - INFO - 1 change detected
2026-01-14 17:09:52 - watchfiles.main - INFO - 1 change detected
2026-01-14 17:09:52 - watchfiles.main - INFO - 1 change detected
2026-01-14 17:09:53 - watchfiles.main - INFO - 1 change detected
2026-01-14 17:09:53 - watchfiles.main - INFO - 1 change detected
2026-01-14 17:09:54 - watchfiles.main - INFO - 1 change detected
2026-01-14 17:09:54 - watchfiles.main - INFO - 1 change detected
2026-01-14 17:09:54 - watchfiles.main - INFO - 1 change detected
2026-01-14 17:09:55 - watchfiles.main - INFO - 1 change detected
2026-01-14 17:09:55 - watchfiles.main - INFO - 1 change detected
2026-01-14 17:09:56 - watchfiles.main - INFO - 1 change detected
2026-01-14 17:09:56 - watchfiles.main - INFO - 1 change detected
2026-01-14 17:09:56 - watchfiles.main - INFO - 1 change detected
2026-01-14 17:09:57 - watchfiles.main - INFO - 1 change detected
2026-01-14 17:09:57 - watchfiles.main - INFO - 1 change detected
2026-01-14 17:09:58 - watchfiles.main - INFO - 1 change detected
2026-01-14 17:09:58 - watchfiles.main - INFO - 1 change detected
2026-01-14 17:09:59 - watchfiles.main - INFO - 1 change detected
2026-01-14 17:09:59 - watchfiles.main - INFO - 1 change detected
2026-01-14 17:09:59 - watchfiles.main - INFO - 1 change detected
2026-01-14 17:10:00 - watchfiles.main - INFO - 1 change detected
2026-01-14 17:10:00 - watchfiles.main - INFO - 1 change detected
2026-01-14 17:10:00 - watchfiles.main - INFO - 1 change detected
2026-01-14 17:10:01 - watchfiles.main - INFO - 1 change detected
2026-01-14 17:10:01 - watchfiles.main - INFO - 1 change detected
2026-01-14 17:10:02 - watchfiles.main - INFO - 1 change detected
2026-01-14 17:10:02 - watchfiles.main - INFO - 1 change detected
2026-01-14 17:10:03 - watchfiles.main - INFO - 1 change detected
2026-01-14 17:10:03 - watchfiles.main - INFO - 1 change detected
2026-01-14 17:10:03 - watchfiles.main - INFO - 1 change detected
2026-01-14 17:10:04 - watchfiles.main - INFO - 1 change detected
2026-01-14 17:10:04 - watchfiles.main - INFO - 1 change detected
2026-01-14 17:10:05 - watchfiles.main - INFO - 1 change detected
2026-01-14 17:10:05 - watchfiles.main - INFO - 1 change detected
2026-01-14 17:10:05 - watchfiles.main - INFO - 1 change detected
2026-01-14 17:10:06 - watchfiles.main - INFO - 1 change detected
2026-01-14 17:10:06 - watchfiles.main - INFO - 1 change detected
2026-01-14 17:10:07 - watchfiles.main - INFO - 1 change detected
2026-01-14 17:10:07 - watchfiles.main - INFO - 1 change detected
2026-01-14 17:10:07 - watchfiles.main - INFO - 1 change detected
2026-01-14 17:10:08 - watchfiles.main - INFO - 1 change detected
2026-01-14 17:10:08 - watchfiles.main - INFO - 1 change detected
2026-01-14 17:10:09 - watchfiles.main - INFO - 1 change detected
2026-01-14 17:10:09 - watchfiles.main - INFO - 1 change detected
2026-01-14 17:10:09 - watchfiles.main - INFO - 1 change detected
2026-01-14 17:10:10 - watchfiles.main - INFO - 1 change detected
2026-01-14 17:10:10 - watchfiles.main - INFO - 1 change detected
2026-01-14 17:10:11 - watchfiles.main - INFO - 1 change detected
2026-01-14 17:10:11 - watchfiles.main - INFO - 1 change detected
2026-01-14 17:10:11 - watchfiles.main - INFO - 1 change detected
2026-01-14 17:10:12 - watchfiles.main - INFO - 1 change detected
2026-01-14 17:10:12 - watchfiles.main - INFO - 1 change detected
2026-01-14 17:10:13 - watchfiles.main - INFO - 1 change detected
2026-01-14 17:10:13 - watchfiles.main - INFO - 1 change detected
2026-01-14 17:10:13 - watchfiles.main - INFO - 1 change detected
2026-01-14 17:10:14 - watchfiles.main - INFO - 1 change detected
2026-01-14 17:10:14 - watchfiles.main - INFO - 1 change detected
2026-01-14 17:10:15 - watchfiles.main - INFO - 1 change detected
2026-01-14 17:10:15 - watchfiles.main - INFO - 1 change detected
2026-01-14 17:10:15 - watchfiles.main - INFO - 1 change detected
2026-01-14 17:10:16 - watchfiles.main - INFO - 1 change detected
2026-01-14 17:10:16 - watchfiles.main - INFO - 1 change detected
2026-01-14 17:10:17 - watchfiles.main - INFO - 1 change detected
2026-01-14 17:10:17 - watchfiles.main - INFO - 1 change detected
2026-01-14 17:10:17 - watchfiles.main - INFO - 1 change detected
2026-01-14 17:10:18 - watchfiles.main - INFO - 1 change detected
2026-01-14 17:10:18 - watchfiles.main - INFO - 1 change detected
2026-01-14 17:10:19 - watchfiles.main - INFO - 1 change detected
2026-01-14 17:10:19 - watchfiles.main - INFO - 1 change detected
2026-01-14 17:10:19 - watchfiles.main - INFO - 1 change detected
2026-01-14 17:10:20 - watchfiles.main - INFO - 1 change detected
2026-01-14 17:10:20 - watchfiles.main - INFO - 1 change detected
2026-01-14 17:10:21 - watchfiles.main - INFO - 1 change detected
2026-01-14 17:10:21 - watchfiles.main - INFO - 1 change detected
2026-01-14 17:10:22 - watchfiles.main - INFO - 1 change detected
2026-01-14 17:10:22 - watchfiles.main - INFO - 1 change detected
2026-01-14 17:10:22 - watchfiles.main - INFO - 1 change detected
2026-01-14 17:10:23 - watchfiles.main - INFO - 1 change detected
2026-01-14 17:10:23 - watchfiles.main - INFO - 1 change detected
2026-01-14 17:10:24 - watchfiles.main - INFO - 1 change detected
2026-01-14 17:10:24 - watchfiles.main - INFO - 1 change detected
2026-01-14 17:10:24 - watchfiles.main - INFO - 1 change detected
2026-01-14 17:10:25 - watchfiles.main - INFO - 1 change detected
2026-01-14 17:10:25 - watchfiles.main - INFO - 1 change detected
2026-01-14 17:10:26 - watchfiles.main - INFO - 1 change detected
2026-01-14 17:10:26 - watchfiles.main - INFO - 1 change detected
2026-01-14 17:10:26 - watchfiles.main - INFO - 1 change detected
2026-01-14 17:10:27 - watchfiles.main - INFO - 1 change detected
2026-01-14 17:10:27 - watchfiles.main - INFO - 1 change detected
2026-01-14 17:10:28 - watchfiles.main - INFO - 1 change detected
2026-01-14 17:10:28 - watchfiles.main - INFO - 1 change detected
2026-01-14 17:10:28 - watchfiles.main - INFO - 1 change detected
2026-01-14 17:10:29 - watchfiles.main - INFO - 1 change detected
2026-01-14 17:10:29 - watchfiles.main - INFO - 1 change detected
2026-01-14 17:10:30 - watchfiles.main - INFO - 1 change detected
2026-01-14 17:10:30 - watchfiles.main - INFO - 1 change detected
2026-01-14 17:10:30 - watchfiles.main - INFO - 1 change detected
2026-01-14 17:10:31 - watchfiles.main - INFO - 1 change detected
2026-01-14 17:10:31 - watchfiles.main - INFO - 1 change detected
2026-01-14 17:10:32 - watchfiles.main - INFO - 1 change detected
2026-01-14 17:10:32 - watchfiles.main - INFO - 1 change detected
2026-01-14 17:10:32 - watchfiles.main - INFO - 1 change detected
2026-01-14 17:10:33 - watchfiles.main - INFO - 1 change detected
2026-01-14 17:10:33 - watchfiles.main - INFO - 1 change detected
2026-01-14 17:10:34 - watchfiles.main - INFO - 1 change detected
2026-01-14 17:10:34 - watchfiles.main - INFO - 1 change detected
2026-01-14 17:10:34 - watchfiles.main - INFO - 1 change detected
2026-01-14 17:10:35 - watchfiles.main - INFO - 1 change detected
2026-01-14 17:10:35 - watchfiles.main - INFO - 1 change detected
2026-01-14 17:10:36 - watchfiles.main - INFO - 1 change detected
2026-01-14 17:10:36 - watchfiles.main - INFO - 1 change detected
2026-01-14 17:10:36 - watchfiles.main - INFO - 1 change detected
2026-01-14 17:10:37 - watchfiles.main - INFO - 1 change detected
2026-01-14 17:10:37 - watchfiles.main - INFO - 1 change detected
2026-01-14 17:10:38 - watchfiles.main - INFO - 1 change detected
2026-01-14 17:10:38 - watchfiles.main - INFO - 1 change detected
2026-01-14 17:10:38 - watchfiles.main - INFO - 1 change detected
2026-01-14 17:10:39 - watchfiles.main - INFO - 1 change detected
2026-01-14 17:10:39 - watchfiles.main - INFO - 1 change detected
2026-01-14 17:10:40 - watchfiles.main - INFO - 1 change detected
2026-01-14 17:10:40 - watchfiles.main - INFO - 1 change detected
2026-01-14 17:10:40 - watchfiles.main - INFO - 1 change detected
2026-01-14 17:10:41 - watchfiles.main - INFO - 1 change detected
2026-01-14 17:10:41 - watchfiles.main - INFO - 1 change detected
2026-01-14 17:10:42 - watchfiles.main - INFO - 1 change detected
2026-01-14 17:10:42 - watchfiles.main - INFO - 1 change detected
2026-01-14 17:10:42 - watchfiles.main - INFO - 1 change detected
2026-01-14 17:10:43 - watchfiles.main - INFO - 1 change detected
2026-01-14 17:10:43 - watchfiles.main - INFO - 1 change detected
2026-01-14 17:10:44 - watchfiles.main - INFO - 1 change detected
2026-01-14 17:10:44 - watchfiles.main - INFO - 1 change detected
2026-01-14 17:10:44 - watchfiles.main - INFO - 1 change detected
2026-01-14 17:10:45 - watchfiles.main - INFO - 1 change detected
2026-01-14 17:10:45 - watchfiles.main - INFO - 1 change detected
2026-01-14 17:10:46 - watchfiles.main - INFO - 1 change detected
2026-01-14 17:10:46 - watchfiles.main - INFO - 1 change detected
2026-01-14 17:10:46 - watchfiles.main - INFO - 1 change detected
2026-01-14 17:10:47 - watchfiles.main - INFO - 1 change detected
2026-01-14 17:10:47 - watchfiles.main - INFO - 1 change detected
2026-01-14 17:10:48 - watchfiles.main - INFO - 1 change detected
2026-01-14 17:10:48 - watchfiles.main - INFO - 1 change detected
2026-01-14 17:10:49 - watchfiles.main - INFO - 1 change detected
2026-01-14 17:10:49 - watchfiles.main - INFO - 1 change detected
2026-01-14 17:10:49 - watchfiles.main - INFO - 1 change detected
2026-01-14 17:10:50 - watchfiles.main - INFO - 1 change detected
2026-01-14 17:10:50 - watchfiles.main - INFO - 1 change detected
2026-01-14 17:10:51 - watchfiles.main - INFO - 1 change detected
2026-01-14 17:10:51 - watchfiles.main - INFO - 1 change detected
2026-01-14 17:10:51 - watchfiles.main - INFO - 1 change detected
2026-01-14 17:10:52 - watchfiles.main - INFO - 1 change detected
2026-01-14 17:10:52 - watchfiles.main - INFO - 1 change detected
2026-01-14 17:10:53 - watchfiles.main - INFO - 1 change detected
2026-01-14 17:10:53 - watchfiles.main - INFO - 1 change detected
2026-01-14 17:10:53 - watchfiles.main - INFO - 1 change detected
2026-01-14 17:10:54 - watchfiles.main - INFO - 1 change detected
2026-01-14 17:10:54 - watchfiles.main - INFO - 1 change detected
2026-01-14 17:10:55 - watchfiles.main - INFO - 1 change detected
2026-01-14 17:10:55 - watchfiles.main - INFO - 1 change detected
2026-01-14 17:10:55 - watchfiles.main - INFO - 1 change detected
2026-01-14 17:10:56 - watchfiles.main - INFO - 1 change detected
2026-01-14 17:10:56 - watchfiles.main - INFO - 1 change detected
2026-01-14 17:10:57 - watchfiles.main - INFO - 1 change detected
2026-01-14 17:10:57 - watchfiles.main - INFO - 1 change detected
2026-01-14 17:10:57 - watchfiles.main - INFO - 1 change detected
2026-01-14 17:10:58 - watchfiles.main - INFO - 1 change detected
2026-01-14 17:10:58 - watchfiles.main - INFO - 1 change detected
2026-01-14 17:10:59 - watchfiles.main - INFO - 1 change detected
2026-01-14 17:10:59 - watchfiles.main - INFO - 1 change detected
2026-01-14 17:10:59 - watchfiles.main - INFO - 1 change detected
2026-01-14 17:11:00 - watchfiles.main - INFO - 1 change detected
2026-01-14 17:11:00 - watchfiles.main - INFO - 1 change detected
2026-01-14 17:11:01 - watchfiles.main - INFO - 1 change detected
2026-01-14 17:11:01 - watchfiles.main - INFO - 1 change detected
2026-01-14 17:11:01 - watchfiles.main - INFO - 1 change detected
2026-01-14 17:11:02 - watchfiles.main - INFO - 1 change detected
2026-01-14 17:11:02 - watchfiles.main - INFO - 1 change detected
2026-01-14 17:11:03 - watchfiles.main - INFO - 1 change detected
2026-01-14 17:11:03 - watchfiles.main - INFO - 1 change detected
2026-01-14 17:11:04 - watchfiles.main - INFO - 1 change detected
2026-01-14 17:11:04 - watchfiles.main - INFO - 1 change detected
2026-01-14 17:11:04 - watchfiles.main - INFO - 1 change detected
2026-01-14 17:11:05 - watchfiles.main - INFO - 1 change detected
2026-01-14 17:11:05 - watchfiles.main - INFO - 1 change detected
2026-01-14 17:11:06 - watchfiles.main - INFO - 1 change detected
2026-01-14 17:11:06 - watchfiles.main - INFO - 1 change detected
2026-01-14 17:11:06 - watchfiles.main - INFO - 1 change detected
2026-01-14 17:11:07 - watchfiles.main - INFO - 1 change detected
2026-01-14 17:11:07 - watchfiles.main - INFO - 1 change detected
2026-01-14 17:11:08 - watchfiles.main - INFO - 1 change detected
2026-01-14 17:11:08 - watchfiles.main - INFO - 1 change detected
2026-01-14 17:11:08 - watchfiles.main - INFO - 1 change detected
2026-01-14 17:11:09 - watchfiles.main - INFO - 1 change detected
2026-01-14 17:11:09 - watchfiles.main - INFO - 1 change detected
2026-01-14 17:11:10 - watchfiles.main - INFO - 1 change detected
2026-01-14 17:11:10 - watchfiles.main - INFO - 1 change detected
2026-01-14 17:11:10 - watchfiles.main - INFO - 1 change detected
2026-01-14 17:11:11 - watchfiles.main - INFO - 1 change detected
2026-01-14 17:11:11 - watchfiles.main - INFO - 1 change detected
2026-01-14 17:11:12 - watchfiles.main - INFO - 1 change detected
2026-01-14 17:11:12 - watchfiles.main - INFO - 1 change detected
2026-01-14 17:11:12 - watchfiles.main - INFO - 1 change detected
2026-01-14 17:11:13 - watchfiles.main - INFO - 1 change detected
2026-01-14 17:11:13 - watchfiles.main - INFO - 1 change detected
2026-01-14 17:11:14 - watchfiles.main - INFO - 1 change detected
2026-01-14 17:11:14 - watchfiles.main - INFO - 1 change detected
2026-01-14 17:11:14 - watchfiles.main - INFO - 1 change detected
2026-01-14 17:11:15 - watchfiles.main - INFO - 1 change detected
2026-01-14 17:11:15 - watchfiles.main - INFO - 1 change detected
2026-01-14 17:11:16 - watchfiles.main - INFO - 1 change detected
2026-01-14 17:11:16 - watchfiles.main - INFO - 1 change detected
2026-01-14 17:11:16 - watchfiles.main - INFO - 1 change detected
2026-01-14 17:11:17 - watchfiles.main - INFO - 1 change detected
2026-01-14 17:11:17 - watchfiles.main - INFO - 1 change detected
2026-01-14 17:11:18 - watchfiles.main - INFO - 1 change detected
2026-01-14 17:11:18 - watchfiles.main - INFO - 1 change detected
2026-01-14 17:11:19 - watchfiles.main - INFO - 1 change detected
2026-01-14 17:11:19 - watchfiles.main - INFO - 1 change detected
2026-01-14 17:11:19 - watchfiles.main - INFO - 1 change detected
2026-01-14 17:11:20 - watchfiles.main - INFO - 1 change detected
2026-01-14 17:11:20 - watchfiles.main - INFO - 1 change detected
2026-01-14 17:11:20 - watchfiles.main - INFO - 1 change detected
2026-01-14 17:11:21 - watchfiles.main - INFO - 1 change detected
2026-01-14 17:11:21 - watchfiles.main - INFO - 1 change detected
2026-01-14 17:11:22 - watchfiles.main - INFO - 1 change detected
2026-01-14 17:11:22 - watchfiles.main - INFO - 1 change detected
2026-01-14 17:11:23 - watchfiles.main - INFO - 1 change detected
2026-01-14 17:11:23 - watchfiles.main - INFO - 1 change detected
2026-01-14 17:11:23 - watchfiles.main - INFO - 1 change detected
2026-01-14 17:11:24 - watchfiles.main - INFO - 1 change detected
2026-01-14 17:11:24 - watchfiles.main - INFO - 1 change detected
2026-01-14 17:11:25 - watchfiles.main - INFO - 1 change detected
2026-01-14 17:11:25 - watchfiles.main - INFO - 1 change detected
2026-01-14 17:11:25 - watchfiles.main - INFO - 1 change detected
2026-01-14 17:11:26 - watchfiles.main - INFO - 1 change detected
2026-01-14 17:11:26 - watchfiles.main - INFO - 1 change detected
2026-01-14 17:11:27 - watchfiles.main - INFO - 1 change detected
2026-01-14 17:11:27 - watchfiles.main - INFO - 1 change detected
2026-01-14 17:11:27 - watchfiles.main - INFO - 1 change detected
2026-01-14 17:11:28 - watchfiles.main - INFO - 1 change detected
2026-01-14 17:11:28 - watchfiles.main - INFO - 1 change detected
2026-01-14 17:11:29 - watchfiles.main - INFO - 1 change detected
2026-01-14 17:11:29 - watchfiles.main - INFO - 1 change detected
2026-01-14 17:11:29 - watchfiles.main - INFO - 1 change detected
2026-01-14 17:11:30 - watchfiles.main - INFO - 1 change detected
2026-01-14 17:11:30 - watchfiles.main - INFO - 1 change detected
2026-01-14 17:11:31 - watchfiles.main - INFO - 1 change detected
2026-01-14 17:11:31 - watchfiles.main - INFO - 1 change detected
2026-01-14 17:11:31 - watchfiles.main - INFO - 1 change detected
2026-01-14 17:11:32 - watchfiles.main - INFO - 1 change detected
2026-01-14 17:11:32 - watchfiles.main - INFO - 1 change detected
2026-01-14 17:11:33 - watchfiles.main - INFO - 1 change detected
2026-01-14 17:11:33 - watchfiles.main - INFO - 1 change detected
2026-01-14 17:11:33 - watchfiles.main - INFO - 1 change detected
2026-01-14 17:11:34 - watchfiles.main - INFO - 1 change detected
2026-01-14 17:11:34 - watchfiles.main - INFO - 1 change detected
2026-01-14 17:11:35 - watchfiles.main - INFO - 1 change detected
2026-01-14 17:11:35 - watchfiles.main - INFO - 1 change detected
2026-01-14 17:11:36 - watchfiles.main - INFO - 1 change detected
2026-01-14 17:11:36 - watchfiles.main - INFO - 1 change detected
2026-01-14 17:11:36 - watchfiles.main - INFO - 1 change detected
2026-01-14 17:11:37 - watchfiles.main - INFO - 1 change detected
2026-01-14 17:11:37 - watchfiles.main - INFO - 1 change detected
2026-01-14 17:11:38 - watchfiles.main - INFO - 1 change detected
2026-01-14 17:11:38 - watchfiles.main - INFO - 1 change detected
2026-01-14 17:11:38 - watchfiles.main - INFO - 1 change detected
2026-01-14 17:11:39 - watchfiles.main - INFO - 1 change detected
2026-01-14 17:11:39 - watchfiles.main - INFO - 1 change detected
2026-01-14 17:11:40 - watchfiles.main - INFO - 1 change detected
2026-01-14 17:11:40 - watchfiles.main - INFO - 1 change detected
2026-01-14 17:11:40 - watchfiles.main - INFO - 1 change detected
2026-01-14 17:11:41 - watchfiles.main - INFO - 1 change detected
2026-01-14 17:11:41 - watchfiles.main - INFO - 1 change detected
2026-01-14 17:11:42 - watchfiles.main - INFO - 1 change detected
2026-01-14 17:11:42 - watchfiles.main - INFO - 1 change detected
2026-01-14 17:11:42 - watchfiles.main - INFO - 1 change detected
2026-01-14 17:11:43 - watchfiles.main - INFO - 1 change detected
2026-01-14 17:11:43 - watchfiles.main - INFO - 1 change detected
2026-01-14 17:11:44 - watchfiles.main - INFO - 1 change detected
2026-01-14 17:11:44 - watchfiles.main - INFO - 1 change detected
2026-01-14 17:11:44 - watchfiles.main - INFO - 1 change detected
2026-01-14 17:11:45 - watchfiles.main - INFO - 1 change detected
2026-01-14 17:11:45 - watchfiles.main - INFO - 1 change detected
2026-01-14 17:11:46 - watchfiles.main - INFO - 1 change detected
2026-01-14 17:11:46 - watchfiles.main - INFO - 1 change detected
2026-01-14 17:11:46 - watchfiles.main - INFO - 1 change detected
2026-01-14 17:11:47 - watchfiles.main - INFO - 1 change detected
2026-01-14 17:11:47 - watchfiles.main - INFO - 1 change detected
2026-01-14 17:11:48 - watchfiles.main - INFO - 1 change detected
2026-01-14 17:11:48 - watchfiles.main - INFO - 1 change detected
2026-01-14 17:11:48 - watchfiles.main - INFO - 1 change detected
2026-01-14 17:11:49 - watchfiles.main - INFO - 1 change detected
2026-01-14 17:11:49 - watchfiles.main - INFO - 1 change detected
2026-01-14 17:11:50 - watchfiles.main - INFO - 1 change detected
2026-01-14 17:11:50 - watchfiles.main - INFO - 1 change detected
2026-01-14 17:11:51 - watchfiles.main - INFO - 1 change detected
2026-01-14 17:11:51 - watchfiles.main - INFO - 1 change detected
2026-01-14 17:11:51 - watchfiles.main - INFO - 1 change detected
2026-01-14 17:11:52 - watchfiles.main - INFO - 1 change detected
2026-01-14 17:11:52 - watchfiles.main - INFO - 1 change detected
2026-01-14 17:11:53 - watchfiles.main - INFO - 1 change detected
2026-01-14 17:11:53 - watchfiles.main - INFO - 1 change detected
2026-01-14 17:11:53 - watchfiles.main - INFO - 1 change detected
2026-01-14 17:11:54 - watchfiles.main - INFO - 1 change detected
2026-01-14 17:11:54 - watchfiles.main - INFO - 1 change detected
2026-01-14 17:11:54 - watchfiles.main - INFO - 1 change detected
2026-01-14 17:11:55 - watchfiles.main - INFO - 1 change detected
2026-01-14 17:11:55 - watchfiles.main - INFO - 1 change detected
2026-01-14 17:11:56 - watchfiles.main - INFO - 1 change detected
2026-01-14 17:11:56 - watchfiles.main - INFO - 1 change detected
2026-01-14 17:11:56 - watchfiles.main - INFO - 1 change detected
2026-01-14 17:11:57 - watchfiles.main - INFO - 1 change detected
2026-01-14 17:11:57 - watchfiles.main - INFO - 1 change detected
2026-01-14 17:11:58 - watchfiles.main - INFO - 1 change detected
2026-01-14 17:11:58 - watchfiles.main - INFO - 1 change detected
2026-01-14 17:11:59 - watchfiles.main - INFO - 1 change detected
2026-01-14 17:11:59 - watchfiles.main - INFO - 1 change detected
2026-01-14 17:11:59 - watchfiles.main - INFO - 1 change detected
2026-01-14 17:12:00 - watchfiles.main - INFO - 1 change detected
2026-01-14 17:12:00 - watchfiles.main - INFO - 1 change detected
2026-01-14 17:12:01 - watchfiles.main - INFO - 1 change detected
2026-01-14 17:12:01 - watchfiles.main - INFO - 1 change detected
2026-01-14 17:12:01 - watchfiles.main - INFO - 1 change detected
2026-01-14 17:12:02 - watchfiles.main - INFO - 1 change detected
2026-01-14 17:12:02 - watchfiles.main - INFO - 1 change detected
2026-01-14 17:12:03 - watchfiles.main - INFO - 1 change detected
2026-01-14 17:12:03 - watchfiles.main - INFO - 1 change detected
2026-01-14 17:12:03 - watchfiles.main - INFO - 1 change detected
2026-01-14 17:12:04 - watchfiles.main - INFO - 1 change detected
2026-01-14 17:12:04 - watchfiles.main - INFO - 1 change detected
2026-01-14 17:12:05 - watchfiles.main - INFO - 1 change detected
2026-01-14 17:12:05 - watchfiles.main - INFO - 1 change detected
2026-01-14 17:12:05 - watchfiles.main - INFO - 1 change detected
2026-01-14 17:12:06 - watchfiles.main - INFO - 1 change detected
2026-01-14 17:12:06 - watchfiles.main - INFO - 1 change detected
2026-01-14 17:12:07 - watchfiles.main - INFO - 1 change detected
2026-01-14 17:12:07 - watchfiles.main - INFO - 1 change detected
2026-01-14 17:12:07 - watchfiles.main - INFO - 1 change detected
2026-01-14 17:12:08 - watchfiles.main - INFO - 1 change detected
2026-01-14 17:12:08 - watchfiles.main - INFO - 1 change detected
2026-01-14 17:12:09 - watchfiles.main - INFO - 1 change detected
2026-01-14 17:12:09 - watchfiles.main - INFO - 1 change detected
2026-01-14 17:12:09 - watchfiles.main - INFO - 1 change detected
2026-01-14 17:12:10 - watchfiles.main - INFO - 1 change detected
2026-01-14 17:12:10 - watchfiles.main - INFO - 1 change detected
2026-01-14 17:12:11 - watchfiles.main - INFO - 1 change detected
2026-01-14 17:12:11 - watchfiles.main - INFO - 1 change detected
2026-01-14 17:12:11 - watchfiles.main - INFO - 1 change detected
2026-01-14 17:12:12 - watchfiles.main - INFO - 1 change detected
2026-01-14 17:12:12 - watchfiles.main - INFO - 1 change detected
2026-01-14 17:12:13 - watchfiles.main - INFO - 1 change detected
2026-01-14 17:12:13 - watchfiles.main - INFO - 1 change detected
2026-01-14 17:12:13 - watchfiles.main - INFO - 1 change detected
2026-01-14 17:12:14 - watchfiles.main - INFO - 1 change detected
2026-01-14 17:12:14 - watchfiles.main - INFO - 1 change detected
2026-01-14 17:12:15 - watchfiles.main - INFO - 1 change detected
2026-01-14 17:12:15 - watchfiles.main - INFO - 1 change detected
2026-01-14 17:12:15 - watchfiles.main - INFO - 1 change detected
2026-01-14 17:12:16 - watchfiles.main - INFO - 1 change detected
2026-01-14 17:12:16 - watchfiles.main - INFO - 1 change detected
2026-01-14 17:12:17 - watchfiles.main - INFO - 1 change detected
2026-01-14 17:12:17 - watchfiles.main - INFO - 1 change detected
2026-01-14 17:12:17 - watchfiles.main - INFO - 1 change detected
2026-01-14 17:12:18 - watchfiles.main - INFO - 1 change detected
2026-01-14 17:12:18 - watchfiles.main - INFO - 1 change detected
2026-01-14 17:12:19 - watchfiles.main - INFO - 1 change detected
2026-01-14 17:12:19 - watchfiles.main - INFO - 1 change detected
2026-01-14 17:12:19 - watchfiles.main - INFO - 1 change detected
2026-01-14 17:12:20 - watchfiles.main - INFO - 1 change detected
2026-01-14 17:12:20 - watchfiles.main - INFO - 1 change detected
2026-01-14 17:12:21 - watchfiles.main - INFO - 1 change detected
2026-01-14 17:12:21 - watchfiles.main - INFO - 1 change detected
2026-01-14 17:12:22 - watchfiles.main - INFO - 1 change detected
2026-01-14 17:12:22 - watchfiles.main - INFO - 1 change detected
2026-01-14 17:12:22 - watchfiles.main - INFO - 1 change detected
2026-01-14 17:12:23 - watchfiles.main - INFO - 1 change detected
2026-01-14 17:12:23 - watchfiles.main - INFO - 1 change detected
2026-01-14 17:12:24 - watchfiles.main - INFO - 1 change detected
2026-01-14 17:12:24 - watchfiles.main - INFO - 1 change detected
2026-01-14 17:12:24 - watchfiles.main - INFO - 1 change detected
2026-01-14 17:12:25 - watchfiles.main - INFO - 1 change detected
2026-01-14 17:12:25 - watchfiles.main - INFO - 1 change detected
2026-01-14 17:12:26 - watchfiles.main - INFO - 1 change detected
2026-01-14 17:12:26 - watchfiles.main - INFO - 1 change detected
2026-01-14 17:12:27 - watchfiles.main - INFO - 1 change detected
2026-01-14 17:12:27 - watchfiles.main - INFO - 1 change detected
2026-01-14 17:12:27 - watchfiles.main - INFO - 1 change detected
2026-01-14 17:12:28 - watchfiles.main - INFO - 1 change detected
2026-01-14 17:12:28 - watchfiles.main - INFO - 1 change detected
2026-01-14 17:12:29 - watchfiles.main - INFO - 1 change detected
2026-01-14 17:12:29 - watchfiles.main - INFO - 1 change detected
2026-01-14 17:12:29 - watchfiles.main - INFO - 1 change detected
2026-01-14 17:12:30 - watchfiles.main - INFO - 1 change detected
2026-01-14 17:12:30 - watchfiles.main - INFO - 1 change detected
2026-01-14 17:12:31 - watchfiles.main - INFO - 1 change detected
2026-01-14 17:12:31 - watchfiles.main - INFO - 1 change detected
2026-01-14 17:12:31 - watchfiles.main - INFO - 1 change detected
2026-01-14 17:12:32 - watchfiles.main - INFO - 1 change detected
2026-01-14 17:12:32 - watchfiles.main - INFO - 1 change detected
2026-01-14 17:12:33 - watchfiles.main - INFO - 1 change detected
2026-01-14 17:12:33 - watchfiles.main - INFO - 1 change detected
2026-01-14 17:12:33 - watchfiles.main - INFO - 1 change detected
2026-01-14 17:12:34 - watchfiles.main - INFO - 1 change detected
2026-01-14 17:12:34 - watchfiles.main - INFO - 1 change detected
2026-01-14 17:12:35 - watchfiles.main - INFO - 1 change detected
2026-01-14 17:12:35 - watchfiles.main - INFO - 1 change detected
2026-01-14 17:12:35 - watchfiles.main - INFO - 1 change detected
2026-01-14 17:12:36 - watchfiles.main - INFO - 1 change detected
2026-01-14 17:12:36 - watchfiles.main - INFO - 1 change detected
2026-01-14 17:12:37 - watchfiles.main - INFO - 1 change detected
2026-01-14 17:12:37 - watchfiles.main - INFO - 1 change detected
2026-01-14 17:12:37 - watchfiles.main - INFO - 1 change detected
2026-01-14 17:12:38 - watchfiles.main - INFO - 1 change detected
2026-01-14 17:12:38 - watchfiles.main - INFO - 1 change detected
2026-01-14 17:12:39 - watchfiles.main - INFO - 1 change detected
2026-01-14 17:12:39 - watchfiles.main - INFO - 1 change detected
2026-01-14 17:12:39 - watchfiles.main - INFO - 1 change detected
2026-01-14 17:12:40 - watchfiles.main - INFO - 1 change detected
2026-01-14 17:12:40 - watchfiles.main - INFO - 1 change detected
2026-01-14 17:12:41 - watchfiles.main - INFO - 1 change detected
2026-01-14 17:12:41 - watchfiles.main - INFO - 1 change detected
2026-01-14 17:12:41 - watchfiles.main - INFO - 1 change detected
2026-01-14 17:12:42 - watchfiles.main - INFO - 1 change detected
2026-01-14 17:12:42 - watchfiles.main - INFO - 1 change detected
2026-01-14 17:12:43 - watchfiles.main - INFO - 1 change detected
2026-01-14 17:12:43 - watchfiles.main - INFO - 1 change detected
2026-01-14 17:12:43 - watchfiles.main - INFO - 1 change detected
2026-01-14 17:12:44 - watchfiles.main - INFO - 1 change detected
2026-01-14 17:12:44 - watchfiles.main - INFO - 1 change detected
2026-01-14 17:12:45 - watchfiles.main - INFO - 1 change detected
2026-01-14 17:12:45 - watchfiles.main - INFO - 1 change detected
2026-01-14 17:12:45 - watchfiles.main - INFO - 1 change detected
2026-01-14 17:12:46 - watchfiles.main - INFO - 1 change detected
2026-01-14 17:12:46 - watchfiles.main - INFO - 1 change detected
2026-01-14 17:12:47 - watchfiles.main - INFO - 1 change detected
2026-01-14 17:12:47 - watchfiles.main - INFO - 1 change detected
2026-01-14 17:12:47 - watchfiles.main - INFO - 1 change detected
2026-01-14 17:12:48 - watchfiles.main - INFO - 1 change detected
2026-01-14 17:12:48 - watchfiles.main - INFO - 1 change detected
2026-01-14 17:12:49 - watchfiles.main - INFO - 1 change detected
2026-01-14 17:12:49 - watchfiles.main - INFO - 1 change detected
2026-01-14 17:12:49 - watchfiles.main - INFO - 1 change detected
2026-01-14 17:12:50 - watchfiles.main - INFO - 1 change detected
2026-01-14 17:12:50 - watchfiles.main - INFO - 1 change detected
2026-01-14 17:12:51 - watchfiles.main - INFO - 1 change detected
2026-01-14 17:12:51 - watchfiles.main - INFO - 1 change detected
2026-01-14 17:12:51 - watchfiles.main - INFO - 1 change detected
2026-01-14 17:12:52 - watchfiles.main - INFO - 1 change detected
2026-01-14 17:12:52 - watchfiles.main - INFO - 1 change detected
2026-01-14 17:12:53 - watchfiles.main - INFO - 1 change detected
2026-01-14 17:12:53 - watchfiles.main - INFO - 1 change detected
2026-01-14 17:12:54 - watchfiles.main - INFO - 1 change detected
2026-01-14 17:12:54 - watchfiles.main - INFO - 1 change detected
2026-01-14 17:12:54 - watchfiles.main - INFO - 1 change detected
2026-01-14 17:12:55 - watchfiles.main - INFO - 1 change detected
2026-01-14 17:12:55 - watchfiles.main - INFO - 1 change detected
2026-01-14 17:12:55 - watchfiles.main - INFO - 1 change detected
2026-01-14 17:12:56 - watchfiles.main - INFO - 1 change detected
2026-01-14 17:12:56 - watchfiles.main - INFO - 1 change detected
2026-01-14 17:12:57 - watchfiles.main - INFO - 1 change detected
2026-01-14 17:12:57 - watchfiles.main - INFO - 1 change detected
2026-01-14 17:12:58 - watchfiles.main - INFO - 1 change detected
2026-01-14 17:12:58 - watchfiles.main - INFO - 1 change detected
2026-01-14 17:12:59 - watchfiles.main - INFO - 1 change detected
2026-01-14 17:12:59 - watchfiles.main - INFO - 1 change detected
2026-01-14 17:12:59 - watchfiles.main - INFO - 1 change detected
2026-01-14 17:13:00 - watchfiles.main - INFO - 1 change detected
2026-01-14 17:13:00 - watchfiles.main - INFO - 1 change detected
2026-01-14 17:13:01 - watchfiles.main - INFO - 1 change detected
2026-01-14 17:13:01 - watchfiles.main - INFO - 1 change detected
2026-01-14 17:13:01 - watchfiles.main - INFO - 1 change detected
2026-01-14 17:13:02 - watchfiles.main - INFO - 1 change detected
2026-01-14 17:13:02 - watchfiles.main - INFO - 1 change detected
2026-01-14 17:13:03 - watchfiles.main - INFO - 1 change detected
2026-01-14 17:13:03 - watchfiles.main - INFO - 1 change detected
2026-01-14 17:13:03 - watchfiles.main - INFO - 1 change detected
2026-01-14 17:13:04 - watchfiles.main - INFO - 1 change detected
2026-01-14 17:13:04 - watchfiles.main - INFO - 1 change detected
2026-01-14 17:13:05 - watchfiles.main - INFO - 1 change detected
2026-01-14 17:13:05 - watchfiles.main - INFO - 1 change detected
2026-01-14 17:13:05 - watchfiles.main - INFO - 1 change detected
2026-01-14 17:13:06 - watchfiles.main - INFO - 1 change detected
2026-01-14 17:13:06 - watchfiles.main - INFO - 1 change detected
2026-01-14 17:13:07 - watchfiles.main - INFO - 1 change detected
2026-01-14 17:13:07 - watchfiles.main - INFO - 1 change detected
2026-01-14 17:13:07 - watchfiles.main - INFO - 1 change detected
2026-01-14 17:13:08 - watchfiles.main - INFO - 1 change detected
2026-01-14 17:13:08 - watchfiles.main - INFO - 1 change detected
2026-01-14 17:13:09 - watchfiles.main - INFO - 1 change detected
2026-01-14 17:13:09 - watchfiles.main - INFO - 1 change detected
2026-01-14 17:13:10 - watchfiles.main - INFO - 1 change detected
2026-01-14 17:13:10 - watchfiles.main - INFO - 1 change detected
2026-01-14 17:13:10 - watchfiles.main - INFO - 1 change detected
2026-01-14 17:13:11 - watchfiles.main - INFO - 1 change detected
2026-01-14 17:13:11 - watchfiles.main - INFO - 1 change detected
2026-01-14 17:13:11 - watchfiles.main - INFO - 1 change detected
2026-01-14 17:13:12 - watchfiles.main - INFO - 1 change detected
2026-01-14 17:13:12 - watchfiles.main - INFO - 1 change detected
2026-01-14 17:13:13 - watchfiles.main - INFO - 1 change detected
2026-01-14 17:13:13 - watchfiles.main - INFO - 1 change detected
2026-01-14 17:13:13 - watchfiles.main - INFO - 1 change detected
2026-01-14 17:13:14 - watchfiles.main - INFO - 1 change detected
2026-01-14 17:13:14 - watchfiles.main - INFO - 1 change detected
2026-01-14 17:13:15 - watchfiles.main - INFO - 1 change detected
2026-01-14 17:13:15 - watchfiles.main - INFO - 1 change detected
2026-01-14 17:13:16 - watchfiles.main - INFO - 1 change detected
2026-01-14 17:13:16 - watchfiles.main - INFO - 1 change detected
2026-01-14 17:13:16 - watchfiles.main - INFO - 1 change detected
2026-01-14 17:13:17 - watchfiles.main - INFO - 1 change detected
2026-01-14 17:13:17 - watchfiles.main - INFO - 1 change detected
2026-01-14 17:13:18 - watchfiles.main - INFO - 1 change detected
2026-01-14 17:13:18 - watchfiles.main - INFO - 1 change detected
2026-01-14 17:13:18 - watchfiles.main - INFO - 1 change detected
2026-01-14 17:13:19 - watchfiles.main - INFO - 1 change detected
2026-01-14 17:13:19 - watchfiles.main - INFO - 1 change detected
2026-01-14 17:13:20 - watchfiles.main - INFO - 1 change detected
2026-01-14 17:13:20 - watchfiles.main - INFO - 1 change detected
2026-01-14 17:13:20 - watchfiles.main - INFO - 1 change detected
2026-01-14 17:13:21 - watchfiles.main - INFO - 1 change detected
2026-01-14 17:13:21 - watchfiles.main - INFO - 1 change detected
2026-01-14 17:13:22 - watchfiles.main - INFO - 1 change detected
2026-01-14 17:13:22 - watchfiles.main - INFO - 1 change detected
2026-01-14 17:13:22 - watchfiles.main - INFO - 1 change detected
2026-01-14 17:13:23 - watchfiles.main - INFO - 1 change detected
2026-01-14 17:13:23 - watchfiles.main - INFO - 1 change detected
2026-01-14 17:13:24 - watchfiles.main - INFO - 1 change detected
2026-01-14 17:13:24 - watchfiles.main - INFO - 1 change detected
2026-01-14 17:13:24 - watchfiles.main - INFO - 1 change detected
2026-01-14 17:13:25 - watchfiles.main - INFO - 1 change detected
2026-01-14 17:13:25 - watchfiles.main - INFO - 1 change detected
2026-01-14 17:13:26 - watchfiles.main - INFO - 1 change detected
2026-01-14 17:13:26 - watchfiles.main - INFO - 1 change detected
2026-01-14 17:13:26 - watchfiles.main - INFO - 1 change detected
2026-01-14 17:13:27 - watchfiles.main - INFO - 1 change detected
2026-01-14 17:13:27 - watchfiles.main - INFO - 1 change detected
2026-01-14 17:13:28 - watchfiles.main - INFO - 1 change detected
2026-01-14 17:13:28 - watchfiles.main - INFO - 1 change detected
2026-01-14 17:13:28 - watchfiles.main - INFO - 1 change detected
2026-01-14 17:13:29 - watchfiles.main - INFO - 1 change detected
2026-01-14 17:13:29 - watchfiles.main - INFO - 1 change detected
2026-01-14 17:13:30 - watchfiles.main - INFO - 1 change detected
2026-01-14 17:13:30 - watchfiles.main - INFO - 1 change detected
2026-01-14 17:13:30 - watchfiles.main - INFO - 1 change detected
2026-01-14 17:13:31 - watchfiles.main - INFO - 1 change detected
2026-01-14 17:13:31 - watchfiles.main - INFO - 1 change detected
2026-01-14 17:13:32 - watchfiles.main - INFO - 1 change detected
2026-01-14 17:13:32 - watchfiles.main - INFO - 1 change detected
2026-01-14 17:13:32 - watchfiles.main - INFO - 1 change detected
2026-01-14 17:13:33 - watchfiles.main - INFO - 1 change detected
2026-01-14 17:13:33 - watchfiles.main - INFO - 1 change detected
2026-01-14 17:13:34 - watchfiles.main - INFO - 1 change detected
2026-01-14 17:13:34 - watchfiles.main - INFO - 1 change detected
2026-01-14 17:13:34 - watchfiles.main - INFO - 1 change detected
2026-01-14 17:13:35 - watchfiles.main - INFO - 1 change detected
2026-01-14 17:13:35 - watchfiles.main - INFO - 1 change detected
2026-01-14 17:13:36 - watchfiles.main - INFO - 1 change detected
2026-01-14 17:13:36 - watchfiles.main - INFO - 1 change detected
2026-01-14 17:13:36 - watchfiles.main - INFO - 1 change detected
2026-01-14 17:13:37 - watchfiles.main - INFO - 1 change detected
2026-01-14 17:13:37 - watchfiles.main - INFO - 1 change detected
2026-01-14 17:13:38 - watchfiles.main - INFO - 1 change detected
2026-01-14 17:13:38 - watchfiles.main - INFO - 1 change detected
2026-01-14 17:13:38 - watchfiles.main - INFO - 1 change detected
2026-01-14 17:13:39 - watchfiles.main - INFO - 1 change detected
2026-01-14 17:13:39 - watchfiles.main - INFO - 1 change detected
2026-01-14 17:13:40 - watchfiles.main - INFO - 1 change detected
2026-01-14 17:13:40 - watchfiles.main - INFO - 1 change detected
2026-01-14 17:13:40 - watchfiles.main - INFO - 1 change detected
2026-01-14 17:13:41 - watchfiles.main - INFO - 1 change detected
2026-01-14 17:13:41 - watchfiles.main - INFO - 1 change detected
2026-01-14 17:13:42 - watchfiles.main - INFO - 1 change detected
2026-01-14 17:13:42 - watchfiles.main - INFO - 1 change detected
2026-01-14 17:13:42 - watchfiles.main - INFO - 1 change detected
2026-01-14 17:13:43 - watchfiles.main - INFO - 1 change detected
2026-01-14 17:13:43 - watchfiles.main - INFO - 1 change detected
2026-01-14 17:13:44 - watchfiles.main - INFO - 1 change detected
2026-01-14 17:13:44 - watchfiles.main - INFO - 1 change detected
2026-01-14 17:13:45 - watchfiles.main - INFO - 2 changes detected
2026-01-14 17:13:48 - watchfiles.main - INFO - 1 change detected
2026-01-14 17:13:48 - watchfiles.main - INFO - 5 changes detected
2026-01-14 17:14:27 - watchfiles.main - INFO - 1 change detected
2026-01-14 17:14:32 - watchfiles.main - INFO - 5 changes detected
2026-01-14 17:14:41 - watchfiles.main - INFO - 1 change detected
2026-01-14 17:14:45 - watchfiles.main - INFO - 5 changes detected
2026-01-14 17:18:14 - app.core.logging - INFO - 📋 Logging configured - Level: INFO, File: C:\Users\Balmukund.Mishra\Desktop\NEO\Neo-Chatbot\backend\logs\chatbot_20260114.log
2026-01-14 17:18:14 - __main__ - INFO - 🚀 Starting NEO Chatbot server...
2026-01-14 17:19:01 - app.core.logging - INFO - 📋 Logging configured - Level: INFO, File: C:\Users\Balmukund.Mishra\Desktop\NEO\Neo-Chatbot\backend\logs\chatbot_20260114.log
2026-01-14 17:19:01 - watchfiles.main - INFO - 1 change detected
2026-01-14 17:19:01 - app.core.logging - INFO - 📋 Logging configured - Level: INFO, File: C:\Users\Balmukund.Mishra\Desktop\NEO\Neo-Chatbot\backend\logs\chatbot_20260114.log
2026-01-14 17:19:01 - watchfiles.main - INFO - 1 change detected
2026-01-14 17:19:02 - watchfiles.main - INFO - 1 change detected
2026-01-14 17:19:02 - watchfiles.main - INFO - 1 change detected
2026-01-14 17:19:02 - watchfiles.main - INFO - 1 change detected
2026-01-14 17:19:03 - watchfiles.main - INFO - 1 change detected
2026-01-14 17:19:03 - watchfiles.main - INFO - 1 change detected
2026-01-14 17:19:03 - watchfiles.main - INFO - 1 change detected
2026-01-14 17:19:04 - watchfiles.main - INFO - 1 change detected
2026-01-14 17:19:04 - watchfiles.main - INFO - 1 change detected
2026-01-14 17:19:05 - watchfiles.main - INFO - 1 change detected
2026-01-14 17:19:05 - watchfiles.main - INFO - 1 change detected
2026-01-14 17:19:05 - watchfiles.main - INFO - 1 change detected
2026-01-14 17:19:06 - watchfiles.main - INFO - 1 change detected
2026-01-14 17:19:06 - watchfiles.main - INFO - 1 change detected
2026-01-14 17:19:07 - watchfiles.main - INFO - 1 change detected
2026-01-14 17:19:07 - watchfiles.main - INFO - 1 change detected
2026-01-14 17:19:07 - watchfiles.main - INFO - 1 change detected
2026-01-14 17:19:08 - watchfiles.main - INFO - 1 change detected
2026-01-14 17:19:08 - watchfiles.main - INFO - 1 change detected
2026-01-14 17:19:09 - watchfiles.main - INFO - 1 change detected
2026-01-14 17:19:09 - watchfiles.main - INFO - 1 change detected
2026-01-14 17:19:09 - watchfiles.main - INFO - 1 change detected
2026-01-14 17:19:10 - watchfiles.main - INFO - 1 change detected
2026-01-14 17:19:10 - watchfiles.main - INFO - 1 change detected
2026-01-14 17:19:11 - watchfiles.main - INFO - 1 change detected
2026-01-14 17:19:11 - watchfiles.main - INFO - 1 change detected
2026-01-14 17:19:11 - watchfiles.main - INFO - 1 change detected
2026-01-14 17:19:12 - watchfiles.main - INFO - 1 change detected
2026-01-14 17:19:12 - watchfiles.main - INFO - 1 change detected
2026-01-14 17:19:13 - watchfiles.main - INFO - 1 change detected
2026-01-14 17:19:13 - watchfiles.main - INFO - 1 change detected
2026-01-14 17:19:13 - watchfiles.main - INFO - 1 change detected
2026-01-14 17:19:14 - watchfiles.main - INFO - 1 change detected
2026-01-14 17:19:14 - watchfiles.main - INFO - 1 change detected
2026-01-14 17:19:15 - watchfiles.main - INFO - 1 change detected
2026-01-14 17:19:15 - watchfiles.main - INFO - 1 change detected
2026-01-14 17:19:15 - watchfiles.main - INFO - 1 change detected
2026-01-14 17:19:16 - watchfiles.main - INFO - 1 change detected
2026-01-14 17:19:16 - watchfiles.main - INFO - 1 change detected
2026-01-14 17:19:17 - watchfiles.main - INFO - 1 change detected
2026-01-14 17:19:17 - watchfiles.main - INFO - 1 change detected
2026-01-14 17:19:17 - watchfiles.main - INFO - 1 change detected
2026-01-14 17:19:18 - watchfiles.main - INFO - 1 change detected
2026-01-14 17:19:18 - watchfiles.main - INFO - 1 change detected
2026-01-14 17:19:19 - watchfiles.main - INFO - 1 change detected
2026-01-14 17:19:19 - watchfiles.main - INFO - 1 change detected
2026-01-14 17:19:19 - watchfiles.main - INFO - 1 change detected
2026-01-14 17:19:20 - watchfiles.main - INFO - 1 change detected
2026-01-14 17:19:20 - watchfiles.main - INFO - 1 change detected
2026-01-14 17:19:21 - watchfiles.main - INFO - 1 change detected
2026-01-14 17:19:21 - watchfiles.main - INFO - 1 change detected
2026-01-14 17:19:21 - watchfiles.main - INFO - 1 change detected
2026-01-14 17:19:22 - watchfiles.main - INFO - 1 change detected
2026-01-14 17:19:22 - watchfiles.main - INFO - 1 change detected
2026-01-14 17:19:23 - watchfiles.main - INFO - 1 change detected
2026-01-14 17:19:23 - watchfiles.main - INFO - 1 change detected
2026-01-14 17:19:23 - watchfiles.main - INFO - 1 change detected
2026-01-14 17:19:24 - watchfiles.main - INFO - 1 change detected
2026-01-14 17:19:24 - watchfiles.main - INFO - 1 change detected
2026-01-14 17:19:25 - watchfiles.main - INFO - 1 change detected
2026-01-14 17:19:25 - watchfiles.main - INFO - 1 change detected
2026-01-14 17:19:25 - watchfiles.main - INFO - 1 change detected
2026-01-14 17:19:26 - watchfiles.main - INFO - 1 change detected
2026-01-14 17:19:26 - watchfiles.main - INFO - 1 change detected
2026-01-14 17:19:27 - watchfiles.main - INFO - 1 change detected
2026-01-14 17:19:27 - watchfiles.main - INFO - 1 change detected
2026-01-14 17:19:27 - watchfiles.main - INFO - 1 change detected
2026-01-14 17:19:28 - watchfiles.main - INFO - 1 change detected
2026-01-14 17:19:28 - watchfiles.main - INFO - 1 change detected
2026-01-14 17:19:29 - watchfiles.main - INFO - 1 change detected
2026-01-14 17:19:29 - watchfiles.main - INFO - 1 change detected
2026-01-14 17:19:29 - watchfiles.main - INFO - 1 change detected
2026-01-14 17:19:30 - watchfiles.main - INFO - 1 change detected
2026-01-14 17:19:30 - watchfiles.main - INFO - 1 change detected
2026-01-14 17:19:31 - watchfiles.main - INFO - 1 change detected
2026-01-14 17:19:31 - watchfiles.main - INFO - 1 change detected
2026-01-14 17:19:31 - watchfiles.main - INFO - 1 change detected
2026-01-14 17:19:32 - watchfiles.main - INFO - 1 change detected
2026-01-14 17:19:32 - watchfiles.main - INFO - 1 change detected
2026-01-14 17:19:33 - watchfiles.main - INFO - 1 change detected
2026-01-14 17:19:33 - watchfiles.main - INFO - 1 change detected
2026-01-14 17:19:34 - watchfiles.main - INFO - 1 change detected
2026-01-14 17:19:34 - watchfiles.main - INFO - 1 change detected
2026-01-14 17:19:34 - watchfiles.main - INFO - 1 change detected
2026-01-14 17:19:35 - watchfiles.main - INFO - 1 change detected
2026-01-14 17:19:35 - watchfiles.main - INFO - 1 change detected
2026-01-14 17:19:36 - watchfiles.main - INFO - 1 change detected
2026-01-14 17:19:36 - watchfiles.main - INFO - 1 change detected
2026-01-14 17:19:36 - app.api.chatbot_endpoints - INFO - 📨 Chat request: type=ChatbotType.DIAGNOSTIC, message=bot-001 stopped without any error...
2026-01-14 17:19:36 - app.services.diagnostic_service - INFO - 🔍 Processing diagnostic query: bot-001 stopped without any error...
2026-01-14 17:19:36 - app.services.diagnostic_support_service - INFO - ✅ Diagnostic Support Service initialized
2026-01-14 17:19:36 - app.services.diagnostic_support_service - INFO -    Bot-level issues: 0
2026-01-14 17:19:36 - app.services.diagnostic_support_service - INFO -    Station-level issues: 0
2026-01-14 17:19:36 - app.services.diagnostic_service - INFO - ⚠️ No good CSV matches found (best: 0%), using AI-powered analysis...
2026-01-14 17:19:36 - app.services.intelligent_diagnostic_service - INFO - 🔍 Starting intelligent diagnosis with self-improving loop: bot-001 stopped without any error...
2026-01-14 17:19:36 - watchfiles.main - INFO - 1 change detected
2026-01-14 17:19:37 - watchfiles.main - INFO - 1 change detected
2026-01-14 17:19:37 - app.services.intelligent_diagnostic_service - INFO - 🎯 Intent classified: TROUBLESHOOT - The user reports a problem with a bot stopping without an error, indicating they need help diagnosing and resolving the issue. The query implies a need for investigation into the cause of the bot's stoppage and potential steps to fix or prevent it, which aligns with the troubleshooting intent.
2026-01-14 17:19:37 - app.services.intelligent_diagnostic_service - INFO - 🎯 Response format: diagnostic
2026-01-14 17:19:37 - watchfiles.main - INFO - 1 change detected
2026-01-14 17:19:38 - watchfiles.main - INFO - 1 change detected
2026-01-14 17:19:38 - app.services.intelligent_diagnostic_service - INFO - 📊 Problem analysis: {'component': 'bot', 'symptom': 'unknown', 'entity': 'general', 'severity': 'high', 'likely_tables': ['task_master', 'bot_master', 'order_bin_mapping'], 'keywords': ['bot-001', 'stopped', 'without', 'any', 'error']}
2026-01-14 17:19:38 - app.services.intelligent_diagnostic_service - INFO - 📋 Retrieved 33 columns for table bot_master
2026-01-14 17:19:38 - app.services.intelligent_diagnostic_service - INFO - 📋 Retrieved 33 columns for table bot_master
2026-01-14 17:19:38 - app.services.intelligent_diagnostic_service - INFO - 📋 Retrieved 33 columns for table bot_master
2026-01-14 17:19:38 - app.services.intelligent_diagnostic_service - WARNING - ⚠️ Invalid columns in query for bot_master: ['* as total_bots', "CASE WHEN STATUS='ACTIVE' THEN 1 ELSE 0 END as active_bots"]
2026-01-14 17:19:38 - app.services.intelligent_diagnostic_service - INFO - ✓ Available columns: ['BOT_MASTER_ID', 'BOT_ID', 'STATUS', 'COUNTER', 'AUTO_MANUAL', 'ACTIVITY_REQUEST', 'BATTERY', 'BATTERY_HEALTH', 'IP', 'PORT', 'SIM_PORT', 'GRIDX', 'GRIDY', 'GRIDZ', 'ACTIVE_AXIS', 'LOAD_CONDITION', 'UPDATED_TIMESTAMP', 'ALARM', 'ALARM_TYPE', 'RECOVERY_BIN_LOAD_STATUS', 'STATION_SAFETY_VALUE', 'BATTERY_VOLTS', 'AH_REMAINING_PERCENTAGE', 'AH_REMAINING_NORMAL', 'RECOVERY_BIT', 'NON_RECOVERY_BIT', 'LOAD_NON_RECOVERY_BIT', 'CHARGING_BIT', 'BIN_ALREDY_PRSENT_RECOVERY_', 'SLIDER_RECOVERY_FAIL_ALARM_BIT', 'SLIDER_RECOVERY_FAIL_TRUE', 'SLIDER_RECOVERY_FAIL_FALSE', 'DSB_TMM_Z_AXIS_ACKNOWLEDGEMENT']
2026-01-14 17:19:38 - app.services.intelligent_diagnostic_service - WARNING - ⚠️ Query uses invalid columns for bot_master: ['* as total_bots', "CASE WHEN STATUS='ACTIVE' THEN 1 ELSE 0 END as active_bots"]
2026-01-14 17:19:38 - app.services.intelligent_diagnostic_service - INFO - ✅ Generated 1 queries using valid tables: {'bot_master'}
2026-01-14 17:19:38 - app.services.intelligent_diagnostic_service - INFO - Generated 1 diagnostic queries for bot/unknown
2026-01-14 17:19:38 - app.services.intelligent_diagnostic_service - INFO - 🔍 Executing: Check bot inventory
2026-01-14 17:19:38 - watchfiles.main - INFO - 1 change detected
2026-01-14 17:19:38 - app.services.sql_assistant_service - INFO - ✅ Query executed: 1 rows returned
2026-01-14 17:19:38 - app.services.intelligent_diagnostic_service - INFO - ✅ Found 1 records
2026-01-14 17:19:38 - watchfiles.main - INFO - 1 change detected
2026-01-14 17:19:39 - watchfiles.main - INFO - 1 change detected
2026-01-14 17:19:39 - watchfiles.main - INFO - 1 change detected
2026-01-14 17:19:40 - watchfiles.main - INFO - 1 change detected
2026-01-14 17:19:40 - watchfiles.main - INFO - 1 change detected
2026-01-14 17:19:40 - app.services.intelligent_diagnostic_service - ERROR - Error searching documentation: 'content'
2026-01-14 17:19:40 - app.services.intelligent_diagnostic_service - INFO - 🔁 Diagnosis refinement iteration 1/3
2026-01-14 17:19:40 - app.services.intelligent_diagnostic_service - INFO - 📋 Retrieved 33 columns for table bot_master
2026-01-14 17:19:40 - app.services.intelligent_diagnostic_service - INFO - 📋 Retrieved 33 columns for table bot_master
2026-01-14 17:19:40 - watchfiles.main - INFO - 1 change detected
2026-01-14 17:19:40 - app.services.sql_assistant_service - INFO - ✅ Query executed: 0 rows returned
2026-01-14 17:19:40 - app.services.intelligent_diagnostic_service - INFO - 📊 Found 0 distinct values for bot_master.STATUS
2026-01-14 17:19:41 - watchfiles.main - INFO - 1 change detected
2026-01-14 17:19:41 - watchfiles.main - INFO - 1 change detected
2026-01-14 17:19:42 - watchfiles.main - INFO - 1 change detected
2026-01-14 17:19:42 - watchfiles.main - INFO - 1 change detected
2026-01-14 17:19:42 - watchfiles.main - INFO - 1 change detected
2026-01-14 17:19:43 - app.services.intelligent_diagnostic_service - INFO - 🧑‍⚖️ Diagnosis Judge (iteration 1): satisfactory=False, confidence=0.40
2026-01-14 17:19:43 - app.services.intelligent_diagnostic_service - INFO - 🧑‍⚖️ Judge: satisfactory=False, confidence=0.40
2026-01-14 17:19:43 - app.services.intelligent_diagnostic_service - INFO - 🔄 Running 3 additional diagnostic queries based on judge feedback
2026-01-14 17:19:43 - app.services.intelligent_diagnostic_service - INFO - 🔍 Executing: Additional diagnostic based on judge feedback
2026-01-14 17:19:43 - app.services.sql_assistant_service - INFO - ✅ Query executed: 0 rows returned
2026-01-14 17:19:43 - app.services.intelligent_diagnostic_service - INFO - ⚠️ Query succeeded but returned 0 records
2026-01-14 17:19:43 - app.services.intelligent_diagnostic_service - INFO - 🔍 Executing: Additional diagnostic based on judge feedback
2026-01-14 17:19:43 - app.services.sql_assistant_service - INFO - ✅ Query executed: 0 rows returned
2026-01-14 17:19:43 - app.services.intelligent_diagnostic_service - INFO - ⚠️ Query succeeded but returned 0 records
2026-01-14 17:19:43 - app.services.intelligent_diagnostic_service - INFO - 🔍 Executing: Additional diagnostic based on judge feedback
2026-01-14 17:19:43 - app.services.sql_assistant_service - INFO - ✅ Query executed: 0 rows returned
2026-01-14 17:19:43 - app.services.intelligent_diagnostic_service - INFO - ⚠️ Query succeeded but returned 0 records
2026-01-14 17:19:43 - app.services.intelligent_diagnostic_service - INFO - ✨ Collected additional diagnostic data, continuing refinement
2026-01-14 17:19:43 - app.services.intelligent_diagnostic_service - INFO - 🔁 Diagnosis refinement iteration 2/3
2026-01-14 17:19:43 - app.services.intelligent_diagnostic_service - INFO - 📋 Retrieved 33 columns for table bot_master
2026-01-14 17:19:43 - app.services.intelligent_diagnostic_service - INFO - 📋 Retrieved 33 columns for table bot_master
2026-01-14 17:19:43 - app.services.sql_assistant_service - INFO - ✅ Query executed: 0 rows returned
2026-01-14 17:19:43 - app.services.intelligent_diagnostic_service - INFO - 📊 Found 0 distinct values for bot_master.STATUS
2026-01-14 17:19:43 - watchfiles.main - INFO - 1 change detected
2026-01-14 17:19:43 - watchfiles.main - INFO - 1 change detected
2026-01-14 17:19:44 - watchfiles.main - INFO - 1 change detected
2026-01-14 17:19:44 - watchfiles.main - INFO - 1 change detected
2026-01-14 17:19:44 - watchfiles.main - INFO - 1 change detected
2026-01-14 17:19:45 - watchfiles.main - INFO - 1 change detected
2026-01-14 17:19:45 - app.services.intelligent_diagnostic_service - INFO - 🧑‍⚖️ Diagnosis Judge (iteration 2): satisfactory=False, confidence=0.30
2026-01-14 17:19:45 - app.services.intelligent_diagnostic_service - INFO - 🧑‍⚖️ Judge: satisfactory=False, confidence=0.30
2026-01-14 17:19:45 - app.services.intelligent_diagnostic_service - INFO - 🔄 Running 3 additional diagnostic queries based on judge feedback
2026-01-14 17:19:45 - app.services.intelligent_diagnostic_service - INFO - 🔍 Executing: Additional diagnostic based on judge feedback
2026-01-14 17:19:45 - app.services.sql_assistant_service - ERROR - ❌ Execution error: Execution failed on sql 'SELECT * FROM bot_alarm_log WHERE bot_id = 'bot-001' AND alarm_timestamp > (NOW() - INTERVAL 1 DAY)': (1054, "Unknown column 'alarm_timestamp' in 'where clause'")
2026-01-14 17:19:45 - app.services.intelligent_diagnostic_service - WARNING - ⚠️ Query failed: Execution failed on sql 'SELECT * FROM bot_alarm_log WHERE bot_id = 'bot-001' AND alarm_timestamp > (NOW() - INTERVAL 1 DAY)': (1054, "Unknown column 'alarm_timestamp' in 'where clause'")
2026-01-14 17:19:45 - app.services.intelligent_diagnostic_service - INFO - 🔍 Executing: Additional diagnostic based on judge feedback
2026-01-14 17:19:45 - app.services.sql_assistant_service - INFO - ✅ Query executed: 0 rows returned
2026-01-14 17:19:45 - app.services.intelligent_diagnostic_service - INFO - ⚠️ Query succeeded but returned 0 records
2026-01-14 17:19:45 - app.services.intelligent_diagnostic_service - INFO - 🔍 Executing: Additional diagnostic based on judge feedback
2026-01-14 17:19:45 - app.services.sql_assistant_service - ERROR - ❌ Execution error: Execution failed on sql 'SELECT * FROM bin_configuration WHERE bot_id = 'bot-001'': (1054, "Unknown column 'bot_id' in 'where clause'")
2026-01-14 17:19:45 - app.services.intelligent_diagnostic_service - WARNING - ⚠️ Query failed: Execution failed on sql 'SELECT * FROM bin_configuration WHERE bot_id = 'bot-001'': (1054, "Unknown column 'bot_id' in 'where clause'")
2026-01-14 17:19:45 - app.services.intelligent_diagnostic_service - INFO - ✨ Collected additional diagnostic data, continuing refinement
2026-01-14 17:19:45 - app.services.intelligent_diagnostic_service - INFO - 🔁 Diagnosis refinement iteration 3/3
2026-01-14 17:19:45 - app.services.intelligent_diagnostic_service - INFO - 📋 Retrieved 33 columns for table bot_master
2026-01-14 17:19:45 - app.services.intelligent_diagnostic_service - INFO - 📋 Retrieved 33 columns for table bot_master
2026-01-14 17:19:45 - app.services.sql_assistant_service - INFO - ✅ Query executed: 0 rows returned
2026-01-14 17:19:45 - app.services.intelligent_diagnostic_service - INFO - 📊 Found 0 distinct values for bot_master.STATUS
2026-01-14 17:19:45 - watchfiles.main - INFO - 1 change detected
2026-01-14 17:19:46 - watchfiles.main - INFO - 1 change detected
2026-01-14 17:19:46 - watchfiles.main - INFO - 1 change detected
2026-01-14 17:19:46 - watchfiles.main - INFO - 1 change detected
2026-01-14 17:19:47 - watchfiles.main - INFO - 1 change detected
2026-01-14 17:19:47 - watchfiles.main - INFO - 1 change detected
2026-01-14 17:19:47 - app.services.intelligent_diagnostic_service - INFO - 🧑‍⚖️ Diagnosis Judge (iteration 3): satisfactory=False, confidence=0.30
2026-01-14 17:19:47 - app.services.intelligent_diagnostic_service - INFO - 🧑‍⚖️ Judge: satisfactory=False, confidence=0.30
2026-01-14 17:19:47 - app.services.intelligent_diagnostic_service - INFO - 🛑 Reached max iterations (3) - using best diagnosis
2026-01-14 17:19:47 - app.services.intelligent_diagnostic_service - INFO - 📈 Diagnosis refinement summary: 3 iterations, final confidence: 0.90
2026-01-14 17:19:47 - app.services.rlhf_service - WARNING - ⚠️ Skipping DB insert - chat_id 'chat_c4cc6d07227241ed' does not exist in chatbot_chat_history. Feedback saved to JSONL only for feedback_id: 9154af1f-a489-45d4-a205-8adee9de75fd
2026-01-14 17:19:47 - app.services.rlhf_service - INFO - 📝 Feedback recorded: diagnostic_support | neutral | Reward: 0.10
2026-01-14 17:19:47 - app.api.chatbot_endpoints - INFO - ✅ Chat response generated: confidence=0.90
2026-01-14 17:19:48 - watchfiles.main - INFO - 3 changes detected
2026-01-14 17:19:48 - watchfiles.main - INFO - 1 change detected
2026-01-14 17:19:48 - watchfiles.main - INFO - 1 change detected
2026-01-14 17:19:49 - watchfiles.main - INFO - 1 change detected
2026-01-14 17:19:49 - watchfiles.main - INFO - 1 change detected
2026-01-14 17:19:49 - watchfiles.main - INFO - 1 change detected
2026-01-14 17:19:50 - watchfiles.main - INFO - 1 change detected
2026-01-14 17:19:50 - watchfiles.main - INFO - 1 change detected
2026-01-14 17:19:51 - watchfiles.main - INFO - 1 change detected
2026-01-14 17:19:51 - watchfiles.main - INFO - 1 change detected
2026-01-14 17:19:52 - watchfiles.main - INFO - 1 change detected
2026-01-14 17:19:52 - watchfiles.main - INFO - 1 change detected
2026-01-14 17:19:52 - watchfiles.main - INFO - 1 change detected
2026-01-14 17:19:53 - watchfiles.main - INFO - 1 change detected
2026-01-14 17:19:53 - watchfiles.main - INFO - 1 change detected
2026-01-14 17:19:54 - watchfiles.main - INFO - 1 change detected
2026-01-14 17:19:54 - watchfiles.main - INFO - 1 change detected
2026-01-14 17:19:54 - watchfiles.main - INFO - 1 change detected
2026-01-14 17:19:55 - watchfiles.main - INFO - 1 change detected
2026-01-14 17:19:55 - watchfiles.main - INFO - 1 change detected
2026-01-14 17:19:56 - watchfiles.main - INFO - 1 change detected
2026-01-14 17:19:56 - watchfiles.main - INFO - 1 change detected
2026-01-14 17:19:56 - watchfiles.main - INFO - 1 change detected
2026-01-14 17:19:57 - watchfiles.main - INFO - 1 change detected
2026-01-14 17:19:57 - watchfiles.main - INFO - 1 change detected
2026-01-14 17:19:58 - watchfiles.main - INFO - 1 change detected
2026-01-14 17:19:58 - watchfiles.main - INFO - 1 change detected
2026-01-14 17:19:58 - watchfiles.main - INFO - 1 change detected
2026-01-14 17:19:59 - watchfiles.main - INFO - 1 change detected
2026-01-14 17:19:59 - watchfiles.main - INFO - 1 change detected
2026-01-14 17:20:00 - watchfiles.main - INFO - 1 change detected
2026-01-14 17:20:00 - watchfiles.main - INFO - 1 change detected
2026-01-14 17:20:00 - watchfiles.main - INFO - 1 change detected
2026-01-14 17:20:01 - watchfiles.main - INFO - 1 change detected
2026-01-14 17:20:01 - watchfiles.main - INFO - 1 change detected
2026-01-14 17:20:02 - watchfiles.main - INFO - 1 change detected
2026-01-14 17:20:02 - watchfiles.main - INFO - 1 change detected
2026-01-14 17:20:02 - watchfiles.main - INFO - 1 change detected
2026-01-14 17:20:03 - watchfiles.main - INFO - 1 change detected
2026-01-14 17:20:03 - watchfiles.main - INFO - 1 change detected
2026-01-14 17:20:04 - watchfiles.main - INFO - 1 change detected
2026-01-14 17:20:04 - watchfiles.main - INFO - 1 change detected
2026-01-14 17:20:04 - watchfiles.main - INFO - 1 change detected
2026-01-14 17:20:05 - watchfiles.main - INFO - 1 change detected
2026-01-14 17:20:05 - watchfiles.main - INFO - 1 change detected
2026-01-14 17:20:06 - watchfiles.main - INFO - 1 change detected
2026-01-14 17:20:06 - watchfiles.main - INFO - 1 change detected
2026-01-14 17:20:06 - watchfiles.main - INFO - 1 change detected
2026-01-14 17:20:07 - watchfiles.main - INFO - 1 change detected
2026-01-14 17:20:07 - watchfiles.main - INFO - 1 change detected
2026-01-14 17:20:08 - watchfiles.main - INFO - 1 change detected
2026-01-14 17:20:08 - watchfiles.main - INFO - 1 change detected
2026-01-14 17:20:08 - watchfiles.main - INFO - 1 change detected
2026-01-14 17:20:09 - watchfiles.main - INFO - 1 change detected
2026-01-14 17:20:09 - watchfiles.main - INFO - 1 change detected
2026-01-14 17:20:10 - watchfiles.main - INFO - 1 change detected
2026-01-14 17:20:10 - watchfiles.main - INFO - 1 change detected
2026-01-14 17:20:10 - watchfiles.main - INFO - 1 change detected
2026-01-14 17:20:11 - watchfiles.main - INFO - 1 change detected
2026-01-14 17:20:11 - watchfiles.main - INFO - 1 change detected
2026-01-14 17:20:12 - watchfiles.main - INFO - 1 change detected
2026-01-14 17:20:12 - watchfiles.main - INFO - 1 change detected
2026-01-14 17:20:12 - watchfiles.main - INFO - 1 change detected
2026-01-14 17:20:13 - watchfiles.main - INFO - 1 change detected
2026-01-14 17:20:13 - watchfiles.main - INFO - 1 change detected
2026-01-14 17:20:14 - watchfiles.main - INFO - 1 change detected
2026-01-14 17:20:14 - watchfiles.main - INFO - 1 change detected
2026-01-14 17:20:14 - watchfiles.main - INFO - 1 change detected
2026-01-14 17:20:15 - watchfiles.main - INFO - 1 change detected
2026-01-14 17:20:15 - watchfiles.main - INFO - 1 change detected
2026-01-14 17:20:16 - watchfiles.main - INFO - 1 change detected
2026-01-14 17:20:16 - watchfiles.main - INFO - 1 change detected
2026-01-14 17:20:16 - watchfiles.main - INFO - 1 change detected
2026-01-14 17:20:17 - watchfiles.main - INFO - 1 change detected
2026-01-14 17:20:17 - watchfiles.main - INFO - 1 change detected
2026-01-14 17:20:18 - watchfiles.main - INFO - 1 change detected
2026-01-14 17:20:18 - watchfiles.main - INFO - 1 change detected
2026-01-14 17:20:18 - watchfiles.main - INFO - 1 change detected
2026-01-14 17:20:19 - watchfiles.main - INFO - 1 change detected
2026-01-14 17:20:19 - watchfiles.main - INFO - 1 change detected
2026-01-14 17:20:20 - watchfiles.main - INFO - 1 change detected
2026-01-14 17:20:20 - watchfiles.main - INFO - 1 change detected
2026-01-14 17:20:20 - watchfiles.main - INFO - 1 change detected
2026-01-14 17:20:21 - watchfiles.main - INFO - 1 change detected
2026-01-14 17:20:21 - watchfiles.main - INFO - 1 change detected
2026-01-14 17:20:22 - watchfiles.main - INFO - 1 change detected
2026-01-14 17:20:22 - watchfiles.main - INFO - 1 change detected
2026-01-14 17:20:23 - watchfiles.main - INFO - 1 change detected
2026-01-14 17:20:23 - watchfiles.main - INFO - 1 change detected
2026-01-14 17:20:23 - watchfiles.main - INFO - 1 change detected
2026-01-14 17:20:24 - watchfiles.main - INFO - 1 change detected
2026-01-14 17:20:24 - watchfiles.main - INFO - 1 change detected
2026-01-14 17:20:24 - watchfiles.main - INFO - 1 change detected
2026-01-14 17:20:25 - watchfiles.main - INFO - 1 change detected
2026-01-14 17:20:25 - watchfiles.main - INFO - 1 change detected
2026-01-14 17:20:26 - watchfiles.main - INFO - 1 change detected
2026-01-14 17:20:26 - watchfiles.main - INFO - 1 change detected
2026-01-14 17:20:27 - watchfiles.main - INFO - 1 change detected
2026-01-14 17:20:27 - watchfiles.main - INFO - 1 change detected
2026-01-14 17:20:27 - watchfiles.main - INFO - 1 change detected
2026-01-14 17:20:28 - watchfiles.main - INFO - 1 change detected
2026-01-14 17:20:28 - watchfiles.main - INFO - 1 change detected
2026-01-14 17:20:29 - watchfiles.main - INFO - 1 change detected
2026-01-14 17:20:29 - watchfiles.main - INFO - 1 change detected
2026-01-14 17:20:29 - watchfiles.main - INFO - 1 change detected
2026-01-14 17:20:30 - watchfiles.main - INFO - 1 change detected
2026-01-14 17:20:30 - watchfiles.main - INFO - 1 change detected
2026-01-14 17:20:31 - watchfiles.main - INFO - 1 change detected
2026-01-14 17:20:31 - watchfiles.main - INFO - 1 change detected
2026-01-14 17:20:31 - watchfiles.main - INFO - 1 change detected
2026-01-14 17:20:32 - watchfiles.main - INFO - 1 change detected
2026-01-14 17:20:32 - watchfiles.main - INFO - 1 change detected
2026-01-14 17:20:33 - watchfiles.main - INFO - 1 change detected
2026-01-14 17:20:33 - watchfiles.main - INFO - 1 change detected
2026-01-14 17:20:33 - watchfiles.main - INFO - 1 change detected
2026-01-14 17:20:34 - watchfiles.main - INFO - 1 change detected
2026-01-14 17:20:34 - watchfiles.main - INFO - 1 change detected
2026-01-14 17:20:35 - watchfiles.main - INFO - 1 change detected
2026-01-14 17:20:35 - watchfiles.main - INFO - 1 change detected
2026-01-14 17:20:35 - watchfiles.main - INFO - 1 change detected
2026-01-14 17:20:36 - watchfiles.main - INFO - 1 change detected
2026-01-14 17:20:36 - watchfiles.main - INFO - 1 change detected
2026-01-14 17:20:37 - watchfiles.main - INFO - 1 change detected
2026-01-14 17:20:37 - watchfiles.main - INFO - 1 change detected
2026-01-14 17:20:37 - watchfiles.main - INFO - 1 change detected
2026-01-14 17:20:38 - watchfiles.main - INFO - 1 change detected
2026-01-14 17:20:38 - watchfiles.main - INFO - 1 change detected
2026-01-14 17:20:39 - watchfiles.main - INFO - 1 change detected
2026-01-14 17:20:39 - watchfiles.main - INFO - 1 change detected
2026-01-14 17:20:40 - watchfiles.main - INFO - 1 change detected
2026-01-14 17:20:40 - watchfiles.main - INFO - 1 change detected
2026-01-14 17:20:40 - watchfiles.main - INFO - 1 change detected
2026-01-14 17:20:41 - watchfiles.main - INFO - 1 change detected
2026-01-14 17:20:41 - watchfiles.main - INFO - 1 change detected
2026-01-14 17:20:42 - watchfiles.main - INFO - 1 change detected
2026-01-14 17:20:42 - watchfiles.main - INFO - 1 change detected
2026-01-14 17:20:42 - watchfiles.main - INFO - 1 change detected
2026-01-14 17:20:43 - watchfiles.main - INFO - 1 change detected
2026-01-14 17:20:43 - watchfiles.main - INFO - 1 change detected
2026-01-14 17:20:44 - watchfiles.main - INFO - 1 change detected
2026-01-14 17:20:44 - watchfiles.main - INFO - 1 change detected
2026-01-14 17:20:45 - watchfiles.main - INFO - 1 change detected
2026-01-14 17:20:45 - watchfiles.main - INFO - 1 change detected
2026-01-14 17:20:45 - watchfiles.main - INFO - 1 change detected
2026-01-14 17:20:46 - watchfiles.main - INFO - 1 change detected
2026-01-14 17:20:46 - watchfiles.main - INFO - 1 change detected
2026-01-14 17:20:47 - watchfiles.main - INFO - 1 change detected
2026-01-14 17:20:47 - watchfiles.main - INFO - 1 change detected
2026-01-14 17:20:47 - watchfiles.main - INFO - 1 change detected
2026-01-14 17:20:48 - watchfiles.main - INFO - 1 change detected
2026-01-14 17:20:48 - watchfiles.main - INFO - 1 change detected
2026-01-14 17:20:49 - watchfiles.main - INFO - 1 change detected
2026-01-14 17:20:49 - watchfiles.main - INFO - 1 change detected
2026-01-14 17:20:49 - watchfiles.main - INFO - 1 change detected
2026-01-14 17:20:50 - watchfiles.main - INFO - 1 change detected
2026-01-14 17:20:50 - watchfiles.main - INFO - 1 change detected
2026-01-14 17:20:51 - watchfiles.main - INFO - 1 change detected
2026-01-14 17:20:51 - watchfiles.main - INFO - 1 change detected
2026-01-14 17:20:51 - watchfiles.main - INFO - 1 change detected
2026-01-14 17:20:52 - watchfiles.main - INFO - 1 change detected
2026-01-14 17:20:52 - watchfiles.main - INFO - 1 change detected
2026-01-14 17:20:53 - watchfiles.main - INFO - 1 change detected
2026-01-14 17:20:53 - watchfiles.main - INFO - 1 change detected
2026-01-14 17:20:53 - watchfiles.main - INFO - 1 change detected
2026-01-14 17:20:54 - watchfiles.main - INFO - 1 change detected
2026-01-14 17:20:54 - watchfiles.main - INFO - 1 change detected
2026-01-14 17:20:55 - watchfiles.main - INFO - 1 change detected
2026-01-14 17:20:55 - watchfiles.main - INFO - 1 change detected
2026-01-14 17:20:55 - watchfiles.main - INFO - 1 change detected
2026-01-14 17:20:56 - watchfiles.main - INFO - 1 change detected
2026-01-14 17:20:56 - watchfiles.main - INFO - 1 change detected
2026-01-14 17:20:57 - watchfiles.main - INFO - 1 change detected
2026-01-14 17:20:57 - watchfiles.main - INFO - 1 change detected
2026-01-14 17:20:58 - watchfiles.main - INFO - 1 change detected
2026-01-14 17:20:58 - watchfiles.main - INFO - 1 change detected
2026-01-14 17:20:58 - watchfiles.main - INFO - 1 change detected
2026-01-14 17:20:59 - watchfiles.main - INFO - 1 change detected
2026-01-14 17:20:59 - watchfiles.main - INFO - 1 change detected
2026-01-14 17:20:59 - watchfiles.main - INFO - 1 change detected
2026-01-14 17:21:00 - watchfiles.main - INFO - 1 change detected
2026-01-14 17:21:00 - watchfiles.main - INFO - 1 change detected
2026-01-14 17:21:01 - watchfiles.main - INFO - 1 change detected
2026-01-14 17:21:01 - watchfiles.main - INFO - 1 change detected
2026-01-14 17:21:02 - watchfiles.main - INFO - 1 change detected
2026-01-14 17:21:02 - watchfiles.main - INFO - 1 change detected
2026-01-14 17:21:02 - watchfiles.main - INFO - 1 change detected
2026-01-14 17:21:03 - watchfiles.main - INFO - 1 change detected
2026-01-14 17:21:03 - watchfiles.main - INFO - 1 change detected
2026-01-14 17:21:04 - watchfiles.main - INFO - 1 change detected
2026-01-14 17:21:04 - watchfiles.main - INFO - 1 change detected
2026-01-14 17:21:04 - watchfiles.main - INFO - 1 change detected
2026-01-14 17:21:05 - watchfiles.main - INFO - 1 change detected
2026-01-14 17:21:05 - watchfiles.main - INFO - 1 change detected
2026-01-14 17:21:06 - watchfiles.main - INFO - 1 change detected
2026-01-14 17:21:06 - watchfiles.main - INFO - 1 change detected
2026-01-14 17:21:06 - watchfiles.main - INFO - 1 change detected
2026-01-14 17:21:07 - watchfiles.main - INFO - 1 change detected
2026-01-14 17:21:07 - watchfiles.main - INFO - 1 change detected
2026-01-14 17:21:08 - watchfiles.main - INFO - 1 change detected
2026-01-14 17:21:08 - watchfiles.main - INFO - 1 change detected
2026-01-14 17:21:08 - watchfiles.main - INFO - 1 change detected
2026-01-14 17:21:09 - watchfiles.main - INFO - 1 change detected
2026-01-14 17:21:09 - watchfiles.main - INFO - 1 change detected
2026-01-14 17:21:10 - watchfiles.main - INFO - 1 change detected
2026-01-14 17:21:10 - watchfiles.main - INFO - 1 change detected
2026-01-14 17:21:10 - watchfiles.main - INFO - 1 change detected
2026-01-14 17:21:11 - watchfiles.main - INFO - 1 change detected
2026-01-14 17:21:11 - watchfiles.main - INFO - 1 change detected
2026-01-14 17:21:12 - watchfiles.main - INFO - 1 change detected
2026-01-14 17:21:12 - watchfiles.main - INFO - 1 change detected
2026-01-14 17:21:12 - watchfiles.main - INFO - 1 change detected
2026-01-14 17:21:13 - watchfiles.main - INFO - 1 change detected
2026-01-14 17:21:13 - watchfiles.main - INFO - 1 change detected
2026-01-14 17:21:14 - watchfiles.main - INFO - 1 change detected
2026-01-14 17:21:14 - watchfiles.main - INFO - 1 change detected
2026-01-14 17:21:14 - watchfiles.main - INFO - 1 change detected
2026-01-14 17:21:15 - watchfiles.main - INFO - 1 change detected
2026-01-14 17:21:15 - watchfiles.main - INFO - 4 changes detected
2026-01-14 17:21:20 - watchfiles.main - INFO - 1 change detected
2026-01-14 17:21:20 - watchfiles.main - INFO - 1 change detected
2026-01-14 17:21:21 - watchfiles.main - INFO - 6 changes detected
2026-01-14 17:21:21 - watchfiles.main - INFO - 6 changes detected
2026-01-14 17:21:21 - watchfiles.main - INFO - 1 change detected
2026-01-14 17:21:22 - watchfiles.main - INFO - 1 change detected
2026-01-14 17:21:22 - watchfiles.main - INFO - 1 change detected
2026-01-14 17:21:23 - watchfiles.main - INFO - 1 change detected
2026-01-14 17:21:23 - watchfiles.main - INFO - 1 change detected
2026-01-14 17:21:23 - watchfiles.main - INFO - 1 change detected
2026-01-14 17:21:24 - watchfiles.main - INFO - 1 change detected
2026-01-14 17:21:24 - watchfiles.main - INFO - 1 change detected
2026-01-14 17:21:25 - watchfiles.main - INFO - 1 change detected
2026-01-14 17:21:25 - watchfiles.main - INFO - 1 change detected
2026-01-14 17:21:25 - watchfiles.main - INFO - 1 change detected
2026-01-14 17:21:26 - watchfiles.main - INFO - 1 change detected
2026-01-14 17:21:26 - watchfiles.main - INFO - 1 change detected
2026-01-14 17:21:27 - watchfiles.main - INFO - 1 change detected
2026-01-14 17:21:27 - watchfiles.main - INFO - 1 change detected
2026-01-14 17:21:27 - watchfiles.main - INFO - 1 change detected
2026-01-14 17:21:28 - watchfiles.main - INFO - 1 change detected
2026-01-14 17:21:28 - watchfiles.main - INFO - 1 change detected
2026-01-14 17:21:29 - watchfiles.main - INFO - 1 change detected
2026-01-14 17:21:29 - watchfiles.main - INFO - 1 change detected
2026-01-14 17:21:29 - watchfiles.main - INFO - 1 change detected
2026-01-14 17:21:30 - watchfiles.main - INFO - 1 change detected
2026-01-14 17:21:30 - watchfiles.main - INFO - 1 change detected
2026-01-14 17:21:31 - watchfiles.main - INFO - 1 change detected
2026-01-14 17:21:31 - watchfiles.main - INFO - 1 change detected
2026-01-14 17:21:32 - watchfiles.main - INFO - 1 change detected
2026-01-14 17:21:32 - watchfiles.main - INFO - 1 change detected
2026-01-14 17:21:32 - watchfiles.main - INFO - 1 change detected
2026-01-14 17:21:33 - watchfiles.main - INFO - 1 change detected
2026-01-14 17:21:33 - watchfiles.main - INFO - 1 change detected
2026-01-14 17:21:34 - watchfiles.main - INFO - 1 change detected
2026-01-14 17:21:34 - watchfiles.main - INFO - 1 change detected
2026-01-14 17:21:34 - watchfiles.main - INFO - 1 change detected
2026-01-14 17:21:35 - watchfiles.main - INFO - 1 change detected
2026-01-14 17:21:35 - watchfiles.main - INFO - 1 change detected
2026-01-14 17:21:36 - watchfiles.main - INFO - 1 change detected
2026-01-14 17:21:36 - watchfiles.main - INFO - 1 change detected
2026-01-14 17:21:37 - watchfiles.main - INFO - 1 change detected
2026-01-14 17:21:37 - watchfiles.main - INFO - 1 change detected
2026-01-14 17:21:37 - watchfiles.main - INFO - 1 change detected
2026-01-14 17:21:38 - watchfiles.main - INFO - 1 change detected
2026-01-14 17:21:38 - watchfiles.main - INFO - 1 change detected
2026-01-14 17:21:39 - watchfiles.main - INFO - 1 change detected
2026-01-14 17:21:39 - watchfiles.main - INFO - 1 change detected
2026-01-14 17:21:39 - watchfiles.main - INFO - 1 change detected
2026-01-14 17:21:40 - watchfiles.main - INFO - 1 change detected
2026-01-14 17:21:40 - watchfiles.main - INFO - 1 change detected
2026-01-14 17:21:41 - watchfiles.main - INFO - 1 change detected
2026-01-14 17:21:41 - watchfiles.main - INFO - 1 change detected
2026-01-14 17:21:41 - watchfiles.main - INFO - 1 change detected
2026-01-14 17:21:42 - watchfiles.main - INFO - 1 change detected
2026-01-14 17:21:42 - watchfiles.main - INFO - 1 change detected
2026-01-14 17:21:43 - watchfiles.main - INFO - 1 change detected
2026-01-14 17:21:43 - watchfiles.main - INFO - 1 change detected
2026-01-14 17:21:43 - watchfiles.main - INFO - 1 change detected
2026-01-14 17:21:44 - watchfiles.main - INFO - 1 change detected
2026-01-14 17:21:44 - watchfiles.main - INFO - 1 change detected
2026-01-14 17:21:45 - watchfiles.main - INFO - 1 change detected
2026-01-14 17:21:45 - watchfiles.main - INFO - 1 change detected
2026-01-14 17:21:45 - watchfiles.main - INFO - 1 change detected
2026-01-14 17:21:46 - watchfiles.main - INFO - 1 change detected
2026-01-14 17:21:46 - watchfiles.main - INFO - 1 change detected
2026-01-14 17:21:47 - watchfiles.main - INFO - 1 change detected
2026-01-14 17:21:47 - watchfiles.main - INFO - 1 change detected
2026-01-14 17:21:47 - watchfiles.main - INFO - 1 change detected
2026-01-14 17:21:48 - watchfiles.main - INFO - 1 change detected
2026-01-14 17:21:48 - watchfiles.main - INFO - 1 change detected
2026-01-14 17:21:49 - watchfiles.main - INFO - 1 change detected
2026-01-14 17:21:49 - watchfiles.main - INFO - 1 change detected
2026-01-14 17:21:49 - watchfiles.main - INFO - 1 change detected
2026-01-14 17:21:50 - watchfiles.main - INFO - 1 change detected
2026-01-14 17:21:50 - watchfiles.main - INFO - 1 change detected
2026-01-14 17:21:51 - watchfiles.main - INFO - 1 change detected
2026-01-14 17:21:51 - watchfiles.main - INFO - 1 change detected
2026-01-14 17:21:51 - watchfiles.main - INFO - 1 change detected
2026-01-14 17:21:52 - watchfiles.main - INFO - 1 change detected
2026-01-14 17:21:52 - watchfiles.main - INFO - 1 change detected
2026-01-14 17:21:53 - watchfiles.main - INFO - 1 change detected
2026-01-14 17:21:53 - watchfiles.main - INFO - 1 change detected
2026-01-14 17:21:53 - watchfiles.main - INFO - 1 change detected
2026-01-14 17:21:54 - watchfiles.main - INFO - 1 change detected
2026-01-14 17:21:54 - watchfiles.main - INFO - 1 change detected
2026-01-14 17:21:55 - watchfiles.main - INFO - 1 change detected
2026-01-14 17:21:55 - watchfiles.main - INFO - 1 change detected
2026-01-14 17:21:55 - watchfiles.main - INFO - 1 change detected
2026-01-14 17:21:56 - watchfiles.main - INFO - 1 change detected
2026-01-14 17:21:56 - watchfiles.main - INFO - 1 change detected
2026-01-14 17:21:57 - watchfiles.main - INFO - 1 change detected
2026-01-14 17:21:57 - watchfiles.main - INFO - 1 change detected
2026-01-14 17:21:57 - watchfiles.main - INFO - 1 change detected
2026-01-14 17:21:58 - watchfiles.main - INFO - 1 change detected
2026-01-14 17:21:58 - watchfiles.main - INFO - 1 change detected
2026-01-14 17:21:59 - watchfiles.main - INFO - 1 change detected
2026-01-14 17:21:59 - watchfiles.main - INFO - 1 change detected
2026-01-14 17:21:59 - watchfiles.main - INFO - 1 change detected
2026-01-14 17:22:00 - watchfiles.main - INFO - 1 change detected
2026-01-14 17:22:00 - watchfiles.main - INFO - 1 change detected
2026-01-14 17:22:01 - watchfiles.main - INFO - 1 change detected
2026-01-14 17:22:01 - watchfiles.main - INFO - 1 change detected
2026-01-14 17:22:01 - app.core.logging - INFO - 📋 Logging configured - Level: INFO, File: C:\Users\Balmukund.Mishra\Desktop\NEO\Neo-Chatbot\backend\logs\chatbot_20260114.log
2026-01-14 17:22:01 - watchfiles.main - INFO - 6 changes detected
2026-01-14 17:22:01 - app.core.logging - INFO - 📋 Logging configured - Level: INFO, File: C:\Users\Balmukund.Mishra\Desktop\NEO\Neo-Chatbot\backend\logs\chatbot_20260114.log
2026-01-14 17:22:02 - watchfiles.main - INFO - 1 change detected
2026-01-14 17:22:02 - watchfiles.main - INFO - 1 change detected
2026-01-14 17:22:02 - watchfiles.main - INFO - 1 change detected
2026-01-14 17:22:03 - watchfiles.main - INFO - 1 change detected
2026-01-14 17:22:03 - watchfiles.main - INFO - 1 change detected
2026-01-14 17:22:04 - watchfiles.main - INFO - 1 change detected
2026-01-14 17:22:04 - watchfiles.main - INFO - 1 change detected
2026-01-14 17:22:04 - watchfiles.main - INFO - 1 change detected
2026-01-14 17:22:05 - watchfiles.main - INFO - 1 change detected
2026-01-14 17:22:05 - watchfiles.main - INFO - 1 change detected
2026-01-14 17:22:06 - watchfiles.main - INFO - 1 change detected
2026-01-14 17:22:06 - watchfiles.main - INFO - 1 change detected
2026-01-14 17:22:06 - watchfiles.main - INFO - 1 change detected
2026-01-14 17:22:07 - watchfiles.main - INFO - 1 change detected
2026-01-14 17:22:07 - watchfiles.main - INFO - 1 change detected
2026-01-14 17:22:08 - watchfiles.main - INFO - 1 change detected
2026-01-14 17:22:08 - watchfiles.main - INFO - 1 change detected
2026-01-14 17:22:08 - watchfiles.main - INFO - 1 change detected
2026-01-14 17:22:09 - watchfiles.main - INFO - 1 change detected
2026-01-14 17:22:09 - watchfiles.main - INFO - 1 change detected
2026-01-14 17:22:10 - watchfiles.main - INFO - 1 change detected
2026-01-14 17:22:10 - watchfiles.main - INFO - 1 change detected
2026-01-14 17:22:10 - watchfiles.main - INFO - 1 change detected
2026-01-14 17:22:11 - watchfiles.main - INFO - 1 change detected
2026-01-14 17:22:11 - watchfiles.main - INFO - 1 change detected
2026-01-14 17:22:12 - watchfiles.main - INFO - 1 change detected
2026-01-14 17:22:12 - watchfiles.main - INFO - 1 change detected
2026-01-14 17:22:12 - watchfiles.main - INFO - 1 change detected
2026-01-14 17:22:13 - watchfiles.main - INFO - 1 change detected
2026-01-14 17:22:13 - watchfiles.main - INFO - 1 change detected
2026-01-14 17:22:14 - watchfiles.main - INFO - 1 change detected
2026-01-14 17:22:14 - watchfiles.main - INFO - 1 change detected
2026-01-14 17:22:14 - watchfiles.main - INFO - 1 change detected
2026-01-14 17:22:15 - watchfiles.main - INFO - 1 change detected
2026-01-14 17:22:15 - watchfiles.main - INFO - 1 change detected
2026-01-14 17:22:16 - watchfiles.main - INFO - 1 change detected
2026-01-14 17:22:16 - watchfiles.main - INFO - 1 change detected
2026-01-14 17:22:16 - watchfiles.main - INFO - 1 change detected
2026-01-14 17:22:17 - watchfiles.main - INFO - 1 change detected
2026-01-14 17:22:17 - watchfiles.main - INFO - 1 change detected
2026-01-14 17:22:18 - watchfiles.main - INFO - 1 change detected
2026-01-14 17:22:18 - watchfiles.main - INFO - 1 change detected
2026-01-14 17:22:18 - watchfiles.main - INFO - 1 change detected
2026-01-14 17:22:19 - watchfiles.main - INFO - 1 change detected
2026-01-14 17:22:19 - watchfiles.main - INFO - 1 change detected
2026-01-14 17:22:20 - watchfiles.main - INFO - 1 change detected
2026-01-14 17:22:20 - watchfiles.main - INFO - 1 change detected
2026-01-14 17:22:20 - watchfiles.main - INFO - 1 change detected
2026-01-14 17:22:21 - watchfiles.main - INFO - 1 change detected
2026-01-14 17:22:21 - watchfiles.main - INFO - 1 change detected
2026-01-14 17:22:22 - watchfiles.main - INFO - 1 change detected
2026-01-14 17:22:22 - watchfiles.main - INFO - 1 change detected
2026-01-14 17:22:22 - watchfiles.main - INFO - 1 change detected
2026-01-14 17:22:23 - watchfiles.main - INFO - 1 change detected
2026-01-14 17:22:23 - watchfiles.main - INFO - 1 change detected
2026-01-14 17:22:24 - watchfiles.main - INFO - 1 change detected
2026-01-14 17:22:24 - watchfiles.main - INFO - 1 change detected
2026-01-14 17:22:24 - watchfiles.main - INFO - 1 change detected
2026-01-14 17:22:25 - watchfiles.main - INFO - 1 change detected
2026-01-14 17:22:25 - watchfiles.main - INFO - 1 change detected
2026-01-14 17:22:26 - watchfiles.main - INFO - 1 change detected
2026-01-14 17:22:26 - watchfiles.main - INFO - 1 change detected
2026-01-14 17:22:26 - watchfiles.main - INFO - 1 change detected
2026-01-14 17:22:27 - watchfiles.main - INFO - 1 change detected
2026-01-14 17:22:27 - watchfiles.main - INFO - 1 change detected
2026-01-14 17:22:28 - watchfiles.main - INFO - 1 change detected
2026-01-14 17:22:28 - watchfiles.main - INFO - 1 change detected
2026-01-14 17:22:29 - watchfiles.main - INFO - 1 change detected
2026-01-14 17:22:29 - watchfiles.main - INFO - 1 change detected
2026-01-14 17:22:29 - watchfiles.main - INFO - 1 change detected
2026-01-14 17:22:30 - watchfiles.main - INFO - 1 change detected
2026-01-14 17:22:30 - watchfiles.main - INFO - 1 change detected
2026-01-14 17:22:31 - watchfiles.main - INFO - 1 change detected
2026-01-14 17:22:31 - watchfiles.main - INFO - 1 change detected
2026-01-14 17:22:31 - watchfiles.main - INFO - 1 change detected
2026-01-14 17:22:32 - watchfiles.main - INFO - 1 change detected
2026-01-14 17:22:32 - watchfiles.main - INFO - 1 change detected
2026-01-14 17:22:33 - watchfiles.main - INFO - 1 change detected
2026-01-14 17:22:33 - watchfiles.main - INFO - 1 change detected
2026-01-14 17:22:33 - watchfiles.main - INFO - 1 change detected
2026-01-14 17:22:34 - watchfiles.main - INFO - 1 change detected
2026-01-14 17:22:34 - watchfiles.main - INFO - 1 change detected
2026-01-14 17:22:35 - watchfiles.main - INFO - 1 change detected
2026-01-14 17:22:35 - watchfiles.main - INFO - 1 change detected
2026-01-14 17:22:35 - watchfiles.main - INFO - 1 change detected
2026-01-14 17:22:36 - watchfiles.main - INFO - 1 change detected
2026-01-14 17:22:36 - watchfiles.main - INFO - 1 change detected
2026-01-14 17:22:37 - watchfiles.main - INFO - 1 change detected
2026-01-14 17:22:37 - watchfiles.main - INFO - 1 change detected
2026-01-14 17:22:37 - watchfiles.main - INFO - 1 change detected
2026-01-14 17:22:38 - watchfiles.main - INFO - 1 change detected
2026-01-14 17:22:39 - watchfiles.main - INFO - 1 change detected
2026-01-14 17:22:39 - watchfiles.main - INFO - 1 change detected
2026-01-14 17:22:39 - watchfiles.main - INFO - 1 change detected
2026-01-14 17:22:40 - watchfiles.main - INFO - 1 change detected
2026-01-14 17:22:40 - watchfiles.main - INFO - 1 change detected
2026-01-14 17:22:41 - watchfiles.main - INFO - 1 change detected
2026-01-14 17:22:41 - watchfiles.main - INFO - 1 change detected
2026-01-14 17:22:41 - watchfiles.main - INFO - 1 change detected
2026-01-14 17:22:42 - watchfiles.main - INFO - 1 change detected
2026-01-14 17:22:42 - watchfiles.main - INFO - 1 change detected
2026-01-14 17:22:43 - watchfiles.main - INFO - 1 change detected
2026-01-14 17:22:43 - watchfiles.main - INFO - 1 change detected
2026-01-14 17:22:43 - watchfiles.main - INFO - 1 change detected
2026-01-14 17:22:44 - watchfiles.main - INFO - 1 change detected
2026-01-14 17:22:44 - watchfiles.main - INFO - 1 change detected
2026-01-14 17:22:45 - watchfiles.main - INFO - 1 change detected
2026-01-14 17:22:45 - watchfiles.main - INFO - 1 change detected
2026-01-14 17:22:45 - watchfiles.main - INFO - 1 change detected
2026-01-14 17:22:46 - watchfiles.main - INFO - 1 change detected
2026-01-14 17:22:46 - watchfiles.main - INFO - 1 change detected
2026-01-14 17:22:47 - watchfiles.main - INFO - 1 change detected
2026-01-14 17:22:47 - watchfiles.main - INFO - 1 change detected
2026-01-14 17:22:47 - watchfiles.main - INFO - 1 change detected
2026-01-14 17:22:48 - watchfiles.main - INFO - 1 change detected
2026-01-14 17:22:48 - watchfiles.main - INFO - 1 change detected
2026-01-14 17:22:49 - watchfiles.main - INFO - 1 change detected
2026-01-14 17:22:49 - watchfiles.main - INFO - 1 change detected
2026-01-14 17:22:49 - watchfiles.main - INFO - 1 change detected
2026-01-14 17:22:50 - watchfiles.main - INFO - 1 change detected
2026-01-14 17:22:50 - watchfiles.main - INFO - 1 change detected
2026-01-14 17:22:51 - watchfiles.main - INFO - 1 change detected
2026-01-14 17:22:51 - watchfiles.main - INFO - 1 change detected
2026-01-14 17:22:51 - watchfiles.main - INFO - 1 change detected
2026-01-14 17:22:52 - watchfiles.main - INFO - 1 change detected
2026-01-14 17:22:52 - watchfiles.main - INFO - 1 change detected
2026-01-14 17:22:53 - watchfiles.main - INFO - 1 change detected
2026-01-14 17:22:53 - watchfiles.main - INFO - 1 change detected
2026-01-14 17:22:53 - watchfiles.main - INFO - 1 change detected
2026-01-14 17:22:54 - watchfiles.main - INFO - 1 change detected
2026-01-14 17:22:54 - watchfiles.main - INFO - 1 change detected
2026-01-14 17:22:55 - watchfiles.main - INFO - 1 change detected
2026-01-14 17:22:55 - watchfiles.main - INFO - 1 change detected
2026-01-14 17:22:55 - watchfiles.main - INFO - 1 change detected
2026-01-14 17:22:56 - watchfiles.main - INFO - 1 change detected
2026-01-14 17:22:56 - watchfiles.main - INFO - 1 change detected
2026-01-14 17:22:57 - watchfiles.main - INFO - 1 change detected
2026-01-14 17:22:57 - watchfiles.main - INFO - 1 change detected
2026-01-14 17:22:57 - watchfiles.main - INFO - 1 change detected
2026-01-14 17:22:58 - watchfiles.main - INFO - 1 change detected
2026-01-14 17:22:58 - watchfiles.main - INFO - 1 change detected
2026-01-14 17:22:59 - watchfiles.main - INFO - 1 change detected
2026-01-14 17:22:59 - watchfiles.main - INFO - 1 change detected
2026-01-14 17:22:59 - watchfiles.main - INFO - 1 change detected
2026-01-14 17:23:00 - watchfiles.main - INFO - 1 change detected
2026-01-14 17:23:00 - watchfiles.main - INFO - 1 change detected
2026-01-14 17:23:01 - watchfiles.main - INFO - 1 change detected
2026-01-14 17:23:01 - watchfiles.main - INFO - 1 change detected
2026-01-14 17:23:01 - watchfiles.main - INFO - 1 change detected
2026-01-14 17:23:02 - watchfiles.main - INFO - 1 change detected
2026-01-14 17:23:02 - watchfiles.main - INFO - 1 change detected
2026-01-14 17:23:03 - watchfiles.main - INFO - 1 change detected
2026-01-14 17:23:03 - watchfiles.main - INFO - 1 change detected
2026-01-14 17:23:03 - watchfiles.main - INFO - 1 change detected
2026-01-14 17:23:04 - watchfiles.main - INFO - 1 change detected
2026-01-14 17:23:04 - watchfiles.main - INFO - 1 change detected
2026-01-14 17:23:05 - watchfiles.main - INFO - 1 change detected
2026-01-14 17:23:05 - watchfiles.main - INFO - 1 change detected
2026-01-14 17:23:06 - watchfiles.main - INFO - 1 change detected
2026-01-14 17:23:06 - watchfiles.main - INFO - 1 change detected
2026-01-14 17:23:06 - watchfiles.main - INFO - 1 change detected
2026-01-14 17:23:07 - watchfiles.main - INFO - 1 change detected
2026-01-14 17:23:07 - watchfiles.main - INFO - 1 change detected
2026-01-14 17:23:08 - watchfiles.main - INFO - 1 change detected
2026-01-14 17:23:08 - watchfiles.main - INFO - 1 change detected
2026-01-14 17:23:08 - watchfiles.main - INFO - 1 change detected
2026-01-14 17:23:09 - watchfiles.main - INFO - 1 change detected
2026-01-14 17:23:09 - watchfiles.main - INFO - 1 change detected
2026-01-14 17:23:10 - watchfiles.main - INFO - 1 change detected
2026-01-14 17:23:10 - watchfiles.main - INFO - 1 change detected
2026-01-14 17:23:10 - watchfiles.main - INFO - 1 change detected
2026-01-14 17:23:11 - watchfiles.main - INFO - 1 change detected
2026-01-14 17:23:11 - watchfiles.main - INFO - 1 change detected
2026-01-14 17:23:12 - watchfiles.main - INFO - 1 change detected
2026-01-14 17:23:12 - watchfiles.main - INFO - 1 change detected
2026-01-14 17:23:12 - watchfiles.main - INFO - 1 change detected
2026-01-14 17:23:13 - watchfiles.main - INFO - 1 change detected
2026-01-14 17:23:13 - watchfiles.main - INFO - 1 change detected
2026-01-14 17:23:14 - watchfiles.main - INFO - 1 change detected
2026-01-14 17:23:14 - watchfiles.main - INFO - 1 change detected
2026-01-14 17:23:14 - watchfiles.main - INFO - 1 change detected
2026-01-14 17:23:15 - watchfiles.main - INFO - 1 change detected
2026-01-14 17:23:15 - watchfiles.main - INFO - 1 change detected
2026-01-14 17:23:16 - watchfiles.main - INFO - 1 change detected
2026-01-14 17:23:16 - watchfiles.main - INFO - 1 change detected
2026-01-14 17:23:16 - watchfiles.main - INFO - 1 change detected
2026-01-14 17:23:17 - watchfiles.main - INFO - 1 change detected
2026-01-14 17:23:17 - watchfiles.main - INFO - 1 change detected
2026-01-14 17:23:18 - watchfiles.main - INFO - 1 change detected
2026-01-14 17:23:18 - watchfiles.main - INFO - 1 change detected
2026-01-14 17:23:18 - watchfiles.main - INFO - 1 change detected
2026-01-14 17:23:19 - watchfiles.main - INFO - 1 change detected
2026-01-14 17:23:19 - watchfiles.main - INFO - 1 change detected
2026-01-14 17:23:20 - watchfiles.main - INFO - 1 change detected
2026-01-14 17:23:20 - watchfiles.main - INFO - 1 change detected
2026-01-14 17:23:20 - watchfiles.main - INFO - 1 change detected
2026-01-14 17:23:21 - watchfiles.main - INFO - 1 change detected
2026-01-14 17:23:21 - watchfiles.main - INFO - 1 change detected
2026-01-14 17:23:22 - watchfiles.main - INFO - 1 change detected
2026-01-14 17:23:22 - watchfiles.main - INFO - 1 change detected
2026-01-14 17:23:22 - watchfiles.main - INFO - 1 change detected
2026-01-14 17:23:23 - watchfiles.main - INFO - 1 change detected
2026-01-14 17:23:23 - watchfiles.main - INFO - 1 change detected
2026-01-14 17:23:24 - watchfiles.main - INFO - 1 change detected
2026-01-14 17:23:24 - watchfiles.main - INFO - 1 change detected
2026-01-14 17:23:24 - watchfiles.main - INFO - 1 change detected
2026-01-14 17:23:25 - watchfiles.main - INFO - 1 change detected
2026-01-14 17:23:25 - watchfiles.main - INFO - 1 change detected
2026-01-14 17:23:26 - watchfiles.main - INFO - 1 change detected
2026-01-14 17:23:26 - watchfiles.main - INFO - 1 change detected
2026-01-14 17:23:26 - watchfiles.main - INFO - 1 change detected
2026-01-14 17:23:27 - watchfiles.main - INFO - 1 change detected
2026-01-14 17:23:27 - watchfiles.main - INFO - 1 change detected
2026-01-14 17:23:28 - watchfiles.main - INFO - 1 change detected
2026-01-14 17:23:28 - watchfiles.main - INFO - 1 change detected
2026-01-14 17:23:28 - watchfiles.main - INFO - 1 change detected
2026-01-14 17:23:29 - watchfiles.main - INFO - 1 change detected
2026-01-14 17:23:29 - watchfiles.main - INFO - 1 change detected
2026-01-14 17:23:30 - watchfiles.main - INFO - 1 change detected
2026-01-14 17:23:30 - watchfiles.main - INFO - 1 change detected
2026-01-14 17:23:31 - watchfiles.main - INFO - 1 change detected
2026-01-14 17:23:31 - watchfiles.main - INFO - 1 change detected
2026-01-14 17:23:31 - watchfiles.main - INFO - 1 change detected
2026-01-14 17:23:32 - watchfiles.main - INFO - 1 change detected
2026-01-14 17:23:32 - watchfiles.main - INFO - 1 change detected
2026-01-14 17:23:33 - watchfiles.main - INFO - 1 change detected
2026-01-14 17:23:33 - watchfiles.main - INFO - 1 change detected
2026-01-14 17:23:33 - watchfiles.main - INFO - 1 change detected
2026-01-14 17:23:34 - watchfiles.main - INFO - 1 change detected
2026-01-14 17:23:34 - watchfiles.main - INFO - 1 change detected
2026-01-14 17:23:35 - watchfiles.main - INFO - 1 change detected
2026-01-14 17:23:35 - watchfiles.main - INFO - 1 change detected
2026-01-14 17:23:35 - watchfiles.main - INFO - 1 change detected
2026-01-14 17:23:36 - watchfiles.main - INFO - 1 change detected
2026-01-14 17:23:36 - watchfiles.main - INFO - 1 change detected
2026-01-14 17:23:37 - watchfiles.main - INFO - 1 change detected
2026-01-14 17:23:37 - watchfiles.main - INFO - 1 change detected
2026-01-14 17:23:37 - watchfiles.main - INFO - 1 change detected
2026-01-14 17:23:38 - watchfiles.main - INFO - 1 change detected
2026-01-14 17:23:38 - watchfiles.main - INFO - 1 change detected
2026-01-14 17:23:39 - watchfiles.main - INFO - 1 change detected
2026-01-14 17:23:39 - watchfiles.main - INFO - 1 change detected
2026-01-14 17:23:39 - watchfiles.main - INFO - 1 change detected
2026-01-14 17:23:40 - watchfiles.main - INFO - 1 change detected
2026-01-14 17:23:40 - watchfiles.main - INFO - 1 change detected
2026-01-14 17:23:41 - watchfiles.main - INFO - 1 change detected
2026-01-14 17:23:41 - watchfiles.main - INFO - 1 change detected
2026-01-14 17:23:41 - watchfiles.main - INFO - 1 change detected
2026-01-14 17:23:42 - watchfiles.main - INFO - 1 change detected
2026-01-14 17:23:42 - watchfiles.main - INFO - 1 change detected
2026-01-14 17:23:43 - watchfiles.main - INFO - 1 change detected
2026-01-14 17:23:43 - watchfiles.main - INFO - 1 change detected
2026-01-14 17:23:43 - watchfiles.main - INFO - 1 change detected
2026-01-14 17:23:44 - watchfiles.main - INFO - 1 change detected
2026-01-14 17:23:44 - watchfiles.main - INFO - 1 change detected
2026-01-14 17:23:45 - watchfiles.main - INFO - 1 change detected
2026-01-14 17:23:45 - watchfiles.main - INFO - 1 change detected
2026-01-14 17:23:45 - watchfiles.main - INFO - 1 change detected
2026-01-14 17:23:46 - watchfiles.main - INFO - 1 change detected
2026-01-14 17:23:46 - watchfiles.main - INFO - 1 change detected
2026-01-14 17:23:47 - watchfiles.main - INFO - 1 change detected
2026-01-14 17:23:47 - watchfiles.main - INFO - 1 change detected
2026-01-14 17:23:47 - watchfiles.main - INFO - 1 change detected
2026-01-14 17:23:48 - watchfiles.main - INFO - 1 change detected
2026-01-14 17:23:48 - watchfiles.main - INFO - 1 change detected
2026-01-14 17:23:49 - watchfiles.main - INFO - 1 change detected
2026-01-14 17:23:49 - watchfiles.main - INFO - 1 change detected
2026-01-14 17:23:49 - watchfiles.main - INFO - 1 change detected
2026-01-14 17:23:50 - watchfiles.main - INFO - 1 change detected
2026-01-14 17:23:50 - watchfiles.main - INFO - 1 change detected
2026-01-14 17:23:51 - watchfiles.main - INFO - 1 change detected
2026-01-14 17:23:51 - watchfiles.main - INFO - 1 change detected
2026-01-14 17:23:51 - watchfiles.main - INFO - 1 change detected
2026-01-14 17:23:52 - watchfiles.main - INFO - 1 change detected
2026-01-14 17:23:52 - watchfiles.main - INFO - 1 change detected
2026-01-14 17:23:53 - watchfiles.main - INFO - 1 change detected
2026-01-14 17:23:53 - watchfiles.main - INFO - 1 change detected
2026-01-14 17:23:54 - watchfiles.main - INFO - 1 change detected
2026-01-14 17:23:54 - watchfiles.main - INFO - 1 change detected
2026-01-14 17:23:54 - watchfiles.main - INFO - 1 change detected
2026-01-14 17:23:55 - watchfiles.main - INFO - 1 change detected
2026-01-14 17:23:55 - watchfiles.main - INFO - 1 change detected
2026-01-14 17:23:55 - watchfiles.main - INFO - 1 change detected
2026-01-14 17:23:56 - watchfiles.main - INFO - 1 change detected
2026-01-14 17:23:56 - watchfiles.main - INFO - 1 change detected
2026-01-14 17:23:57 - watchfiles.main - INFO - 1 change detected
2026-01-14 17:23:57 - watchfiles.main - INFO - 1 change detected
2026-01-14 17:23:58 - watchfiles.main - INFO - 1 change detected
2026-01-14 17:23:58 - watchfiles.main - INFO - 1 change detected
2026-01-14 17:23:58 - watchfiles.main - INFO - 1 change detected
2026-01-14 17:23:59 - watchfiles.main - INFO - 1 change detected
2026-01-14 17:23:59 - watchfiles.main - INFO - 1 change detected
2026-01-14 17:24:00 - watchfiles.main - INFO - 1 change detected
2026-01-14 17:24:00 - watchfiles.main - INFO - 1 change detected
2026-01-14 17:24:00 - watchfiles.main - INFO - 1 change detected
2026-01-14 17:24:01 - watchfiles.main - INFO - 1 change detected
2026-01-14 17:24:01 - watchfiles.main - INFO - 1 change detected
2026-01-14 17:24:02 - watchfiles.main - INFO - 1 change detected
2026-01-14 17:24:02 - watchfiles.main - INFO - 1 change detected
2026-01-14 17:24:02 - watchfiles.main - INFO - 1 change detected
2026-01-14 17:24:03 - watchfiles.main - INFO - 1 change detected
2026-01-14 17:24:03 - watchfiles.main - INFO - 1 change detected
2026-01-14 17:24:04 - watchfiles.main - INFO - 1 change detected
2026-01-14 17:24:04 - watchfiles.main - INFO - 1 change detected
2026-01-14 17:24:04 - watchfiles.main - INFO - 1 change detected
2026-01-14 17:24:05 - watchfiles.main - INFO - 1 change detected
2026-01-14 17:24:05 - watchfiles.main - INFO - 1 change detected
2026-01-14 17:24:06 - watchfiles.main - INFO - 1 change detected
2026-01-14 17:41:29 - app.core.logging - INFO - 📋 Logging configured - Level: INFO, File: C:\Users\Balmukund.Mishra\Desktop\NEO\Neo-Chatbot\backend\logs\chatbot_20260114.log
2026-01-14 17:42:02 - app.api.chatbot_endpoints - INFO - 📨 Chat request: type=ChatbotType.KNOWLEDGE_BASE, message=bot - 0001 stopped without any error on ground...
2026-01-14 17:42:02 - app.api.chatbot_endpoints - INFO - 📚 Using traditional Knowledge Base service
2026-01-14 17:42:02 - app.services.knowledge_base_service - INFO - 🔍 Processing knowledge base query: bot - 0001 stopped without any error on ground...
2026-01-14 17:42:02 - app.services.knowledge_base_service - INFO - 🔧 Detected troubleshooting query, checking diagnostic database...
2026-01-14 17:42:02 - app.services.diagnostic_support_service - INFO - 🔍 Searching for: 'bot - 0001 stopped without any error on ground' | Terms: {'ground', '-', 'bot', 'error', 'stopped', 'without', '0001'} | Searching 0 issues
2026-01-14 17:42:02 - app.services.diagnostic_support_service - WARNING - ⚠️ No matches found for: 'bot - 0001 stopped without any error on ground'
2026-01-14 17:42:02 - app.services.knowledge_base_service - INFO - 📊 Query classified as: EXPLORATORY
2026-01-14 17:42:05 - app.services.vector_store_service - INFO - 📊 Balanced search: 8 results from 1 categories
2026-01-14 17:42:07 - app.services.rlhf_service - WARNING - ⚠️ Skipping DB insert - chat_id 'chat_0494ea9a47664fcc' does not exist in chatbot_chat_history. Feedback saved to JSONL only for feedback_id: 96e92984-cf3e-46d6-8799-3d62c1d6902f
2026-01-14 17:42:07 - app.services.rlhf_service - INFO - 📝 Feedback recorded: knowledge_base | neutral | Reward: 0.10
2026-01-14 17:42:07 - app.api.chatbot_endpoints - INFO - ✅ Chat response generated: confidence=0.76
2026-01-14 17:42:58 - app.api.chatbot_endpoints - INFO - 📨 Chat request: type=ChatbotType.DIAGNOSTIC, message=bot - 0001 stopped without any error on ground...
2026-01-14 17:42:58 - app.services.diagnostic_service - INFO - 🔍 Processing diagnostic query: bot - 0001 stopped without any error on ground...
2026-01-14 17:42:58 - app.services.diagnostic_support_service - INFO - ✅ Diagnostic Support Service initialized
2026-01-14 17:42:58 - app.services.diagnostic_support_service - INFO -    Bot-level issues: 0
2026-01-14 17:42:58 - app.services.diagnostic_support_service - INFO -    Station-level issues: 0
2026-01-14 17:42:58 - app.services.diagnostic_support_service - INFO - 🔍 Searching for: 'bot - 0001 stopped without any error on ground' | Terms: {'ground', '-', 'bot', 'error', 'stopped', 'without', '0001'} | Searching 0 issues
2026-01-14 17:42:58 - app.services.diagnostic_support_service - WARNING - ⚠️ No matches found for: 'bot - 0001 stopped without any error on ground'
2026-01-14 17:42:58 - app.services.diagnostic_service - INFO - ⚠️ No good CSV matches found (best: 0%), using AI-powered analysis...
2026-01-14 17:42:58 - app.services.intelligent_diagnostic_service - INFO - 🔍 Starting intelligent diagnosis with self-improving loop: bot - 0001 stopped without any error on ground...
2026-01-14 17:42:58 - app.services.intelligent_diagnostic_service - INFO - 🎯 Intent classified: TROUBLESHOOT - The user query indicates a problem with a specific bot stopping without an error, which suggests they are looking for help in diagnosing and resolving the issue. The query does not ask for data, explanations of criteria, recommendations, or SQL queries, making 'TROUBLESHOOT' the most appropriate intent type. A diagnostic response style is suitable as it involves identifying the root cause and providing steps to resolve the issue.
2026-01-14 17:42:58 - app.services.intelligent_diagnostic_service - INFO - 🎯 Response format: diagnostic
2026-01-14 17:42:59 - app.services.intelligent_diagnostic_service - INFO - 📊 Problem analysis: {'component': 'bot', 'symptom': 'unknown', 'entity': 'general', 'severity': 'high', 'likely_tables': ['task_master', 'bot_master', 'order_bin_mapping'], 'keywords': ['bot', '-', '0001', 'stopped', 'without']}
2026-01-14 17:42:59 - app.services.diagnostic_support_service - INFO - 🔍 Searching for: 'bot - 0001 stopped without any error on ground' | Terms: {'ground', '-', 'bot', 'error', 'stopped', 'without', '0001'} | Searching 0 issues
2026-01-14 17:42:59 - app.services.diagnostic_support_service - WARNING - ⚠️ No matches found for: 'bot - 0001 stopped without any error on ground'
2026-01-14 17:42:59 - app.services.intelligent_diagnostic_service - INFO - 📋 Retrieved 33 columns for table bot_master
2026-01-14 17:42:59 - app.services.intelligent_diagnostic_service - INFO - 📋 Retrieved 33 columns for table bot_master
2026-01-14 17:42:59 - app.services.intelligent_diagnostic_service - INFO - 📋 Retrieved 33 columns for table bot_master
2026-01-14 17:42:59 - app.services.intelligent_diagnostic_service - WARNING - ⚠️ Invalid columns in query for bot_master: ['* as total_bots', "CASE WHEN STATUS='ACTIVE' THEN 1 ELSE 0 END as active_bots"]
2026-01-14 17:42:59 - app.services.intelligent_diagnostic_service - INFO - ✓ Available columns: ['BOT_MASTER_ID', 'BOT_ID', 'STATUS', 'COUNTER', 'AUTO_MANUAL', 'ACTIVITY_REQUEST', 'BATTERY', 'BATTERY_HEALTH', 'IP', 'PORT', 'SIM_PORT', 'GRIDX', 'GRIDY', 'GRIDZ', 'ACTIVE_AXIS', 'LOAD_CONDITION', 'UPDATED_TIMESTAMP', 'ALARM', 'ALARM_TYPE', 'RECOVERY_BIN_LOAD_STATUS', 'STATION_SAFETY_VALUE', 'BATTERY_VOLTS', 'AH_REMAINING_PERCENTAGE', 'AH_REMAINING_NORMAL', 'RECOVERY_BIT', 'NON_RECOVERY_BIT', 'LOAD_NON_RECOVERY_BIT', 'CHARGING_BIT', 'BIN_ALREDY_PRSENT_RECOVERY_', 'SLIDER_RECOVERY_FAIL_ALARM_BIT', 'SLIDER_RECOVERY_FAIL_TRUE', 'SLIDER_RECOVERY_FAIL_FALSE', 'DSB_TMM_Z_AXIS_ACKNOWLEDGEMENT']
2026-01-14 17:42:59 - app.services.intelligent_diagnostic_service - WARNING - ⚠️ Query uses invalid columns for bot_master: ['* as total_bots', "CASE WHEN STATUS='ACTIVE' THEN 1 ELSE 0 END as active_bots"]
2026-01-14 17:42:59 - app.services.intelligent_diagnostic_service - INFO - ✅ Generated 1 queries using valid tables: {'bot_master'}
2026-01-14 17:42:59 - app.services.intelligent_diagnostic_service - INFO - Generated 1 diagnostic queries for bot/unknown
2026-01-14 17:42:59 - app.services.intelligent_diagnostic_service - INFO - 🔍 Executing: Check bot inventory
2026-01-14 17:43:00 - app.services.sql_assistant_service - INFO - ✅ Query executed: 1 rows returned
2026-01-14 17:43:00 - app.services.intelligent_diagnostic_service - INFO - ✅ Found 1 records
2026-01-14 17:43:01 - app.services.intelligent_diagnostic_service - ERROR - Error searching documentation: 'content'
2026-01-14 17:43:01 - app.services.intelligent_diagnostic_service - INFO - 🔁 Diagnosis refinement iteration 1/3
2026-01-14 17:43:01 - app.services.intelligent_diagnostic_service - INFO - 📋 Retrieved 33 columns for table bot_master
2026-01-14 17:43:01 - app.services.intelligent_diagnostic_service - INFO - 📋 Retrieved 33 columns for table bot_master
2026-01-14 17:43:01 - app.services.sql_assistant_service - INFO - ✅ Query executed: 0 rows returned
2026-01-14 17:43:01 - app.services.intelligent_diagnostic_service - INFO - 📊 Found 0 distinct values for bot_master.STATUS
2026-01-14 17:43:03 - app.services.intelligent_diagnostic_service - INFO - 🧑‍⚖️ Diagnosis Judge (iteration 1): satisfactory=False, confidence=0.30
2026-01-14 17:43:03 - app.services.intelligent_diagnostic_service - INFO - 🧑‍⚖️ Judge: satisfactory=False, confidence=0.30
2026-01-14 17:43:03 - app.services.intelligent_diagnostic_service - INFO - 🔄 Running 3 additional diagnostic queries based on judge feedback
2026-01-14 17:43:03 - app.services.intelligent_diagnostic_service - INFO - 🔍 Executing: Additional diagnostic based on judge feedback
2026-01-14 17:43:03 - app.services.sql_assistant_service - ERROR - ❌ Execution error: Execution failed on sql 'SELECT * FROM bot_alarm_log WHERE BOT_ID = '0001' ORDER BY TIMESTAMP DESC LIMIT 10': (1054, "Unknown column 'TIMESTAMP' in 'order clause'")
2026-01-14 17:43:03 - app.services.intelligent_diagnostic_service - WARNING - ⚠️ Query failed: Execution failed on sql 'SELECT * FROM bot_alarm_log WHERE BOT_ID = '0001' ORDER BY TIMESTAMP DESC LIMIT 10': (1054, "Unknown column 'TIMESTAMP' in 'order clause'")
2026-01-14 17:43:03 - app.services.intelligent_diagnostic_service - INFO - 🔍 Executing: Additional diagnostic based on judge feedback
2026-01-14 17:43:04 - app.services.sql_assistant_service - ERROR - ❌ Execution error: Execution failed on sql 'SELECT * FROM bin_configuration WHERE BOT_ID = '0001'': (1054, "Unknown column 'BOT_ID' in 'where clause'")
2026-01-14 17:43:04 - app.services.intelligent_diagnostic_service - WARNING - ⚠️ Query failed: Execution failed on sql 'SELECT * FROM bin_configuration WHERE BOT_ID = '0001'': (1054, "Unknown column 'BOT_ID' in 'where clause'")
2026-01-14 17:43:04 - app.services.intelligent_diagnostic_service - INFO - 🔍 Executing: Additional diagnostic based on judge feedback
2026-01-14 17:43:04 - app.services.sql_assistant_service - INFO - ✅ Query executed: 0 rows returned
2026-01-14 17:43:04 - app.services.intelligent_diagnostic_service - INFO - ⚠️ Query succeeded but returned 0 records
2026-01-14 17:43:04 - app.services.intelligent_diagnostic_service - INFO - ✨ Collected additional diagnostic data, continuing refinement
2026-01-14 17:43:04 - app.services.intelligent_diagnostic_service - INFO - 🔁 Diagnosis refinement iteration 2/3
2026-01-14 17:43:04 - app.services.intelligent_diagnostic_service - INFO - 📋 Retrieved 33 columns for table bot_master
2026-01-14 17:43:04 - app.services.intelligent_diagnostic_service - INFO - 📋 Retrieved 33 columns for table bot_master
2026-01-14 17:43:04 - app.services.sql_assistant_service - INFO - ✅ Query executed: 0 rows returned
2026-01-14 17:43:04 - app.services.intelligent_diagnostic_service - INFO - 📊 Found 0 distinct values for bot_master.STATUS
2026-01-14 17:43:06 - app.services.intelligent_diagnostic_service - INFO - 🧑‍⚖️ Diagnosis Judge (iteration 2): satisfactory=False, confidence=0.30
2026-01-14 17:43:06 - app.services.intelligent_diagnostic_service - INFO - 🧑‍⚖️ Judge: satisfactory=False, confidence=0.30
2026-01-14 17:43:06 - app.services.intelligent_diagnostic_service - INFO - 🔄 Running 3 additional diagnostic queries based on judge feedback
2026-01-14 17:43:06 - app.services.intelligent_diagnostic_service - INFO - 🔍 Executing: Additional diagnostic based on judge feedback
2026-01-14 17:43:06 - app.services.sql_assistant_service - INFO - ✅ Query executed: 0 rows returned
2026-01-14 17:43:06 - app.services.intelligent_diagnostic_service - INFO - ⚠️ Query succeeded but returned 0 records
2026-01-14 17:43:06 - app.services.intelligent_diagnostic_service - INFO - 🔍 Executing: Additional diagnostic based on judge feedback
2026-01-14 17:43:06 - app.services.sql_assistant_service - INFO - ✅ Query executed: 0 rows returned
2026-01-14 17:43:06 - app.services.intelligent_diagnostic_service - INFO - ⚠️ Query succeeded but returned 0 records
2026-01-14 17:43:06 - app.services.intelligent_diagnostic_service - INFO - 🔍 Executing: Additional diagnostic based on judge feedback
2026-01-14 17:43:06 - app.services.sql_assistant_service - INFO - ✅ Query executed: 0 rows returned
2026-01-14 17:43:06 - app.services.intelligent_diagnostic_service - INFO - ⚠️ Query succeeded but returned 0 records
2026-01-14 17:43:06 - app.services.intelligent_diagnostic_service - INFO - ✨ Collected additional diagnostic data, continuing refinement
2026-01-14 17:43:06 - app.services.intelligent_diagnostic_service - INFO - 🔁 Diagnosis refinement iteration 3/3
2026-01-14 17:43:06 - app.services.intelligent_diagnostic_service - INFO - 📋 Retrieved 33 columns for table bot_master
2026-01-14 17:43:06 - app.services.intelligent_diagnostic_service - INFO - 📋 Retrieved 33 columns for table bot_master
2026-01-14 17:43:06 - app.services.sql_assistant_service - INFO - ✅ Query executed: 0 rows returned
2026-01-14 17:43:06 - app.services.intelligent_diagnostic_service - INFO - 📊 Found 0 distinct values for bot_master.STATUS
2026-01-14 17:43:09 - app.services.intelligent_diagnostic_service - INFO - 🧑‍⚖️ Diagnosis Judge (iteration 3): satisfactory=False, confidence=0.40
2026-01-14 17:43:09 - app.services.intelligent_diagnostic_service - INFO - 🧑‍⚖️ Judge: satisfactory=False, confidence=0.40
2026-01-14 17:43:09 - app.services.intelligent_diagnostic_service - INFO - 🛑 Reached max iterations (3) - using best diagnosis
2026-01-14 17:43:09 - app.services.intelligent_diagnostic_service - INFO - 📈 Diagnosis refinement summary: 3 iterations, final confidence: 0.90
2026-01-14 17:43:09 - app.services.rlhf_service - WARNING - ⚠️ Skipping DB insert - chat_id 'chat_6f8cbb57279b461d' does not exist in chatbot_chat_history. Feedback saved to JSONL only for feedback_id: f7fff837-dcc8-429e-b722-d02c5507c3dd
2026-01-14 17:43:09 - app.services.rlhf_service - INFO - 📝 Feedback recorded: diagnostic_support | neutral | Reward: 0.10
2026-01-14 17:43:09 - app.api.chatbot_endpoints - INFO - ✅ Chat response generated: confidence=0.90
2026-01-14 17:44:32 - app.core.logging - INFO - 📋 Logging configured - Level: INFO, File: C:\Users\Balmukund.Mishra\Desktop\NEO\Neo-Chatbot\backend\logs\chatbot_20260114.log
2026-01-14 19:18:15 - app.core.logging - INFO - 📋 Logging configured - Level: INFO, File: C:\Users\Balmukund.Mishra\Desktop\NEO\Neo-Chatbot\backend\logs\chatbot_20260114.log
2026-01-14 19:18:15 - __main__ - INFO - 🚀 Starting NEO Chatbot server...
2026-01-14 19:19:16 - app.core.logging - INFO - 📋 Logging configured - Level: INFO, File: C:\Users\Balmukund.Mishra\Desktop\NEO\Neo-Chatbot\backend\logs\chatbot_20260114.log
2026-01-14 19:19:16 - app.core.logging - INFO - 📋 Logging configured - Level: INFO, File: C:\Users\Balmukund.Mishra\Desktop\NEO\Neo-Chatbot\backend\logs\chatbot_20260114.log
2026-01-14 19:19:16 - watchfiles.main - INFO - 1 change detected
2026-01-14 19:19:16 - watchfiles.main - INFO - 1 change detected
2026-01-14 19:19:17 - watchfiles.main - INFO - 1 change detected
2026-01-14 19:19:17 - watchfiles.main - INFO - 1 change detected
2026-01-14 19:19:18 - watchfiles.main - INFO - 1 change detected
2026-01-14 19:19:18 - watchfiles.main - INFO - 1 change detected
2026-01-14 19:19:18 - watchfiles.main - INFO - 1 change detected
2026-01-14 19:19:19 - watchfiles.main - INFO - 1 change detected
2026-01-14 19:19:19 - watchfiles.main - INFO - 1 change detected
2026-01-14 19:19:20 - watchfiles.main - INFO - 1 change detected
2026-01-14 19:19:20 - watchfiles.main - INFO - 1 change detected
2026-01-14 19:19:20 - watchfiles.main - INFO - 1 change detected
2026-01-14 19:19:21 - watchfiles.main - INFO - 1 change detected
2026-01-14 19:19:21 - watchfiles.main - INFO - 1 change detected
2026-01-14 19:19:22 - watchfiles.main - INFO - 1 change detected
2026-01-14 19:19:22 - watchfiles.main - INFO - 1 change detected
2026-01-14 19:19:22 - watchfiles.main - INFO - 1 change detected
2026-01-14 19:19:23 - watchfiles.main - INFO - 1 change detected
2026-01-14 19:19:23 - watchfiles.main - INFO - 1 change detected
2026-01-14 19:19:24 - watchfiles.main - INFO - 1 change detected
2026-01-14 19:19:24 - watchfiles.main - INFO - 1 change detected
2026-01-14 19:19:24 - watchfiles.main - INFO - 1 change detected
2026-01-14 19:19:25 - watchfiles.main - INFO - 1 change detected
2026-01-14 19:19:25 - watchfiles.main - INFO - 1 change detected
2026-01-14 19:19:26 - watchfiles.main - INFO - 1 change detected
2026-01-14 19:19:26 - watchfiles.main - INFO - 1 change detected
2026-01-14 19:19:27 - watchfiles.main - INFO - 1 change detected
2026-01-14 19:19:27 - watchfiles.main - INFO - 1 change detected
2026-01-14 19:19:27 - watchfiles.main - INFO - 1 change detected
2026-01-14 19:19:28 - watchfiles.main - INFO - 1 change detected
2026-01-14 19:19:28 - watchfiles.main - INFO - 1 change detected
2026-01-14 19:19:29 - watchfiles.main - INFO - 1 change detected
2026-01-14 19:19:29 - watchfiles.main - INFO - 1 change detected
2026-01-14 19:19:29 - watchfiles.main - INFO - 1 change detected
2026-01-14 19:19:30 - watchfiles.main - INFO - 1 change detected
2026-01-14 19:19:30 - watchfiles.main - INFO - 1 change detected
2026-01-14 19:19:31 - watchfiles.main - INFO - 1 change detected
2026-01-14 19:19:31 - watchfiles.main - INFO - 1 change detected
2026-01-14 19:19:31 - watchfiles.main - INFO - 1 change detected
2026-01-14 19:19:32 - watchfiles.main - INFO - 1 change detected
2026-01-14 19:19:32 - watchfiles.main - INFO - 1 change detected
2026-01-14 19:19:33 - watchfiles.main - INFO - 1 change detected
2026-01-14 19:19:33 - watchfiles.main - INFO - 1 change detected
2026-01-14 19:19:33 - app.api.chatbot_endpoints - INFO - 📨 Chat request: type=ChatbotType.DIAGNOSTIC, message=bot-0001 is not moving...
2026-01-14 19:19:33 - app.services.diagnostic_service - INFO - 🔍 Processing diagnostic query: bot-0001 is not moving...
2026-01-14 19:19:33 - app.services.diagnostic_support_service - INFO - ✅ Diagnostic Support Service initialized
2026-01-14 19:19:33 - app.services.diagnostic_support_service - INFO -    Bot-level issues: 0
2026-01-14 19:19:33 - app.services.diagnostic_support_service - INFO -    Station-level issues: 0
2026-01-14 19:19:33 - app.services.diagnostic_support_service - INFO - 🔍 Searching for: 'bot-0001 is not moving' | Terms: {'not', 'bot-0001', 'moving'} | Searching 0 issues
2026-01-14 19:19:33 - app.services.diagnostic_support_service - WARNING - ⚠️ No matches found for: 'bot-0001 is not moving'
2026-01-14 19:19:33 - app.services.diagnostic_service - INFO - ⚠️ No good CSV matches found (best: 0%), using AI-powered analysis...
2026-01-14 19:19:33 - app.services.intelligent_diagnostic_service - INFO - 🔍 Starting intelligent diagnosis with self-improving loop: bot-0001 is not moving...
2026-01-14 19:19:33 - watchfiles.main - INFO - 1 change detected
2026-01-14 19:19:34 - watchfiles.main - INFO - 1 change detected
2026-01-14 19:19:34 - watchfiles.main - INFO - 1 change detected
2026-01-14 19:19:34 - app.services.intelligent_diagnostic_service - INFO - 🎯 Intent classified: TROUBLESHOOT - The user query 'bot-0001 is not moving' indicates a problem with a specific bot, suggesting the user needs help diagnosing and resolving the issue. This aligns with the TROUBLESHOOT intent type, which involves identifying and potentially solving a problem. The response should include analysis of the potential cause and steps to resolve the issue, hence show_analysis and show_solution are set to true. The response style should be diagnostic to guide the user through troubleshooting.
2026-01-14 19:19:34 - app.services.intelligent_diagnostic_service - INFO - 🎯 Response format: diagnostic
2026-01-14 19:19:35 - watchfiles.main - INFO - 1 change detected
2026-01-14 19:19:35 - watchfiles.main - INFO - 1 change detected
2026-01-14 19:19:35 - app.services.intelligent_diagnostic_service - INFO - 📊 Problem analysis: {'component': 'bot', 'symptom': 'unknown', 'entity': 'general', 'severity': 'medium', 'likely_tables': ['task_master', 'bot_master', 'order_bin_mapping'], 'keywords': ['bot-0001', 'is', 'not', 'moving']}
2026-01-14 19:19:35 - app.services.diagnostic_support_service - INFO - 🔍 Searching for: 'bot-0001 is not moving' | Terms: {'not', 'bot-0001', 'moving'} | Searching 0 issues
2026-01-14 19:19:35 - app.services.diagnostic_support_service - WARNING - ⚠️ No matches found for: 'bot-0001 is not moving'
2026-01-14 19:19:35 - app.services.intelligent_diagnostic_service - INFO - 📋 Retrieved 33 columns for table bot_master
2026-01-14 19:19:35 - app.services.intelligent_diagnostic_service - INFO - 📋 Retrieved 33 columns for table bot_master
2026-01-14 19:19:35 - app.services.intelligent_diagnostic_service - INFO - 📋 Retrieved 33 columns for table bot_master
2026-01-14 19:19:35 - app.services.intelligent_diagnostic_service - WARNING - ⚠️ Invalid columns in query for bot_master: ['* as total_bots', "CASE WHEN STATUS='ACTIVE' THEN 1 ELSE 0 END as active_bots"]
2026-01-14 19:19:35 - app.services.intelligent_diagnostic_service - INFO - ✓ Available columns: ['BOT_MASTER_ID', 'BOT_ID', 'STATUS', 'COUNTER', 'AUTO_MANUAL', 'ACTIVITY_REQUEST', 'BATTERY', 'BATTERY_HEALTH', 'IP', 'PORT', 'SIM_PORT', 'GRIDX', 'GRIDY', 'GRIDZ', 'ACTIVE_AXIS', 'LOAD_CONDITION', 'UPDATED_TIMESTAMP', 'ALARM', 'ALARM_TYPE', 'RECOVERY_BIN_LOAD_STATUS', 'STATION_SAFETY_VALUE', 'BATTERY_VOLTS', 'AH_REMAINING_PERCENTAGE', 'AH_REMAINING_NORMAL', 'RECOVERY_BIT', 'NON_RECOVERY_BIT', 'LOAD_NON_RECOVERY_BIT', 'CHARGING_BIT', 'BIN_ALREDY_PRSENT_RECOVERY_', 'SLIDER_RECOVERY_FAIL_ALARM_BIT', 'SLIDER_RECOVERY_FAIL_TRUE', 'SLIDER_RECOVERY_FAIL_FALSE', 'DSB_TMM_Z_AXIS_ACKNOWLEDGEMENT']
2026-01-14 19:19:35 - app.services.intelligent_diagnostic_service - WARNING - ⚠️ Query uses invalid columns for bot_master: ['* as total_bots', "CASE WHEN STATUS='ACTIVE' THEN 1 ELSE 0 END as active_bots"]
2026-01-14 19:19:35 - app.services.intelligent_diagnostic_service - INFO - ✅ Generated 1 queries using valid tables: {'bot_master'}
2026-01-14 19:19:35 - app.services.intelligent_diagnostic_service - INFO - Generated 1 diagnostic queries for bot/unknown
2026-01-14 19:19:35 - app.services.intelligent_diagnostic_service - INFO - 🔍 Executing: Check bot inventory
2026-01-14 19:19:35 - watchfiles.main - INFO - 1 change detected
2026-01-14 19:19:36 - app.services.sql_assistant_service - INFO - ✅ Query executed: 1 rows returned
2026-01-14 19:19:36 - app.services.intelligent_diagnostic_service - INFO - ✅ Found 1 records
2026-01-14 19:19:36 - watchfiles.main - INFO - 1 change detected
2026-01-14 19:19:36 - watchfiles.main - INFO - 1 change detected
2026-01-14 19:19:37 - watchfiles.main - INFO - 1 change detected
2026-01-14 19:19:37 - watchfiles.main - INFO - 1 change detected
2026-01-14 19:19:37 - watchfiles.main - INFO - 1 change detected
2026-01-14 19:19:38 - app.services.intelligent_diagnostic_service - ERROR - Error searching documentation: 'content'
2026-01-14 19:19:38 - app.services.intelligent_diagnostic_service - INFO - 🔁 Diagnosis refinement iteration 1/3
2026-01-14 19:19:38 - app.services.intelligent_diagnostic_service - INFO - 📋 Retrieved 33 columns for table bot_master
2026-01-14 19:19:38 - app.services.intelligent_diagnostic_service - INFO - 📋 Retrieved 33 columns for table bot_master
2026-01-14 19:19:38 - app.services.sql_assistant_service - INFO - ✅ Query executed: 0 rows returned
2026-01-14 19:19:38 - app.services.intelligent_diagnostic_service - INFO - 📊 Found 0 distinct values for bot_master.STATUS
2026-01-14 19:19:38 - watchfiles.main - INFO - 1 change detected
2026-01-14 19:19:38 - watchfiles.main - INFO - 1 change detected
2026-01-14 19:19:39 - watchfiles.main - INFO - 1 change detected
2026-01-14 19:19:39 - watchfiles.main - INFO - 1 change detected
2026-01-14 19:19:39 - watchfiles.main - INFO - 1 change detected
2026-01-14 19:19:40 - watchfiles.main - INFO - 1 change detected
2026-01-14 19:19:40 - watchfiles.main - INFO - 1 change detected
2026-01-14 19:19:40 - app.services.intelligent_diagnostic_service - INFO - 🧑‍⚖️ Diagnosis Judge (iteration 1): satisfactory=False, confidence=0.30
2026-01-14 19:19:40 - app.services.intelligent_diagnostic_service - INFO - 🧑‍⚖️ Judge: satisfactory=False, confidence=0.30
2026-01-14 19:19:40 - app.services.intelligent_diagnostic_service - INFO - 🔄 Re-synthesizing with judge suggestions
2026-01-14 19:19:40 - app.services.intelligent_diagnostic_service - INFO - 🔁 Diagnosis refinement iteration 2/3
2026-01-14 19:19:40 - app.services.intelligent_diagnostic_service - INFO - 📋 Retrieved 33 columns for table bot_master
2026-01-14 19:19:40 - app.services.intelligent_diagnostic_service - INFO - 📋 Retrieved 33 columns for table bot_master
2026-01-14 19:19:40 - app.services.sql_assistant_service - INFO - ✅ Query executed: 0 rows returned
2026-01-14 19:19:40 - app.services.intelligent_diagnostic_service - INFO - 📊 Found 0 distinct values for bot_master.STATUS
2026-01-14 19:19:41 - watchfiles.main - INFO - 1 change detected
2026-01-14 19:19:41 - watchfiles.main - INFO - 1 change detected
2026-01-14 19:19:41 - watchfiles.main - INFO - 1 change detected
2026-01-14 19:19:42 - watchfiles.main - INFO - 1 change detected
2026-01-14 19:19:42 - watchfiles.main - INFO - 1 change detected
2026-01-14 19:19:43 - watchfiles.main - INFO - 1 change detected
2026-01-14 19:19:43 - app.services.intelligent_diagnostic_service - INFO - 🧑‍⚖️ Diagnosis Judge (iteration 2): satisfactory=False, confidence=0.30
2026-01-14 19:19:43 - app.services.intelligent_diagnostic_service - INFO - 🧑‍⚖️ Judge: satisfactory=False, confidence=0.30
2026-01-14 19:19:43 - app.services.intelligent_diagnostic_service - INFO - 🔄 Running 3 additional diagnostic queries based on judge feedback
2026-01-14 19:19:43 - app.services.intelligent_diagnostic_service - INFO - 🔍 Executing: Additional diagnostic based on judge feedback
2026-01-14 19:19:43 - app.services.sql_assistant_service - INFO - ✅ Query executed: 0 rows returned
2026-01-14 19:19:43 - app.services.intelligent_diagnostic_service - INFO - ⚠️ Query succeeded but returned 0 records
2026-01-14 19:19:43 - app.services.intelligent_diagnostic_service - INFO - 🔍 Executing: Additional diagnostic based on judge feedback
2026-01-14 19:19:43 - app.services.sql_assistant_service - INFO - ✅ Query executed: 0 rows returned
2026-01-14 19:19:43 - app.services.intelligent_diagnostic_service - INFO - ⚠️ Query succeeded but returned 0 records
2026-01-14 19:19:43 - app.services.intelligent_diagnostic_service - INFO - 🔍 Executing: Additional diagnostic based on judge feedback
2026-01-14 19:19:43 - app.services.sql_assistant_service - INFO - ✅ Query executed: 0 rows returned
2026-01-14 19:19:43 - app.services.intelligent_diagnostic_service - INFO - ⚠️ Query succeeded but returned 0 records
2026-01-14 19:19:43 - app.services.intelligent_diagnostic_service - INFO - ✨ Collected additional diagnostic data, continuing refinement
2026-01-14 19:19:43 - app.services.intelligent_diagnostic_service - INFO - 🔁 Diagnosis refinement iteration 3/3
2026-01-14 19:19:43 - app.services.intelligent_diagnostic_service - INFO - 📋 Retrieved 33 columns for table bot_master
2026-01-14 19:19:43 - app.services.intelligent_diagnostic_service - INFO - 📋 Retrieved 33 columns for table bot_master
2026-01-14 19:19:43 - app.services.sql_assistant_service - INFO - ✅ Query executed: 0 rows returned
2026-01-14 19:19:43 - app.services.intelligent_diagnostic_service - INFO - 📊 Found 0 distinct values for bot_master.STATUS
2026-01-14 19:19:43 - watchfiles.main - INFO - 1 change detected
2026-01-14 19:19:43 - watchfiles.main - INFO - 1 change detected
2026-01-14 19:19:44 - watchfiles.main - INFO - 1 change detected
2026-01-14 19:19:44 - watchfiles.main - INFO - 1 change detected
2026-01-14 19:19:45 - watchfiles.main - INFO - 1 change detected
2026-01-14 19:19:45 - watchfiles.main - INFO - 1 change detected
2026-01-14 19:19:45 - app.services.intelligent_diagnostic_service - INFO - 🧑‍⚖️ Diagnosis Judge (iteration 3): satisfactory=False, confidence=0.30
2026-01-14 19:19:45 - app.services.intelligent_diagnostic_service - INFO - 🧑‍⚖️ Judge: satisfactory=False, confidence=0.30
2026-01-14 19:19:45 - app.services.intelligent_diagnostic_service - INFO - 🛑 Reached max iterations (3) - using best diagnosis
2026-01-14 19:19:45 - app.services.intelligent_diagnostic_service - INFO - 📈 Diagnosis refinement summary: 3 iterations, final confidence: 0.90
2026-01-14 19:19:45 - app.services.rlhf_service - WARNING - ⚠️ Skipping DB insert - chat_id 'chat_24f73a3ff8ab4bc1' does not exist in chatbot_chat_history. Feedback saved to JSONL only for feedback_id: 49283c22-b8fb-4362-b916-09e0644a0bf8
2026-01-14 19:19:45 - app.services.rlhf_service - INFO - 📝 Feedback recorded: diagnostic_support | neutral | Reward: 0.10
2026-01-14 19:19:45 - app.api.chatbot_endpoints - INFO - ✅ Chat response generated: confidence=0.90
2026-01-14 19:19:45 - watchfiles.main - INFO - 4 changes detected
2026-01-14 19:19:46 - watchfiles.main - INFO - 1 change detected
2026-01-14 19:19:46 - watchfiles.main - INFO - 1 change detected
2026-01-14 19:19:47 - watchfiles.main - INFO - 1 change detected
2026-01-14 19:19:47 - watchfiles.main - INFO - 1 change detected
2026-01-14 19:19:47 - watchfiles.main - INFO - 1 change detected
2026-01-14 19:19:48 - watchfiles.main - INFO - 1 change detected
2026-01-14 19:19:48 - watchfiles.main - INFO - 1 change detected
2026-01-14 19:19:49 - watchfiles.main - INFO - 1 change detected
2026-01-14 19:19:49 - watchfiles.main - INFO - 1 change detected
2026-01-14 19:19:49 - watchfiles.main - INFO - 1 change detected
2026-01-14 19:19:50 - watchfiles.main - INFO - 1 change detected
2026-01-14 19:19:50 - watchfiles.main - INFO - 1 change detected
2026-01-14 19:19:51 - watchfiles.main - INFO - 1 change detected
2026-01-14 19:19:51 - watchfiles.main - INFO - 1 change detected
2026-01-14 19:19:51 - watchfiles.main - INFO - 1 change detected
2026-01-14 19:19:52 - watchfiles.main - INFO - 1 change detected
2026-01-14 19:19:52 - watchfiles.main - INFO - 1 change detected
2026-01-14 19:19:53 - watchfiles.main - INFO - 1 change detected
2026-01-14 19:19:53 - watchfiles.main - INFO - 1 change detected
2026-01-14 19:19:53 - watchfiles.main - INFO - 1 change detected
2026-01-14 19:19:54 - watchfiles.main - INFO - 1 change detected
2026-01-14 19:19:54 - watchfiles.main - INFO - 1 change detected
2026-01-14 19:19:55 - watchfiles.main - INFO - 1 change detected
2026-01-14 19:19:55 - watchfiles.main - INFO - 1 change detected
2026-01-14 19:19:55 - watchfiles.main - INFO - 1 change detected
2026-01-14 19:19:56 - watchfiles.main - INFO - 1 change detected
2026-01-14 19:19:56 - watchfiles.main - INFO - 1 change detected
2026-01-14 19:19:57 - watchfiles.main - INFO - 1 change detected
2026-01-14 19:19:57 - watchfiles.main - INFO - 1 change detected
2026-01-14 19:19:57 - watchfiles.main - INFO - 1 change detected
2026-01-14 19:19:58 - watchfiles.main - INFO - 1 change detected
2026-01-14 19:19:58 - watchfiles.main - INFO - 1 change detected
2026-01-14 19:19:59 - watchfiles.main - INFO - 1 change detected
2026-01-14 19:19:59 - watchfiles.main - INFO - 1 change detected
2026-01-14 19:19:59 - watchfiles.main - INFO - 1 change detected
2026-01-14 19:20:00 - watchfiles.main - INFO - 1 change detected
2026-01-14 19:20:00 - watchfiles.main - INFO - 1 change detected
2026-01-14 19:20:01 - watchfiles.main - INFO - 1 change detected
2026-01-14 19:20:01 - watchfiles.main - INFO - 1 change detected
2026-01-14 19:20:01 - watchfiles.main - INFO - 1 change detected
2026-01-14 19:20:02 - watchfiles.main - INFO - 1 change detected
2026-01-14 19:20:02 - watchfiles.main - INFO - 1 change detected
2026-01-14 19:20:03 - watchfiles.main - INFO - 1 change detected
2026-01-14 19:20:03 - watchfiles.main - INFO - 1 change detected
2026-01-14 19:20:04 - watchfiles.main - INFO - 1 change detected
2026-01-14 19:20:04 - watchfiles.main - INFO - 1 change detected
2026-01-14 19:20:04 - watchfiles.main - INFO - 1 change detected
2026-01-14 19:20:05 - watchfiles.main - INFO - 1 change detected
2026-01-14 19:20:05 - watchfiles.main - INFO - 1 change detected
2026-01-14 19:20:06 - watchfiles.main - INFO - 1 change detected
2026-01-14 19:20:06 - watchfiles.main - INFO - 1 change detected
2026-01-14 19:20:06 - watchfiles.main - INFO - 1 change detected
2026-01-14 19:20:07 - watchfiles.main - INFO - 1 change detected
2026-01-14 19:20:07 - watchfiles.main - INFO - 1 change detected
2026-01-14 19:20:08 - watchfiles.main - INFO - 1 change detected
2026-01-14 19:20:08 - watchfiles.main - INFO - 1 change detected
2026-01-14 19:20:08 - watchfiles.main - INFO - 1 change detected
2026-01-14 19:20:09 - watchfiles.main - INFO - 1 change detected
2026-01-14 19:20:09 - watchfiles.main - INFO - 1 change detected
2026-01-14 19:20:10 - watchfiles.main - INFO - 1 change detected
2026-01-14 19:20:10 - watchfiles.main - INFO - 1 change detected
2026-01-14 19:20:10 - watchfiles.main - INFO - 1 change detected
2026-01-14 19:20:11 - watchfiles.main - INFO - 1 change detected
2026-01-14 19:20:11 - watchfiles.main - INFO - 1 change detected
2026-01-14 19:20:12 - watchfiles.main - INFO - 1 change detected
2026-01-14 19:20:12 - watchfiles.main - INFO - 1 change detected
2026-01-14 19:20:12 - watchfiles.main - INFO - 1 change detected
2026-01-14 19:20:13 - watchfiles.main - INFO - 1 change detected
2026-01-14 19:20:13 - watchfiles.main - INFO - 1 change detected
2026-01-14 19:20:14 - watchfiles.main - INFO - 1 change detected
2026-01-14 19:20:14 - watchfiles.main - INFO - 1 change detected
2026-01-14 19:20:14 - watchfiles.main - INFO - 1 change detected
2026-01-14 19:20:15 - watchfiles.main - INFO - 1 change detected
2026-01-14 19:20:15 - watchfiles.main - INFO - 1 change detected
2026-01-14 19:20:16 - watchfiles.main - INFO - 1 change detected
2026-01-14 19:20:16 - watchfiles.main - INFO - 1 change detected
2026-01-14 19:20:16 - watchfiles.main - INFO - 1 change detected
2026-01-14 19:20:17 - watchfiles.main - INFO - 1 change detected
2026-01-14 19:20:17 - watchfiles.main - INFO - 1 change detected
2026-01-14 19:20:18 - watchfiles.main - INFO - 1 change detected
2026-01-14 19:20:18 - watchfiles.main - INFO - 1 change detected
2026-01-14 19:20:18 - watchfiles.main - INFO - 1 change detected
2026-01-14 19:20:19 - watchfiles.main - INFO - 1 change detected
2026-01-14 19:20:19 - watchfiles.main - INFO - 1 change detected
2026-01-14 19:20:20 - watchfiles.main - INFO - 1 change detected
2026-01-14 19:20:20 - watchfiles.main - INFO - 1 change detected
2026-01-14 19:20:20 - watchfiles.main - INFO - 1 change detected
2026-01-14 19:20:21 - watchfiles.main - INFO - 1 change detected
2026-01-14 19:20:21 - watchfiles.main - INFO - 1 change detected
2026-01-14 19:20:22 - watchfiles.main - INFO - 1 change detected
2026-01-14 19:20:22 - watchfiles.main - INFO - 1 change detected
2026-01-14 19:20:22 - watchfiles.main - INFO - 1 change detected
2026-01-14 19:20:23 - watchfiles.main - INFO - 1 change detected
2026-01-14 19:20:23 - watchfiles.main - INFO - 1 change detected
2026-01-14 19:20:24 - watchfiles.main - INFO - 1 change detected
2026-01-14 19:20:24 - watchfiles.main - INFO - 1 change detected
2026-01-14 19:20:25 - watchfiles.main - INFO - 1 change detected
2026-01-14 19:20:25 - watchfiles.main - INFO - 1 change detected
2026-01-14 19:20:25 - watchfiles.main - INFO - 1 change detected
2026-01-14 19:20:26 - watchfiles.main - INFO - 1 change detected
2026-01-14 19:20:26 - watchfiles.main - INFO - 1 change detected
2026-01-14 19:20:27 - watchfiles.main - INFO - 1 change detected
2026-01-14 19:20:27 - watchfiles.main - INFO - 1 change detected
2026-01-14 19:20:27 - watchfiles.main - INFO - 1 change detected
2026-01-14 19:20:28 - watchfiles.main - INFO - 1 change detected
2026-01-14 19:20:28 - watchfiles.main - INFO - 1 change detected
2026-01-14 19:20:29 - watchfiles.main - INFO - 1 change detected
2026-01-14 19:20:29 - watchfiles.main - INFO - 1 change detected
2026-01-14 19:20:29 - watchfiles.main - INFO - 1 change detected
2026-01-14 19:20:30 - watchfiles.main - INFO - 1 change detected
2026-01-14 19:20:30 - watchfiles.main - INFO - 1 change detected
2026-01-14 19:20:31 - watchfiles.main - INFO - 1 change detected
2026-01-14 19:20:31 - watchfiles.main - INFO - 1 change detected
2026-01-14 19:20:31 - watchfiles.main - INFO - 1 change detected
2026-01-14 19:20:32 - watchfiles.main - INFO - 1 change detected
2026-01-14 19:20:32 - watchfiles.main - INFO - 1 change detected
2026-01-14 19:20:33 - watchfiles.main - INFO - 1 change detected
2026-01-14 19:20:33 - watchfiles.main - INFO - 1 change detected
2026-01-14 19:20:33 - watchfiles.main - INFO - 1 change detected
2026-01-14 19:20:34 - watchfiles.main - INFO - 1 change detected
2026-01-14 19:20:34 - watchfiles.main - INFO - 1 change detected
2026-01-14 19:20:35 - watchfiles.main - INFO - 1 change detected
2026-01-14 19:20:35 - watchfiles.main - INFO - 1 change detected
2026-01-14 19:20:35 - watchfiles.main - INFO - 1 change detected
2026-01-14 19:20:36 - watchfiles.main - INFO - 1 change detected
2026-01-14 19:20:36 - watchfiles.main - INFO - 1 change detected
2026-01-14 19:20:37 - watchfiles.main - INFO - 1 change detected
2026-01-14 19:20:37 - watchfiles.main - INFO - 1 change detected
2026-01-14 19:20:37 - watchfiles.main - INFO - 1 change detected
2026-01-14 19:20:38 - watchfiles.main - INFO - 1 change detected
2026-01-14 19:20:38 - watchfiles.main - INFO - 1 change detected
2026-01-14 19:20:39 - watchfiles.main - INFO - 1 change detected
2026-01-14 19:20:39 - watchfiles.main - INFO - 1 change detected
2026-01-14 19:20:39 - watchfiles.main - INFO - 1 change detected
2026-01-14 19:20:40 - watchfiles.main - INFO - 1 change detected
2026-01-14 19:20:40 - watchfiles.main - INFO - 1 change detected
2026-01-14 19:20:41 - watchfiles.main - INFO - 1 change detected
2026-01-14 19:20:41 - watchfiles.main - INFO - 1 change detected
2026-01-14 19:20:41 - watchfiles.main - INFO - 1 change detected
2026-01-14 19:20:42 - watchfiles.main - INFO - 1 change detected
2026-01-14 19:20:42 - watchfiles.main - INFO - 1 change detected
2026-01-14 19:20:43 - watchfiles.main - INFO - 1 change detected
2026-01-14 19:20:43 - watchfiles.main - INFO - 1 change detected
2026-01-14 19:20:43 - watchfiles.main - INFO - 1 change detected
2026-01-14 19:20:44 - watchfiles.main - INFO - 1 change detected
2026-01-14 19:20:44 - watchfiles.main - INFO - 1 change detected
2026-01-14 19:20:45 - watchfiles.main - INFO - 1 change detected
2026-01-14 19:20:45 - watchfiles.main - INFO - 1 change detected
2026-01-14 19:20:45 - watchfiles.main - INFO - 1 change detected
2026-01-14 19:20:46 - watchfiles.main - INFO - 1 change detected
2026-01-14 19:20:46 - watchfiles.main - INFO - 1 change detected
2026-01-14 19:20:47 - watchfiles.main - INFO - 1 change detected
2026-01-14 19:20:47 - watchfiles.main - INFO - 1 change detected
2026-01-14 19:20:47 - watchfiles.main - INFO - 1 change detected
2026-01-14 19:20:48 - watchfiles.main - INFO - 1 change detected
2026-01-14 19:20:48 - watchfiles.main - INFO - 1 change detected
2026-01-14 19:20:49 - watchfiles.main - INFO - 1 change detected
2026-01-14 19:20:49 - watchfiles.main - INFO - 1 change detected
2026-01-14 19:20:49 - watchfiles.main - INFO - 1 change detected
2026-01-14 19:20:50 - watchfiles.main - INFO - 1 change detected
2026-01-14 19:20:50 - watchfiles.main - INFO - 1 change detected
2026-01-14 19:20:51 - watchfiles.main - INFO - 1 change detected
2026-01-14 19:20:51 - watchfiles.main - INFO - 1 change detected
2026-01-14 19:20:52 - watchfiles.main - INFO - 1 change detected
2026-01-14 19:20:52 - watchfiles.main - INFO - 1 change detected
2026-01-14 19:20:52 - watchfiles.main - INFO - 1 change detected
2026-01-14 19:20:53 - watchfiles.main - INFO - 1 change detected
2026-01-14 19:20:53 - watchfiles.main - INFO - 1 change detected
2026-01-14 19:20:54 - watchfiles.main - INFO - 1 change detected
2026-01-14 19:20:54 - watchfiles.main - INFO - 1 change detected
2026-01-14 19:20:54 - watchfiles.main - INFO - 1 change detected
2026-01-14 19:20:55 - watchfiles.main - INFO - 1 change detected
2026-01-14 19:20:55 - watchfiles.main - INFO - 1 change detected
2026-01-14 19:20:56 - watchfiles.main - INFO - 1 change detected
2026-01-14 19:20:56 - watchfiles.main - INFO - 1 change detected
2026-01-14 19:20:56 - watchfiles.main - INFO - 1 change detected
2026-01-14 19:20:57 - watchfiles.main - INFO - 1 change detected
2026-01-14 19:20:57 - watchfiles.main - INFO - 1 change detected
2026-01-14 19:20:58 - watchfiles.main - INFO - 1 change detected
2026-01-14 19:20:58 - watchfiles.main - INFO - 1 change detected
2026-01-14 19:20:58 - watchfiles.main - INFO - 1 change detected
2026-01-14 19:20:59 - watchfiles.main - INFO - 1 change detected
2026-01-14 19:20:59 - watchfiles.main - INFO - 1 change detected
2026-01-14 19:21:00 - watchfiles.main - INFO - 1 change detected
2026-01-14 19:21:00 - watchfiles.main - INFO - 1 change detected
2026-01-14 19:21:00 - watchfiles.main - INFO - 1 change detected
2026-01-14 19:21:01 - watchfiles.main - INFO - 1 change detected
2026-01-14 19:21:01 - watchfiles.main - INFO - 1 change detected
2026-01-14 19:21:02 - watchfiles.main - INFO - 1 change detected
2026-01-14 19:21:02 - watchfiles.main - INFO - 1 change detected
2026-01-14 19:21:02 - watchfiles.main - INFO - 1 change detected
2026-01-14 19:21:03 - watchfiles.main - INFO - 1 change detected
2026-01-14 19:21:03 - watchfiles.main - INFO - 1 change detected
2026-01-14 19:21:04 - watchfiles.main - INFO - 1 change detected
2026-01-14 19:21:04 - watchfiles.main - INFO - 1 change detected
2026-01-14 19:21:04 - watchfiles.main - INFO - 1 change detected
2026-01-14 19:21:05 - watchfiles.main - INFO - 1 change detected
2026-01-14 19:21:05 - watchfiles.main - INFO - 1 change detected
2026-01-14 19:21:06 - watchfiles.main - INFO - 1 change detected
2026-01-14 19:21:06 - watchfiles.main - INFO - 1 change detected
2026-01-14 19:21:06 - watchfiles.main - INFO - 1 change detected
2026-01-14 19:21:07 - watchfiles.main - INFO - 1 change detected
2026-01-14 19:21:07 - watchfiles.main - INFO - 1 change detected
2026-01-14 19:21:08 - watchfiles.main - INFO - 1 change detected
2026-01-14 19:21:08 - watchfiles.main - INFO - 1 change detected
2026-01-14 19:21:08 - watchfiles.main - INFO - 1 change detected
2026-01-14 19:21:09 - watchfiles.main - INFO - 1 change detected
2026-01-14 19:21:09 - watchfiles.main - INFO - 1 change detected
2026-01-14 19:21:10 - watchfiles.main - INFO - 1 change detected
2026-01-14 19:21:10 - watchfiles.main - INFO - 1 change detected
2026-01-14 19:21:10 - watchfiles.main - INFO - 1 change detected
2026-01-14 19:21:11 - watchfiles.main - INFO - 1 change detected
2026-01-14 19:21:11 - watchfiles.main - INFO - 1 change detected
2026-01-14 19:21:12 - watchfiles.main - INFO - 1 change detected
2026-01-14 19:21:12 - watchfiles.main - INFO - 1 change detected
2026-01-14 19:21:12 - watchfiles.main - INFO - 1 change detected
2026-01-14 19:21:13 - watchfiles.main - INFO - 1 change detected
2026-01-14 19:21:13 - watchfiles.main - INFO - 1 change detected
2026-01-14 19:21:14 - watchfiles.main - INFO - 1 change detected
2026-01-14 19:21:14 - watchfiles.main - INFO - 1 change detected
2026-01-14 19:21:14 - watchfiles.main - INFO - 1 change detected
2026-01-14 19:21:15 - watchfiles.main - INFO - 1 change detected
2026-01-14 19:21:15 - watchfiles.main - INFO - 1 change detected
2026-01-14 19:21:16 - watchfiles.main - INFO - 1 change detected
2026-01-14 19:21:16 - watchfiles.main - INFO - 1 change detected
2026-01-14 19:21:16 - watchfiles.main - INFO - 1 change detected
2026-01-14 19:21:17 - watchfiles.main - INFO - 1 change detected
2026-01-14 19:21:17 - watchfiles.main - INFO - 1 change detected
2026-01-14 19:21:18 - watchfiles.main - INFO - 1 change detected
2026-01-14 19:21:18 - watchfiles.main - INFO - 1 change detected
2026-01-14 19:21:18 - watchfiles.main - INFO - 1 change detected
2026-01-14 19:21:19 - watchfiles.main - INFO - 1 change detected
2026-01-14 19:21:19 - watchfiles.main - INFO - 1 change detected
2026-01-14 19:21:20 - watchfiles.main - INFO - 1 change detected
2026-01-14 19:21:20 - watchfiles.main - INFO - 1 change detected
2026-01-14 19:21:21 - watchfiles.main - INFO - 1 change detected
2026-01-14 19:21:21 - watchfiles.main - INFO - 1 change detected
2026-01-14 19:21:21 - watchfiles.main - INFO - 1 change detected
2026-01-14 19:21:22 - watchfiles.main - INFO - 1 change detected
2026-01-14 19:21:22 - watchfiles.main - INFO - 1 change detected
2026-01-14 19:21:23 - watchfiles.main - INFO - 1 change detected
2026-01-14 19:21:23 - watchfiles.main - INFO - 1 change detected
2026-01-14 19:21:23 - watchfiles.main - INFO - 1 change detected
2026-01-14 19:21:24 - watchfiles.main - INFO - 1 change detected
2026-01-14 19:21:24 - watchfiles.main - INFO - 1 change detected
2026-01-14 19:21:25 - watchfiles.main - INFO - 1 change detected
2026-01-14 19:21:25 - watchfiles.main - INFO - 1 change detected
2026-01-14 19:21:25 - watchfiles.main - INFO - 1 change detected
2026-01-14 19:21:26 - watchfiles.main - INFO - 1 change detected
2026-01-14 19:21:26 - watchfiles.main - INFO - 1 change detected
2026-01-14 19:21:27 - watchfiles.main - INFO - 1 change detected
2026-01-14 19:21:27 - watchfiles.main - INFO - 1 change detected
2026-01-14 19:21:27 - watchfiles.main - INFO - 1 change detected
2026-01-14 19:21:28 - watchfiles.main - INFO - 1 change detected
2026-01-14 19:21:28 - watchfiles.main - INFO - 1 change detected
2026-01-14 19:21:29 - watchfiles.main - INFO - 1 change detected
2026-01-14 19:21:29 - watchfiles.main - INFO - 1 change detected
2026-01-14 19:21:29 - watchfiles.main - INFO - 1 change detected
2026-01-14 19:21:30 - watchfiles.main - INFO - 1 change detected
2026-01-14 19:21:30 - watchfiles.main - INFO - 1 change detected
2026-01-14 19:21:31 - watchfiles.main - INFO - 1 change detected
2026-01-14 19:21:31 - watchfiles.main - INFO - 1 change detected
2026-01-14 19:21:31 - watchfiles.main - INFO - 1 change detected
2026-01-14 19:21:32 - watchfiles.main - INFO - 1 change detected
2026-01-14 19:21:32 - watchfiles.main - INFO - 1 change detected
2026-01-14 19:21:33 - watchfiles.main - INFO - 1 change detected
2026-01-14 19:21:33 - watchfiles.main - INFO - 1 change detected
2026-01-14 19:21:33 - watchfiles.main - INFO - 1 change detected
2026-01-14 19:21:34 - watchfiles.main - INFO - 1 change detected
2026-01-14 19:21:34 - watchfiles.main - INFO - 1 change detected
2026-01-14 19:21:35 - watchfiles.main - INFO - 1 change detected
2026-01-14 19:21:35 - watchfiles.main - INFO - 1 change detected
2026-01-14 19:21:35 - watchfiles.main - INFO - 1 change detected
2026-01-14 19:21:36 - watchfiles.main - INFO - 1 change detected
2026-01-14 19:21:36 - watchfiles.main - INFO - 1 change detected
2026-01-14 19:21:37 - watchfiles.main - INFO - 1 change detected
2026-01-14 19:21:37 - watchfiles.main - INFO - 1 change detected
2026-01-14 19:21:37 - watchfiles.main - INFO - 1 change detected
2026-01-14 19:21:38 - watchfiles.main - INFO - 1 change detected
2026-01-14 19:21:38 - watchfiles.main - INFO - 1 change detected
2026-01-14 19:21:39 - watchfiles.main - INFO - 1 change detected
2026-01-14 19:21:39 - watchfiles.main - INFO - 1 change detected
2026-01-14 19:21:39 - watchfiles.main - INFO - 1 change detected
2026-01-14 19:21:40 - watchfiles.main - INFO - 1 change detected
2026-01-14 19:21:40 - watchfiles.main - INFO - 1 change detected
2026-01-14 19:21:41 - watchfiles.main - INFO - 1 change detected
2026-01-14 19:21:41 - watchfiles.main - INFO - 1 change detected
2026-01-14 19:21:42 - watchfiles.main - INFO - 1 change detected
2026-01-14 19:21:42 - watchfiles.main - INFO - 1 change detected
2026-01-14 19:21:42 - watchfiles.main - INFO - 1 change detected
2026-01-14 19:21:43 - watchfiles.main - INFO - 1 change detected
2026-01-14 19:21:43 - watchfiles.main - INFO - 1 change detected
2026-01-14 19:21:44 - watchfiles.main - INFO - 1 change detected
2026-01-14 19:21:44 - watchfiles.main - INFO - 1 change detected
2026-01-14 19:21:44 - watchfiles.main - INFO - 1 change detected
2026-01-14 19:21:45 - watchfiles.main - INFO - 1 change detected
2026-01-14 19:21:45 - watchfiles.main - INFO - 1 change detected
2026-01-14 19:21:46 - watchfiles.main - INFO - 1 change detected
2026-01-14 19:21:46 - watchfiles.main - INFO - 1 change detected
2026-01-14 19:21:46 - watchfiles.main - INFO - 1 change detected
2026-01-14 19:21:47 - watchfiles.main - INFO - 1 change detected
2026-01-14 19:21:47 - watchfiles.main - INFO - 1 change detected
2026-01-14 19:21:48 - watchfiles.main - INFO - 1 change detected
2026-01-14 19:21:48 - watchfiles.main - INFO - 1 change detected
2026-01-14 19:21:48 - watchfiles.main - INFO - 1 change detected
2026-01-14 19:21:49 - watchfiles.main - INFO - 1 change detected
2026-01-14 19:21:49 - watchfiles.main - INFO - 1 change detected
2026-01-14 19:21:50 - watchfiles.main - INFO - 1 change detected
2026-01-14 19:21:50 - watchfiles.main - INFO - 1 change detected
2026-01-14 19:21:50 - watchfiles.main - INFO - 1 change detected
2026-01-14 19:21:51 - watchfiles.main - INFO - 1 change detected
2026-01-14 19:21:51 - watchfiles.main - INFO - 1 change detected
2026-01-14 19:21:52 - watchfiles.main - INFO - 1 change detected
2026-01-14 19:21:52 - watchfiles.main - INFO - 1 change detected
2026-01-14 19:21:52 - watchfiles.main - INFO - 1 change detected
2026-01-14 19:21:53 - watchfiles.main - INFO - 1 change detected
2026-01-14 19:21:53 - watchfiles.main - INFO - 1 change detected
2026-01-14 19:21:54 - watchfiles.main - INFO - 1 change detected
2026-01-14 19:21:54 - watchfiles.main - INFO - 1 change detected
2026-01-14 19:21:54 - watchfiles.main - INFO - 1 change detected
2026-01-14 19:21:55 - watchfiles.main - INFO - 1 change detected
2026-01-14 19:21:55 - watchfiles.main - INFO - 1 change detected
2026-01-14 19:21:56 - watchfiles.main - INFO - 1 change detected
2026-01-14 19:21:56 - watchfiles.main - INFO - 1 change detected
2026-01-14 19:21:56 - watchfiles.main - INFO - 1 change detected
2026-01-14 19:21:57 - watchfiles.main - INFO - 1 change detected
2026-01-14 19:21:57 - watchfiles.main - INFO - 1 change detected
2026-01-14 19:21:58 - watchfiles.main - INFO - 1 change detected
2026-01-14 19:21:58 - watchfiles.main - INFO - 1 change detected
2026-01-14 19:21:58 - watchfiles.main - INFO - 1 change detected
2026-01-14 19:21:59 - watchfiles.main - INFO - 1 change detected
2026-01-14 19:21:59 - watchfiles.main - INFO - 1 change detected
2026-01-14 19:22:00 - watchfiles.main - INFO - 1 change detected
2026-01-14 19:22:00 - watchfiles.main - INFO - 1 change detected
2026-01-14 19:22:00 - watchfiles.main - INFO - 1 change detected
2026-01-14 19:22:01 - watchfiles.main - INFO - 1 change detected
2026-01-14 19:22:01 - watchfiles.main - INFO - 1 change detected
2026-01-14 19:22:02 - watchfiles.main - INFO - 1 change detected
2026-01-14 19:22:02 - watchfiles.main - INFO - 1 change detected
2026-01-14 19:22:02 - watchfiles.main - INFO - 1 change detected
2026-01-14 19:22:03 - watchfiles.main - INFO - 1 change detected
2026-01-14 19:22:03 - watchfiles.main - INFO - 1 change detected
2026-01-14 19:22:04 - watchfiles.main - INFO - 1 change detected
2026-01-14 19:22:04 - watchfiles.main - INFO - 1 change detected
2026-01-14 19:22:04 - watchfiles.main - INFO - 1 change detected
2026-01-14 19:22:05 - watchfiles.main - INFO - 1 change detected
2026-01-14 19:22:05 - watchfiles.main - INFO - 1 change detected
2026-01-14 19:22:06 - watchfiles.main - INFO - 1 change detected
2026-01-14 19:22:06 - watchfiles.main - INFO - 1 change detected
2026-01-14 19:22:06 - watchfiles.main - INFO - 1 change detected
2026-01-14 19:22:07 - watchfiles.main - INFO - 1 change detected
2026-01-14 19:22:07 - watchfiles.main - INFO - 1 change detected
2026-01-14 19:22:08 - watchfiles.main - INFO - 1 change detected
2026-01-14 19:22:08 - watchfiles.main - INFO - 1 change detected
2026-01-14 19:22:08 - watchfiles.main - INFO - 1 change detected
2026-01-14 19:22:09 - watchfiles.main - INFO - 1 change detected
2026-01-14 19:22:09 - watchfiles.main - INFO - 1 change detected
2026-01-14 19:22:10 - watchfiles.main - INFO - 1 change detected
2026-01-14 19:22:10 - watchfiles.main - INFO - 1 change detected
2026-01-14 19:22:10 - watchfiles.main - INFO - 1 change detected
2026-01-14 19:22:11 - watchfiles.main - INFO - 1 change detected
2026-01-14 19:22:11 - watchfiles.main - INFO - 1 change detected
2026-01-14 19:22:12 - watchfiles.main - INFO - 1 change detected
2026-01-14 19:22:12 - watchfiles.main - INFO - 1 change detected
2026-01-14 19:22:12 - watchfiles.main - INFO - 1 change detected
2026-01-14 19:22:13 - watchfiles.main - INFO - 1 change detected
2026-01-14 19:22:13 - watchfiles.main - INFO - 1 change detected
2026-01-14 19:22:14 - watchfiles.main - INFO - 1 change detected
2026-01-14 19:22:14 - watchfiles.main - INFO - 1 change detected
2026-01-14 19:22:14 - watchfiles.main - INFO - 1 change detected
2026-01-14 19:22:15 - watchfiles.main - INFO - 1 change detected
2026-01-14 19:22:15 - watchfiles.main - INFO - 1 change detected
2026-01-14 19:22:16 - watchfiles.main - INFO - 1 change detected
2026-01-14 19:22:16 - watchfiles.main - INFO - 1 change detected
2026-01-14 19:22:16 - watchfiles.main - INFO - 1 change detected
2026-01-14 19:22:17 - watchfiles.main - INFO - 1 change detected
2026-01-14 19:22:17 - watchfiles.main - INFO - 1 change detected
2026-01-14 19:22:18 - watchfiles.main - INFO - 1 change detected
2026-01-14 19:22:18 - watchfiles.main - INFO - 1 change detected
2026-01-14 19:22:19 - watchfiles.main - INFO - 1 change detected
2026-01-14 19:22:19 - watchfiles.main - INFO - 1 change detected
2026-01-14 19:22:19 - watchfiles.main - INFO - 1 change detected
2026-01-14 19:22:20 - watchfiles.main - INFO - 1 change detected
2026-01-14 19:22:20 - watchfiles.main - INFO - 1 change detected
2026-01-14 19:22:21 - watchfiles.main - INFO - 1 change detected
2026-01-14 19:22:21 - watchfiles.main - INFO - 1 change detected
2026-01-14 19:22:21 - watchfiles.main - INFO - 1 change detected
2026-01-14 19:22:22 - watchfiles.main - INFO - 1 change detected
2026-01-14 19:22:22 - watchfiles.main - INFO - 1 change detected
2026-01-14 19:22:23 - watchfiles.main - INFO - 1 change detected
2026-01-14 19:22:23 - watchfiles.main - INFO - 1 change detected
2026-01-14 19:22:23 - watchfiles.main - INFO - 1 change detected
2026-01-14 19:22:24 - watchfiles.main - INFO - 1 change detected
2026-01-14 19:22:24 - watchfiles.main - INFO - 1 change detected
2026-01-14 19:22:25 - watchfiles.main - INFO - 1 change detected
2026-01-14 19:22:25 - watchfiles.main - INFO - 1 change detected
2026-01-14 19:22:25 - watchfiles.main - INFO - 1 change detected
2026-01-14 19:22:26 - watchfiles.main - INFO - 1 change detected
2026-01-14 19:22:26 - watchfiles.main - INFO - 1 change detected
2026-01-14 19:22:27 - watchfiles.main - INFO - 1 change detected
2026-01-14 19:22:27 - watchfiles.main - INFO - 1 change detected
2026-01-14 19:22:27 - watchfiles.main - INFO - 1 change detected
2026-01-14 19:22:28 - watchfiles.main - INFO - 1 change detected
2026-01-14 19:22:28 - watchfiles.main - INFO - 1 change detected
2026-01-14 19:22:29 - watchfiles.main - INFO - 1 change detected
2026-01-14 19:22:29 - watchfiles.main - INFO - 1 change detected
2026-01-14 19:22:29 - watchfiles.main - INFO - 1 change detected
2026-01-14 19:22:30 - watchfiles.main - INFO - 1 change detected
2026-01-14 19:22:30 - watchfiles.main - INFO - 1 change detected
2026-01-14 19:22:31 - watchfiles.main - INFO - 1 change detected
2026-01-14 19:22:31 - watchfiles.main - INFO - 1 change detected
2026-01-14 19:22:31 - watchfiles.main - INFO - 1 change detected
2026-01-14 19:22:32 - watchfiles.main - INFO - 1 change detected
2026-01-14 19:22:32 - watchfiles.main - INFO - 1 change detected
2026-01-14 19:22:33 - watchfiles.main - INFO - 1 change detected
2026-01-14 19:22:33 - watchfiles.main - INFO - 1 change detected
2026-01-14 19:22:33 - watchfiles.main - INFO - 1 change detected
2026-01-14 19:22:34 - watchfiles.main - INFO - 1 change detected
2026-01-14 19:22:34 - watchfiles.main - INFO - 1 change detected
2026-01-14 19:22:35 - watchfiles.main - INFO - 1 change detected
2026-01-14 19:22:35 - watchfiles.main - INFO - 1 change detected
2026-01-14 19:22:35 - watchfiles.main - INFO - 1 change detected
2026-01-14 19:22:36 - watchfiles.main - INFO - 1 change detected
2026-01-14 19:22:36 - watchfiles.main - INFO - 1 change detected
2026-01-14 19:22:37 - watchfiles.main - INFO - 1 change detected
2026-01-14 19:22:37 - watchfiles.main - INFO - 1 change detected
2026-01-14 19:22:37 - watchfiles.main - INFO - 1 change detected
2026-01-14 19:22:38 - watchfiles.main - INFO - 1 change detected
2026-01-14 19:22:38 - watchfiles.main - INFO - 1 change detected
2026-01-14 19:22:39 - watchfiles.main - INFO - 1 change detected
2026-01-14 19:22:39 - watchfiles.main - INFO - 1 change detected
2026-01-14 19:22:39 - watchfiles.main - INFO - 1 change detected
2026-01-14 19:22:40 - watchfiles.main - INFO - 1 change detected
2026-01-14 19:22:40 - watchfiles.main - INFO - 1 change detected
2026-01-14 19:22:41 - watchfiles.main - INFO - 1 change detected
2026-01-14 19:22:41 - watchfiles.main - INFO - 1 change detected
2026-01-14 19:22:41 - watchfiles.main - INFO - 1 change detected
2026-01-14 19:22:42 - watchfiles.main - INFO - 1 change detected
2026-01-14 19:22:42 - watchfiles.main - INFO - 1 change detected
2026-01-14 19:22:43 - watchfiles.main - INFO - 1 change detected
2026-01-14 19:22:43 - watchfiles.main - INFO - 1 change detected
2026-01-14 19:22:43 - watchfiles.main - INFO - 1 change detected
2026-01-14 19:22:44 - watchfiles.main - INFO - 1 change detected
2026-01-14 19:22:44 - watchfiles.main - INFO - 1 change detected
2026-01-14 19:22:45 - watchfiles.main - INFO - 1 change detected
2026-01-14 19:22:45 - watchfiles.main - INFO - 1 change detected
2026-01-14 19:22:45 - watchfiles.main - INFO - 1 change detected
2026-01-14 19:22:46 - watchfiles.main - INFO - 1 change detected
2026-01-14 19:22:46 - watchfiles.main - INFO - 1 change detected
2026-01-14 19:22:47 - watchfiles.main - INFO - 1 change detected
2026-01-14 19:22:47 - watchfiles.main - INFO - 1 change detected
2026-01-14 19:22:47 - watchfiles.main - INFO - 1 change detected
2026-01-14 19:22:48 - watchfiles.main - INFO - 1 change detected
2026-01-14 19:22:48 - watchfiles.main - INFO - 1 change detected
2026-01-14 19:22:49 - watchfiles.main - INFO - 1 change detected
2026-01-14 19:22:49 - watchfiles.main - INFO - 1 change detected
2026-01-14 19:22:49 - watchfiles.main - INFO - 1 change detected
2026-01-14 19:22:50 - watchfiles.main - INFO - 1 change detected
2026-01-14 19:22:50 - watchfiles.main - INFO - 1 change detected
2026-01-14 19:22:51 - watchfiles.main - INFO - 1 change detected
2026-01-14 19:22:51 - watchfiles.main - INFO - 1 change detected
2026-01-14 19:22:51 - watchfiles.main - INFO - 1 change detected
2026-01-14 19:22:52 - watchfiles.main - INFO - 1 change detected
2026-01-14 19:22:52 - watchfiles.main - INFO - 1 change detected
2026-01-14 19:22:53 - watchfiles.main - INFO - 1 change detected
2026-01-14 19:22:53 - watchfiles.main - INFO - 1 change detected
2026-01-14 19:22:54 - watchfiles.main - INFO - 1 change detected
2026-01-14 19:22:54 - watchfiles.main - INFO - 1 change detected
2026-01-14 19:22:54 - watchfiles.main - INFO - 1 change detected
2026-01-14 19:22:55 - watchfiles.main - INFO - 1 change detected
2026-01-14 19:22:55 - watchfiles.main - INFO - 1 change detected
2026-01-14 19:22:56 - watchfiles.main - INFO - 1 change detected
2026-01-14 19:22:56 - watchfiles.main - INFO - 1 change detected
2026-01-14 19:22:56 - watchfiles.main - INFO - 1 change detected
2026-01-14 19:22:57 - watchfiles.main - INFO - 1 change detected
2026-01-14 19:22:57 - watchfiles.main - INFO - 1 change detected
2026-01-14 19:22:58 - watchfiles.main - INFO - 1 change detected
2026-01-14 19:22:58 - watchfiles.main - INFO - 1 change detected
2026-01-14 19:22:58 - watchfiles.main - INFO - 1 change detected
2026-01-14 19:22:59 - watchfiles.main - INFO - 1 change detected
2026-01-14 19:22:59 - watchfiles.main - INFO - 1 change detected
2026-01-14 19:23:00 - watchfiles.main - INFO - 1 change detected
2026-01-14 19:23:00 - watchfiles.main - INFO - 1 change detected
2026-01-14 19:23:00 - watchfiles.main - INFO - 1 change detected
2026-01-14 19:23:01 - watchfiles.main - INFO - 1 change detected
2026-01-14 19:23:01 - watchfiles.main - INFO - 1 change detected
2026-01-14 19:23:02 - watchfiles.main - INFO - 1 change detected
2026-01-14 19:23:02 - watchfiles.main - INFO - 1 change detected
2026-01-14 19:23:02 - watchfiles.main - INFO - 1 change detected
2026-01-14 19:23:03 - watchfiles.main - INFO - 1 change detected
2026-01-14 19:23:03 - watchfiles.main - INFO - 1 change detected
2026-01-14 19:23:04 - watchfiles.main - INFO - 1 change detected
2026-01-14 19:23:04 - watchfiles.main - INFO - 1 change detected
2026-01-14 19:23:04 - watchfiles.main - INFO - 1 change detected
2026-01-14 19:23:05 - watchfiles.main - INFO - 1 change detected
2026-01-14 19:23:05 - watchfiles.main - INFO - 1 change detected
2026-01-14 19:23:06 - watchfiles.main - INFO - 1 change detected
2026-01-14 19:23:06 - watchfiles.main - INFO - 1 change detected
2026-01-14 19:23:06 - watchfiles.main - INFO - 1 change detected
2026-01-14 19:23:07 - watchfiles.main - INFO - 1 change detected
2026-01-14 19:23:07 - watchfiles.main - INFO - 1 change detected
2026-01-14 19:23:08 - watchfiles.main - INFO - 1 change detected
2026-01-14 19:23:08 - watchfiles.main - INFO - 1 change detected
2026-01-14 19:23:08 - watchfiles.main - INFO - 1 change detected
2026-01-14 19:23:09 - watchfiles.main - INFO - 1 change detected
2026-01-14 19:23:09 - watchfiles.main - INFO - 1 change detected
2026-01-14 19:23:10 - watchfiles.main - INFO - 1 change detected
2026-01-14 19:23:10 - watchfiles.main - INFO - 1 change detected
2026-01-14 19:23:11 - watchfiles.main - INFO - 1 change detected
2026-01-14 19:23:11 - watchfiles.main - INFO - 1 change detected
2026-01-14 19:23:11 - watchfiles.main - INFO - 1 change detected
2026-01-14 19:23:12 - watchfiles.main - INFO - 1 change detected
2026-01-14 19:23:12 - watchfiles.main - INFO - 1 change detected
2026-01-14 19:23:13 - watchfiles.main - INFO - 1 change detected
2026-01-14 19:23:13 - watchfiles.main - INFO - 1 change detected
2026-01-14 19:23:13 - watchfiles.main - INFO - 1 change detected
2026-01-14 19:23:14 - watchfiles.main - INFO - 1 change detected
2026-01-14 19:23:14 - watchfiles.main - INFO - 1 change detected
2026-01-14 19:23:15 - watchfiles.main - INFO - 1 change detected
2026-01-14 19:23:15 - watchfiles.main - INFO - 1 change detected
2026-01-14 19:23:15 - watchfiles.main - INFO - 1 change detected
2026-01-14 19:23:16 - watchfiles.main - INFO - 1 change detected
2026-01-14 19:23:16 - watchfiles.main - INFO - 1 change detected
2026-01-14 19:23:17 - watchfiles.main - INFO - 1 change detected
2026-01-14 19:23:17 - watchfiles.main - INFO - 1 change detected
2026-01-14 19:23:17 - watchfiles.main - INFO - 1 change detected
2026-01-14 19:23:18 - watchfiles.main - INFO - 1 change detected
2026-01-14 19:23:18 - watchfiles.main - INFO - 1 change detected
2026-01-14 19:23:19 - watchfiles.main - INFO - 1 change detected
2026-01-14 19:23:19 - watchfiles.main - INFO - 1 change detected
2026-01-14 19:23:19 - watchfiles.main - INFO - 1 change detected
2026-01-14 19:23:20 - watchfiles.main - INFO - 1 change detected
2026-01-14 19:23:20 - watchfiles.main - INFO - 1 change detected
2026-01-14 19:23:21 - watchfiles.main - INFO - 1 change detected
2026-01-14 19:23:21 - watchfiles.main - INFO - 1 change detected
2026-01-14 19:23:21 - watchfiles.main - INFO - 1 change detected
2026-01-14 19:23:22 - watchfiles.main - INFO - 1 change detected
2026-01-14 19:23:22 - watchfiles.main - INFO - 1 change detected
2026-01-14 19:23:23 - watchfiles.main - INFO - 1 change detected
2026-01-14 19:23:23 - watchfiles.main - INFO - 1 change detected
2026-01-14 19:23:23 - watchfiles.main - INFO - 1 change detected
2026-01-14 19:23:24 - watchfiles.main - INFO - 1 change detected
2026-01-14 19:23:24 - watchfiles.main - INFO - 1 change detected
2026-01-14 19:23:25 - watchfiles.main - INFO - 1 change detected
2026-01-14 19:23:25 - watchfiles.main - INFO - 1 change detected
2026-01-14 19:23:25 - watchfiles.main - INFO - 1 change detected
2026-01-14 19:23:26 - watchfiles.main - INFO - 1 change detected
2026-01-14 19:23:26 - watchfiles.main - INFO - 1 change detected
2026-01-14 19:23:27 - watchfiles.main - INFO - 1 change detected
2026-01-14 19:23:27 - watchfiles.main - INFO - 1 change detected
2026-01-14 19:23:27 - watchfiles.main - INFO - 1 change detected
2026-01-14 19:23:28 - watchfiles.main - INFO - 1 change detected
2026-01-14 19:23:28 - watchfiles.main - INFO - 1 change detected
2026-01-14 19:23:29 - watchfiles.main - INFO - 1 change detected
2026-01-14 19:23:29 - watchfiles.main - INFO - 1 change detected
2026-01-14 19:23:29 - watchfiles.main - INFO - 1 change detected
2026-01-14 19:23:30 - watchfiles.main - INFO - 1 change detected
2026-01-14 19:23:30 - watchfiles.main - INFO - 1 change detected
2026-01-14 19:23:31 - watchfiles.main - INFO - 1 change detected
2026-01-14 19:23:31 - watchfiles.main - INFO - 1 change detected
2026-01-14 19:23:31 - watchfiles.main - INFO - 1 change detected
2026-01-14 19:23:32 - watchfiles.main - INFO - 1 change detected
2026-01-14 19:23:32 - watchfiles.main - INFO - 1 change detected
2026-01-14 19:23:33 - watchfiles.main - INFO - 1 change detected
2026-01-14 19:23:33 - watchfiles.main - INFO - 1 change detected
2026-01-14 19:23:33 - watchfiles.main - INFO - 1 change detected
2026-01-14 19:23:34 - watchfiles.main - INFO - 1 change detected
2026-01-14 19:23:34 - watchfiles.main - INFO - 1 change detected
2026-01-14 19:23:35 - watchfiles.main - INFO - 1 change detected
2026-01-14 19:23:35 - watchfiles.main - INFO - 1 change detected
2026-01-14 19:23:35 - watchfiles.main - INFO - 1 change detected
2026-01-14 19:23:36 - watchfiles.main - INFO - 1 change detected
2026-01-14 19:23:36 - watchfiles.main - INFO - 1 change detected
2026-01-14 19:23:37 - watchfiles.main - INFO - 1 change detected
2026-01-14 19:23:37 - watchfiles.main - INFO - 1 change detected
2026-01-14 19:23:37 - watchfiles.main - INFO - 1 change detected
2026-01-14 19:23:38 - watchfiles.main - INFO - 1 change detected
2026-01-14 19:23:38 - watchfiles.main - INFO - 1 change detected
2026-01-14 19:23:39 - watchfiles.main - INFO - 1 change detected
2026-01-14 19:23:39 - watchfiles.main - INFO - 1 change detected
2026-01-14 19:23:40 - watchfiles.main - INFO - 1 change detected
2026-01-14 19:23:40 - watchfiles.main - INFO - 1 change detected
2026-01-14 19:23:40 - watchfiles.main - INFO - 1 change detected
2026-01-14 19:23:41 - watchfiles.main - INFO - 1 change detected
2026-01-14 19:23:41 - watchfiles.main - INFO - 1 change detected
2026-01-14 19:23:41 - watchfiles.main - INFO - 1 change detected
2026-01-14 19:23:42 - watchfiles.main - INFO - 1 change detected
2026-01-14 19:23:42 - watchfiles.main - INFO - 1 change detected
2026-01-14 19:23:43 - watchfiles.main - INFO - 1 change detected
2026-01-14 19:23:43 - watchfiles.main - INFO - 1 change detected
2026-01-14 19:23:44 - watchfiles.main - INFO - 1 change detected
2026-01-14 19:23:44 - watchfiles.main - INFO - 1 change detected
2026-01-14 19:23:44 - watchfiles.main - INFO - 1 change detected
2026-01-14 19:23:45 - watchfiles.main - INFO - 1 change detected
2026-01-14 19:23:45 - watchfiles.main - INFO - 1 change detected
2026-01-14 19:23:46 - watchfiles.main - INFO - 1 change detected
2026-01-14 19:23:46 - watchfiles.main - INFO - 1 change detected
2026-01-14 19:23:46 - watchfiles.main - INFO - 1 change detected
2026-01-14 19:23:47 - watchfiles.main - INFO - 1 change detected
2026-01-14 19:23:47 - watchfiles.main - INFO - 1 change detected
2026-01-14 19:23:48 - watchfiles.main - INFO - 1 change detected
2026-01-14 19:23:48 - watchfiles.main - INFO - 1 change detected
2026-01-14 19:23:48 - watchfiles.main - INFO - 1 change detected
2026-01-14 19:23:49 - watchfiles.main - INFO - 1 change detected
2026-01-14 19:23:49 - watchfiles.main - INFO - 1 change detected
2026-01-14 19:23:50 - watchfiles.main - INFO - 1 change detected
2026-01-14 19:23:50 - watchfiles.main - INFO - 1 change detected
2026-01-14 19:23:50 - watchfiles.main - INFO - 1 change detected
2026-01-14 19:23:51 - watchfiles.main - INFO - 1 change detected
2026-01-14 19:23:51 - watchfiles.main - INFO - 1 change detected
2026-01-14 19:23:52 - watchfiles.main - INFO - 1 change detected
2026-01-14 19:23:52 - watchfiles.main - INFO - 1 change detected
2026-01-14 19:23:52 - watchfiles.main - INFO - 1 change detected
2026-01-14 19:23:53 - watchfiles.main - INFO - 1 change detected
2026-01-14 19:23:53 - watchfiles.main - INFO - 1 change detected
2026-01-14 19:23:54 - watchfiles.main - INFO - 1 change detected
2026-01-14 19:23:54 - watchfiles.main - INFO - 1 change detected
2026-01-14 19:23:54 - watchfiles.main - INFO - 1 change detected
2026-01-14 19:23:55 - watchfiles.main - INFO - 1 change detected
2026-01-14 19:23:55 - watchfiles.main - INFO - 1 change detected
2026-01-14 19:23:56 - watchfiles.main - INFO - 1 change detected
2026-01-14 19:23:56 - watchfiles.main - INFO - 1 change detected
2026-01-14 19:23:56 - watchfiles.main - INFO - 1 change detected
2026-01-14 19:23:57 - watchfiles.main - INFO - 1 change detected
2026-01-14 19:23:57 - watchfiles.main - INFO - 1 change detected
2026-01-14 19:23:58 - watchfiles.main - INFO - 1 change detected
2026-01-14 19:23:58 - watchfiles.main - INFO - 1 change detected
2026-01-14 19:23:58 - watchfiles.main - INFO - 1 change detected
2026-01-14 19:23:59 - watchfiles.main - INFO - 1 change detected
2026-01-14 19:23:59 - watchfiles.main - INFO - 1 change detected
2026-01-14 19:24:00 - watchfiles.main - INFO - 1 change detected
2026-01-14 19:24:00 - watchfiles.main - INFO - 1 change detected
2026-01-14 19:24:00 - watchfiles.main - INFO - 1 change detected
2026-01-14 19:24:01 - watchfiles.main - INFO - 1 change detected
2026-01-14 19:24:01 - watchfiles.main - INFO - 1 change detected
2026-01-14 19:24:02 - watchfiles.main - INFO - 1 change detected
2026-01-14 19:24:02 - watchfiles.main - INFO - 1 change detected
2026-01-14 19:24:02 - watchfiles.main - INFO - 1 change detected
2026-01-14 19:24:03 - watchfiles.main - INFO - 1 change detected
2026-01-14 19:24:03 - watchfiles.main - INFO - 1 change detected
2026-01-14 19:24:04 - watchfiles.main - INFO - 1 change detected
2026-01-14 19:24:04 - watchfiles.main - INFO - 1 change detected
2026-01-14 19:24:05 - watchfiles.main - INFO - 1 change detected
2026-01-14 19:24:05 - watchfiles.main - INFO - 1 change detected
2026-01-14 19:24:05 - watchfiles.main - INFO - 1 change detected
2026-01-14 19:24:06 - watchfiles.main - INFO - 1 change detected
2026-01-14 19:24:06 - watchfiles.main - INFO - 1 change detected
2026-01-14 19:24:07 - watchfiles.main - INFO - 1 change detected
2026-01-14 19:24:07 - watchfiles.main - INFO - 1 change detected
2026-01-14 19:24:07 - watchfiles.main - INFO - 1 change detected
2026-01-14 19:24:08 - watchfiles.main - INFO - 1 change detected
2026-01-14 19:24:08 - watchfiles.main - INFO - 1 change detected
2026-01-14 19:24:09 - watchfiles.main - INFO - 1 change detected
2026-01-14 19:24:09 - watchfiles.main - INFO - 1 change detected
2026-01-14 19:24:09 - watchfiles.main - INFO - 1 change detected
2026-01-14 19:24:10 - watchfiles.main - INFO - 1 change detected
2026-01-14 19:24:10 - watchfiles.main - INFO - 1 change detected
2026-01-14 19:24:11 - watchfiles.main - INFO - 1 change detected
2026-01-14 19:24:11 - watchfiles.main - INFO - 1 change detected
2026-01-14 19:24:11 - watchfiles.main - INFO - 1 change detected
2026-01-14 19:24:12 - watchfiles.main - INFO - 1 change detected
2026-01-14 19:24:12 - watchfiles.main - INFO - 1 change detected
2026-01-14 19:24:13 - watchfiles.main - INFO - 1 change detected
2026-01-14 19:24:13 - watchfiles.main - INFO - 1 change detected
2026-01-14 19:24:13 - watchfiles.main - INFO - 1 change detected
2026-01-14 19:24:14 - watchfiles.main - INFO - 1 change detected
2026-01-14 19:24:14 - watchfiles.main - INFO - 1 change detected
2026-01-14 19:24:15 - watchfiles.main - INFO - 1 change detected
2026-01-14 19:24:15 - watchfiles.main - INFO - 1 change detected
2026-01-14 19:24:15 - watchfiles.main - INFO - 1 change detected
2026-01-14 19:24:16 - watchfiles.main - INFO - 1 change detected
2026-01-14 19:24:16 - watchfiles.main - INFO - 1 change detected
2026-01-14 19:24:17 - watchfiles.main - INFO - 1 change detected
2026-01-14 19:24:17 - watchfiles.main - INFO - 1 change detected
2026-01-14 19:24:17 - watchfiles.main - INFO - 1 change detected
2026-01-14 19:24:18 - watchfiles.main - INFO - 1 change detected
2026-01-14 19:24:18 - watchfiles.main - INFO - 1 change detected
2026-01-14 19:24:19 - watchfiles.main - INFO - 1 change detected
2026-01-14 19:24:19 - watchfiles.main - INFO - 1 change detected
2026-01-14 19:24:19 - watchfiles.main - INFO - 1 change detected
2026-01-14 19:24:20 - watchfiles.main - INFO - 1 change detected
2026-01-14 19:24:20 - watchfiles.main - INFO - 1 change detected
2026-01-14 19:24:21 - watchfiles.main - INFO - 1 change detected
2026-01-14 19:24:21 - watchfiles.main - INFO - 1 change detected
2026-01-14 19:24:21 - watchfiles.main - INFO - 1 change detected
2026-01-14 19:24:22 - watchfiles.main - INFO - 1 change detected
2026-01-14 19:24:22 - watchfiles.main - INFO - 1 change detected
2026-01-14 19:24:23 - watchfiles.main - INFO - 1 change detected
2026-01-14 19:24:23 - watchfiles.main - INFO - 1 change detected
2026-01-14 19:24:23 - watchfiles.main - INFO - 1 change detected
2026-01-14 19:24:24 - watchfiles.main - INFO - 1 change detected
2026-01-14 19:24:24 - watchfiles.main - INFO - 1 change detected
2026-01-14 19:24:25 - watchfiles.main - INFO - 1 change detected
2026-01-14 19:24:25 - watchfiles.main - INFO - 1 change detected
2026-01-14 19:24:25 - watchfiles.main - INFO - 1 change detected
2026-01-14 19:24:26 - watchfiles.main - INFO - 1 change detected
2026-01-14 19:24:26 - watchfiles.main - INFO - 1 change detected
2026-01-14 19:24:27 - watchfiles.main - INFO - 1 change detected
2026-01-14 19:24:27 - watchfiles.main - INFO - 1 change detected
2026-01-14 19:24:27 - watchfiles.main - INFO - 1 change detected
2026-01-14 19:24:28 - watchfiles.main - INFO - 1 change detected
2026-01-14 19:24:28 - watchfiles.main - INFO - 1 change detected
2026-01-14 19:24:29 - watchfiles.main - INFO - 1 change detected
2026-01-14 19:24:29 - watchfiles.main - INFO - 1 change detected
2026-01-14 19:24:29 - watchfiles.main - INFO - 1 change detected
2026-01-14 19:24:30 - watchfiles.main - INFO - 1 change detected
2026-01-14 19:24:30 - watchfiles.main - INFO - 1 change detected
2026-01-14 19:24:31 - watchfiles.main - INFO - 1 change detected
2026-01-14 19:24:31 - watchfiles.main - INFO - 1 change detected
2026-01-14 19:24:31 - watchfiles.main - INFO - 1 change detected
2026-01-14 19:24:32 - watchfiles.main - INFO - 1 change detected
2026-01-14 19:24:32 - watchfiles.main - INFO - 1 change detected
2026-01-14 19:24:33 - watchfiles.main - INFO - 1 change detected
2026-01-14 19:24:33 - watchfiles.main - INFO - 1 change detected
2026-01-14 19:24:33 - watchfiles.main - INFO - 1 change detected
2026-01-14 19:24:34 - watchfiles.main - INFO - 1 change detected
2026-01-14 19:24:34 - watchfiles.main - INFO - 1 change detected
2026-01-14 19:24:35 - watchfiles.main - INFO - 1 change detected
2026-01-14 19:24:35 - watchfiles.main - INFO - 1 change detected
2026-01-14 19:24:35 - watchfiles.main - INFO - 1 change detected
2026-01-14 19:24:36 - watchfiles.main - INFO - 1 change detected
2026-01-14 19:24:36 - watchfiles.main - INFO - 1 change detected
2026-01-14 19:24:37 - watchfiles.main - INFO - 1 change detected
2026-01-14 19:24:37 - watchfiles.main - INFO - 1 change detected
2026-01-14 19:24:37 - watchfiles.main - INFO - 1 change detected
2026-01-14 19:24:38 - watchfiles.main - INFO - 1 change detected
2026-01-14 19:24:38 - watchfiles.main - INFO - 1 change detected
2026-01-14 19:24:39 - watchfiles.main - INFO - 1 change detected
2026-01-14 19:24:39 - watchfiles.main - INFO - 1 change detected
2026-01-14 19:24:40 - watchfiles.main - INFO - 1 change detected
2026-01-14 19:24:40 - watchfiles.main - INFO - 1 change detected
2026-01-14 19:24:40 - watchfiles.main - INFO - 1 change detected
2026-01-14 19:24:41 - watchfiles.main - INFO - 1 change detected
2026-01-14 19:24:41 - watchfiles.main - INFO - 1 change detected
2026-01-14 19:24:42 - watchfiles.main - INFO - 1 change detected
2026-01-14 19:24:42 - watchfiles.main - INFO - 1 change detected
2026-01-14 19:24:42 - watchfiles.main - INFO - 1 change detected
2026-01-14 19:24:43 - watchfiles.main - INFO - 1 change detected
2026-01-14 19:24:43 - watchfiles.main - INFO - 1 change detected
2026-01-14 19:24:44 - watchfiles.main - INFO - 1 change detected
2026-01-14 19:24:44 - watchfiles.main - INFO - 1 change detected
2026-01-14 19:24:44 - watchfiles.main - INFO - 1 change detected
2026-01-14 19:24:45 - watchfiles.main - INFO - 1 change detected
2026-01-14 19:24:45 - watchfiles.main - INFO - 1 change detected
2026-01-14 19:24:46 - watchfiles.main - INFO - 1 change detected
2026-01-14 19:24:46 - watchfiles.main - INFO - 1 change detected
2026-01-14 19:24:46 - watchfiles.main - INFO - 1 change detected
2026-01-14 19:24:47 - watchfiles.main - INFO - 1 change detected
2026-01-14 19:24:47 - watchfiles.main - INFO - 1 change detected
2026-01-14 19:24:48 - watchfiles.main - INFO - 1 change detected
2026-01-14 19:24:48 - watchfiles.main - INFO - 1 change detected
2026-01-14 19:24:48 - watchfiles.main - INFO - 1 change detected
2026-01-14 19:24:49 - watchfiles.main - INFO - 1 change detected
2026-01-14 19:24:49 - watchfiles.main - INFO - 1 change detected
2026-01-14 19:24:50 - watchfiles.main - INFO - 1 change detected
2026-01-14 19:24:50 - watchfiles.main - INFO - 1 change detected
2026-01-14 19:24:50 - watchfiles.main - INFO - 1 change detected
2026-01-14 19:24:51 - watchfiles.main - INFO - 1 change detected
2026-01-14 19:24:51 - watchfiles.main - INFO - 1 change detected
2026-01-14 19:24:52 - watchfiles.main - INFO - 1 change detected
2026-01-14 19:24:52 - watchfiles.main - INFO - 1 change detected
2026-01-14 19:24:52 - watchfiles.main - INFO - 1 change detected
2026-01-14 19:24:53 - watchfiles.main - INFO - 1 change detected
2026-01-14 19:24:53 - watchfiles.main - INFO - 1 change detected
2026-01-14 19:24:54 - watchfiles.main - INFO - 1 change detected
2026-01-14 19:24:54 - watchfiles.main - INFO - 1 change detected
2026-01-14 19:24:54 - watchfiles.main - INFO - 1 change detected
2026-01-14 19:24:55 - watchfiles.main - INFO - 1 change detected
2026-01-14 19:24:55 - watchfiles.main - INFO - 1 change detected
2026-01-14 19:24:56 - watchfiles.main - INFO - 1 change detected
2026-01-14 19:24:56 - watchfiles.main - INFO - 1 change detected
2026-01-14 19:24:56 - watchfiles.main - INFO - 1 change detected
2026-01-14 19:24:57 - watchfiles.main - INFO - 1 change detected
2026-01-14 19:24:57 - watchfiles.main - INFO - 1 change detected
2026-01-14 19:24:58 - watchfiles.main - INFO - 1 change detected
2026-01-14 19:24:58 - watchfiles.main - INFO - 1 change detected
2026-01-14 19:24:58 - watchfiles.main - INFO - 1 change detected
2026-01-14 19:24:59 - watchfiles.main - INFO - 1 change detected
2026-01-14 19:24:59 - watchfiles.main - INFO - 1 change detected
2026-01-14 19:25:00 - watchfiles.main - INFO - 1 change detected
2026-01-14 19:25:00 - watchfiles.main - INFO - 1 change detected
2026-01-14 19:25:00 - watchfiles.main - INFO - 1 change detected
2026-01-14 19:25:01 - watchfiles.main - INFO - 1 change detected
2026-01-14 19:25:01 - watchfiles.main - INFO - 1 change detected
2026-01-14 19:25:02 - watchfiles.main - INFO - 1 change detected
2026-01-14 19:25:02 - watchfiles.main - INFO - 1 change detected
2026-01-14 19:25:02 - watchfiles.main - INFO - 1 change detected
2026-01-14 19:25:03 - watchfiles.main - INFO - 1 change detected
2026-01-14 19:25:03 - watchfiles.main - INFO - 1 change detected
2026-01-14 19:25:04 - watchfiles.main - INFO - 1 change detected
2026-01-14 19:25:04 - watchfiles.main - INFO - 1 change detected
2026-01-14 19:25:04 - watchfiles.main - INFO - 1 change detected
2026-01-14 19:25:05 - watchfiles.main - INFO - 1 change detected
2026-01-14 19:25:05 - watchfiles.main - INFO - 1 change detected
2026-01-14 19:25:06 - watchfiles.main - INFO - 1 change detected
2026-01-14 19:25:06 - watchfiles.main - INFO - 1 change detected
2026-01-14 19:25:07 - watchfiles.main - INFO - 1 change detected
2026-01-14 19:25:07 - watchfiles.main - INFO - 1 change detected
2026-01-14 19:25:07 - watchfiles.main - INFO - 1 change detected
2026-01-14 19:25:08 - watchfiles.main - INFO - 1 change detected
2026-01-14 19:25:08 - watchfiles.main - INFO - 1 change detected
2026-01-14 19:25:09 - watchfiles.main - INFO - 1 change detected
2026-01-14 19:25:09 - watchfiles.main - INFO - 1 change detected
2026-01-14 19:25:09 - watchfiles.main - INFO - 1 change detected
2026-01-14 19:25:10 - watchfiles.main - INFO - 1 change detected
2026-01-14 19:25:10 - watchfiles.main - INFO - 1 change detected
2026-01-14 19:25:11 - watchfiles.main - INFO - 1 change detected
2026-01-14 19:25:11 - watchfiles.main - INFO - 1 change detected
2026-01-14 19:25:11 - watchfiles.main - INFO - 1 change detected
2026-01-14 19:25:12 - watchfiles.main - INFO - 1 change detected
2026-01-14 19:25:12 - watchfiles.main - INFO - 1 change detected
2026-01-14 19:25:13 - watchfiles.main - INFO - 1 change detected
2026-01-14 19:25:13 - watchfiles.main - INFO - 1 change detected
2026-01-14 19:25:13 - watchfiles.main - INFO - 1 change detected
2026-01-14 19:25:14 - watchfiles.main - INFO - 1 change detected
2026-01-14 19:25:14 - watchfiles.main - INFO - 1 change detected
2026-01-14 19:25:15 - watchfiles.main - INFO - 1 change detected
2026-01-14 19:25:15 - watchfiles.main - INFO - 1 change detected
2026-01-14 19:25:15 - watchfiles.main - INFO - 1 change detected
2026-01-14 19:25:16 - watchfiles.main - INFO - 1 change detected
2026-01-14 19:25:16 - watchfiles.main - INFO - 1 change detected
2026-01-14 19:25:17 - watchfiles.main - INFO - 1 change detected
2026-01-14 19:25:17 - watchfiles.main - INFO - 1 change detected
2026-01-14 19:25:17 - watchfiles.main - INFO - 1 change detected
2026-01-14 19:25:18 - watchfiles.main - INFO - 1 change detected
2026-01-14 19:25:18 - watchfiles.main - INFO - 1 change detected
2026-01-14 19:25:19 - watchfiles.main - INFO - 1 change detected
2026-01-14 19:25:19 - watchfiles.main - INFO - 1 change detected
2026-01-14 19:25:19 - watchfiles.main - INFO - 1 change detected
2026-01-14 19:25:20 - watchfiles.main - INFO - 1 change detected
2026-01-14 19:25:20 - watchfiles.main - INFO - 1 change detected
2026-01-14 19:25:21 - watchfiles.main - INFO - 1 change detected
2026-01-14 19:25:21 - watchfiles.main - INFO - 1 change detected
2026-01-14 19:25:21 - watchfiles.main - INFO - 1 change detected
2026-01-14 19:25:22 - watchfiles.main - INFO - 1 change detected
2026-01-14 19:25:22 - watchfiles.main - INFO - 1 change detected
2026-01-14 19:25:23 - watchfiles.main - INFO - 1 change detected
2026-01-14 19:25:23 - watchfiles.main - INFO - 1 change detected
2026-01-14 19:25:23 - watchfiles.main - INFO - 1 change detected
2026-01-14 19:25:24 - watchfiles.main - INFO - 1 change detected
2026-01-14 19:25:24 - watchfiles.main - INFO - 1 change detected
2026-01-14 19:25:25 - watchfiles.main - INFO - 1 change detected
2026-01-14 19:25:25 - watchfiles.main - INFO - 1 change detected
2026-01-14 19:25:25 - watchfiles.main - INFO - 1 change detected
2026-01-14 19:25:26 - watchfiles.main - INFO - 1 change detected
2026-01-14 19:25:26 - watchfiles.main - INFO - 1 change detected
2026-01-14 19:25:27 - watchfiles.main - INFO - 1 change detected
2026-01-14 19:25:27 - watchfiles.main - INFO - 1 change detected
2026-01-14 19:25:27 - watchfiles.main - INFO - 1 change detected
2026-01-14 19:25:28 - watchfiles.main - INFO - 1 change detected
2026-01-14 19:25:28 - watchfiles.main - INFO - 1 change detected
2026-01-14 19:25:29 - watchfiles.main - INFO - 1 change detected
2026-01-14 19:25:29 - watchfiles.main - INFO - 1 change detected
2026-01-14 19:25:29 - watchfiles.main - INFO - 1 change detected
2026-01-14 19:25:30 - watchfiles.main - INFO - 1 change detected
2026-01-14 19:25:30 - watchfiles.main - INFO - 1 change detected
2026-01-14 19:25:31 - watchfiles.main - INFO - 1 change detected
2026-01-14 19:25:31 - watchfiles.main - INFO - 1 change detected
2026-01-14 19:25:31 - watchfiles.main - INFO - 1 change detected
2026-01-14 19:25:32 - watchfiles.main - INFO - 1 change detected
2026-01-14 19:25:32 - watchfiles.main - INFO - 1 change detected
2026-01-14 19:25:33 - watchfiles.main - INFO - 1 change detected
2026-01-14 19:25:33 - watchfiles.main - INFO - 1 change detected
2026-01-14 19:25:33 - watchfiles.main - INFO - 1 change detected
2026-01-14 19:25:34 - watchfiles.main - INFO - 1 change detected
2026-01-14 19:25:34 - watchfiles.main - INFO - 1 change detected
2026-01-14 19:25:35 - watchfiles.main - INFO - 1 change detected
2026-01-14 19:25:35 - watchfiles.main - INFO - 1 change detected
2026-01-14 19:25:35 - watchfiles.main - INFO - 1 change detected
2026-01-14 19:25:36 - watchfiles.main - INFO - 1 change detected
2026-01-14 19:25:36 - watchfiles.main - INFO - 1 change detected
2026-01-14 19:25:37 - watchfiles.main - INFO - 1 change detected
2026-01-14 19:25:37 - watchfiles.main - INFO - 1 change detected
2026-01-14 19:25:37 - watchfiles.main - INFO - 1 change detected
2026-01-14 19:25:38 - watchfiles.main - INFO - 1 change detected
2026-01-14 19:25:38 - watchfiles.main - INFO - 1 change detected
2026-01-14 19:25:39 - watchfiles.main - INFO - 1 change detected
2026-01-14 19:25:39 - watchfiles.main - INFO - 1 change detected
2026-01-14 19:25:39 - watchfiles.main - INFO - 1 change detected
2026-01-14 19:25:40 - watchfiles.main - INFO - 1 change detected
2026-01-14 19:25:40 - watchfiles.main - INFO - 1 change detected
2026-01-14 19:25:41 - watchfiles.main - INFO - 1 change detected
2026-01-14 19:25:41 - watchfiles.main - INFO - 1 change detected
2026-01-14 19:25:41 - watchfiles.main - INFO - 1 change detected
2026-01-14 19:25:42 - watchfiles.main - INFO - 1 change detected
2026-01-14 19:25:42 - watchfiles.main - INFO - 1 change detected
2026-01-14 19:25:43 - watchfiles.main - INFO - 1 change detected
2026-01-14 19:25:43 - watchfiles.main - INFO - 1 change detected
2026-01-14 19:25:43 - watchfiles.main - INFO - 1 change detected
2026-01-14 19:25:44 - watchfiles.main - INFO - 1 change detected
2026-01-14 19:25:44 - watchfiles.main - INFO - 1 change detected
2026-01-14 19:25:45 - watchfiles.main - INFO - 1 change detected
2026-01-14 19:25:45 - watchfiles.main - INFO - 1 change detected
2026-01-14 19:25:45 - watchfiles.main - INFO - 1 change detected
2026-01-14 19:25:46 - watchfiles.main - INFO - 1 change detected
2026-01-14 19:25:46 - watchfiles.main - INFO - 1 change detected
2026-01-14 19:25:47 - watchfiles.main - INFO - 1 change detected
2026-01-14 19:25:47 - watchfiles.main - INFO - 1 change detected
2026-01-14 19:25:48 - watchfiles.main - INFO - 1 change detected
2026-01-14 19:25:48 - watchfiles.main - INFO - 1 change detected
2026-01-14 19:25:48 - watchfiles.main - INFO - 1 change detected
2026-01-14 19:25:49 - watchfiles.main - INFO - 1 change detected
2026-01-14 19:25:49 - watchfiles.main - INFO - 1 change detected
2026-01-14 19:25:49 - watchfiles.main - INFO - 1 change detected
2026-01-14 19:25:50 - watchfiles.main - INFO - 1 change detected
2026-01-14 19:25:50 - watchfiles.main - INFO - 1 change detected
2026-01-14 19:25:51 - watchfiles.main - INFO - 1 change detected
2026-01-14 19:25:51 - watchfiles.main - INFO - 1 change detected
2026-01-14 19:25:52 - watchfiles.main - INFO - 1 change detected
2026-01-14 19:25:52 - watchfiles.main - INFO - 1 change detected
2026-01-14 19:25:52 - watchfiles.main - INFO - 1 change detected
2026-01-14 19:25:53 - watchfiles.main - INFO - 1 change detected
2026-01-14 19:25:53 - watchfiles.main - INFO - 1 change detected
2026-01-14 19:25:54 - watchfiles.main - INFO - 1 change detected
2026-01-14 19:25:54 - watchfiles.main - INFO - 1 change detected
2026-01-14 19:25:54 - watchfiles.main - INFO - 1 change detected
2026-01-14 19:25:55 - watchfiles.main - INFO - 1 change detected
2026-01-14 19:25:55 - watchfiles.main - INFO - 1 change detected
2026-01-14 19:25:56 - watchfiles.main - INFO - 1 change detected
2026-01-14 19:25:56 - watchfiles.main - INFO - 1 change detected
2026-01-14 19:25:56 - watchfiles.main - INFO - 1 change detected
2026-01-14 19:25:57 - watchfiles.main - INFO - 1 change detected
2026-01-14 19:25:57 - watchfiles.main - INFO - 1 change detected
2026-01-14 19:25:58 - watchfiles.main - INFO - 1 change detected
2026-01-14 19:25:58 - watchfiles.main - INFO - 1 change detected
2026-01-14 19:25:58 - watchfiles.main - INFO - 1 change detected
2026-01-14 19:25:59 - watchfiles.main - INFO - 1 change detected
2026-01-14 19:25:59 - watchfiles.main - INFO - 1 change detected
2026-01-14 19:26:00 - watchfiles.main - INFO - 1 change detected
2026-01-14 19:26:00 - watchfiles.main - INFO - 1 change detected
2026-01-14 19:26:00 - watchfiles.main - INFO - 1 change detected
2026-01-14 19:26:01 - watchfiles.main - INFO - 1 change detected
2026-01-14 19:26:01 - watchfiles.main - INFO - 1 change detected
2026-01-14 19:26:02 - watchfiles.main - INFO - 1 change detected
2026-01-14 19:26:02 - watchfiles.main - INFO - 1 change detected
2026-01-14 19:26:02 - watchfiles.main - INFO - 1 change detected
2026-01-14 19:26:03 - watchfiles.main - INFO - 1 change detected
2026-01-14 19:26:03 - watchfiles.main - INFO - 1 change detected
2026-01-14 19:26:04 - watchfiles.main - INFO - 1 change detected
2026-01-14 19:26:04 - watchfiles.main - INFO - 1 change detected
2026-01-14 19:26:04 - watchfiles.main - INFO - 1 change detected
2026-01-14 19:26:05 - watchfiles.main - INFO - 1 change detected
2026-01-14 19:26:05 - watchfiles.main - INFO - 1 change detected
2026-01-14 19:26:06 - watchfiles.main - INFO - 1 change detected
2026-01-14 19:26:06 - watchfiles.main - INFO - 1 change detected
2026-01-14 19:26:06 - watchfiles.main - INFO - 1 change detected
2026-01-14 19:26:07 - watchfiles.main - INFO - 1 change detected
2026-01-14 19:26:07 - watchfiles.main - INFO - 1 change detected
2026-01-14 19:26:08 - watchfiles.main - INFO - 1 change detected
2026-01-14 19:26:08 - watchfiles.main - INFO - 1 change detected
2026-01-14 19:26:08 - watchfiles.main - INFO - 1 change detected
2026-01-14 19:26:09 - watchfiles.main - INFO - 1 change detected
2026-01-14 19:26:09 - watchfiles.main - INFO - 1 change detected
2026-01-14 19:26:10 - watchfiles.main - INFO - 1 change detected
2026-01-14 19:26:10 - watchfiles.main - INFO - 1 change detected
2026-01-14 19:26:11 - watchfiles.main - INFO - 1 change detected
2026-01-14 19:26:11 - watchfiles.main - INFO - 1 change detected
2026-01-14 19:26:11 - watchfiles.main - INFO - 1 change detected
2026-01-14 19:26:12 - watchfiles.main - INFO - 1 change detected
2026-01-14 19:26:12 - watchfiles.main - INFO - 1 change detected
2026-01-14 19:26:13 - watchfiles.main - INFO - 1 change detected
2026-01-14 19:26:13 - watchfiles.main - INFO - 1 change detected
2026-01-14 19:26:13 - watchfiles.main - INFO - 1 change detected
2026-01-14 19:26:14 - watchfiles.main - INFO - 1 change detected
2026-01-14 19:26:14 - watchfiles.main - INFO - 1 change detected
2026-01-14 19:26:15 - watchfiles.main - INFO - 1 change detected
2026-01-14 19:26:15 - watchfiles.main - INFO - 1 change detected
2026-01-14 19:26:15 - watchfiles.main - INFO - 1 change detected
2026-01-14 19:26:16 - watchfiles.main - INFO - 1 change detected
2026-01-14 19:26:16 - watchfiles.main - INFO - 1 change detected
2026-01-14 19:26:17 - watchfiles.main - INFO - 1 change detected
2026-01-14 19:26:17 - watchfiles.main - INFO - 1 change detected
2026-01-14 19:26:17 - watchfiles.main - INFO - 1 change detected
2026-01-14 19:26:18 - watchfiles.main - INFO - 1 change detected
2026-01-14 19:26:18 - watchfiles.main - INFO - 1 change detected
2026-01-14 19:26:19 - watchfiles.main - INFO - 1 change detected
2026-01-14 19:26:19 - watchfiles.main - INFO - 1 change detected
2026-01-14 19:26:19 - watchfiles.main - INFO - 1 change detected
2026-01-14 19:26:20 - watchfiles.main - INFO - 1 change detected
2026-01-14 19:26:20 - watchfiles.main - INFO - 1 change detected
2026-01-14 19:26:21 - watchfiles.main - INFO - 1 change detected
2026-01-14 19:26:21 - watchfiles.main - INFO - 1 change detected
2026-01-14 19:26:21 - watchfiles.main - INFO - 1 change detected
2026-01-14 19:26:22 - watchfiles.main - INFO - 1 change detected
2026-01-14 19:26:22 - watchfiles.main - INFO - 1 change detected
2026-01-14 19:26:23 - watchfiles.main - INFO - 1 change detected
2026-01-14 19:26:23 - watchfiles.main - INFO - 1 change detected
2026-01-14 19:26:23 - watchfiles.main - INFO - 1 change detected
2026-01-14 19:26:24 - watchfiles.main - INFO - 1 change detected
2026-01-14 19:26:24 - watchfiles.main - INFO - 1 change detected
2026-01-14 19:26:25 - watchfiles.main - INFO - 1 change detected
2026-01-14 19:26:25 - watchfiles.main - INFO - 1 change detected
2026-01-14 19:26:25 - watchfiles.main - INFO - 1 change detected
2026-01-14 19:26:26 - watchfiles.main - INFO - 1 change detected
2026-01-14 19:26:26 - watchfiles.main - INFO - 1 change detected
2026-01-14 19:26:27 - watchfiles.main - INFO - 1 change detected
2026-01-14 19:26:27 - watchfiles.main - INFO - 1 change detected
2026-01-14 19:26:27 - watchfiles.main - INFO - 1 change detected
2026-01-14 19:26:28 - watchfiles.main - INFO - 1 change detected
2026-01-14 19:26:28 - watchfiles.main - INFO - 1 change detected
2026-01-14 19:26:29 - watchfiles.main - INFO - 1 change detected
2026-01-14 19:26:29 - watchfiles.main - INFO - 1 change detected
2026-01-14 19:26:29 - watchfiles.main - INFO - 1 change detected
2026-01-14 19:26:30 - watchfiles.main - INFO - 1 change detected
2026-01-14 19:26:30 - watchfiles.main - INFO - 1 change detected
2026-01-14 19:26:31 - watchfiles.main - INFO - 1 change detected
2026-01-14 19:26:31 - watchfiles.main - INFO - 1 change detected
2026-01-14 19:26:31 - watchfiles.main - INFO - 1 change detected
2026-01-14 19:26:32 - watchfiles.main - INFO - 1 change detected
2026-01-14 19:26:32 - watchfiles.main - INFO - 1 change detected
2026-01-14 19:26:33 - watchfiles.main - INFO - 1 change detected
2026-01-14 19:26:33 - watchfiles.main - INFO - 1 change detected
2026-01-14 19:26:33 - watchfiles.main - INFO - 1 change detected
2026-01-14 19:26:34 - watchfiles.main - INFO - 1 change detected
2026-01-14 19:26:34 - watchfiles.main - INFO - 1 change detected
2026-01-14 19:26:35 - watchfiles.main - INFO - 1 change detected
2026-01-14 19:26:35 - watchfiles.main - INFO - 1 change detected
2026-01-14 19:26:35 - watchfiles.main - INFO - 1 change detected
2026-01-14 19:26:36 - watchfiles.main - INFO - 1 change detected
2026-01-14 19:26:36 - watchfiles.main - INFO - 1 change detected
2026-01-14 19:26:37 - watchfiles.main - INFO - 1 change detected
2026-01-14 19:26:37 - watchfiles.main - INFO - 1 change detected
2026-01-14 19:26:37 - watchfiles.main - INFO - 1 change detected
2026-01-14 19:26:38 - watchfiles.main - INFO - 1 change detected
2026-01-14 19:26:38 - watchfiles.main - INFO - 1 change detected
2026-01-14 19:26:39 - watchfiles.main - INFO - 1 change detected
2026-01-14 19:26:39 - watchfiles.main - INFO - 1 change detected
2026-01-14 19:26:39 - watchfiles.main - INFO - 1 change detected
2026-01-14 19:26:40 - watchfiles.main - INFO - 1 change detected
2026-01-14 19:26:40 - watchfiles.main - INFO - 1 change detected
2026-01-14 19:26:41 - watchfiles.main - INFO - 1 change detected
2026-01-14 19:26:41 - watchfiles.main - INFO - 1 change detected
2026-01-14 19:26:41 - watchfiles.main - INFO - 1 change detected
2026-01-14 19:26:42 - watchfiles.main - INFO - 1 change detected
2026-01-14 19:26:42 - watchfiles.main - INFO - 1 change detected
2026-01-14 19:26:43 - watchfiles.main - INFO - 1 change detected
2026-01-14 19:26:43 - watchfiles.main - INFO - 1 change detected
2026-01-14 19:26:43 - watchfiles.main - INFO - 1 change detected
2026-01-14 19:26:44 - watchfiles.main - INFO - 1 change detected
2026-01-14 19:26:44 - watchfiles.main - INFO - 1 change detected
2026-01-14 19:26:45 - watchfiles.main - INFO - 1 change detected
2026-01-14 19:26:45 - watchfiles.main - INFO - 1 change detected
2026-01-14 19:26:45 - watchfiles.main - INFO - 1 change detected
2026-01-14 19:26:46 - watchfiles.main - INFO - 1 change detected
2026-01-14 19:26:46 - watchfiles.main - INFO - 1 change detected
2026-01-14 19:26:47 - watchfiles.main - INFO - 1 change detected
2026-01-14 19:26:47 - watchfiles.main - INFO - 1 change detected
2026-01-14 19:26:47 - watchfiles.main - INFO - 1 change detected
2026-01-14 19:26:48 - watchfiles.main - INFO - 1 change detected
2026-01-14 19:26:48 - watchfiles.main - INFO - 1 change detected
2026-01-14 19:26:49 - watchfiles.main - INFO - 1 change detected
2026-01-14 19:26:49 - watchfiles.main - INFO - 1 change detected
2026-01-14 19:26:49 - watchfiles.main - INFO - 1 change detected
2026-01-14 19:26:50 - watchfiles.main - INFO - 1 change detected
2026-01-14 19:26:50 - watchfiles.main - INFO - 1 change detected
2026-01-14 19:26:51 - watchfiles.main - INFO - 1 change detected
2026-01-14 19:26:51 - watchfiles.main - INFO - 1 change detected
2026-01-14 19:26:52 - watchfiles.main - INFO - 1 change detected
2026-01-14 19:26:52 - watchfiles.main - INFO - 1 change detected
2026-01-14 19:26:52 - watchfiles.main - INFO - 1 change detected
2026-01-14 19:26:53 - watchfiles.main - INFO - 1 change detected
2026-01-14 19:26:53 - watchfiles.main - INFO - 1 change detected
2026-01-14 19:26:54 - watchfiles.main - INFO - 1 change detected
2026-01-14 19:26:54 - watchfiles.main - INFO - 1 change detected
2026-01-14 19:26:54 - watchfiles.main - INFO - 1 change detected
2026-01-14 19:26:55 - watchfiles.main - INFO - 1 change detected
2026-01-14 19:26:55 - watchfiles.main - INFO - 1 change detected
2026-01-14 19:26:56 - watchfiles.main - INFO - 1 change detected
2026-01-14 19:26:56 - watchfiles.main - INFO - 1 change detected
2026-01-14 19:26:56 - watchfiles.main - INFO - 1 change detected
2026-01-14 19:26:57 - watchfiles.main - INFO - 1 change detected
2026-01-14 19:26:57 - watchfiles.main - INFO - 1 change detected
2026-01-14 19:26:58 - watchfiles.main - INFO - 1 change detected
2026-01-14 19:26:58 - watchfiles.main - INFO - 1 change detected
2026-01-14 19:26:58 - watchfiles.main - INFO - 1 change detected
2026-01-14 19:26:59 - watchfiles.main - INFO - 1 change detected
2026-01-14 19:26:59 - watchfiles.main - INFO - 1 change detected
2026-01-14 19:27:00 - watchfiles.main - INFO - 1 change detected
2026-01-14 19:27:00 - watchfiles.main - INFO - 1 change detected
2026-01-14 19:27:00 - watchfiles.main - INFO - 1 change detected
2026-01-14 19:27:01 - watchfiles.main - INFO - 1 change detected
2026-01-14 19:27:01 - watchfiles.main - INFO - 1 change detected
2026-01-14 19:27:02 - watchfiles.main - INFO - 1 change detected
2026-01-14 19:27:02 - watchfiles.main - INFO - 1 change detected
2026-01-14 19:27:02 - watchfiles.main - INFO - 1 change detected
2026-01-14 19:27:03 - watchfiles.main - INFO - 1 change detected
2026-01-14 19:27:03 - watchfiles.main - INFO - 1 change detected
2026-01-14 19:27:04 - watchfiles.main - INFO - 1 change detected
2026-01-14 19:27:04 - watchfiles.main - INFO - 1 change detected
2026-01-14 19:27:04 - watchfiles.main - INFO - 1 change detected
2026-01-14 19:27:05 - watchfiles.main - INFO - 1 change detected
2026-01-14 19:27:05 - watchfiles.main - INFO - 1 change detected
2026-01-14 19:27:06 - watchfiles.main - INFO - 1 change detected
2026-01-14 19:27:06 - watchfiles.main - INFO - 1 change detected
2026-01-14 19:27:06 - watchfiles.main - INFO - 1 change detected
2026-01-14 19:27:07 - watchfiles.main - INFO - 1 change detected
2026-01-14 19:27:07 - watchfiles.main - INFO - 1 change detected
2026-01-14 19:27:08 - watchfiles.main - INFO - 1 change detected
2026-01-14 19:27:08 - watchfiles.main - INFO - 1 change detected
2026-01-14 19:27:08 - watchfiles.main - INFO - 1 change detected
2026-01-14 19:27:09 - watchfiles.main - INFO - 1 change detected
2026-01-14 19:27:09 - watchfiles.main - INFO - 1 change detected
2026-01-14 19:27:10 - watchfiles.main - INFO - 1 change detected
2026-01-14 19:27:10 - watchfiles.main - INFO - 1 change detected
2026-01-14 19:27:10 - watchfiles.main - INFO - 1 change detected
2026-01-14 19:27:11 - watchfiles.main - INFO - 1 change detected
2026-01-14 19:27:11 - watchfiles.main - INFO - 1 change detected
2026-01-14 19:27:12 - watchfiles.main - INFO - 1 change detected
2026-01-14 19:27:12 - watchfiles.main - INFO - 1 change detected
2026-01-14 19:27:12 - watchfiles.main - INFO - 1 change detected
2026-01-14 19:27:13 - watchfiles.main - INFO - 1 change detected
2026-01-14 19:27:13 - watchfiles.main - INFO - 1 change detected
2026-01-14 19:27:14 - watchfiles.main - INFO - 1 change detected
2026-01-14 19:27:14 - watchfiles.main - INFO - 1 change detected
2026-01-14 19:27:14 - watchfiles.main - INFO - 1 change detected
2026-01-14 19:27:15 - watchfiles.main - INFO - 1 change detected
2026-01-14 19:27:15 - watchfiles.main - INFO - 1 change detected
2026-01-14 19:27:16 - watchfiles.main - INFO - 1 change detected
2026-01-14 19:27:16 - watchfiles.main - INFO - 1 change detected
2026-01-14 19:27:16 - watchfiles.main - INFO - 1 change detected
2026-01-14 19:27:17 - watchfiles.main - INFO - 1 change detected
2026-01-14 19:27:17 - watchfiles.main - INFO - 1 change detected
2026-01-14 19:27:18 - watchfiles.main - INFO - 1 change detected
2026-01-14 19:27:18 - watchfiles.main - INFO - 1 change detected
2026-01-14 19:27:18 - watchfiles.main - INFO - 1 change detected
2026-01-14 19:27:19 - watchfiles.main - INFO - 1 change detected
2026-01-14 19:27:19 - watchfiles.main - INFO - 1 change detected
2026-01-14 19:27:20 - watchfiles.main - INFO - 1 change detected
2026-01-14 19:27:20 - watchfiles.main - INFO - 1 change detected
2026-01-14 19:27:20 - watchfiles.main - INFO - 1 change detected
2026-01-14 19:27:21 - watchfiles.main - INFO - 1 change detected
2026-01-14 19:27:21 - watchfiles.main - INFO - 1 change detected
2026-01-14 19:27:22 - watchfiles.main - INFO - 1 change detected
2026-01-14 19:27:22 - watchfiles.main - INFO - 1 change detected
2026-01-14 19:27:22 - watchfiles.main - INFO - 1 change detected
2026-01-14 19:27:23 - watchfiles.main - INFO - 1 change detected
2026-01-14 19:27:23 - watchfiles.main - INFO - 1 change detected
2026-01-14 19:27:24 - watchfiles.main - INFO - 1 change detected
2026-01-14 19:27:24 - watchfiles.main - INFO - 1 change detected
2026-01-14 19:27:24 - watchfiles.main - INFO - 1 change detected
2026-01-14 19:27:25 - watchfiles.main - INFO - 1 change detected
2026-01-14 19:27:25 - watchfiles.main - INFO - 1 change detected
2026-01-14 19:27:26 - watchfiles.main - INFO - 1 change detected
2026-01-14 19:27:26 - watchfiles.main - INFO - 1 change detected
2026-01-14 19:27:26 - watchfiles.main - INFO - 1 change detected
2026-01-14 19:27:27 - watchfiles.main - INFO - 1 change detected
2026-01-14 19:27:27 - watchfiles.main - INFO - 1 change detected
2026-01-14 19:27:28 - watchfiles.main - INFO - 1 change detected
2026-01-14 19:27:28 - watchfiles.main - INFO - 1 change detected
2026-01-14 19:27:28 - watchfiles.main - INFO - 1 change detected
2026-01-14 19:27:29 - watchfiles.main - INFO - 1 change detected
2026-01-14 19:27:29 - watchfiles.main - INFO - 1 change detected
2026-01-14 19:27:30 - watchfiles.main - INFO - 1 change detected
2026-01-14 19:27:30 - watchfiles.main - INFO - 1 change detected
2026-01-14 19:27:30 - watchfiles.main - INFO - 1 change detected
2026-01-14 19:27:31 - watchfiles.main - INFO - 1 change detected
2026-01-14 19:27:31 - watchfiles.main - INFO - 1 change detected
2026-01-14 19:27:32 - watchfiles.main - INFO - 1 change detected
2026-01-14 19:27:32 - watchfiles.main - INFO - 1 change detected
2026-01-14 19:27:33 - watchfiles.main - INFO - 1 change detected
2026-01-14 19:27:33 - watchfiles.main - INFO - 1 change detected
2026-01-14 19:27:33 - watchfiles.main - INFO - 1 change detected
2026-01-14 19:27:34 - watchfiles.main - INFO - 1 change detected
2026-01-14 19:27:34 - watchfiles.main - INFO - 1 change detected
2026-01-14 19:27:35 - watchfiles.main - INFO - 1 change detected
2026-01-14 19:27:35 - watchfiles.main - INFO - 1 change detected
2026-01-14 19:27:35 - watchfiles.main - INFO - 1 change detected
2026-01-14 19:27:36 - watchfiles.main - INFO - 1 change detected
2026-01-14 19:27:36 - watchfiles.main - INFO - 1 change detected
2026-01-14 19:27:37 - watchfiles.main - INFO - 1 change detected
2026-01-14 19:27:37 - watchfiles.main - INFO - 1 change detected
2026-01-14 19:27:37 - watchfiles.main - INFO - 1 change detected
2026-01-14 19:27:38 - watchfiles.main - INFO - 1 change detected
2026-01-14 19:27:38 - watchfiles.main - INFO - 1 change detected
2026-01-14 19:27:39 - watchfiles.main - INFO - 1 change detected
2026-01-14 19:27:39 - watchfiles.main - INFO - 1 change detected
2026-01-14 19:27:39 - watchfiles.main - INFO - 1 change detected
2026-01-14 19:27:40 - watchfiles.main - INFO - 1 change detected
2026-01-14 19:27:40 - watchfiles.main - INFO - 1 change detected
2026-01-14 19:27:41 - watchfiles.main - INFO - 1 change detected
2026-01-14 19:27:41 - watchfiles.main - INFO - 1 change detected
2026-01-14 19:27:41 - watchfiles.main - INFO - 1 change detected
2026-01-14 19:27:42 - watchfiles.main - INFO - 1 change detected
2026-01-14 19:27:42 - watchfiles.main - INFO - 1 change detected
2026-01-14 19:27:43 - watchfiles.main - INFO - 1 change detected
2026-01-14 19:27:43 - watchfiles.main - INFO - 1 change detected
2026-01-14 19:27:43 - watchfiles.main - INFO - 1 change detected
2026-01-14 19:27:44 - watchfiles.main - INFO - 1 change detected
2026-01-14 19:27:44 - watchfiles.main - INFO - 1 change detected
2026-01-14 19:27:45 - watchfiles.main - INFO - 1 change detected
2026-01-14 19:27:45 - watchfiles.main - INFO - 1 change detected
2026-01-14 19:27:45 - watchfiles.main - INFO - 1 change detected
2026-01-14 19:27:46 - watchfiles.main - INFO - 1 change detected
2026-01-14 19:27:46 - watchfiles.main - INFO - 1 change detected
2026-01-14 19:27:47 - watchfiles.main - INFO - 1 change detected
2026-01-14 19:27:47 - watchfiles.main - INFO - 1 change detected
2026-01-14 19:27:47 - watchfiles.main - INFO - 1 change detected
2026-01-14 19:27:48 - watchfiles.main - INFO - 1 change detected
2026-01-14 19:27:48 - watchfiles.main - INFO - 1 change detected
2026-01-14 19:27:49 - watchfiles.main - INFO - 1 change detected
2026-01-14 19:27:49 - watchfiles.main - INFO - 1 change detected
2026-01-14 19:27:49 - watchfiles.main - INFO - 1 change detected
2026-01-14 19:27:50 - watchfiles.main - INFO - 1 change detected
2026-01-14 19:27:50 - watchfiles.main - INFO - 1 change detected
2026-01-14 19:27:51 - watchfiles.main - INFO - 1 change detected
2026-01-14 19:27:51 - watchfiles.main - INFO - 1 change detected
2026-01-14 19:27:51 - watchfiles.main - INFO - 1 change detected
2026-01-14 19:27:52 - watchfiles.main - INFO - 1 change detected
2026-01-14 19:27:52 - watchfiles.main - INFO - 1 change detected
2026-01-14 19:27:53 - watchfiles.main - INFO - 1 change detected
2026-01-14 19:27:53 - watchfiles.main - INFO - 1 change detected
2026-01-14 19:27:53 - watchfiles.main - INFO - 1 change detected
2026-01-14 19:27:54 - watchfiles.main - INFO - 1 change detected
2026-01-14 19:27:54 - watchfiles.main - INFO - 1 change detected
2026-01-14 19:27:55 - watchfiles.main - INFO - 1 change detected
2026-01-14 19:27:55 - watchfiles.main - INFO - 1 change detected
2026-01-14 19:27:56 - watchfiles.main - INFO - 1 change detected
2026-01-14 19:27:56 - watchfiles.main - INFO - 1 change detected
2026-01-14 19:27:56 - watchfiles.main - INFO - 1 change detected
2026-01-14 19:27:57 - watchfiles.main - INFO - 1 change detected
2026-01-14 19:27:57 - watchfiles.main - INFO - 1 change detected
2026-01-14 19:27:58 - watchfiles.main - INFO - 1 change detected
2026-01-14 19:27:58 - watchfiles.main - INFO - 1 change detected
2026-01-14 19:27:58 - watchfiles.main - INFO - 1 change detected
2026-01-14 19:27:59 - watchfiles.main - INFO - 1 change detected
2026-01-14 19:27:59 - watchfiles.main - INFO - 1 change detected
2026-01-14 19:28:00 - watchfiles.main - INFO - 1 change detected
2026-01-14 19:28:00 - watchfiles.main - INFO - 1 change detected
2026-01-14 19:28:00 - watchfiles.main - INFO - 1 change detected
2026-01-14 19:28:01 - watchfiles.main - INFO - 1 change detected
2026-01-14 19:28:01 - watchfiles.main - INFO - 1 change detected
2026-01-14 19:28:02 - watchfiles.main - INFO - 1 change detected
2026-01-14 19:28:02 - watchfiles.main - INFO - 1 change detected
2026-01-14 19:28:02 - watchfiles.main - INFO - 1 change detected
2026-01-14 19:28:03 - watchfiles.main - INFO - 1 change detected
2026-01-14 19:28:03 - watchfiles.main - INFO - 1 change detected
2026-01-14 19:28:04 - watchfiles.main - INFO - 1 change detected
2026-01-14 19:28:04 - watchfiles.main - INFO - 1 change detected
2026-01-14 19:28:04 - watchfiles.main - INFO - 1 change detected
2026-01-14 19:28:05 - watchfiles.main - INFO - 1 change detected
2026-01-14 19:28:05 - watchfiles.main - INFO - 1 change detected
2026-01-14 19:28:06 - watchfiles.main - INFO - 1 change detected
2026-01-14 19:28:06 - watchfiles.main - INFO - 1 change detected
2026-01-14 19:28:06 - watchfiles.main - INFO - 1 change detected
2026-01-14 19:28:07 - watchfiles.main - INFO - 1 change detected
2026-01-14 19:28:07 - watchfiles.main - INFO - 1 change detected
2026-01-14 19:28:08 - watchfiles.main - INFO - 1 change detected
2026-01-14 19:28:08 - watchfiles.main - INFO - 1 change detected
2026-01-14 19:28:08 - watchfiles.main - INFO - 1 change detected
2026-01-14 19:28:09 - watchfiles.main - INFO - 1 change detected
2026-01-14 19:28:09 - watchfiles.main - INFO - 1 change detected
2026-01-14 19:28:10 - watchfiles.main - INFO - 1 change detected
2026-01-14 19:28:10 - watchfiles.main - INFO - 1 change detected
2026-01-14 19:28:10 - watchfiles.main - INFO - 1 change detected
2026-01-14 19:28:11 - watchfiles.main - INFO - 1 change detected
2026-01-14 19:28:11 - watchfiles.main - INFO - 1 change detected
2026-01-14 19:28:12 - watchfiles.main - INFO - 1 change detected
2026-01-14 19:28:12 - watchfiles.main - INFO - 1 change detected
2026-01-14 19:28:12 - watchfiles.main - INFO - 1 change detected
2026-01-14 19:28:13 - watchfiles.main - INFO - 1 change detected
2026-01-14 19:28:13 - watchfiles.main - INFO - 1 change detected
2026-01-14 19:28:14 - watchfiles.main - INFO - 1 change detected
2026-01-14 19:28:14 - watchfiles.main - INFO - 1 change detected
2026-01-14 19:28:14 - watchfiles.main - INFO - 1 change detected
2026-01-14 19:28:15 - watchfiles.main - INFO - 1 change detected
2026-01-14 19:28:15 - watchfiles.main - INFO - 1 change detected
2026-01-14 19:28:16 - watchfiles.main - INFO - 1 change detected
2026-01-14 19:28:16 - watchfiles.main - INFO - 1 change detected
2026-01-14 19:28:16 - watchfiles.main - INFO - 1 change detected
2026-01-14 19:28:17 - watchfiles.main - INFO - 1 change detected
2026-01-14 19:28:17 - watchfiles.main - INFO - 1 change detected
2026-01-14 19:28:18 - watchfiles.main - INFO - 1 change detected
2026-01-14 19:28:18 - watchfiles.main - INFO - 1 change detected
2026-01-14 19:28:19 - watchfiles.main - INFO - 1 change detected
2026-01-14 19:28:19 - watchfiles.main - INFO - 1 change detected
2026-01-14 19:28:19 - watchfiles.main - INFO - 1 change detected
2026-01-14 19:28:20 - watchfiles.main - INFO - 1 change detected
2026-01-14 19:28:20 - watchfiles.main - INFO - 1 change detected
2026-01-14 19:28:21 - watchfiles.main - INFO - 1 change detected
2026-01-14 19:28:21 - watchfiles.main - INFO - 1 change detected
2026-01-14 19:28:21 - watchfiles.main - INFO - 1 change detected
2026-01-14 19:28:22 - watchfiles.main - INFO - 1 change detected
2026-01-14 19:28:22 - watchfiles.main - INFO - 1 change detected
2026-01-14 19:28:23 - watchfiles.main - INFO - 1 change detected
2026-01-14 19:28:23 - watchfiles.main - INFO - 1 change detected
2026-01-14 19:28:23 - watchfiles.main - INFO - 1 change detected
2026-01-14 19:28:24 - watchfiles.main - INFO - 1 change detected
2026-01-14 19:28:24 - watchfiles.main - INFO - 1 change detected
2026-01-14 19:28:25 - watchfiles.main - INFO - 1 change detected
2026-01-14 19:28:25 - watchfiles.main - INFO - 1 change detected
2026-01-14 19:28:25 - watchfiles.main - INFO - 1 change detected
2026-01-14 19:28:26 - watchfiles.main - INFO - 1 change detected
2026-01-14 19:28:26 - watchfiles.main - INFO - 1 change detected
2026-01-14 19:28:27 - watchfiles.main - INFO - 1 change detected
2026-01-14 19:28:27 - watchfiles.main - INFO - 1 change detected
2026-01-14 19:28:27 - watchfiles.main - INFO - 1 change detected
2026-01-14 19:28:28 - watchfiles.main - INFO - 1 change detected
2026-01-14 19:28:28 - watchfiles.main - INFO - 1 change detected
2026-01-14 19:28:29 - watchfiles.main - INFO - 1 change detected
2026-01-14 19:28:29 - watchfiles.main - INFO - 1 change detected
2026-01-14 19:28:29 - watchfiles.main - INFO - 1 change detected
2026-01-14 19:28:30 - watchfiles.main - INFO - 1 change detected
2026-01-14 19:28:30 - watchfiles.main - INFO - 1 change detected
2026-01-14 19:28:31 - watchfiles.main - INFO - 1 change detected
2026-01-14 19:28:31 - watchfiles.main - INFO - 1 change detected
2026-01-14 19:28:31 - watchfiles.main - INFO - 1 change detected
2026-01-14 19:28:32 - watchfiles.main - INFO - 1 change detected
2026-01-14 19:28:32 - watchfiles.main - INFO - 1 change detected
2026-01-14 19:28:33 - watchfiles.main - INFO - 1 change detected
2026-01-14 19:28:33 - watchfiles.main - INFO - 1 change detected
2026-01-14 19:28:33 - watchfiles.main - INFO - 1 change detected
2026-01-14 19:28:34 - watchfiles.main - INFO - 1 change detected
2026-01-14 19:28:34 - watchfiles.main - INFO - 1 change detected
2026-01-14 19:28:35 - watchfiles.main - INFO - 1 change detected
2026-01-14 19:28:35 - watchfiles.main - INFO - 1 change detected
2026-01-14 19:28:35 - watchfiles.main - INFO - 1 change detected
2026-01-14 19:28:36 - watchfiles.main - INFO - 1 change detected
2026-01-14 19:28:36 - watchfiles.main - INFO - 1 change detected
2026-01-14 19:28:37 - watchfiles.main - INFO - 1 change detected
2026-01-14 19:28:37 - watchfiles.main - INFO - 1 change detected
2026-01-14 19:28:37 - watchfiles.main - INFO - 1 change detected
2026-01-14 19:28:38 - watchfiles.main - INFO - 1 change detected
2026-01-14 19:28:38 - watchfiles.main - INFO - 1 change detected
2026-01-14 19:28:39 - watchfiles.main - INFO - 1 change detected
2026-01-14 19:28:39 - watchfiles.main - INFO - 1 change detected
2026-01-14 19:28:39 - watchfiles.main - INFO - 1 change detected
2026-01-14 19:28:40 - watchfiles.main - INFO - 1 change detected
2026-01-14 19:28:40 - watchfiles.main - INFO - 1 change detected
2026-01-14 19:28:41 - watchfiles.main - INFO - 1 change detected
2026-01-14 19:28:41 - watchfiles.main - INFO - 1 change detected
2026-01-14 19:28:41 - watchfiles.main - INFO - 1 change detected
2026-01-14 19:28:42 - watchfiles.main - INFO - 1 change detected
2026-01-14 19:28:42 - watchfiles.main - INFO - 1 change detected
2026-01-14 19:28:43 - watchfiles.main - INFO - 1 change detected
2026-01-14 19:28:43 - watchfiles.main - INFO - 1 change detected
2026-01-14 19:28:44 - watchfiles.main - INFO - 1 change detected
2026-01-14 19:28:44 - watchfiles.main - INFO - 1 change detected
2026-01-14 19:28:44 - watchfiles.main - INFO - 1 change detected
2026-01-14 19:28:45 - watchfiles.main - INFO - 1 change detected
2026-01-14 19:28:45 - watchfiles.main - INFO - 1 change detected
2026-01-14 19:28:46 - watchfiles.main - INFO - 1 change detected
2026-01-14 19:28:46 - watchfiles.main - INFO - 1 change detected
2026-01-14 19:28:46 - watchfiles.main - INFO - 1 change detected
2026-01-14 19:28:47 - watchfiles.main - INFO - 1 change detected
2026-01-14 19:28:47 - watchfiles.main - INFO - 1 change detected
2026-01-14 19:28:48 - watchfiles.main - INFO - 1 change detected
2026-01-14 19:28:48 - watchfiles.main - INFO - 1 change detected
2026-01-14 19:28:48 - watchfiles.main - INFO - 1 change detected
2026-01-14 19:28:49 - watchfiles.main - INFO - 1 change detected
2026-01-14 19:28:49 - watchfiles.main - INFO - 1 change detected
2026-01-14 19:28:50 - watchfiles.main - INFO - 1 change detected
2026-01-14 19:28:50 - watchfiles.main - INFO - 1 change detected
2026-01-14 19:28:50 - watchfiles.main - INFO - 1 change detected
2026-01-14 19:28:51 - watchfiles.main - INFO - 1 change detected
2026-01-14 19:28:51 - watchfiles.main - INFO - 1 change detected
2026-01-14 19:28:52 - watchfiles.main - INFO - 1 change detected
2026-01-14 19:28:52 - watchfiles.main - INFO - 1 change detected
2026-01-14 19:28:52 - watchfiles.main - INFO - 1 change detected
2026-01-14 19:28:53 - watchfiles.main - INFO - 1 change detected
2026-01-14 19:28:53 - watchfiles.main - INFO - 1 change detected
2026-01-14 19:28:54 - watchfiles.main - INFO - 1 change detected
2026-01-14 19:28:54 - watchfiles.main - INFO - 1 change detected
2026-01-14 19:28:54 - watchfiles.main - INFO - 1 change detected
2026-01-14 19:28:55 - watchfiles.main - INFO - 1 change detected
2026-01-14 19:28:55 - watchfiles.main - INFO - 1 change detected
2026-01-14 19:28:56 - watchfiles.main - INFO - 1 change detected
2026-01-14 19:28:56 - watchfiles.main - INFO - 1 change detected
2026-01-14 19:28:56 - watchfiles.main - INFO - 1 change detected
2026-01-14 19:28:57 - watchfiles.main - INFO - 1 change detected
2026-01-14 19:28:57 - watchfiles.main - INFO - 1 change detected
2026-01-14 19:28:58 - watchfiles.main - INFO - 1 change detected
2026-01-14 19:28:58 - watchfiles.main - INFO - 1 change detected
2026-01-14 19:28:59 - watchfiles.main - INFO - 1 change detected
2026-01-14 19:28:59 - watchfiles.main - INFO - 1 change detected
2026-01-14 19:28:59 - watchfiles.main - INFO - 1 change detected
2026-01-14 19:29:00 - watchfiles.main - INFO - 1 change detected
2026-01-14 19:29:00 - watchfiles.main - INFO - 1 change detected
2026-01-14 19:29:01 - watchfiles.main - INFO - 1 change detected
2026-01-14 19:29:01 - watchfiles.main - INFO - 1 change detected
2026-01-14 19:29:01 - watchfiles.main - INFO - 1 change detected
2026-01-14 19:29:02 - watchfiles.main - INFO - 1 change detected
2026-01-14 19:29:02 - watchfiles.main - INFO - 1 change detected
2026-01-14 19:29:03 - watchfiles.main - INFO - 1 change detected
2026-01-14 19:29:03 - watchfiles.main - INFO - 1 change detected
2026-01-14 19:29:03 - watchfiles.main - INFO - 1 change detected
2026-01-14 19:29:04 - watchfiles.main - INFO - 1 change detected
2026-01-14 19:29:04 - watchfiles.main - INFO - 1 change detected
2026-01-14 19:29:05 - watchfiles.main - INFO - 1 change detected
2026-01-14 19:29:05 - watchfiles.main - INFO - 1 change detected
2026-01-14 19:29:05 - watchfiles.main - INFO - 1 change detected
2026-01-14 19:29:06 - watchfiles.main - INFO - 1 change detected
2026-01-14 19:29:06 - watchfiles.main - INFO - 1 change detected
2026-01-14 19:29:07 - watchfiles.main - INFO - 1 change detected
2026-01-14 19:29:07 - watchfiles.main - INFO - 1 change detected
2026-01-14 19:29:07 - watchfiles.main - INFO - 1 change detected
2026-01-14 19:29:08 - watchfiles.main - INFO - 1 change detected
2026-01-14 19:29:08 - watchfiles.main - INFO - 1 change detected
2026-01-14 19:29:09 - watchfiles.main - INFO - 1 change detected
2026-01-14 19:29:09 - watchfiles.main - INFO - 1 change detected
2026-01-14 19:29:09 - watchfiles.main - INFO - 1 change detected
2026-01-14 19:29:10 - watchfiles.main - INFO - 1 change detected
2026-01-14 19:29:10 - watchfiles.main - INFO - 1 change detected
2026-01-14 19:29:11 - watchfiles.main - INFO - 1 change detected
2026-01-14 19:29:11 - watchfiles.main - INFO - 1 change detected
2026-01-14 19:29:11 - watchfiles.main - INFO - 1 change detected
2026-01-14 19:29:12 - watchfiles.main - INFO - 1 change detected
2026-01-14 19:29:12 - watchfiles.main - INFO - 1 change detected
2026-01-14 19:29:13 - watchfiles.main - INFO - 1 change detected
2026-01-14 19:29:13 - watchfiles.main - INFO - 1 change detected
2026-01-14 19:29:13 - watchfiles.main - INFO - 1 change detected
2026-01-14 19:29:14 - watchfiles.main - INFO - 1 change detected
2026-01-14 19:29:14 - watchfiles.main - INFO - 1 change detected
2026-01-14 19:29:15 - watchfiles.main - INFO - 1 change detected
2026-01-14 19:29:15 - watchfiles.main - INFO - 1 change detected
2026-01-14 19:29:15 - watchfiles.main - INFO - 1 change detected
2026-01-14 19:29:16 - watchfiles.main - INFO - 1 change detected
2026-01-14 19:29:16 - watchfiles.main - INFO - 1 change detected
2026-01-14 19:29:17 - watchfiles.main - INFO - 1 change detected
2026-01-14 19:29:17 - watchfiles.main - INFO - 1 change detected
2026-01-14 19:29:17 - watchfiles.main - INFO - 1 change detected
2026-01-14 19:29:18 - watchfiles.main - INFO - 1 change detected
2026-01-14 19:29:18 - watchfiles.main - INFO - 1 change detected
2026-01-14 19:29:19 - watchfiles.main - INFO - 1 change detected
2026-01-14 19:29:19 - watchfiles.main - INFO - 1 change detected
2026-01-14 19:29:19 - watchfiles.main - INFO - 1 change detected
2026-01-14 19:29:20 - watchfiles.main - INFO - 1 change detected
2026-01-14 19:29:20 - watchfiles.main - INFO - 1 change detected
2026-01-14 19:29:21 - watchfiles.main - INFO - 1 change detected
2026-01-14 19:29:21 - watchfiles.main - INFO - 1 change detected
2026-01-14 19:29:21 - watchfiles.main - INFO - 1 change detected
2026-01-14 19:29:22 - watchfiles.main - INFO - 1 change detected
2026-01-14 19:29:22 - watchfiles.main - INFO - 1 change detected
2026-01-14 19:29:23 - watchfiles.main - INFO - 1 change detected
2026-01-14 19:29:23 - watchfiles.main - INFO - 1 change detected
2026-01-14 19:29:23 - watchfiles.main - INFO - 1 change detected
2026-01-14 19:29:24 - watchfiles.main - INFO - 1 change detected
2026-01-14 19:29:24 - watchfiles.main - INFO - 1 change detected
2026-01-14 19:29:25 - watchfiles.main - INFO - 1 change detected
2026-01-14 19:29:25 - watchfiles.main - INFO - 1 change detected
2026-01-14 19:29:26 - watchfiles.main - INFO - 1 change detected
2026-01-14 19:29:26 - watchfiles.main - INFO - 1 change detected
2026-01-14 19:29:26 - watchfiles.main - INFO - 1 change detected
2026-01-14 19:29:27 - watchfiles.main - INFO - 1 change detected
2026-01-14 19:29:27 - watchfiles.main - INFO - 1 change detected
2026-01-14 19:29:28 - watchfiles.main - INFO - 1 change detected
2026-01-14 19:29:28 - watchfiles.main - INFO - 1 change detected
2026-01-14 19:29:28 - watchfiles.main - INFO - 1 change detected
2026-01-14 19:29:29 - watchfiles.main - INFO - 1 change detected
2026-01-14 19:29:29 - watchfiles.main - INFO - 1 change detected
2026-01-14 19:29:30 - watchfiles.main - INFO - 1 change detected
2026-01-14 19:29:30 - watchfiles.main - INFO - 1 change detected
2026-01-14 19:29:30 - watchfiles.main - INFO - 1 change detected
2026-01-14 19:29:31 - watchfiles.main - INFO - 1 change detected
2026-01-14 19:29:31 - watchfiles.main - INFO - 1 change detected
2026-01-14 19:29:32 - watchfiles.main - INFO - 1 change detected
2026-01-14 19:29:32 - watchfiles.main - INFO - 1 change detected
2026-01-14 19:29:32 - watchfiles.main - INFO - 1 change detected
2026-01-14 19:29:33 - watchfiles.main - INFO - 1 change detected
2026-01-14 19:29:33 - watchfiles.main - INFO - 1 change detected
2026-01-14 19:29:34 - watchfiles.main - INFO - 1 change detected
2026-01-14 19:29:34 - watchfiles.main - INFO - 1 change detected
2026-01-14 19:29:34 - watchfiles.main - INFO - 1 change detected
2026-01-14 19:29:35 - watchfiles.main - INFO - 1 change detected
2026-01-14 19:29:35 - watchfiles.main - INFO - 1 change detected
2026-01-14 19:29:36 - watchfiles.main - INFO - 1 change detected
2026-01-14 19:29:36 - watchfiles.main - INFO - 1 change detected
2026-01-14 19:29:36 - watchfiles.main - INFO - 1 change detected
2026-01-14 19:29:37 - watchfiles.main - INFO - 1 change detected
2026-01-14 19:29:37 - watchfiles.main - INFO - 1 change detected
2026-01-14 19:29:38 - watchfiles.main - INFO - 1 change detected
2026-01-14 19:29:38 - watchfiles.main - INFO - 1 change detected
2026-01-14 19:29:38 - watchfiles.main - INFO - 1 change detected
2026-01-14 19:29:39 - watchfiles.main - INFO - 1 change detected
2026-01-14 19:29:39 - watchfiles.main - INFO - 1 change detected
2026-01-14 19:29:40 - watchfiles.main - INFO - 1 change detected
2026-01-14 19:29:40 - watchfiles.main - INFO - 1 change detected
2026-01-14 19:29:40 - watchfiles.main - INFO - 1 change detected
2026-01-14 19:29:41 - watchfiles.main - INFO - 1 change detected
2026-01-14 19:29:41 - watchfiles.main - INFO - 1 change detected
2026-01-14 19:29:42 - watchfiles.main - INFO - 1 change detected
2026-01-14 19:29:42 - watchfiles.main - INFO - 1 change detected
2026-01-14 19:29:42 - watchfiles.main - INFO - 1 change detected
2026-01-14 19:29:43 - watchfiles.main - INFO - 1 change detected
2026-01-14 19:29:43 - watchfiles.main - INFO - 1 change detected
2026-01-14 19:29:44 - watchfiles.main - INFO - 1 change detected
2026-01-14 19:29:44 - watchfiles.main - INFO - 1 change detected
2026-01-14 19:29:44 - watchfiles.main - INFO - 1 change detected
2026-01-14 19:29:45 - watchfiles.main - INFO - 1 change detected
2026-01-14 19:29:45 - watchfiles.main - INFO - 1 change detected
2026-01-14 19:29:46 - watchfiles.main - INFO - 1 change detected
2026-01-14 19:29:46 - watchfiles.main - INFO - 1 change detected
2026-01-14 19:29:46 - watchfiles.main - INFO - 1 change detected
2026-01-14 19:29:47 - watchfiles.main - INFO - 1 change detected
2026-01-14 19:29:47 - watchfiles.main - INFO - 1 change detected
2026-01-14 19:29:48 - watchfiles.main - INFO - 1 change detected
2026-01-14 19:29:48 - watchfiles.main - INFO - 1 change detected
2026-01-14 19:29:48 - watchfiles.main - INFO - 1 change detected
2026-01-14 19:29:49 - watchfiles.main - INFO - 1 change detected
2026-01-14 19:29:49 - watchfiles.main - INFO - 1 change detected
2026-01-14 19:29:50 - watchfiles.main - INFO - 1 change detected
2026-01-14 19:29:50 - watchfiles.main - INFO - 1 change detected
2026-01-14 19:29:50 - watchfiles.main - INFO - 1 change detected
2026-01-14 19:29:51 - watchfiles.main - INFO - 1 change detected
2026-01-14 19:29:51 - watchfiles.main - INFO - 1 change detected
2026-01-14 19:29:52 - watchfiles.main - INFO - 1 change detected
2026-01-14 19:29:52 - watchfiles.main - INFO - 1 change detected
2026-01-14 19:29:52 - watchfiles.main - INFO - 1 change detected
2026-01-14 19:29:53 - watchfiles.main - INFO - 1 change detected
2026-01-14 19:29:53 - watchfiles.main - INFO - 1 change detected
2026-01-14 19:29:54 - watchfiles.main - INFO - 1 change detected
2026-01-14 19:29:54 - watchfiles.main - INFO - 1 change detected
2026-01-14 19:29:54 - watchfiles.main - INFO - 1 change detected
2026-01-14 19:29:55 - watchfiles.main - INFO - 1 change detected
2026-01-14 19:29:55 - watchfiles.main - INFO - 1 change detected
2026-01-14 19:29:56 - watchfiles.main - INFO - 1 change detected
2026-01-14 19:29:56 - watchfiles.main - INFO - 1 change detected
2026-01-14 19:29:57 - watchfiles.main - INFO - 1 change detected
2026-01-14 19:29:57 - watchfiles.main - INFO - 1 change detected
2026-01-14 19:29:57 - watchfiles.main - INFO - 1 change detected
2026-01-14 19:29:58 - watchfiles.main - INFO - 1 change detected
2026-01-14 19:29:58 - watchfiles.main - INFO - 1 change detected
2026-01-14 19:29:59 - watchfiles.main - INFO - 1 change detected
2026-01-14 19:29:59 - watchfiles.main - INFO - 1 change detected
2026-01-14 19:29:59 - watchfiles.main - INFO - 1 change detected
2026-01-14 19:30:00 - watchfiles.main - INFO - 1 change detected
2026-01-14 19:30:00 - watchfiles.main - INFO - 1 change detected
2026-01-14 19:30:01 - watchfiles.main - INFO - 1 change detected
2026-01-14 19:30:01 - watchfiles.main - INFO - 1 change detected
2026-01-14 19:30:01 - watchfiles.main - INFO - 1 change detected
2026-01-14 19:30:02 - watchfiles.main - INFO - 1 change detected
2026-01-14 19:30:02 - watchfiles.main - INFO - 1 change detected
2026-01-14 19:30:03 - watchfiles.main - INFO - 1 change detected
2026-01-14 19:30:03 - watchfiles.main - INFO - 1 change detected
2026-01-14 19:30:03 - watchfiles.main - INFO - 1 change detected
2026-01-14 19:30:04 - watchfiles.main - INFO - 1 change detected
2026-01-14 19:30:04 - watchfiles.main - INFO - 1 change detected
2026-01-14 19:30:05 - watchfiles.main - INFO - 1 change detected
2026-01-14 19:30:05 - watchfiles.main - INFO - 1 change detected
2026-01-14 19:30:05 - watchfiles.main - INFO - 1 change detected
2026-01-14 19:30:06 - watchfiles.main - INFO - 1 change detected
2026-01-14 19:30:06 - watchfiles.main - INFO - 1 change detected
2026-01-14 19:30:07 - watchfiles.main - INFO - 1 change detected
2026-01-14 19:30:07 - watchfiles.main - INFO - 1 change detected
2026-01-14 19:30:07 - watchfiles.main - INFO - 1 change detected
2026-01-14 19:30:08 - watchfiles.main - INFO - 1 change detected
2026-01-14 19:30:08 - watchfiles.main - INFO - 1 change detected
2026-01-14 19:30:09 - watchfiles.main - INFO - 1 change detected
2026-01-14 19:30:09 - watchfiles.main - INFO - 1 change detected
2026-01-14 19:30:09 - watchfiles.main - INFO - 1 change detected
2026-01-14 19:30:10 - watchfiles.main - INFO - 1 change detected
2026-01-14 19:30:10 - watchfiles.main - INFO - 1 change detected
2026-01-14 19:30:11 - watchfiles.main - INFO - 1 change detected
2026-01-14 19:30:11 - watchfiles.main - INFO - 1 change detected
2026-01-14 19:30:11 - watchfiles.main - INFO - 1 change detected
2026-01-14 19:30:12 - watchfiles.main - INFO - 1 change detected
2026-01-14 19:30:12 - watchfiles.main - INFO - 1 change detected
2026-01-14 19:30:13 - watchfiles.main - INFO - 1 change detected
2026-01-14 19:30:13 - watchfiles.main - INFO - 1 change detected
2026-01-14 19:30:13 - watchfiles.main - INFO - 1 change detected
2026-01-14 19:30:14 - watchfiles.main - INFO - 1 change detected
2026-01-14 19:30:14 - watchfiles.main - INFO - 1 change detected
2026-01-14 19:30:15 - watchfiles.main - INFO - 1 change detected
2026-01-14 19:30:15 - watchfiles.main - INFO - 1 change detected
2026-01-14 19:30:15 - watchfiles.main - INFO - 1 change detected
2026-01-14 19:30:16 - watchfiles.main - INFO - 1 change detected
2026-01-14 19:30:16 - watchfiles.main - INFO - 1 change detected
2026-01-14 19:30:17 - watchfiles.main - INFO - 1 change detected
2026-01-14 19:30:17 - watchfiles.main - INFO - 1 change detected
2026-01-14 19:30:17 - watchfiles.main - INFO - 1 change detected
2026-01-14 19:30:18 - watchfiles.main - INFO - 1 change detected
2026-01-14 19:30:18 - watchfiles.main - INFO - 1 change detected
2026-01-14 19:30:19 - watchfiles.main - INFO - 1 change detected
2026-01-14 19:30:19 - watchfiles.main - INFO - 1 change detected
2026-01-14 19:30:19 - watchfiles.main - INFO - 1 change detected
2026-01-14 19:30:20 - watchfiles.main - INFO - 1 change detected
2026-01-14 19:30:20 - watchfiles.main - INFO - 1 change detected
2026-01-14 19:30:21 - watchfiles.main - INFO - 1 change detected
2026-01-14 19:30:21 - watchfiles.main - INFO - 1 change detected
2026-01-14 19:30:21 - watchfiles.main - INFO - 1 change detected
2026-01-14 19:30:22 - watchfiles.main - INFO - 1 change detected
2026-01-14 19:30:22 - watchfiles.main - INFO - 1 change detected
2026-01-14 19:30:23 - watchfiles.main - INFO - 1 change detected
2026-01-14 19:30:23 - watchfiles.main - INFO - 1 change detected
2026-01-14 19:30:24 - watchfiles.main - INFO - 1 change detected
2026-01-14 19:30:24 - watchfiles.main - INFO - 1 change detected
2026-01-14 19:30:24 - watchfiles.main - INFO - 1 change detected
2026-01-14 19:30:25 - watchfiles.main - INFO - 1 change detected
2026-01-14 19:30:25 - watchfiles.main - INFO - 1 change detected
2026-01-14 19:30:26 - watchfiles.main - INFO - 1 change detected
2026-01-14 19:30:26 - watchfiles.main - INFO - 1 change detected
2026-01-14 19:30:26 - watchfiles.main - INFO - 1 change detected
2026-01-14 19:30:27 - watchfiles.main - INFO - 1 change detected
2026-01-14 19:30:27 - watchfiles.main - INFO - 1 change detected
2026-01-14 19:30:28 - watchfiles.main - INFO - 1 change detected
2026-01-14 19:30:28 - watchfiles.main - INFO - 1 change detected
2026-01-14 19:30:28 - watchfiles.main - INFO - 1 change detected
2026-01-14 19:30:29 - watchfiles.main - INFO - 1 change detected
2026-01-14 19:30:29 - watchfiles.main - INFO - 1 change detected
2026-01-14 19:30:30 - watchfiles.main - INFO - 1 change detected
2026-01-14 19:30:30 - watchfiles.main - INFO - 1 change detected
2026-01-14 19:30:30 - watchfiles.main - INFO - 1 change detected
2026-01-14 19:30:31 - watchfiles.main - INFO - 1 change detected
2026-01-14 19:30:31 - watchfiles.main - INFO - 1 change detected
2026-01-14 19:30:32 - watchfiles.main - INFO - 1 change detected
2026-01-14 19:30:32 - watchfiles.main - INFO - 1 change detected
2026-01-14 19:30:32 - watchfiles.main - INFO - 1 change detected
2026-01-14 19:30:33 - watchfiles.main - INFO - 1 change detected
2026-01-14 19:30:33 - watchfiles.main - INFO - 1 change detected
2026-01-14 19:30:34 - watchfiles.main - INFO - 1 change detected
2026-01-14 19:30:34 - watchfiles.main - INFO - 1 change detected
2026-01-14 19:30:34 - watchfiles.main - INFO - 1 change detected
2026-01-14 19:30:35 - watchfiles.main - INFO - 1 change detected
2026-01-14 19:30:35 - watchfiles.main - INFO - 1 change detected
2026-01-14 19:30:36 - watchfiles.main - INFO - 1 change detected
2026-01-14 19:30:36 - watchfiles.main - INFO - 1 change detected
2026-01-14 19:30:36 - watchfiles.main - INFO - 1 change detected
2026-01-14 19:30:37 - watchfiles.main - INFO - 1 change detected
2026-01-14 19:30:37 - watchfiles.main - INFO - 1 change detected
2026-01-14 19:30:38 - watchfiles.main - INFO - 1 change detected
2026-01-14 19:30:38 - watchfiles.main - INFO - 1 change detected
2026-01-14 19:30:38 - watchfiles.main - INFO - 1 change detected
2026-01-14 19:30:39 - watchfiles.main - INFO - 1 change detected
2026-01-14 19:30:39 - watchfiles.main - INFO - 1 change detected
2026-01-14 19:30:40 - watchfiles.main - INFO - 1 change detected
2026-01-14 19:30:40 - watchfiles.main - INFO - 1 change detected
2026-01-14 19:30:40 - watchfiles.main - INFO - 1 change detected
2026-01-14 19:30:41 - watchfiles.main - INFO - 1 change detected
2026-01-14 19:30:41 - watchfiles.main - INFO - 1 change detected
2026-01-14 19:30:42 - watchfiles.main - INFO - 1 change detected
2026-01-14 19:30:42 - watchfiles.main - INFO - 1 change detected
2026-01-14 19:30:42 - watchfiles.main - INFO - 1 change detected
2026-01-14 19:30:43 - watchfiles.main - INFO - 1 change detected
2026-01-14 19:30:43 - watchfiles.main - INFO - 1 change detected
2026-01-14 19:30:44 - watchfiles.main - INFO - 1 change detected
2026-01-14 19:30:44 - watchfiles.main - INFO - 1 change detected
2026-01-14 19:30:44 - watchfiles.main - INFO - 1 change detected
2026-01-14 19:30:45 - watchfiles.main - INFO - 1 change detected
2026-01-14 19:30:45 - watchfiles.main - INFO - 1 change detected
2026-01-14 19:30:46 - watchfiles.main - INFO - 1 change detected
2026-01-14 19:30:46 - watchfiles.main - INFO - 1 change detected
2026-01-14 19:30:46 - watchfiles.main - INFO - 1 change detected
2026-01-14 19:30:47 - watchfiles.main - INFO - 1 change detected
2026-01-14 19:30:47 - watchfiles.main - INFO - 1 change detected
2026-01-14 19:30:48 - watchfiles.main - INFO - 1 change detected
2026-01-14 19:30:48 - watchfiles.main - INFO - 1 change detected
2026-01-14 19:30:49 - watchfiles.main - INFO - 1 change detected
2026-01-14 19:30:49 - watchfiles.main - INFO - 1 change detected
2026-01-14 19:30:49 - watchfiles.main - INFO - 1 change detected
2026-01-14 19:30:50 - watchfiles.main - INFO - 1 change detected
2026-01-14 19:30:50 - watchfiles.main - INFO - 1 change detected
2026-01-14 19:30:50 - watchfiles.main - INFO - 1 change detected
2026-01-14 19:30:51 - watchfiles.main - INFO - 1 change detected
2026-01-14 19:30:51 - watchfiles.main - INFO - 1 change detected
2026-01-14 19:30:52 - watchfiles.main - INFO - 1 change detected
2026-01-14 19:30:52 - watchfiles.main - INFO - 1 change detected
2026-01-14 19:30:53 - watchfiles.main - INFO - 1 change detected
2026-01-14 19:30:53 - watchfiles.main - INFO - 1 change detected
2026-01-14 19:30:53 - watchfiles.main - INFO - 1 change detected
2026-01-14 19:30:54 - watchfiles.main - INFO - 1 change detected
2026-01-14 19:30:54 - watchfiles.main - INFO - 1 change detected
2026-01-14 19:30:55 - watchfiles.main - INFO - 1 change detected
2026-01-14 19:30:55 - watchfiles.main - INFO - 1 change detected
2026-01-14 19:30:55 - watchfiles.main - INFO - 1 change detected
2026-01-14 19:30:56 - watchfiles.main - INFO - 1 change detected
2026-01-14 19:30:56 - watchfiles.main - INFO - 1 change detected
2026-01-14 19:30:57 - watchfiles.main - INFO - 1 change detected
2026-01-14 19:30:57 - watchfiles.main - INFO - 1 change detected
2026-01-14 19:30:57 - watchfiles.main - INFO - 1 change detected
2026-01-14 19:30:58 - watchfiles.main - INFO - 1 change detected
2026-01-14 19:30:58 - watchfiles.main - INFO - 1 change detected
2026-01-14 19:30:59 - watchfiles.main - INFO - 1 change detected
2026-01-14 19:30:59 - watchfiles.main - INFO - 1 change detected
2026-01-14 19:30:59 - watchfiles.main - INFO - 1 change detected
2026-01-14 19:31:00 - watchfiles.main - INFO - 1 change detected
2026-01-14 19:31:00 - watchfiles.main - INFO - 1 change detected
2026-01-14 19:31:01 - watchfiles.main - INFO - 1 change detected
2026-01-14 19:31:01 - watchfiles.main - INFO - 1 change detected
2026-01-14 19:31:01 - watchfiles.main - INFO - 1 change detected
2026-01-14 19:31:02 - watchfiles.main - INFO - 1 change detected
2026-01-14 19:31:02 - watchfiles.main - INFO - 1 change detected
2026-01-14 19:31:03 - watchfiles.main - INFO - 1 change detected
2026-01-14 19:31:03 - watchfiles.main - INFO - 1 change detected
2026-01-14 19:31:04 - watchfiles.main - INFO - 1 change detected
2026-01-14 19:31:04 - watchfiles.main - INFO - 1 change detected
2026-01-14 19:31:04 - watchfiles.main - INFO - 1 change detected
2026-01-14 19:31:05 - watchfiles.main - INFO - 1 change detected
2026-01-14 19:31:05 - watchfiles.main - INFO - 1 change detected
2026-01-14 19:31:06 - watchfiles.main - INFO - 1 change detected
2026-01-14 19:31:06 - watchfiles.main - INFO - 1 change detected
2026-01-14 19:31:06 - watchfiles.main - INFO - 1 change detected
2026-01-14 19:31:07 - watchfiles.main - INFO - 1 change detected
2026-01-14 19:31:07 - watchfiles.main - INFO - 1 change detected
2026-01-14 19:31:08 - watchfiles.main - INFO - 1 change detected
2026-01-14 19:31:08 - watchfiles.main - INFO - 1 change detected
2026-01-14 19:31:08 - watchfiles.main - INFO - 1 change detected
2026-01-14 19:31:09 - watchfiles.main - INFO - 1 change detected
2026-01-14 19:31:09 - watchfiles.main - INFO - 1 change detected
2026-01-14 19:31:10 - watchfiles.main - INFO - 1 change detected
2026-01-14 19:31:10 - watchfiles.main - INFO - 1 change detected
2026-01-14 19:31:10 - watchfiles.main - INFO - 1 change detected
2026-01-14 19:31:11 - watchfiles.main - INFO - 1 change detected
2026-01-14 19:31:11 - watchfiles.main - INFO - 1 change detected
2026-01-14 19:31:12 - watchfiles.main - INFO - 1 change detected
2026-01-14 19:31:12 - watchfiles.main - INFO - 1 change detected
2026-01-14 19:31:12 - watchfiles.main - INFO - 1 change detected
2026-01-14 19:31:13 - watchfiles.main - INFO - 1 change detected
2026-01-14 19:31:13 - watchfiles.main - INFO - 1 change detected
2026-01-14 19:31:14 - watchfiles.main - INFO - 1 change detected
2026-01-14 19:31:14 - watchfiles.main - INFO - 1 change detected
2026-01-14 19:31:14 - watchfiles.main - INFO - 1 change detected
2026-01-14 19:31:15 - watchfiles.main - INFO - 1 change detected
2026-01-14 19:31:15 - watchfiles.main - INFO - 1 change detected
2026-01-14 19:31:16 - watchfiles.main - INFO - 1 change detected
2026-01-14 19:31:16 - watchfiles.main - INFO - 1 change detected
2026-01-14 19:31:16 - watchfiles.main - INFO - 1 change detected
2026-01-14 19:31:17 - watchfiles.main - INFO - 1 change detected
2026-01-14 19:31:17 - watchfiles.main - INFO - 1 change detected
2026-01-14 19:31:18 - watchfiles.main - INFO - 1 change detected
2026-01-14 19:31:18 - watchfiles.main - INFO - 1 change detected
2026-01-14 19:31:18 - watchfiles.main - INFO - 1 change detected
2026-01-14 19:31:19 - watchfiles.main - INFO - 1 change detected
2026-01-14 19:31:19 - watchfiles.main - INFO - 1 change detected
2026-01-14 19:31:20 - watchfiles.main - INFO - 1 change detected
2026-01-14 19:31:20 - watchfiles.main - INFO - 1 change detected
2026-01-14 19:31:20 - watchfiles.main - INFO - 1 change detected
2026-01-14 19:31:21 - watchfiles.main - INFO - 1 change detected
2026-01-14 19:31:21 - watchfiles.main - INFO - 1 change detected
2026-01-14 19:31:22 - watchfiles.main - INFO - 1 change detected
2026-01-14 19:31:22 - watchfiles.main - INFO - 1 change detected
2026-01-14 19:31:22 - watchfiles.main - INFO - 1 change detected
2026-01-14 19:31:23 - watchfiles.main - INFO - 1 change detected
2026-01-14 19:31:23 - watchfiles.main - INFO - 1 change detected
2026-01-14 19:31:24 - watchfiles.main - INFO - 1 change detected
2026-01-14 19:31:24 - watchfiles.main - INFO - 1 change detected
2026-01-14 19:31:24 - watchfiles.main - INFO - 1 change detected
2026-01-14 19:31:25 - watchfiles.main - INFO - 1 change detected
2026-01-14 19:31:25 - watchfiles.main - INFO - 1 change detected
2026-01-14 19:31:26 - watchfiles.main - INFO - 1 change detected
2026-01-14 19:31:26 - watchfiles.main - INFO - 1 change detected
2026-01-14 19:31:26 - watchfiles.main - INFO - 1 change detected
2026-01-14 19:31:27 - watchfiles.main - INFO - 1 change detected
2026-01-14 19:31:27 - watchfiles.main - INFO - 1 change detected
2026-01-14 19:31:28 - watchfiles.main - INFO - 1 change detected
2026-01-14 19:31:28 - watchfiles.main - INFO - 1 change detected
2026-01-14 19:31:28 - watchfiles.main - INFO - 1 change detected
2026-01-14 19:31:29 - watchfiles.main - INFO - 1 change detected
2026-01-14 19:31:29 - watchfiles.main - INFO - 1 change detected
2026-01-14 19:31:30 - watchfiles.main - INFO - 1 change detected
2026-01-14 19:31:30 - watchfiles.main - INFO - 1 change detected
2026-01-14 19:31:30 - watchfiles.main - INFO - 1 change detected
2026-01-14 19:31:31 - watchfiles.main - INFO - 1 change detected
2026-01-14 19:31:31 - watchfiles.main - INFO - 1 change detected
2026-01-14 19:31:32 - watchfiles.main - INFO - 1 change detected
2026-01-14 19:31:32 - watchfiles.main - INFO - 1 change detected
2026-01-14 19:31:32 - watchfiles.main - INFO - 1 change detected
2026-01-14 19:31:33 - watchfiles.main - INFO - 1 change detected
2026-01-14 19:31:33 - watchfiles.main - INFO - 1 change detected
2026-01-14 19:31:34 - watchfiles.main - INFO - 1 change detected
2026-01-14 19:31:34 - watchfiles.main - INFO - 1 change detected
2026-01-14 19:31:34 - watchfiles.main - INFO - 1 change detected
2026-01-14 19:31:35 - watchfiles.main - INFO - 1 change detected
2026-01-14 19:31:35 - watchfiles.main - INFO - 1 change detected
2026-01-14 19:31:36 - watchfiles.main - INFO - 1 change detected
2026-01-14 19:31:36 - watchfiles.main - INFO - 1 change detected
2026-01-14 19:31:36 - watchfiles.main - INFO - 1 change detected
2026-01-14 19:31:37 - watchfiles.main - INFO - 1 change detected
2026-01-14 19:31:37 - watchfiles.main - INFO - 1 change detected
2026-01-14 19:31:38 - watchfiles.main - INFO - 1 change detected
2026-01-14 19:31:38 - watchfiles.main - INFO - 1 change detected
2026-01-14 19:31:38 - watchfiles.main - INFO - 1 change detected
2026-01-14 19:31:39 - watchfiles.main - INFO - 1 change detected
2026-01-14 19:31:39 - watchfiles.main - INFO - 1 change detected
2026-01-14 19:31:40 - watchfiles.main - INFO - 1 change detected
2026-01-14 19:31:40 - watchfiles.main - INFO - 1 change detected
2026-01-14 19:31:40 - watchfiles.main - INFO - 1 change detected
2026-01-14 19:31:41 - watchfiles.main - INFO - 1 change detected
2026-01-14 19:31:41 - watchfiles.main - INFO - 1 change detected
2026-01-14 19:31:42 - watchfiles.main - INFO - 1 change detected
2026-01-14 19:31:42 - watchfiles.main - INFO - 1 change detected
2026-01-14 19:31:43 - watchfiles.main - INFO - 1 change detected
2026-01-14 19:31:43 - watchfiles.main - INFO - 1 change detected
2026-01-14 19:31:43 - watchfiles.main - INFO - 1 change detected
2026-01-14 19:31:44 - watchfiles.main - INFO - 1 change detected
2026-01-14 19:31:44 - watchfiles.main - INFO - 1 change detected
2026-01-14 19:31:45 - watchfiles.main - INFO - 1 change detected
2026-01-14 19:31:45 - watchfiles.main - INFO - 1 change detected
2026-01-14 19:31:45 - watchfiles.main - INFO - 1 change detected
2026-01-14 19:31:46 - watchfiles.main - INFO - 1 change detected
2026-01-14 19:31:46 - watchfiles.main - INFO - 1 change detected
2026-01-14 19:31:47 - watchfiles.main - INFO - 1 change detected
2026-01-14 19:31:47 - watchfiles.main - INFO - 1 change detected
2026-01-14 19:31:47 - watchfiles.main - INFO - 1 change detected
2026-01-14 19:31:48 - watchfiles.main - INFO - 1 change detected
2026-01-14 19:31:48 - watchfiles.main - INFO - 1 change detected
2026-01-14 19:31:49 - watchfiles.main - INFO - 1 change detected
2026-01-14 19:31:49 - watchfiles.main - INFO - 1 change detected
2026-01-14 19:31:49 - watchfiles.main - INFO - 1 change detected
2026-01-14 19:31:50 - watchfiles.main - INFO - 1 change detected
2026-01-14 19:31:50 - watchfiles.main - INFO - 1 change detected
2026-01-14 19:31:51 - watchfiles.main - INFO - 1 change detected
2026-01-14 19:31:51 - watchfiles.main - INFO - 1 change detected
2026-01-14 19:31:51 - watchfiles.main - INFO - 1 change detected
2026-01-14 19:31:52 - watchfiles.main - INFO - 1 change detected
2026-01-14 19:31:52 - watchfiles.main - INFO - 1 change detected
2026-01-14 19:31:53 - watchfiles.main - INFO - 1 change detected
2026-01-14 19:31:53 - watchfiles.main - INFO - 1 change detected
2026-01-14 19:31:53 - watchfiles.main - INFO - 1 change detected
2026-01-14 19:31:54 - watchfiles.main - INFO - 1 change detected
2026-01-14 19:31:54 - watchfiles.main - INFO - 1 change detected
2026-01-14 19:31:55 - watchfiles.main - INFO - 1 change detected
2026-01-14 19:31:55 - watchfiles.main - INFO - 1 change detected
2026-01-14 19:31:55 - watchfiles.main - INFO - 1 change detected
2026-01-14 19:31:56 - watchfiles.main - INFO - 1 change detected
2026-01-14 19:31:56 - watchfiles.main - INFO - 1 change detected
2026-01-14 19:31:57 - watchfiles.main - INFO - 1 change detected
2026-01-14 19:31:57 - watchfiles.main - INFO - 1 change detected
2026-01-14 19:31:58 - watchfiles.main - INFO - 1 change detected
2026-01-14 19:31:58 - watchfiles.main - INFO - 1 change detected
2026-01-14 19:31:58 - watchfiles.main - INFO - 1 change detected
2026-01-14 19:31:59 - watchfiles.main - INFO - 1 change detected
2026-01-14 19:31:59 - watchfiles.main - INFO - 1 change detected
2026-01-14 19:31:59 - watchfiles.main - INFO - 1 change detected
2026-01-14 19:32:00 - watchfiles.main - INFO - 1 change detected
2026-01-14 19:32:00 - watchfiles.main - INFO - 1 change detected
2026-01-14 19:32:01 - watchfiles.main - INFO - 1 change detected
2026-01-14 19:32:01 - watchfiles.main - INFO - 1 change detected
2026-01-14 19:32:02 - watchfiles.main - INFO - 1 change detected
2026-01-14 19:32:02 - watchfiles.main - INFO - 1 change detected
2026-01-14 19:32:02 - watchfiles.main - INFO - 1 change detected
2026-01-14 19:32:03 - watchfiles.main - INFO - 1 change detected
2026-01-14 19:32:03 - watchfiles.main - INFO - 1 change detected
2026-01-14 19:32:04 - watchfiles.main - INFO - 1 change detected
2026-01-14 19:32:04 - watchfiles.main - INFO - 1 change detected
2026-01-14 19:32:04 - watchfiles.main - INFO - 1 change detected
2026-01-14 19:32:05 - watchfiles.main - INFO - 1 change detected
2026-01-14 19:32:05 - watchfiles.main - INFO - 1 change detected
2026-01-14 19:32:06 - watchfiles.main - INFO - 1 change detected
2026-01-14 19:32:06 - watchfiles.main - INFO - 1 change detected
2026-01-14 19:32:06 - watchfiles.main - INFO - 1 change detected
2026-01-14 19:32:07 - watchfiles.main - INFO - 1 change detected
2026-01-14 19:32:07 - watchfiles.main - INFO - 1 change detected
2026-01-14 19:32:08 - watchfiles.main - INFO - 1 change detected
2026-01-14 19:32:08 - watchfiles.main - INFO - 1 change detected
2026-01-14 19:32:08 - watchfiles.main - INFO - 1 change detected
2026-01-14 19:32:09 - watchfiles.main - INFO - 1 change detected
2026-01-14 19:32:09 - watchfiles.main - INFO - 1 change detected
2026-01-14 19:32:10 - watchfiles.main - INFO - 1 change detected
2026-01-14 19:32:10 - watchfiles.main - INFO - 1 change detected
2026-01-14 19:32:10 - watchfiles.main - INFO - 1 change detected
2026-01-14 19:32:11 - watchfiles.main - INFO - 1 change detected
2026-01-14 19:32:11 - watchfiles.main - INFO - 1 change detected
2026-01-14 19:32:12 - watchfiles.main - INFO - 1 change detected
2026-01-14 19:32:12 - watchfiles.main - INFO - 1 change detected
2026-01-14 19:32:12 - watchfiles.main - INFO - 1 change detected
2026-01-14 19:32:13 - watchfiles.main - INFO - 1 change detected
2026-01-14 19:32:13 - watchfiles.main - INFO - 1 change detected
2026-01-14 19:32:14 - watchfiles.main - INFO - 1 change detected
2026-01-14 19:32:14 - watchfiles.main - INFO - 1 change detected
2026-01-14 19:32:14 - watchfiles.main - INFO - 1 change detected
2026-01-14 19:32:15 - watchfiles.main - INFO - 1 change detected
2026-01-14 19:32:15 - watchfiles.main - INFO - 1 change detected
2026-01-14 19:32:16 - watchfiles.main - INFO - 1 change detected
2026-01-14 19:32:16 - watchfiles.main - INFO - 1 change detected
2026-01-14 19:32:16 - watchfiles.main - INFO - 1 change detected
2026-01-14 19:32:17 - watchfiles.main - INFO - 1 change detected
2026-01-14 19:32:17 - watchfiles.main - INFO - 1 change detected
2026-01-14 19:32:18 - watchfiles.main - INFO - 1 change detected
2026-01-14 19:32:18 - watchfiles.main - INFO - 1 change detected
2026-01-14 19:32:18 - watchfiles.main - INFO - 1 change detected
2026-01-14 19:32:19 - watchfiles.main - INFO - 1 change detected
2026-01-14 19:32:19 - watchfiles.main - INFO - 1 change detected
2026-01-14 19:32:20 - watchfiles.main - INFO - 1 change detected
2026-01-14 19:32:20 - watchfiles.main - INFO - 1 change detected
2026-01-14 19:32:20 - watchfiles.main - INFO - 1 change detected
2026-01-14 19:32:21 - watchfiles.main - INFO - 1 change detected
2026-01-14 19:32:21 - watchfiles.main - INFO - 1 change detected
2026-01-14 19:32:22 - watchfiles.main - INFO - 1 change detected
2026-01-14 19:32:22 - watchfiles.main - INFO - 1 change detected
2026-01-14 19:32:22 - watchfiles.main - INFO - 1 change detected
2026-01-14 19:32:23 - watchfiles.main - INFO - 1 change detected
2026-01-14 19:32:23 - watchfiles.main - INFO - 1 change detected
2026-01-14 19:32:24 - watchfiles.main - INFO - 1 change detected
2026-01-14 19:32:24 - watchfiles.main - INFO - 1 change detected
2026-01-14 19:32:24 - watchfiles.main - INFO - 1 change detected
2026-01-14 19:32:25 - watchfiles.main - INFO - 1 change detected
2026-01-14 19:32:25 - watchfiles.main - INFO - 1 change detected
2026-01-14 19:32:26 - watchfiles.main - INFO - 1 change detected
2026-01-14 19:32:26 - watchfiles.main - INFO - 1 change detected
2026-01-14 19:32:27 - watchfiles.main - INFO - 1 change detected
2026-01-14 19:32:27 - watchfiles.main - INFO - 1 change detected
2026-01-14 19:32:27 - watchfiles.main - INFO - 1 change detected
2026-01-14 19:32:28 - watchfiles.main - INFO - 1 change detected
2026-01-14 19:32:28 - watchfiles.main - INFO - 1 change detected
2026-01-14 19:32:29 - watchfiles.main - INFO - 1 change detected
2026-01-14 19:32:29 - watchfiles.main - INFO - 1 change detected
2026-01-14 19:32:29 - watchfiles.main - INFO - 1 change detected
2026-01-14 19:32:30 - watchfiles.main - INFO - 1 change detected
2026-01-14 19:32:30 - watchfiles.main - INFO - 1 change detected
2026-01-14 19:32:31 - watchfiles.main - INFO - 1 change detected
2026-01-14 19:32:31 - watchfiles.main - INFO - 1 change detected
2026-01-14 19:32:31 - watchfiles.main - INFO - 1 change detected
2026-01-14 19:32:32 - watchfiles.main - INFO - 1 change detected
2026-01-14 19:32:32 - watchfiles.main - INFO - 1 change detected
2026-01-14 19:32:33 - watchfiles.main - INFO - 1 change detected
2026-01-14 19:32:33 - watchfiles.main - INFO - 1 change detected
2026-01-14 19:32:33 - watchfiles.main - INFO - 1 change detected
2026-01-14 19:32:34 - watchfiles.main - INFO - 1 change detected
2026-01-14 19:32:34 - watchfiles.main - INFO - 1 change detected
2026-01-14 19:32:35 - watchfiles.main - INFO - 1 change detected
2026-01-14 19:32:35 - watchfiles.main - INFO - 1 change detected
2026-01-14 19:32:35 - watchfiles.main - INFO - 1 change detected
2026-01-14 19:32:36 - watchfiles.main - INFO - 1 change detected
2026-01-14 19:32:36 - watchfiles.main - INFO - 1 change detected
2026-01-14 19:32:37 - watchfiles.main - INFO - 1 change detected
2026-01-14 19:32:37 - watchfiles.main - INFO - 1 change detected
2026-01-14 19:32:37 - watchfiles.main - INFO - 1 change detected
2026-01-14 19:32:38 - watchfiles.main - INFO - 1 change detected
2026-01-14 19:32:38 - watchfiles.main - INFO - 1 change detected
2026-01-14 19:32:39 - watchfiles.main - INFO - 1 change detected
2026-01-14 19:32:39 - watchfiles.main - INFO - 1 change detected
2026-01-14 19:32:39 - watchfiles.main - INFO - 1 change detected
2026-01-14 19:32:40 - watchfiles.main - INFO - 1 change detected
2026-01-14 19:32:40 - watchfiles.main - INFO - 1 change detected
2026-01-14 19:32:41 - watchfiles.main - INFO - 1 change detected
2026-01-14 19:32:41 - watchfiles.main - INFO - 1 change detected
2026-01-14 19:32:41 - watchfiles.main - INFO - 1 change detected
2026-01-14 19:32:42 - watchfiles.main - INFO - 1 change detected
2026-01-14 19:32:42 - watchfiles.main - INFO - 1 change detected
2026-01-14 19:32:43 - watchfiles.main - INFO - 1 change detected
2026-01-14 19:32:43 - watchfiles.main - INFO - 1 change detected
2026-01-14 19:32:43 - watchfiles.main - INFO - 1 change detected
2026-01-14 19:32:44 - watchfiles.main - INFO - 1 change detected
2026-01-14 19:32:44 - watchfiles.main - INFO - 1 change detected
2026-01-14 19:32:45 - watchfiles.main - INFO - 1 change detected
2026-01-14 19:32:45 - watchfiles.main - INFO - 1 change detected
2026-01-14 19:32:45 - watchfiles.main - INFO - 1 change detected
2026-01-14 19:32:46 - watchfiles.main - INFO - 1 change detected
2026-01-14 19:32:46 - watchfiles.main - INFO - 1 change detected
2026-01-14 19:32:47 - watchfiles.main - INFO - 1 change detected
2026-01-14 19:32:47 - watchfiles.main - INFO - 1 change detected
2026-01-14 19:32:47 - watchfiles.main - INFO - 1 change detected
2026-01-14 19:32:48 - watchfiles.main - INFO - 1 change detected
2026-01-14 19:32:48 - watchfiles.main - INFO - 1 change detected
2026-01-14 19:32:49 - watchfiles.main - INFO - 1 change detected
2026-01-14 19:32:49 - watchfiles.main - INFO - 1 change detected
2026-01-14 19:32:49 - watchfiles.main - INFO - 1 change detected
2026-01-14 19:32:50 - watchfiles.main - INFO - 1 change detected
2026-01-14 19:32:50 - watchfiles.main - INFO - 1 change detected
2026-01-14 19:32:51 - watchfiles.main - INFO - 1 change detected
2026-01-14 19:32:51 - watchfiles.main - INFO - 1 change detected
2026-01-14 19:32:51 - watchfiles.main - INFO - 1 change detected
2026-01-14 19:32:52 - watchfiles.main - INFO - 1 change detected
2026-01-14 19:32:52 - watchfiles.main - INFO - 1 change detected
2026-01-14 19:32:53 - watchfiles.main - INFO - 1 change detected
2026-01-14 19:32:53 - watchfiles.main - INFO - 1 change detected
2026-01-14 19:32:53 - watchfiles.main - INFO - 1 change detected
2026-01-14 19:32:54 - watchfiles.main - INFO - 1 change detected
2026-01-14 19:32:54 - watchfiles.main - INFO - 1 change detected
2026-01-14 19:32:55 - watchfiles.main - INFO - 1 change detected
2026-01-14 19:32:55 - watchfiles.main - INFO - 1 change detected
2026-01-14 19:32:56 - watchfiles.main - INFO - 1 change detected
2026-01-14 19:32:56 - watchfiles.main - INFO - 1 change detected
2026-01-14 19:32:56 - watchfiles.main - INFO - 1 change detected
2026-01-14 19:32:57 - watchfiles.main - INFO - 1 change detected
2026-01-14 19:32:57 - watchfiles.main - INFO - 1 change detected
2026-01-14 19:32:58 - watchfiles.main - INFO - 1 change detected
2026-01-14 19:32:58 - watchfiles.main - INFO - 1 change detected
2026-01-14 19:32:58 - watchfiles.main - INFO - 1 change detected
2026-01-14 19:32:59 - watchfiles.main - INFO - 1 change detected
2026-01-14 19:32:59 - watchfiles.main - INFO - 1 change detected
2026-01-14 19:33:00 - watchfiles.main - INFO - 1 change detected
2026-01-14 19:33:00 - watchfiles.main - INFO - 1 change detected
2026-01-14 19:33:00 - watchfiles.main - INFO - 1 change detected
2026-01-14 19:33:01 - watchfiles.main - INFO - 1 change detected
2026-01-14 19:33:01 - watchfiles.main - INFO - 1 change detected
2026-01-14 19:33:02 - watchfiles.main - INFO - 1 change detected
2026-01-14 19:33:02 - watchfiles.main - INFO - 1 change detected
2026-01-14 19:33:02 - watchfiles.main - INFO - 1 change detected
2026-01-14 19:33:03 - watchfiles.main - INFO - 1 change detected
2026-01-14 19:33:03 - watchfiles.main - INFO - 1 change detected
2026-01-14 19:33:04 - watchfiles.main - INFO - 1 change detected
2026-01-14 19:33:04 - watchfiles.main - INFO - 1 change detected
2026-01-14 19:33:04 - watchfiles.main - INFO - 1 change detected
2026-01-14 19:33:05 - watchfiles.main - INFO - 1 change detected
2026-01-14 19:33:05 - watchfiles.main - INFO - 1 change detected
2026-01-14 19:33:06 - watchfiles.main - INFO - 1 change detected
2026-01-14 19:33:06 - watchfiles.main - INFO - 1 change detected
2026-01-14 19:33:06 - watchfiles.main - INFO - 1 change detected
2026-01-14 19:33:07 - watchfiles.main - INFO - 1 change detected
2026-01-14 19:33:07 - watchfiles.main - INFO - 1 change detected
2026-01-14 19:33:08 - watchfiles.main - INFO - 1 change detected
2026-01-14 19:33:08 - watchfiles.main - INFO - 1 change detected
2026-01-14 19:33:08 - watchfiles.main - INFO - 1 change detected
2026-01-14 19:33:09 - watchfiles.main - INFO - 1 change detected
2026-01-14 19:33:09 - watchfiles.main - INFO - 1 change detected
2026-01-14 19:33:10 - watchfiles.main - INFO - 1 change detected
2026-01-14 19:33:10 - watchfiles.main - INFO - 1 change detected
2026-01-14 19:33:10 - watchfiles.main - INFO - 1 change detected
2026-01-14 19:33:11 - watchfiles.main - INFO - 1 change detected
2026-01-14 19:33:11 - watchfiles.main - INFO - 1 change detected
2026-01-14 19:33:12 - watchfiles.main - INFO - 1 change detected
2026-01-14 19:33:12 - watchfiles.main - INFO - 1 change detected
2026-01-14 19:33:12 - watchfiles.main - INFO - 1 change detected
2026-01-14 19:33:13 - watchfiles.main - INFO - 1 change detected
2026-01-14 19:33:13 - watchfiles.main - INFO - 1 change detected
2026-01-14 19:33:14 - watchfiles.main - INFO - 1 change detected
2026-01-14 19:33:14 - watchfiles.main - INFO - 1 change detected
2026-01-14 19:33:14 - watchfiles.main - INFO - 1 change detected
2026-01-14 19:33:15 - watchfiles.main - INFO - 1 change detected
2026-01-14 19:33:15 - watchfiles.main - INFO - 1 change detected
2026-01-14 19:33:16 - watchfiles.main - INFO - 1 change detected
2026-01-14 19:33:16 - watchfiles.main - INFO - 1 change detected
2026-01-14 19:33:17 - watchfiles.main - INFO - 1 change detected
2026-01-14 19:33:17 - watchfiles.main - INFO - 1 change detected
2026-01-14 19:33:17 - watchfiles.main - INFO - 1 change detected
2026-01-14 19:33:18 - watchfiles.main - INFO - 1 change detected
2026-01-14 19:33:18 - watchfiles.main - INFO - 1 change detected
2026-01-14 19:33:19 - watchfiles.main - INFO - 1 change detected
2026-01-14 19:33:19 - watchfiles.main - INFO - 1 change detected
2026-01-14 19:33:19 - watchfiles.main - INFO - 1 change detected
2026-01-14 19:33:20 - watchfiles.main - INFO - 1 change detected
2026-01-14 19:33:20 - watchfiles.main - INFO - 1 change detected
2026-01-14 19:33:21 - watchfiles.main - INFO - 1 change detected
2026-01-14 19:33:21 - watchfiles.main - INFO - 1 change detected
2026-01-14 19:33:21 - watchfiles.main - INFO - 1 change detected
2026-01-14 19:33:22 - watchfiles.main - INFO - 1 change detected
2026-01-14 19:33:22 - watchfiles.main - INFO - 1 change detected
2026-01-14 19:33:23 - watchfiles.main - INFO - 1 change detected
2026-01-14 19:33:23 - watchfiles.main - INFO - 1 change detected
2026-01-14 19:33:23 - watchfiles.main - INFO - 1 change detected
2026-01-14 19:33:24 - watchfiles.main - INFO - 1 change detected
2026-01-14 19:33:24 - watchfiles.main - INFO - 1 change detected
2026-01-14 19:33:25 - watchfiles.main - INFO - 1 change detected
2026-01-14 19:33:25 - watchfiles.main - INFO - 1 change detected
2026-01-14 19:33:25 - watchfiles.main - INFO - 1 change detected
2026-01-14 19:33:26 - watchfiles.main - INFO - 1 change detected
2026-01-14 19:33:26 - watchfiles.main - INFO - 1 change detected
2026-01-14 19:33:27 - watchfiles.main - INFO - 1 change detected
2026-01-14 19:33:27 - watchfiles.main - INFO - 1 change detected
2026-01-14 19:33:27 - watchfiles.main - INFO - 1 change detected
2026-01-14 19:33:28 - watchfiles.main - INFO - 1 change detected
2026-01-14 19:33:28 - watchfiles.main - INFO - 1 change detected
2026-01-14 19:33:29 - watchfiles.main - INFO - 1 change detected
2026-01-14 19:33:29 - watchfiles.main - INFO - 1 change detected
2026-01-14 19:33:29 - watchfiles.main - INFO - 1 change detected
2026-01-14 19:33:30 - watchfiles.main - INFO - 1 change detected
2026-01-14 19:33:30 - watchfiles.main - INFO - 1 change detected
2026-01-14 19:33:31 - watchfiles.main - INFO - 1 change detected
2026-01-14 19:33:31 - watchfiles.main - INFO - 1 change detected
2026-01-14 19:33:31 - watchfiles.main - INFO - 1 change detected
2026-01-14 19:33:32 - watchfiles.main - INFO - 1 change detected
2026-01-14 19:33:32 - watchfiles.main - INFO - 1 change detected
2026-01-14 19:33:33 - watchfiles.main - INFO - 1 change detected
2026-01-14 19:33:33 - watchfiles.main - INFO - 1 change detected
2026-01-14 19:33:33 - watchfiles.main - INFO - 1 change detected
2026-01-14 19:33:34 - watchfiles.main - INFO - 1 change detected
2026-01-14 19:33:34 - watchfiles.main - INFO - 1 change detected
2026-01-14 19:33:35 - watchfiles.main - INFO - 1 change detected
2026-01-14 19:33:35 - watchfiles.main - INFO - 1 change detected
2026-01-14 19:33:35 - watchfiles.main - INFO - 1 change detected
2026-01-14 19:33:36 - watchfiles.main - INFO - 1 change detected
2026-01-14 19:33:36 - watchfiles.main - INFO - 1 change detected
2026-01-14 19:33:37 - watchfiles.main - INFO - 1 change detected
2026-01-14 19:33:37 - watchfiles.main - INFO - 1 change detected
2026-01-14 19:33:37 - watchfiles.main - INFO - 1 change detected
2026-01-14 19:33:38 - watchfiles.main - INFO - 1 change detected
2026-01-14 19:33:38 - watchfiles.main - INFO - 1 change detected
2026-01-14 19:33:39 - watchfiles.main - INFO - 1 change detected
2026-01-14 19:33:39 - watchfiles.main - INFO - 1 change detected
2026-01-14 19:33:39 - watchfiles.main - INFO - 1 change detected
2026-01-14 19:33:40 - watchfiles.main - INFO - 1 change detected
2026-01-14 19:33:40 - watchfiles.main - INFO - 1 change detected
2026-01-14 19:33:41 - watchfiles.main - INFO - 1 change detected
2026-01-14 19:33:41 - watchfiles.main - INFO - 1 change detected
2026-01-14 19:33:41 - watchfiles.main - INFO - 1 change detected
2026-01-14 19:33:42 - watchfiles.main - INFO - 1 change detected
2026-01-14 19:33:42 - watchfiles.main - INFO - 1 change detected
2026-01-14 19:33:43 - watchfiles.main - INFO - 1 change detected
2026-01-14 19:33:43 - watchfiles.main - INFO - 1 change detected
2026-01-14 19:33:43 - watchfiles.main - INFO - 1 change detected
2026-01-14 19:33:44 - watchfiles.main - INFO - 1 change detected
2026-01-14 19:33:44 - watchfiles.main - INFO - 1 change detected
2026-01-14 19:33:45 - watchfiles.main - INFO - 1 change detected
2026-01-14 19:33:45 - watchfiles.main - INFO - 1 change detected
2026-01-14 19:33:45 - watchfiles.main - INFO - 1 change detected
2026-01-14 19:33:46 - watchfiles.main - INFO - 1 change detected
2026-01-14 19:33:46 - watchfiles.main - INFO - 1 change detected
2026-01-14 19:33:47 - watchfiles.main - INFO - 1 change detected
2026-01-14 19:33:47 - watchfiles.main - INFO - 1 change detected
2026-01-14 19:33:47 - watchfiles.main - INFO - 1 change detected
2026-01-14 19:33:48 - watchfiles.main - INFO - 1 change detected
2026-01-14 19:33:48 - watchfiles.main - INFO - 1 change detected
2026-01-14 19:33:49 - watchfiles.main - INFO - 1 change detected
2026-01-14 19:33:49 - watchfiles.main - INFO - 1 change detected
2026-01-14 19:33:50 - watchfiles.main - INFO - 1 change detected
2026-01-14 19:33:50 - watchfiles.main - INFO - 1 change detected
2026-01-14 19:33:50 - watchfiles.main - INFO - 1 change detected
2026-01-14 19:33:51 - watchfiles.main - INFO - 1 change detected
2026-01-14 19:33:51 - watchfiles.main - INFO - 1 change detected
2026-01-14 19:33:52 - watchfiles.main - INFO - 1 change detected
2026-01-14 19:33:52 - watchfiles.main - INFO - 1 change detected
2026-01-14 19:33:52 - watchfiles.main - INFO - 1 change detected
2026-01-14 19:33:53 - watchfiles.main - INFO - 1 change detected
2026-01-14 19:33:53 - watchfiles.main - INFO - 1 change detected
2026-01-14 19:33:54 - watchfiles.main - INFO - 1 change detected
2026-01-14 19:33:54 - watchfiles.main - INFO - 1 change detected
2026-01-14 19:33:54 - watchfiles.main - INFO - 1 change detected
2026-01-14 19:33:55 - watchfiles.main - INFO - 1 change detected
2026-01-14 19:33:55 - watchfiles.main - INFO - 1 change detected
2026-01-14 19:33:56 - watchfiles.main - INFO - 1 change detected
2026-01-14 19:33:56 - watchfiles.main - INFO - 1 change detected
2026-01-14 19:33:56 - watchfiles.main - INFO - 1 change detected
2026-01-14 19:33:57 - watchfiles.main - INFO - 1 change detected
2026-01-14 19:33:57 - watchfiles.main - INFO - 1 change detected
2026-01-14 19:33:58 - watchfiles.main - INFO - 1 change detected
2026-01-14 19:33:58 - watchfiles.main - INFO - 1 change detected
2026-01-14 19:33:58 - watchfiles.main - INFO - 1 change detected
2026-01-14 19:33:59 - watchfiles.main - INFO - 1 change detected
2026-01-14 19:33:59 - watchfiles.main - INFO - 1 change detected
2026-01-14 19:34:00 - watchfiles.main - INFO - 1 change detected
2026-01-14 19:34:00 - watchfiles.main - INFO - 1 change detected
2026-01-14 19:34:00 - watchfiles.main - INFO - 1 change detected
2026-01-14 19:34:01 - watchfiles.main - INFO - 1 change detected
2026-01-14 19:34:01 - watchfiles.main - INFO - 1 change detected
2026-01-14 19:34:02 - watchfiles.main - INFO - 1 change detected
2026-01-14 19:34:02 - watchfiles.main - INFO - 1 change detected
2026-01-14 19:34:02 - watchfiles.main - INFO - 1 change detected
2026-01-14 19:34:03 - watchfiles.main - INFO - 1 change detected
2026-01-14 19:34:03 - watchfiles.main - INFO - 1 change detected
2026-01-14 19:34:04 - watchfiles.main - INFO - 1 change detected
2026-01-14 19:34:04 - watchfiles.main - INFO - 1 change detected
2026-01-14 19:34:04 - watchfiles.main - INFO - 1 change detected
2026-01-14 19:34:05 - watchfiles.main - INFO - 1 change detected
2026-01-14 19:34:05 - watchfiles.main - INFO - 1 change detected
2026-01-14 19:34:06 - watchfiles.main - INFO - 1 change detected
2026-01-14 19:34:06 - watchfiles.main - INFO - 1 change detected
2026-01-14 19:34:06 - watchfiles.main - INFO - 1 change detected
2026-01-14 19:34:07 - watchfiles.main - INFO - 1 change detected
2026-01-14 19:34:07 - watchfiles.main - INFO - 1 change detected
2026-01-14 19:34:08 - watchfiles.main - INFO - 1 change detected
2026-01-14 19:34:08 - watchfiles.main - INFO - 1 change detected
2026-01-14 19:34:08 - watchfiles.main - INFO - 1 change detected
2026-01-14 19:34:09 - watchfiles.main - INFO - 1 change detected
2026-01-14 19:34:09 - watchfiles.main - INFO - 1 change detected
2026-01-14 19:34:10 - watchfiles.main - INFO - 1 change detected
2026-01-14 19:34:10 - watchfiles.main - INFO - 1 change detected
2026-01-14 19:34:10 - watchfiles.main - INFO - 1 change detected
2026-01-14 19:34:11 - watchfiles.main - INFO - 1 change detected
2026-01-14 19:34:11 - watchfiles.main - INFO - 1 change detected
2026-01-14 19:34:12 - watchfiles.main - INFO - 1 change detected
2026-01-14 19:34:12 - watchfiles.main - INFO - 1 change detected
2026-01-14 19:34:12 - watchfiles.main - INFO - 1 change detected
2026-01-14 19:34:13 - watchfiles.main - INFO - 1 change detected
2026-01-14 19:34:13 - watchfiles.main - INFO - 1 change detected
2026-01-14 19:34:14 - watchfiles.main - INFO - 1 change detected
2026-01-14 19:34:14 - watchfiles.main - INFO - 1 change detected
2026-01-14 19:34:14 - watchfiles.main - INFO - 1 change detected
2026-01-14 19:34:15 - watchfiles.main - INFO - 1 change detected
2026-01-14 19:34:15 - watchfiles.main - INFO - 1 change detected
2026-01-14 19:34:16 - watchfiles.main - INFO - 1 change detected
2026-01-14 19:34:16 - watchfiles.main - INFO - 1 change detected
2026-01-14 19:34:16 - watchfiles.main - INFO - 1 change detected
2026-01-14 19:34:17 - watchfiles.main - INFO - 1 change detected
2026-01-14 19:34:17 - watchfiles.main - INFO - 1 change detected
2026-01-14 19:34:18 - watchfiles.main - INFO - 1 change detected
2026-01-14 19:34:18 - watchfiles.main - INFO - 1 change detected
2026-01-14 19:34:18 - watchfiles.main - INFO - 1 change detected
2026-01-14 19:34:19 - watchfiles.main - INFO - 1 change detected
2026-01-14 19:34:19 - watchfiles.main - INFO - 1 change detected
2026-01-14 19:34:20 - watchfiles.main - INFO - 1 change detected
2026-01-14 19:34:20 - watchfiles.main - INFO - 1 change detected
2026-01-14 19:34:20 - watchfiles.main - INFO - 1 change detected
2026-01-14 19:34:21 - watchfiles.main - INFO - 1 change detected
2026-01-14 19:34:21 - watchfiles.main - INFO - 1 change detected
2026-01-14 19:34:22 - watchfiles.main - INFO - 1 change detected
2026-01-14 19:34:22 - watchfiles.main - INFO - 1 change detected
2026-01-14 19:34:22 - watchfiles.main - INFO - 1 change detected
2026-01-14 19:34:23 - watchfiles.main - INFO - 1 change detected
2026-01-14 19:34:23 - watchfiles.main - INFO - 1 change detected
2026-01-14 19:34:24 - watchfiles.main - INFO - 1 change detected
2026-01-14 19:34:24 - watchfiles.main - INFO - 1 change detected
2026-01-14 19:34:24 - watchfiles.main - INFO - 1 change detected
2026-01-14 19:34:25 - watchfiles.main - INFO - 1 change detected
2026-01-14 19:34:25 - watchfiles.main - INFO - 1 change detected
2026-01-14 19:34:26 - watchfiles.main - INFO - 1 change detected
2026-01-14 19:34:26 - watchfiles.main - INFO - 1 change detected
2026-01-14 19:34:26 - watchfiles.main - INFO - 1 change detected
2026-01-14 19:34:27 - watchfiles.main - INFO - 1 change detected
2026-01-14 19:34:27 - watchfiles.main - INFO - 1 change detected
2026-01-14 19:34:28 - watchfiles.main - INFO - 1 change detected
2026-01-14 19:34:28 - watchfiles.main - INFO - 1 change detected
2026-01-14 19:34:28 - watchfiles.main - INFO - 1 change detected
2026-01-14 19:34:29 - watchfiles.main - INFO - 1 change detected
2026-01-14 19:34:29 - watchfiles.main - INFO - 1 change detected
2026-01-14 19:34:30 - watchfiles.main - INFO - 1 change detected
2026-01-14 19:34:30 - watchfiles.main - INFO - 1 change detected
2026-01-14 19:34:31 - watchfiles.main - INFO - 1 change detected
2026-01-14 19:34:31 - watchfiles.main - INFO - 1 change detected
2026-01-14 19:34:31 - watchfiles.main - INFO - 1 change detected
2026-01-14 19:34:32 - watchfiles.main - INFO - 1 change detected
2026-01-14 19:34:32 - watchfiles.main - INFO - 1 change detected
2026-01-14 19:34:33 - watchfiles.main - INFO - 1 change detected
2026-01-14 19:34:33 - watchfiles.main - INFO - 1 change detected
2026-01-14 19:34:33 - watchfiles.main - INFO - 1 change detected
2026-01-14 19:34:34 - watchfiles.main - INFO - 1 change detected
2026-01-14 19:34:34 - watchfiles.main - INFO - 1 change detected
2026-01-14 19:34:35 - watchfiles.main - INFO - 1 change detected
2026-01-14 19:34:35 - watchfiles.main - INFO - 1 change detected
2026-01-14 19:34:35 - watchfiles.main - INFO - 1 change detected
2026-01-14 19:34:36 - watchfiles.main - INFO - 1 change detected
2026-01-14 19:34:36 - watchfiles.main - INFO - 1 change detected
2026-01-14 19:34:37 - watchfiles.main - INFO - 1 change detected
2026-01-14 19:34:37 - watchfiles.main - INFO - 1 change detected
2026-01-14 19:34:37 - watchfiles.main - INFO - 1 change detected
2026-01-14 19:34:38 - watchfiles.main - INFO - 1 change detected
2026-01-14 19:34:38 - watchfiles.main - INFO - 1 change detected
2026-01-14 19:34:39 - watchfiles.main - INFO - 1 change detected
2026-01-14 19:34:39 - watchfiles.main - INFO - 1 change detected
2026-01-14 19:34:39 - watchfiles.main - INFO - 1 change detected
2026-01-14 19:34:40 - watchfiles.main - INFO - 1 change detected
2026-01-14 19:34:40 - watchfiles.main - INFO - 1 change detected
2026-01-14 19:34:41 - watchfiles.main - INFO - 1 change detected
2026-01-14 19:34:41 - watchfiles.main - INFO - 1 change detected
2026-01-14 19:34:41 - watchfiles.main - INFO - 1 change detected
2026-01-14 19:34:42 - watchfiles.main - INFO - 1 change detected
2026-01-14 19:34:42 - watchfiles.main - INFO - 1 change detected
2026-01-14 19:34:43 - watchfiles.main - INFO - 1 change detected
2026-01-14 19:34:43 - watchfiles.main - INFO - 1 change detected
2026-01-14 19:34:43 - watchfiles.main - INFO - 1 change detected
2026-01-14 19:34:44 - watchfiles.main - INFO - 1 change detected
2026-01-14 19:34:44 - watchfiles.main - INFO - 1 change detected
2026-01-14 19:34:45 - watchfiles.main - INFO - 1 change detected
2026-01-14 19:34:45 - watchfiles.main - INFO - 1 change detected
2026-01-14 19:34:45 - watchfiles.main - INFO - 1 change detected
2026-01-14 19:34:46 - watchfiles.main - INFO - 1 change detected
2026-01-14 19:34:46 - watchfiles.main - INFO - 1 change detected
2026-01-14 19:34:47 - watchfiles.main - INFO - 1 change detected
2026-01-14 19:34:47 - watchfiles.main - INFO - 1 change detected
2026-01-14 19:34:47 - watchfiles.main - INFO - 1 change detected
2026-01-14 19:34:48 - watchfiles.main - INFO - 1 change detected
2026-01-14 19:34:48 - watchfiles.main - INFO - 1 change detected
2026-01-14 19:34:49 - watchfiles.main - INFO - 1 change detected
2026-01-14 19:34:49 - watchfiles.main - INFO - 1 change detected
2026-01-14 19:34:49 - watchfiles.main - INFO - 1 change detected
2026-01-14 19:34:50 - watchfiles.main - INFO - 1 change detected
2026-01-14 19:34:50 - watchfiles.main - INFO - 1 change detected
2026-01-14 19:34:51 - watchfiles.main - INFO - 1 change detected
2026-01-14 19:34:51 - watchfiles.main - INFO - 1 change detected
2026-01-14 19:34:51 - watchfiles.main - INFO - 1 change detected
2026-01-14 19:34:52 - watchfiles.main - INFO - 1 change detected
2026-01-14 19:34:52 - watchfiles.main - INFO - 1 change detected
2026-01-14 19:34:53 - watchfiles.main - INFO - 1 change detected
2026-01-14 19:34:53 - watchfiles.main - INFO - 1 change detected
2026-01-14 19:34:53 - watchfiles.main - INFO - 1 change detected
2026-01-14 19:34:54 - watchfiles.main - INFO - 1 change detected
2026-01-14 19:34:54 - watchfiles.main - INFO - 1 change detected
2026-01-14 19:34:55 - watchfiles.main - INFO - 1 change detected
2026-01-14 19:34:55 - watchfiles.main - INFO - 1 change detected
2026-01-14 19:34:55 - watchfiles.main - INFO - 1 change detected
2026-01-14 19:34:56 - watchfiles.main - INFO - 1 change detected
2026-01-14 19:34:56 - watchfiles.main - INFO - 1 change detected
2026-01-14 19:34:57 - watchfiles.main - INFO - 1 change detected
2026-01-14 19:34:57 - watchfiles.main - INFO - 1 change detected
2026-01-14 19:34:58 - watchfiles.main - INFO - 1 change detected
2026-01-14 19:34:58 - watchfiles.main - INFO - 1 change detected
2026-01-14 19:34:58 - watchfiles.main - INFO - 1 change detected
2026-01-14 19:34:59 - watchfiles.main - INFO - 1 change detected
2026-01-14 19:34:59 - watchfiles.main - INFO - 1 change detected
2026-01-14 19:35:00 - watchfiles.main - INFO - 1 change detected
2026-01-14 19:35:00 - watchfiles.main - INFO - 1 change detected
2026-01-14 19:35:00 - watchfiles.main - INFO - 1 change detected
2026-01-14 19:35:01 - watchfiles.main - INFO - 1 change detected
2026-01-14 19:35:01 - watchfiles.main - INFO - 1 change detected
2026-01-14 19:35:02 - watchfiles.main - INFO - 1 change detected
2026-01-14 19:35:02 - watchfiles.main - INFO - 1 change detected
2026-01-14 19:35:02 - watchfiles.main - INFO - 1 change detected
2026-01-14 19:35:03 - watchfiles.main - INFO - 1 change detected
2026-01-14 19:35:03 - watchfiles.main - INFO - 1 change detected
2026-01-14 19:35:04 - watchfiles.main - INFO - 1 change detected
2026-01-14 19:35:04 - watchfiles.main - INFO - 1 change detected
2026-01-14 19:35:04 - watchfiles.main - INFO - 1 change detected
2026-01-14 19:35:05 - watchfiles.main - INFO - 1 change detected
2026-01-14 19:35:05 - watchfiles.main - INFO - 1 change detected
2026-01-14 19:35:06 - watchfiles.main - INFO - 1 change detected
2026-01-14 19:35:06 - watchfiles.main - INFO - 1 change detected
2026-01-14 19:35:06 - watchfiles.main - INFO - 1 change detected
2026-01-14 19:35:07 - watchfiles.main - INFO - 1 change detected
2026-01-14 19:35:07 - watchfiles.main - INFO - 1 change detected
2026-01-14 19:35:08 - watchfiles.main - INFO - 1 change detected
2026-01-14 19:35:08 - watchfiles.main - INFO - 1 change detected
2026-01-14 19:35:08 - watchfiles.main - INFO - 1 change detected
2026-01-14 19:35:09 - watchfiles.main - INFO - 1 change detected
2026-01-14 19:35:09 - watchfiles.main - INFO - 1 change detected
2026-01-14 19:35:10 - watchfiles.main - INFO - 1 change detected
2026-01-14 19:35:10 - watchfiles.main - INFO - 1 change detected
2026-01-14 19:35:10 - watchfiles.main - INFO - 1 change detected
2026-01-14 19:35:11 - watchfiles.main - INFO - 1 change detected
2026-01-14 19:35:11 - watchfiles.main - INFO - 1 change detected
2026-01-14 19:35:12 - watchfiles.main - INFO - 1 change detected
2026-01-14 19:35:12 - watchfiles.main - INFO - 1 change detected
2026-01-14 19:35:12 - watchfiles.main - INFO - 1 change detected
2026-01-14 19:35:13 - watchfiles.main - INFO - 1 change detected
2026-01-14 19:35:13 - watchfiles.main - INFO - 1 change detected
2026-01-14 19:35:14 - watchfiles.main - INFO - 1 change detected
2026-01-14 19:35:14 - watchfiles.main - INFO - 1 change detected
2026-01-14 19:35:14 - watchfiles.main - INFO - 1 change detected
2026-01-14 19:35:15 - watchfiles.main - INFO - 1 change detected
2026-01-14 19:35:15 - watchfiles.main - INFO - 1 change detected
2026-01-14 19:35:16 - watchfiles.main - INFO - 1 change detected
2026-01-14 19:35:16 - watchfiles.main - INFO - 1 change detected
2026-01-14 19:35:16 - watchfiles.main - INFO - 1 change detected
2026-01-14 19:35:17 - watchfiles.main - INFO - 1 change detected
2026-01-14 19:35:17 - watchfiles.main - INFO - 1 change detected
2026-01-14 19:35:18 - watchfiles.main - INFO - 1 change detected
2026-01-14 19:35:18 - watchfiles.main - INFO - 1 change detected
2026-01-14 19:35:18 - watchfiles.main - INFO - 1 change detected
2026-01-14 19:35:19 - watchfiles.main - INFO - 1 change detected
2026-01-14 19:35:19 - watchfiles.main - INFO - 1 change detected
2026-01-14 19:35:20 - watchfiles.main - INFO - 1 change detected
2026-01-14 19:35:20 - watchfiles.main - INFO - 1 change detected
2026-01-14 19:35:20 - watchfiles.main - INFO - 1 change detected
2026-01-14 19:35:21 - watchfiles.main - INFO - 1 change detected
2026-01-14 19:35:21 - watchfiles.main - INFO - 1 change detected
2026-01-14 19:35:22 - watchfiles.main - INFO - 1 change detected
2026-01-14 19:35:22 - watchfiles.main - INFO - 1 change detected
2026-01-14 19:35:22 - watchfiles.main - INFO - 1 change detected
2026-01-14 19:35:23 - watchfiles.main - INFO - 1 change detected
2026-01-14 19:35:23 - watchfiles.main - INFO - 1 change detected
2026-01-14 19:35:24 - watchfiles.main - INFO - 1 change detected
2026-01-14 19:35:24 - watchfiles.main - INFO - 1 change detected
2026-01-14 19:35:24 - watchfiles.main - INFO - 1 change detected
2026-01-14 19:35:25 - watchfiles.main - INFO - 1 change detected
2026-01-14 19:35:25 - watchfiles.main - INFO - 1 change detected
2026-01-14 19:35:26 - watchfiles.main - INFO - 1 change detected
2026-01-14 19:35:26 - watchfiles.main - INFO - 1 change detected
2026-01-14 19:35:26 - watchfiles.main - INFO - 1 change detected
2026-01-14 19:35:27 - watchfiles.main - INFO - 1 change detected
2026-01-14 19:35:27 - watchfiles.main - INFO - 1 change detected
2026-01-14 19:35:28 - watchfiles.main - INFO - 1 change detected
2026-01-14 19:35:28 - watchfiles.main - INFO - 1 change detected
2026-01-14 19:35:29 - watchfiles.main - INFO - 1 change detected
2026-01-14 19:35:29 - watchfiles.main - INFO - 1 change detected
2026-01-14 19:35:29 - watchfiles.main - INFO - 1 change detected
2026-01-14 19:35:30 - watchfiles.main - INFO - 1 change detected
2026-01-14 19:35:30 - watchfiles.main - INFO - 1 change detected
2026-01-14 19:35:30 - watchfiles.main - INFO - 1 change detected
2026-01-14 19:35:31 - watchfiles.main - INFO - 1 change detected
2026-01-14 19:35:31 - watchfiles.main - INFO - 1 change detected
2026-01-14 19:35:32 - watchfiles.main - INFO - 1 change detected
2026-01-14 19:35:32 - watchfiles.main - INFO - 1 change detected
2026-01-14 19:35:33 - watchfiles.main - INFO - 1 change detected
2026-01-14 19:35:33 - watchfiles.main - INFO - 1 change detected
2026-01-14 19:35:33 - watchfiles.main - INFO - 1 change detected
2026-01-14 19:35:34 - watchfiles.main - INFO - 1 change detected
2026-01-14 19:35:34 - watchfiles.main - INFO - 1 change detected
2026-01-14 19:35:35 - watchfiles.main - INFO - 1 change detected
2026-01-14 19:35:35 - watchfiles.main - INFO - 1 change detected
2026-01-14 19:35:35 - watchfiles.main - INFO - 1 change detected
2026-01-14 19:35:36 - watchfiles.main - INFO - 1 change detected
2026-01-14 19:35:36 - watchfiles.main - INFO - 1 change detected
2026-01-14 19:35:37 - watchfiles.main - INFO - 1 change detected
2026-01-14 19:35:37 - watchfiles.main - INFO - 1 change detected
2026-01-14 19:35:37 - watchfiles.main - INFO - 1 change detected
2026-01-14 19:35:38 - watchfiles.main - INFO - 1 change detected
2026-01-14 19:35:38 - watchfiles.main - INFO - 1 change detected
2026-01-14 19:35:39 - watchfiles.main - INFO - 1 change detected
2026-01-14 19:35:39 - watchfiles.main - INFO - 1 change detected
2026-01-14 19:35:39 - watchfiles.main - INFO - 1 change detected
2026-01-14 19:35:40 - watchfiles.main - INFO - 1 change detected
2026-01-14 19:35:40 - watchfiles.main - INFO - 1 change detected
2026-01-14 19:35:41 - watchfiles.main - INFO - 1 change detected
2026-01-14 19:35:41 - watchfiles.main - INFO - 1 change detected
2026-01-14 19:35:41 - watchfiles.main - INFO - 1 change detected
2026-01-14 19:35:42 - watchfiles.main - INFO - 1 change detected
2026-01-14 19:35:42 - watchfiles.main - INFO - 1 change detected
2026-01-14 19:35:43 - watchfiles.main - INFO - 1 change detected
2026-01-14 19:35:43 - watchfiles.main - INFO - 1 change detected
2026-01-14 19:35:43 - watchfiles.main - INFO - 1 change detected
2026-01-14 19:35:44 - watchfiles.main - INFO - 1 change detected
2026-01-14 19:35:44 - watchfiles.main - INFO - 1 change detected
2026-01-14 19:35:45 - watchfiles.main - INFO - 1 change detected
2026-01-14 19:35:45 - watchfiles.main - INFO - 1 change detected
2026-01-14 19:35:45 - watchfiles.main - INFO - 1 change detected
2026-01-14 19:35:46 - watchfiles.main - INFO - 1 change detected
2026-01-14 19:35:46 - watchfiles.main - INFO - 1 change detected
2026-01-14 19:35:47 - watchfiles.main - INFO - 1 change detected
2026-01-14 19:35:47 - watchfiles.main - INFO - 1 change detected
2026-01-14 19:35:47 - watchfiles.main - INFO - 1 change detected
2026-01-14 19:35:48 - watchfiles.main - INFO - 1 change detected
2026-01-14 19:35:48 - watchfiles.main - INFO - 1 change detected
2026-01-14 19:35:49 - watchfiles.main - INFO - 1 change detected
2026-01-14 19:35:49 - watchfiles.main - INFO - 1 change detected
2026-01-14 19:35:49 - watchfiles.main - INFO - 1 change detected
2026-01-14 19:35:50 - watchfiles.main - INFO - 1 change detected
2026-01-14 19:35:50 - watchfiles.main - INFO - 1 change detected
2026-01-14 19:35:51 - watchfiles.main - INFO - 1 change detected
2026-01-14 19:35:51 - watchfiles.main - INFO - 1 change detected
2026-01-14 19:35:51 - watchfiles.main - INFO - 1 change detected
2026-01-14 19:35:52 - watchfiles.main - INFO - 1 change detected
2026-01-14 19:35:52 - watchfiles.main - INFO - 1 change detected
2026-01-14 19:35:53 - watchfiles.main - INFO - 1 change detected
2026-01-14 19:35:53 - watchfiles.main - INFO - 1 change detected
2026-01-14 19:35:53 - watchfiles.main - INFO - 1 change detected
2026-01-14 19:35:54 - watchfiles.main - INFO - 1 change detected
2026-01-14 19:35:54 - watchfiles.main - INFO - 1 change detected
2026-01-14 19:35:55 - watchfiles.main - INFO - 1 change detected
2026-01-14 19:35:55 - watchfiles.main - INFO - 1 change detected
2026-01-14 19:35:55 - watchfiles.main - INFO - 1 change detected
2026-01-14 19:35:56 - watchfiles.main - INFO - 1 change detected
2026-01-14 19:35:56 - watchfiles.main - INFO - 1 change detected
2026-01-14 19:35:57 - watchfiles.main - INFO - 1 change detected
2026-01-14 19:35:57 - watchfiles.main - INFO - 1 change detected
2026-01-14 19:35:58 - watchfiles.main - INFO - 1 change detected
2026-01-14 19:35:58 - watchfiles.main - INFO - 1 change detected
2026-01-14 19:35:58 - watchfiles.main - INFO - 1 change detected
2026-01-14 19:35:59 - watchfiles.main - INFO - 1 change detected
2026-01-14 19:35:59 - watchfiles.main - INFO - 1 change detected
2026-01-14 19:36:00 - watchfiles.main - INFO - 1 change detected
2026-01-14 19:36:00 - watchfiles.main - INFO - 1 change detected
2026-01-14 19:36:00 - watchfiles.main - INFO - 1 change detected
2026-01-14 19:36:01 - watchfiles.main - INFO - 1 change detected
2026-01-14 19:36:01 - watchfiles.main - INFO - 1 change detected
2026-01-14 19:36:02 - watchfiles.main - INFO - 1 change detected
2026-01-14 19:36:02 - watchfiles.main - INFO - 1 change detected
2026-01-14 19:36:02 - watchfiles.main - INFO - 1 change detected
2026-01-14 19:36:03 - watchfiles.main - INFO - 1 change detected
2026-01-14 19:36:03 - watchfiles.main - INFO - 1 change detected
2026-01-14 19:36:04 - watchfiles.main - INFO - 1 change detected
2026-01-14 19:36:04 - watchfiles.main - INFO - 1 change detected
2026-01-14 19:36:04 - watchfiles.main - INFO - 1 change detected
2026-01-14 19:36:05 - watchfiles.main - INFO - 1 change detected
2026-01-14 19:36:05 - watchfiles.main - INFO - 1 change detected
2026-01-14 19:36:06 - watchfiles.main - INFO - 1 change detected
2026-01-14 19:36:06 - watchfiles.main - INFO - 1 change detected
2026-01-14 19:36:06 - watchfiles.main - INFO - 1 change detected
2026-01-14 19:36:07 - watchfiles.main - INFO - 1 change detected
2026-01-14 19:36:07 - watchfiles.main - INFO - 1 change detected
2026-01-14 19:36:08 - watchfiles.main - INFO - 1 change detected
2026-01-14 19:36:08 - watchfiles.main - INFO - 1 change detected
2026-01-14 19:36:08 - watchfiles.main - INFO - 1 change detected
2026-01-14 19:36:09 - watchfiles.main - INFO - 1 change detected
2026-01-14 19:36:09 - watchfiles.main - INFO - 1 change detected
2026-01-14 19:36:10 - watchfiles.main - INFO - 1 change detected
2026-01-14 19:36:10 - watchfiles.main - INFO - 1 change detected
2026-01-14 19:36:10 - watchfiles.main - INFO - 1 change detected
2026-01-14 19:36:11 - watchfiles.main - INFO - 1 change detected
2026-01-14 19:36:11 - watchfiles.main - INFO - 1 change detected
2026-01-14 19:36:12 - watchfiles.main - INFO - 1 change detected
2026-01-14 19:36:12 - watchfiles.main - INFO - 1 change detected
2026-01-14 19:36:12 - watchfiles.main - INFO - 1 change detected
2026-01-14 19:36:13 - watchfiles.main - INFO - 1 change detected
2026-01-14 19:36:13 - watchfiles.main - INFO - 1 change detected
2026-01-14 19:36:14 - watchfiles.main - INFO - 1 change detected
2026-01-14 19:36:14 - watchfiles.main - INFO - 1 change detected
2026-01-14 19:36:14 - watchfiles.main - INFO - 1 change detected
2026-01-14 19:36:15 - watchfiles.main - INFO - 1 change detected
2026-01-14 19:36:15 - watchfiles.main - INFO - 1 change detected
2026-01-14 19:36:16 - watchfiles.main - INFO - 1 change detected
2026-01-14 19:36:16 - watchfiles.main - INFO - 1 change detected
2026-01-14 19:36:16 - watchfiles.main - INFO - 1 change detected
2026-01-14 19:36:17 - watchfiles.main - INFO - 1 change detected
2026-01-14 19:36:17 - watchfiles.main - INFO - 1 change detected
2026-01-14 19:36:18 - watchfiles.main - INFO - 1 change detected
2026-01-14 19:36:18 - watchfiles.main - INFO - 1 change detected
2026-01-14 19:36:18 - watchfiles.main - INFO - 1 change detected
2026-01-14 19:36:19 - watchfiles.main - INFO - 1 change detected
2026-01-14 19:36:19 - watchfiles.main - INFO - 1 change detected
2026-01-14 19:36:20 - watchfiles.main - INFO - 1 change detected
2026-01-14 19:36:20 - watchfiles.main - INFO - 1 change detected
2026-01-14 19:36:20 - watchfiles.main - INFO - 1 change detected
2026-01-14 19:36:21 - watchfiles.main - INFO - 1 change detected
2026-01-14 19:36:21 - watchfiles.main - INFO - 1 change detected
2026-01-14 19:36:22 - watchfiles.main - INFO - 1 change detected
2026-01-14 19:36:22 - watchfiles.main - INFO - 1 change detected
2026-01-14 19:36:22 - watchfiles.main - INFO - 1 change detected
2026-01-14 19:36:23 - watchfiles.main - INFO - 1 change detected
2026-01-14 19:36:23 - watchfiles.main - INFO - 1 change detected
2026-01-14 19:36:24 - watchfiles.main - INFO - 1 change detected
2026-01-14 19:36:24 - watchfiles.main - INFO - 1 change detected
2026-01-14 19:36:24 - watchfiles.main - INFO - 1 change detected
2026-01-14 19:36:25 - watchfiles.main - INFO - 1 change detected
2026-01-14 19:36:25 - watchfiles.main - INFO - 1 change detected
2026-01-14 19:36:26 - watchfiles.main - INFO - 1 change detected
2026-01-14 19:36:26 - watchfiles.main - INFO - 1 change detected
2026-01-14 19:36:26 - watchfiles.main - INFO - 1 change detected
2026-01-14 19:36:27 - watchfiles.main - INFO - 1 change detected
2026-01-14 19:36:27 - watchfiles.main - INFO - 1 change detected
2026-01-14 19:36:28 - watchfiles.main - INFO - 1 change detected
2026-01-14 19:36:28 - watchfiles.main - INFO - 1 change detected
2026-01-14 19:36:28 - watchfiles.main - INFO - 1 change detected
2026-01-14 19:36:29 - watchfiles.main - INFO - 1 change detected
2026-01-14 19:36:29 - watchfiles.main - INFO - 1 change detected
2026-01-14 19:36:30 - watchfiles.main - INFO - 1 change detected
2026-01-14 19:36:30 - watchfiles.main - INFO - 1 change detected
2026-01-14 19:36:31 - watchfiles.main - INFO - 1 change detected
2026-01-14 19:36:31 - watchfiles.main - INFO - 1 change detected
2026-01-14 19:36:31 - watchfiles.main - INFO - 1 change detected
2026-01-14 19:36:32 - watchfiles.main - INFO - 1 change detected
2026-01-14 19:36:32 - watchfiles.main - INFO - 1 change detected
2026-01-14 19:36:32 - watchfiles.main - INFO - 1 change detected
2026-01-14 19:36:33 - watchfiles.main - INFO - 1 change detected
2026-01-14 19:36:33 - watchfiles.main - INFO - 1 change detected
2026-01-14 19:36:34 - watchfiles.main - INFO - 1 change detected
2026-01-14 19:36:34 - watchfiles.main - INFO - 1 change detected
2026-01-14 19:36:35 - watchfiles.main - INFO - 1 change detected
2026-01-14 19:36:35 - watchfiles.main - INFO - 1 change detected
2026-01-14 19:36:35 - watchfiles.main - INFO - 1 change detected
2026-01-14 19:36:36 - watchfiles.main - INFO - 1 change detected
2026-01-14 19:36:36 - watchfiles.main - INFO - 1 change detected
2026-01-14 19:36:37 - watchfiles.main - INFO - 1 change detected
2026-01-14 19:36:37 - watchfiles.main - INFO - 1 change detected
2026-01-14 19:36:37 - watchfiles.main - INFO - 1 change detected
2026-01-14 19:36:38 - watchfiles.main - INFO - 1 change detected
2026-01-14 19:36:38 - watchfiles.main - INFO - 1 change detected
2026-01-14 19:36:39 - watchfiles.main - INFO - 1 change detected
2026-01-14 19:36:39 - watchfiles.main - INFO - 1 change detected
2026-01-14 19:36:39 - watchfiles.main - INFO - 1 change detected
2026-01-14 19:36:40 - watchfiles.main - INFO - 1 change detected
2026-01-14 19:36:40 - watchfiles.main - INFO - 1 change detected
2026-01-14 19:36:41 - watchfiles.main - INFO - 1 change detected
2026-01-14 19:36:41 - watchfiles.main - INFO - 1 change detected
2026-01-14 19:36:41 - watchfiles.main - INFO - 1 change detected
2026-01-14 19:36:42 - watchfiles.main - INFO - 1 change detected
2026-01-14 19:36:42 - watchfiles.main - INFO - 1 change detected
2026-01-14 19:36:43 - watchfiles.main - INFO - 1 change detected
2026-01-14 19:36:43 - watchfiles.main - INFO - 1 change detected
2026-01-14 19:36:43 - watchfiles.main - INFO - 1 change detected
2026-01-14 19:36:44 - watchfiles.main - INFO - 1 change detected
2026-01-14 19:36:44 - watchfiles.main - INFO - 1 change detected
2026-01-14 19:36:45 - watchfiles.main - INFO - 1 change detected
2026-01-14 19:36:45 - watchfiles.main - INFO - 1 change detected
2026-01-14 19:36:45 - watchfiles.main - INFO - 1 change detected
2026-01-14 19:36:46 - watchfiles.main - INFO - 1 change detected
2026-01-14 19:36:46 - watchfiles.main - INFO - 1 change detected
2026-01-14 19:36:47 - watchfiles.main - INFO - 1 change detected
2026-01-14 19:36:47 - watchfiles.main - INFO - 1 change detected
2026-01-14 19:36:47 - watchfiles.main - INFO - 1 change detected
2026-01-14 19:36:48 - watchfiles.main - INFO - 1 change detected
2026-01-14 19:36:48 - watchfiles.main - INFO - 1 change detected
2026-01-14 19:36:49 - watchfiles.main - INFO - 1 change detected
2026-01-14 19:36:49 - watchfiles.main - INFO - 1 change detected
2026-01-14 19:36:49 - watchfiles.main - INFO - 1 change detected
2026-01-14 19:36:50 - watchfiles.main - INFO - 1 change detected
2026-01-14 19:36:50 - watchfiles.main - INFO - 1 change detected
2026-01-14 19:36:51 - watchfiles.main - INFO - 1 change detected
2026-01-14 19:36:51 - watchfiles.main - INFO - 1 change detected
2026-01-14 19:36:51 - watchfiles.main - INFO - 1 change detected
2026-01-14 19:36:52 - watchfiles.main - INFO - 1 change detected
2026-01-14 19:36:52 - watchfiles.main - INFO - 1 change detected
2026-01-14 19:36:53 - watchfiles.main - INFO - 1 change detected
2026-01-14 19:36:53 - watchfiles.main - INFO - 1 change detected
2026-01-14 19:36:53 - watchfiles.main - INFO - 1 change detected
2026-01-14 19:36:54 - watchfiles.main - INFO - 1 change detected
2026-01-14 19:36:54 - watchfiles.main - INFO - 1 change detected
2026-01-14 19:36:55 - watchfiles.main - INFO - 1 change detected
2026-01-14 19:36:55 - watchfiles.main - INFO - 1 change detected
2026-01-14 19:36:55 - watchfiles.main - INFO - 1 change detected
2026-01-14 19:36:56 - watchfiles.main - INFO - 1 change detected
2026-01-14 19:36:56 - watchfiles.main - INFO - 1 change detected
2026-01-14 19:36:57 - watchfiles.main - INFO - 1 change detected
2026-01-14 19:36:57 - watchfiles.main - INFO - 1 change detected
2026-01-14 19:36:57 - watchfiles.main - INFO - 1 change detected
2026-01-14 19:36:58 - watchfiles.main - INFO - 1 change detected
2026-01-14 19:36:58 - watchfiles.main - INFO - 1 change detected
2026-01-14 19:36:59 - watchfiles.main - INFO - 1 change detected
2026-01-14 19:36:59 - watchfiles.main - INFO - 1 change detected
2026-01-14 19:37:00 - watchfiles.main - INFO - 1 change detected
2026-01-14 19:37:00 - watchfiles.main - INFO - 1 change detected
2026-01-14 19:37:00 - watchfiles.main - INFO - 1 change detected
2026-01-14 19:37:01 - watchfiles.main - INFO - 1 change detected
2026-01-14 19:37:01 - watchfiles.main - INFO - 1 change detected
2026-01-14 19:37:02 - watchfiles.main - INFO - 1 change detected
2026-01-14 19:37:02 - watchfiles.main - INFO - 1 change detected
2026-01-14 19:37:02 - watchfiles.main - INFO - 1 change detected
2026-01-14 19:37:03 - watchfiles.main - INFO - 1 change detected
2026-01-14 19:37:03 - watchfiles.main - INFO - 1 change detected
2026-01-14 19:37:04 - watchfiles.main - INFO - 1 change detected
2026-01-14 19:37:04 - watchfiles.main - INFO - 1 change detected
2026-01-14 19:37:04 - watchfiles.main - INFO - 1 change detected
2026-01-14 19:37:05 - watchfiles.main - INFO - 1 change detected
2026-01-14 19:37:05 - watchfiles.main - INFO - 1 change detected
2026-01-14 19:37:06 - watchfiles.main - INFO - 1 change detected
2026-01-14 19:37:06 - watchfiles.main - INFO - 1 change detected
2026-01-14 19:37:06 - watchfiles.main - INFO - 1 change detected
2026-01-14 19:37:07 - watchfiles.main - INFO - 1 change detected
2026-01-14 19:37:07 - watchfiles.main - INFO - 1 change detected
2026-01-14 19:37:08 - watchfiles.main - INFO - 1 change detected
2026-01-14 19:37:08 - watchfiles.main - INFO - 1 change detected
2026-01-14 19:37:08 - watchfiles.main - INFO - 1 change detected
2026-01-14 19:37:09 - watchfiles.main - INFO - 1 change detected
2026-01-14 19:37:09 - watchfiles.main - INFO - 1 change detected
2026-01-14 19:37:10 - watchfiles.main - INFO - 1 change detected
2026-01-14 19:37:10 - watchfiles.main - INFO - 1 change detected
2026-01-14 19:37:10 - watchfiles.main - INFO - 1 change detected
2026-01-14 19:37:11 - watchfiles.main - INFO - 1 change detected
2026-01-14 19:37:11 - watchfiles.main - INFO - 1 change detected
2026-01-14 19:37:12 - watchfiles.main - INFO - 1 change detected
2026-01-14 19:37:12 - watchfiles.main - INFO - 1 change detected
2026-01-14 19:37:12 - watchfiles.main - INFO - 1 change detected
2026-01-14 19:37:13 - watchfiles.main - INFO - 1 change detected
2026-01-14 19:37:13 - watchfiles.main - INFO - 1 change detected
2026-01-14 19:37:14 - watchfiles.main - INFO - 1 change detected
2026-01-14 19:37:14 - watchfiles.main - INFO - 1 change detected
2026-01-14 19:37:14 - watchfiles.main - INFO - 1 change detected
2026-01-14 19:37:15 - watchfiles.main - INFO - 1 change detected
2026-01-14 19:37:15 - watchfiles.main - INFO - 1 change detected
2026-01-14 19:37:16 - watchfiles.main - INFO - 1 change detected
2026-01-14 19:37:16 - watchfiles.main - INFO - 1 change detected
2026-01-14 19:37:16 - watchfiles.main - INFO - 1 change detected
2026-01-14 19:37:17 - watchfiles.main - INFO - 1 change detected
2026-01-14 19:37:17 - watchfiles.main - INFO - 1 change detected
2026-01-14 19:37:18 - watchfiles.main - INFO - 1 change detected
2026-01-14 19:37:18 - watchfiles.main - INFO - 1 change detected
2026-01-14 19:37:18 - watchfiles.main - INFO - 1 change detected
2026-01-14 19:37:19 - watchfiles.main - INFO - 1 change detected
2026-01-14 19:37:19 - watchfiles.main - INFO - 1 change detected
2026-01-14 19:37:20 - watchfiles.main - INFO - 1 change detected
2026-01-14 19:37:20 - watchfiles.main - INFO - 1 change detected
2026-01-14 19:37:20 - watchfiles.main - INFO - 1 change detected
2026-01-14 19:37:21 - watchfiles.main - INFO - 1 change detected
2026-01-14 19:37:21 - watchfiles.main - INFO - 1 change detected
2026-01-14 19:37:22 - watchfiles.main - INFO - 1 change detected
2026-01-14 19:37:22 - watchfiles.main - INFO - 1 change detected
2026-01-14 19:37:22 - watchfiles.main - INFO - 1 change detected
2026-01-14 19:37:23 - watchfiles.main - INFO - 1 change detected
2026-01-14 19:37:23 - watchfiles.main - INFO - 1 change detected
2026-01-14 19:37:24 - watchfiles.main - INFO - 1 change detected
2026-01-14 19:37:24 - watchfiles.main - INFO - 1 change detected
2026-01-14 19:37:24 - watchfiles.main - INFO - 1 change detected
2026-01-14 19:37:25 - watchfiles.main - INFO - 1 change detected
2026-01-14 19:37:25 - watchfiles.main - INFO - 1 change detected
2026-01-14 19:37:26 - watchfiles.main - INFO - 1 change detected
2026-01-14 19:37:26 - watchfiles.main - INFO - 1 change detected
2026-01-14 19:37:26 - watchfiles.main - INFO - 1 change detected
2026-01-14 19:37:27 - watchfiles.main - INFO - 1 change detected
2026-01-14 19:37:27 - watchfiles.main - INFO - 1 change detected
2026-01-14 19:37:28 - watchfiles.main - INFO - 1 change detected
2026-01-14 19:37:28 - watchfiles.main - INFO - 1 change detected
2026-01-14 19:37:29 - watchfiles.main - INFO - 1 change detected
2026-01-14 19:37:29 - watchfiles.main - INFO - 1 change detected
2026-01-14 19:37:29 - watchfiles.main - INFO - 1 change detected
2026-01-14 19:37:30 - watchfiles.main - INFO - 1 change detected
2026-01-14 19:37:30 - watchfiles.main - INFO - 1 change detected
2026-01-14 19:37:31 - watchfiles.main - INFO - 1 change detected
2026-01-14 19:37:31 - watchfiles.main - INFO - 1 change detected
2026-01-14 19:37:31 - watchfiles.main - INFO - 1 change detected
2026-01-14 19:37:32 - watchfiles.main - INFO - 1 change detected
2026-01-14 19:37:32 - watchfiles.main - INFO - 1 change detected
2026-01-14 19:37:33 - watchfiles.main - INFO - 1 change detected
2026-01-14 19:37:33 - watchfiles.main - INFO - 1 change detected
2026-01-14 19:37:33 - watchfiles.main - INFO - 1 change detected
2026-01-14 19:37:34 - watchfiles.main - INFO - 1 change detected
2026-01-14 19:37:34 - watchfiles.main - INFO - 1 change detected
2026-01-14 19:37:35 - watchfiles.main - INFO - 1 change detected
2026-01-14 19:37:35 - watchfiles.main - INFO - 1 change detected
2026-01-14 19:37:35 - watchfiles.main - INFO - 1 change detected
2026-01-14 19:37:36 - watchfiles.main - INFO - 1 change detected
2026-01-14 19:37:36 - watchfiles.main - INFO - 1 change detected
2026-01-14 19:37:37 - watchfiles.main - INFO - 1 change detected
2026-01-14 19:37:37 - watchfiles.main - INFO - 1 change detected
2026-01-14 19:37:37 - watchfiles.main - INFO - 1 change detected
2026-01-14 19:37:38 - watchfiles.main - INFO - 1 change detected
2026-01-14 19:37:38 - watchfiles.main - INFO - 1 change detected
2026-01-14 19:37:39 - watchfiles.main - INFO - 1 change detected
2026-01-14 19:37:39 - watchfiles.main - INFO - 1 change detected
2026-01-14 19:37:39 - watchfiles.main - INFO - 1 change detected
2026-01-14 19:37:40 - watchfiles.main - INFO - 1 change detected
2026-01-14 19:37:40 - watchfiles.main - INFO - 1 change detected
2026-01-14 19:37:41 - watchfiles.main - INFO - 1 change detected
2026-01-14 19:37:41 - watchfiles.main - INFO - 1 change detected
2026-01-14 19:37:41 - watchfiles.main - INFO - 1 change detected
2026-01-14 19:37:42 - watchfiles.main - INFO - 1 change detected
2026-01-14 19:37:42 - watchfiles.main - INFO - 1 change detected
2026-01-14 19:37:43 - watchfiles.main - INFO - 1 change detected
2026-01-14 19:37:43 - watchfiles.main - INFO - 1 change detected
2026-01-14 19:37:43 - watchfiles.main - INFO - 1 change detected
2026-01-14 19:37:44 - watchfiles.main - INFO - 1 change detected
2026-01-14 19:37:44 - watchfiles.main - INFO - 1 change detected
2026-01-14 19:37:45 - watchfiles.main - INFO - 1 change detected
2026-01-14 19:37:45 - watchfiles.main - INFO - 1 change detected
2026-01-14 19:37:45 - watchfiles.main - INFO - 1 change detected
2026-01-14 19:37:46 - watchfiles.main - INFO - 1 change detected
2026-01-14 19:37:46 - watchfiles.main - INFO - 1 change detected
2026-01-14 19:37:47 - watchfiles.main - INFO - 1 change detected
2026-01-14 19:37:47 - watchfiles.main - INFO - 1 change detected
2026-01-14 19:37:47 - watchfiles.main - INFO - 1 change detected
2026-01-14 19:37:48 - watchfiles.main - INFO - 1 change detected
2026-01-14 19:37:48 - watchfiles.main - INFO - 1 change detected
2026-01-14 19:37:49 - watchfiles.main - INFO - 1 change detected
2026-01-14 19:37:49 - watchfiles.main - INFO - 1 change detected
2026-01-14 19:37:49 - watchfiles.main - INFO - 1 change detected
2026-01-14 19:37:50 - watchfiles.main - INFO - 1 change detected
2026-01-14 19:37:50 - watchfiles.main - INFO - 1 change detected
2026-01-14 19:37:51 - watchfiles.main - INFO - 1 change detected
2026-01-14 19:37:51 - watchfiles.main - INFO - 1 change detected
2026-01-14 19:37:51 - watchfiles.main - INFO - 1 change detected
2026-01-14 19:37:52 - watchfiles.main - INFO - 1 change detected
2026-01-14 19:37:52 - watchfiles.main - INFO - 1 change detected
2026-01-14 19:37:53 - watchfiles.main - INFO - 1 change detected
2026-01-14 19:37:53 - watchfiles.main - INFO - 1 change detected
2026-01-14 19:37:54 - watchfiles.main - INFO - 1 change detected
2026-01-14 19:37:54 - watchfiles.main - INFO - 1 change detected
2026-01-14 19:37:54 - watchfiles.main - INFO - 1 change detected
2026-01-14 19:37:55 - watchfiles.main - INFO - 1 change detected
2026-01-14 19:37:55 - watchfiles.main - INFO - 1 change detected
2026-01-14 19:37:56 - watchfiles.main - INFO - 1 change detected
2026-01-14 19:37:56 - watchfiles.main - INFO - 1 change detected
2026-01-14 19:37:56 - watchfiles.main - INFO - 1 change detected
2026-01-14 19:37:57 - watchfiles.main - INFO - 1 change detected
2026-01-14 19:37:57 - watchfiles.main - INFO - 1 change detected
2026-01-14 19:37:58 - watchfiles.main - INFO - 1 change detected
2026-01-14 19:37:58 - watchfiles.main - INFO - 1 change detected
2026-01-14 19:37:58 - watchfiles.main - INFO - 1 change detected
2026-01-14 19:37:59 - watchfiles.main - INFO - 1 change detected
2026-01-14 19:37:59 - watchfiles.main - INFO - 1 change detected
2026-01-14 19:38:00 - watchfiles.main - INFO - 1 change detected
2026-01-14 19:38:00 - watchfiles.main - INFO - 1 change detected
2026-01-14 19:38:00 - watchfiles.main - INFO - 1 change detected
2026-01-14 19:38:01 - watchfiles.main - INFO - 1 change detected
2026-01-14 19:38:01 - watchfiles.main - INFO - 1 change detected
2026-01-14 19:38:02 - watchfiles.main - INFO - 1 change detected
2026-01-14 19:38:02 - watchfiles.main - INFO - 1 change detected
2026-01-14 19:38:02 - watchfiles.main - INFO - 1 change detected
2026-01-14 19:38:03 - watchfiles.main - INFO - 1 change detected
2026-01-14 19:38:03 - watchfiles.main - INFO - 1 change detected
2026-01-14 19:38:04 - watchfiles.main - INFO - 1 change detected
2026-01-14 19:38:04 - watchfiles.main - INFO - 1 change detected
2026-01-14 19:38:04 - watchfiles.main - INFO - 1 change detected
2026-01-14 19:38:05 - watchfiles.main - INFO - 1 change detected
2026-01-14 19:38:05 - watchfiles.main - INFO - 1 change detected
2026-01-14 19:38:06 - watchfiles.main - INFO - 1 change detected
2026-01-14 19:38:06 - watchfiles.main - INFO - 1 change detected
2026-01-14 19:38:06 - watchfiles.main - INFO - 1 change detected
2026-01-14 19:38:07 - watchfiles.main - INFO - 1 change detected
2026-01-14 19:38:07 - watchfiles.main - INFO - 1 change detected
2026-01-14 19:38:08 - watchfiles.main - INFO - 1 change detected
2026-01-14 19:38:08 - watchfiles.main - INFO - 1 change detected
2026-01-14 19:38:08 - watchfiles.main - INFO - 1 change detected
2026-01-14 19:38:09 - watchfiles.main - INFO - 1 change detected
2026-01-14 19:38:09 - watchfiles.main - INFO - 1 change detected
2026-01-14 19:38:10 - watchfiles.main - INFO - 1 change detected
2026-01-14 19:38:10 - watchfiles.main - INFO - 1 change detected
2026-01-14 19:38:10 - watchfiles.main - INFO - 1 change detected
2026-01-14 19:38:11 - watchfiles.main - INFO - 1 change detected
2026-01-14 19:38:11 - watchfiles.main - INFO - 1 change detected
2026-01-14 19:38:12 - watchfiles.main - INFO - 1 change detected
2026-01-14 19:38:12 - watchfiles.main - INFO - 1 change detected
2026-01-14 19:38:12 - watchfiles.main - INFO - 1 change detected
2026-01-14 19:38:13 - watchfiles.main - INFO - 1 change detected
2026-01-14 19:38:13 - watchfiles.main - INFO - 1 change detected
2026-01-14 19:38:14 - watchfiles.main - INFO - 1 change detected
2026-01-14 19:38:14 - watchfiles.main - INFO - 1 change detected
2026-01-14 19:38:14 - watchfiles.main - INFO - 1 change detected
2026-01-14 19:38:15 - watchfiles.main - INFO - 1 change detected
2026-01-14 19:38:15 - watchfiles.main - INFO - 1 change detected
2026-01-14 19:38:16 - watchfiles.main - INFO - 1 change detected
2026-01-14 19:38:16 - watchfiles.main - INFO - 1 change detected
2026-01-14 19:38:16 - watchfiles.main - INFO - 1 change detected
2026-01-14 19:38:17 - watchfiles.main - INFO - 1 change detected
2026-01-14 19:38:17 - watchfiles.main - INFO - 1 change detected
2026-01-14 19:38:18 - watchfiles.main - INFO - 1 change detected
2026-01-14 19:38:18 - watchfiles.main - INFO - 1 change detected
2026-01-14 19:38:18 - watchfiles.main - INFO - 1 change detected
2026-01-14 19:38:19 - watchfiles.main - INFO - 1 change detected
2026-01-14 19:38:19 - watchfiles.main - INFO - 1 change detected
2026-01-14 19:38:20 - watchfiles.main - INFO - 1 change detected
2026-01-14 19:38:20 - watchfiles.main - INFO - 1 change detected
2026-01-14 19:38:20 - watchfiles.main - INFO - 1 change detected
2026-01-14 19:38:21 - watchfiles.main - INFO - 1 change detected
2026-01-14 19:38:21 - watchfiles.main - INFO - 1 change detected
2026-01-14 19:38:22 - watchfiles.main - INFO - 1 change detected
2026-01-14 19:38:22 - watchfiles.main - INFO - 1 change detected
2026-01-14 19:38:22 - watchfiles.main - INFO - 1 change detected
2026-01-14 19:38:23 - watchfiles.main - INFO - 1 change detected
2026-01-14 19:38:23 - watchfiles.main - INFO - 1 change detected
2026-01-14 19:38:24 - watchfiles.main - INFO - 1 change detected
2026-01-14 19:38:24 - watchfiles.main - INFO - 1 change detected
2026-01-14 19:38:24 - watchfiles.main - INFO - 1 change detected
2026-01-14 19:38:25 - watchfiles.main - INFO - 1 change detected
2026-01-14 19:38:25 - watchfiles.main - INFO - 1 change detected
2026-01-14 19:38:26 - watchfiles.main - INFO - 1 change detected
2026-01-14 19:38:26 - watchfiles.main - INFO - 1 change detected
2026-01-14 19:38:27 - watchfiles.main - INFO - 1 change detected
2026-01-14 19:38:27 - watchfiles.main - INFO - 1 change detected
2026-01-14 19:38:27 - watchfiles.main - INFO - 1 change detected
2026-01-14 19:38:28 - watchfiles.main - INFO - 1 change detected
2026-01-14 19:38:28 - watchfiles.main - INFO - 1 change detected
2026-01-14 19:38:29 - watchfiles.main - INFO - 1 change detected
2026-01-14 19:38:29 - watchfiles.main - INFO - 1 change detected
2026-01-14 19:38:29 - watchfiles.main - INFO - 1 change detected
2026-01-14 19:38:30 - watchfiles.main - INFO - 1 change detected
2026-01-14 19:38:30 - watchfiles.main - INFO - 1 change detected
2026-01-14 19:38:31 - watchfiles.main - INFO - 1 change detected
2026-01-14 19:38:31 - watchfiles.main - INFO - 1 change detected
2026-01-14 19:38:31 - watchfiles.main - INFO - 1 change detected
2026-01-14 19:38:32 - watchfiles.main - INFO - 1 change detected
2026-01-14 19:38:32 - watchfiles.main - INFO - 1 change detected
2026-01-14 19:38:33 - watchfiles.main - INFO - 1 change detected
2026-01-14 19:38:33 - watchfiles.main - INFO - 1 change detected
2026-01-14 19:38:33 - watchfiles.main - INFO - 1 change detected
2026-01-14 19:38:34 - watchfiles.main - INFO - 1 change detected
2026-01-14 19:38:34 - watchfiles.main - INFO - 1 change detected
2026-01-14 19:38:35 - watchfiles.main - INFO - 1 change detected
2026-01-14 19:38:35 - watchfiles.main - INFO - 1 change detected
2026-01-14 19:38:35 - watchfiles.main - INFO - 1 change detected
2026-01-14 19:38:36 - watchfiles.main - INFO - 1 change detected
2026-01-14 19:38:36 - watchfiles.main - INFO - 1 change detected
2026-01-14 19:38:37 - watchfiles.main - INFO - 1 change detected
2026-01-14 19:38:37 - watchfiles.main - INFO - 1 change detected
2026-01-14 19:38:37 - watchfiles.main - INFO - 1 change detected
2026-01-14 19:38:38 - watchfiles.main - INFO - 1 change detected
2026-01-14 19:38:38 - watchfiles.main - INFO - 1 change detected
2026-01-14 19:38:39 - watchfiles.main - INFO - 1 change detected
2026-01-14 19:38:39 - watchfiles.main - INFO - 1 change detected
2026-01-14 19:38:39 - watchfiles.main - INFO - 1 change detected
2026-01-14 19:38:40 - watchfiles.main - INFO - 1 change detected
2026-01-14 19:38:40 - watchfiles.main - INFO - 1 change detected
2026-01-14 19:38:41 - watchfiles.main - INFO - 1 change detected
2026-01-14 19:38:41 - watchfiles.main - INFO - 1 change detected
2026-01-14 19:38:41 - watchfiles.main - INFO - 1 change detected
2026-01-14 19:38:42 - watchfiles.main - INFO - 1 change detected
2026-01-14 19:38:42 - watchfiles.main - INFO - 1 change detected
2026-01-14 19:38:43 - watchfiles.main - INFO - 1 change detected
2026-01-14 19:38:43 - watchfiles.main - INFO - 1 change detected
2026-01-14 19:38:43 - watchfiles.main - INFO - 1 change detected
2026-01-14 19:38:44 - watchfiles.main - INFO - 1 change detected
2026-01-14 19:38:44 - watchfiles.main - INFO - 1 change detected
2026-01-14 19:38:45 - watchfiles.main - INFO - 1 change detected
2026-01-14 19:38:45 - watchfiles.main - INFO - 1 change detected
2026-01-14 19:38:45 - watchfiles.main - INFO - 1 change detected
2026-01-14 19:38:46 - watchfiles.main - INFO - 1 change detected
2026-01-14 19:38:46 - watchfiles.main - INFO - 1 change detected
2026-01-14 19:38:47 - watchfiles.main - INFO - 1 change detected
2026-01-14 19:38:47 - watchfiles.main - INFO - 1 change detected
2026-01-14 19:38:47 - watchfiles.main - INFO - 1 change detected
2026-01-14 19:38:48 - watchfiles.main - INFO - 1 change detected
2026-01-14 19:38:48 - watchfiles.main - INFO - 1 change detected
2026-01-14 19:38:49 - watchfiles.main - INFO - 1 change detected
2026-01-14 19:38:49 - watchfiles.main - INFO - 1 change detected
2026-01-14 19:38:49 - watchfiles.main - INFO - 1 change detected
2026-01-14 19:38:50 - watchfiles.main - INFO - 1 change detected
2026-01-14 19:38:50 - watchfiles.main - INFO - 1 change detected
2026-01-14 19:38:51 - watchfiles.main - INFO - 1 change detected
2026-01-14 19:38:51 - watchfiles.main - INFO - 1 change detected
2026-01-14 19:38:51 - watchfiles.main - INFO - 1 change detected
2026-01-14 19:38:52 - watchfiles.main - INFO - 1 change detected
2026-01-14 19:38:52 - watchfiles.main - INFO - 1 change detected
2026-01-14 19:38:53 - watchfiles.main - INFO - 1 change detected
2026-01-14 19:38:53 - watchfiles.main - INFO - 1 change detected
2026-01-14 19:38:54 - watchfiles.main - INFO - 1 change detected
2026-01-14 19:38:54 - watchfiles.main - INFO - 1 change detected
2026-01-14 19:38:54 - watchfiles.main - INFO - 1 change detected
2026-01-14 19:38:55 - watchfiles.main - INFO - 1 change detected
2026-01-14 19:38:55 - watchfiles.main - INFO - 1 change detected
2026-01-14 19:38:56 - watchfiles.main - INFO - 1 change detected
2026-01-14 19:38:56 - watchfiles.main - INFO - 1 change detected
2026-01-14 19:38:56 - watchfiles.main - INFO - 1 change detected
2026-01-14 19:38:57 - watchfiles.main - INFO - 1 change detected
2026-01-14 19:38:57 - watchfiles.main - INFO - 1 change detected
2026-01-14 19:38:58 - watchfiles.main - INFO - 1 change detected
2026-01-14 19:38:58 - watchfiles.main - INFO - 1 change detected
2026-01-14 19:38:58 - watchfiles.main - INFO - 1 change detected
2026-01-14 19:38:59 - watchfiles.main - INFO - 1 change detected
2026-01-14 19:38:59 - watchfiles.main - INFO - 1 change detected
2026-01-14 19:39:00 - watchfiles.main - INFO - 1 change detected
2026-01-14 19:39:00 - watchfiles.main - INFO - 1 change detected
2026-01-14 19:39:00 - watchfiles.main - INFO - 1 change detected
2026-01-14 19:39:01 - watchfiles.main - INFO - 1 change detected
2026-01-14 19:39:01 - watchfiles.main - INFO - 1 change detected
2026-01-14 19:39:02 - watchfiles.main - INFO - 1 change detected
2026-01-14 19:39:02 - watchfiles.main - INFO - 1 change detected
2026-01-14 19:39:02 - watchfiles.main - INFO - 1 change detected
2026-01-14 19:39:03 - watchfiles.main - INFO - 1 change detected
2026-01-14 19:39:03 - watchfiles.main - INFO - 1 change detected
2026-01-14 19:39:04 - watchfiles.main - INFO - 1 change detected
2026-01-14 19:39:04 - watchfiles.main - INFO - 1 change detected
2026-01-14 19:39:04 - watchfiles.main - INFO - 1 change detected
2026-01-14 19:39:05 - watchfiles.main - INFO - 1 change detected
2026-01-14 19:39:05 - watchfiles.main - INFO - 1 change detected
2026-01-14 19:39:06 - watchfiles.main - INFO - 1 change detected
2026-01-14 19:39:06 - watchfiles.main - INFO - 1 change detected
2026-01-14 19:39:06 - watchfiles.main - INFO - 1 change detected
2026-01-14 19:39:07 - watchfiles.main - INFO - 1 change detected
2026-01-14 19:39:07 - watchfiles.main - INFO - 1 change detected
2026-01-14 19:39:08 - watchfiles.main - INFO - 1 change detected
2026-01-14 19:39:08 - watchfiles.main - INFO - 1 change detected
2026-01-14 19:39:08 - watchfiles.main - INFO - 1 change detected
2026-01-14 19:39:09 - watchfiles.main - INFO - 1 change detected
2026-01-14 19:39:09 - watchfiles.main - INFO - 1 change detected
2026-01-14 19:39:10 - watchfiles.main - INFO - 1 change detected
2026-01-14 19:39:10 - watchfiles.main - INFO - 1 change detected
2026-01-14 19:39:10 - watchfiles.main - INFO - 1 change detected
2026-01-14 19:39:11 - watchfiles.main - INFO - 1 change detected
2026-01-14 19:39:11 - watchfiles.main - INFO - 1 change detected
2026-01-14 19:39:12 - watchfiles.main - INFO - 1 change detected
2026-01-14 19:39:12 - watchfiles.main - INFO - 1 change detected
2026-01-14 19:39:12 - watchfiles.main - INFO - 1 change detected
2026-01-14 19:39:13 - watchfiles.main - INFO - 1 change detected
2026-01-14 19:39:13 - watchfiles.main - INFO - 1 change detected
2026-01-14 19:39:14 - watchfiles.main - INFO - 1 change detected
2026-01-14 19:39:14 - watchfiles.main - INFO - 1 change detected
2026-01-14 19:39:14 - watchfiles.main - INFO - 1 change detected
2026-01-14 19:39:15 - watchfiles.main - INFO - 1 change detected
2026-01-14 19:39:15 - watchfiles.main - INFO - 1 change detected
2026-01-14 19:39:16 - watchfiles.main - INFO - 1 change detected
2026-01-14 19:39:16 - watchfiles.main - INFO - 1 change detected
2026-01-14 19:39:16 - watchfiles.main - INFO - 1 change detected
2026-01-14 19:39:17 - watchfiles.main - INFO - 1 change detected
2026-01-14 19:39:17 - watchfiles.main - INFO - 1 change detected
2026-01-14 19:39:18 - watchfiles.main - INFO - 1 change detected
2026-01-14 19:39:18 - watchfiles.main - INFO - 1 change detected
2026-01-14 19:39:18 - watchfiles.main - INFO - 1 change detected
2026-01-14 19:39:19 - watchfiles.main - INFO - 1 change detected
2026-01-14 19:39:19 - watchfiles.main - INFO - 1 change detected
2026-01-14 19:39:20 - watchfiles.main - INFO - 1 change detected
2026-01-14 19:39:20 - watchfiles.main - INFO - 1 change detected
2026-01-14 19:39:20 - watchfiles.main - INFO - 1 change detected
2026-01-14 19:39:21 - watchfiles.main - INFO - 1 change detected
2026-01-14 19:39:21 - watchfiles.main - INFO - 1 change detected
2026-01-14 19:39:22 - watchfiles.main - INFO - 1 change detected
2026-01-14 19:39:22 - watchfiles.main - INFO - 1 change detected
2026-01-14 19:39:22 - watchfiles.main - INFO - 1 change detected
2026-01-14 19:39:23 - watchfiles.main - INFO - 1 change detected
2026-01-14 19:39:23 - watchfiles.main - INFO - 1 change detected
2026-01-14 19:39:24 - watchfiles.main - INFO - 1 change detected
2026-01-14 19:39:24 - watchfiles.main - INFO - 1 change detected
2026-01-14 19:39:24 - watchfiles.main - INFO - 1 change detected
2026-01-14 19:39:25 - watchfiles.main - INFO - 1 change detected
2026-01-14 19:39:25 - watchfiles.main - INFO - 1 change detected
2026-01-14 19:39:26 - watchfiles.main - INFO - 1 change detected
2026-01-14 19:39:26 - watchfiles.main - INFO - 1 change detected
2026-01-14 19:39:27 - watchfiles.main - INFO - 1 change detected
2026-01-14 19:39:27 - watchfiles.main - INFO - 1 change detected
2026-01-14 19:39:27 - watchfiles.main - INFO - 1 change detected
2026-01-14 19:39:28 - watchfiles.main - INFO - 1 change detected
2026-01-14 19:39:28 - watchfiles.main - INFO - 1 change detected
2026-01-14 19:39:29 - watchfiles.main - INFO - 1 change detected
2026-01-14 19:39:29 - watchfiles.main - INFO - 1 change detected
2026-01-14 19:39:29 - watchfiles.main - INFO - 1 change detected
2026-01-14 19:39:30 - watchfiles.main - INFO - 1 change detected
2026-01-14 19:39:30 - watchfiles.main - INFO - 1 change detected
2026-01-14 19:39:31 - watchfiles.main - INFO - 1 change detected
2026-01-14 19:39:31 - watchfiles.main - INFO - 1 change detected
2026-01-14 19:39:31 - watchfiles.main - INFO - 1 change detected
2026-01-14 19:39:32 - watchfiles.main - INFO - 1 change detected
2026-01-14 19:39:32 - watchfiles.main - INFO - 1 change detected
2026-01-14 19:39:33 - watchfiles.main - INFO - 1 change detected
2026-01-14 19:39:33 - watchfiles.main - INFO - 1 change detected
2026-01-14 19:39:33 - watchfiles.main - INFO - 1 change detected
2026-01-14 19:39:34 - watchfiles.main - INFO - 1 change detected
2026-01-14 19:39:34 - watchfiles.main - INFO - 1 change detected
2026-01-14 19:39:35 - watchfiles.main - INFO - 1 change detected
2026-01-14 19:39:35 - watchfiles.main - INFO - 1 change detected
2026-01-14 19:39:35 - watchfiles.main - INFO - 1 change detected
2026-01-14 19:39:36 - watchfiles.main - INFO - 1 change detected
2026-01-14 19:39:36 - watchfiles.main - INFO - 1 change detected
2026-01-14 19:39:37 - watchfiles.main - INFO - 1 change detected
2026-01-14 19:39:37 - watchfiles.main - INFO - 1 change detected
2026-01-14 19:39:37 - watchfiles.main - INFO - 1 change detected
2026-01-14 19:39:38 - watchfiles.main - INFO - 1 change detected
2026-01-14 19:39:38 - watchfiles.main - INFO - 1 change detected
2026-01-14 19:39:39 - watchfiles.main - INFO - 1 change detected
2026-01-14 19:39:39 - watchfiles.main - INFO - 1 change detected
2026-01-14 19:39:39 - watchfiles.main - INFO - 1 change detected
2026-01-14 19:39:40 - watchfiles.main - INFO - 1 change detected
2026-01-14 19:39:40 - watchfiles.main - INFO - 1 change detected
2026-01-14 19:39:41 - watchfiles.main - INFO - 1 change detected
2026-01-14 19:39:41 - watchfiles.main - INFO - 1 change detected
2026-01-14 19:39:41 - watchfiles.main - INFO - 1 change detected
2026-01-14 19:39:42 - watchfiles.main - INFO - 1 change detected
2026-01-14 19:39:42 - watchfiles.main - INFO - 1 change detected
2026-01-14 19:39:43 - watchfiles.main - INFO - 1 change detected
2026-01-14 19:39:43 - watchfiles.main - INFO - 1 change detected
2026-01-14 19:39:43 - watchfiles.main - INFO - 1 change detected
2026-01-14 19:39:44 - watchfiles.main - INFO - 1 change detected
2026-01-14 19:39:44 - watchfiles.main - INFO - 1 change detected
2026-01-14 19:39:45 - watchfiles.main - INFO - 1 change detected
2026-01-14 19:39:45 - watchfiles.main - INFO - 1 change detected
2026-01-14 19:39:45 - watchfiles.main - INFO - 1 change detected
2026-01-14 19:39:46 - watchfiles.main - INFO - 1 change detected
2026-01-14 19:39:46 - watchfiles.main - INFO - 1 change detected
2026-01-14 19:39:47 - watchfiles.main - INFO - 1 change detected
2026-01-14 19:39:47 - watchfiles.main - INFO - 1 change detected
2026-01-14 19:39:47 - watchfiles.main - INFO - 1 change detected
2026-01-14 19:39:48 - watchfiles.main - INFO - 1 change detected
2026-01-14 19:39:48 - watchfiles.main - INFO - 1 change detected
2026-01-14 19:39:49 - watchfiles.main - INFO - 1 change detected
2026-01-14 19:39:49 - watchfiles.main - INFO - 1 change detected
2026-01-14 19:39:49 - watchfiles.main - INFO - 1 change detected
2026-01-14 19:39:50 - watchfiles.main - INFO - 1 change detected
2026-01-14 19:39:50 - watchfiles.main - INFO - 1 change detected
2026-01-14 19:39:51 - watchfiles.main - INFO - 1 change detected
2026-01-14 19:39:51 - watchfiles.main - INFO - 1 change detected
2026-01-14 19:39:51 - watchfiles.main - INFO - 1 change detected
2026-01-14 19:39:52 - watchfiles.main - INFO - 1 change detected
2026-01-14 19:39:52 - watchfiles.main - INFO - 1 change detected
2026-01-14 19:39:53 - watchfiles.main - INFO - 1 change detected
2026-01-14 19:39:53 - watchfiles.main - INFO - 1 change detected
2026-01-14 19:39:53 - watchfiles.main - INFO - 1 change detected
2026-01-14 19:39:54 - watchfiles.main - INFO - 1 change detected
2026-01-14 19:39:54 - watchfiles.main - INFO - 1 change detected
2026-01-14 19:39:55 - watchfiles.main - INFO - 1 change detected
2026-01-14 19:39:55 - watchfiles.main - INFO - 1 change detected
2026-01-14 19:39:55 - watchfiles.main - INFO - 1 change detected
2026-01-14 19:39:56 - watchfiles.main - INFO - 1 change detected
2026-01-14 19:39:56 - watchfiles.main - INFO - 1 change detected
2026-01-14 19:39:57 - watchfiles.main - INFO - 1 change detected
2026-01-14 19:39:57 - watchfiles.main - INFO - 1 change detected
2026-01-14 19:39:58 - watchfiles.main - INFO - 1 change detected
2026-01-14 19:39:58 - watchfiles.main - INFO - 1 change detected
2026-01-14 19:39:58 - watchfiles.main - INFO - 1 change detected
2026-01-14 19:39:59 - watchfiles.main - INFO - 1 change detected
2026-01-14 19:39:59 - watchfiles.main - INFO - 1 change detected
2026-01-14 19:40:00 - watchfiles.main - INFO - 1 change detected
2026-01-14 19:40:00 - watchfiles.main - INFO - 1 change detected
2026-01-14 19:40:00 - watchfiles.main - INFO - 1 change detected
2026-01-14 19:40:01 - watchfiles.main - INFO - 1 change detected
2026-01-14 19:40:01 - watchfiles.main - INFO - 1 change detected
2026-01-14 19:40:02 - watchfiles.main - INFO - 1 change detected
2026-01-14 19:40:02 - watchfiles.main - INFO - 1 change detected
2026-01-14 19:40:02 - watchfiles.main - INFO - 1 change detected
2026-01-14 19:40:03 - watchfiles.main - INFO - 1 change detected
2026-01-14 19:40:03 - watchfiles.main - INFO - 1 change detected
2026-01-14 19:40:04 - watchfiles.main - INFO - 1 change detected
2026-01-14 19:40:04 - watchfiles.main - INFO - 1 change detected
2026-01-14 19:40:04 - watchfiles.main - INFO - 1 change detected
2026-01-14 19:40:05 - watchfiles.main - INFO - 1 change detected
2026-01-14 19:40:05 - watchfiles.main - INFO - 1 change detected
2026-01-14 19:40:06 - watchfiles.main - INFO - 1 change detected
2026-01-14 19:40:06 - watchfiles.main - INFO - 1 change detected
2026-01-14 19:40:06 - watchfiles.main - INFO - 1 change detected
2026-01-14 19:40:07 - watchfiles.main - INFO - 1 change detected
2026-01-14 19:40:07 - watchfiles.main - INFO - 1 change detected
2026-01-14 19:40:08 - watchfiles.main - INFO - 1 change detected
2026-01-14 19:40:08 - watchfiles.main - INFO - 1 change detected
2026-01-14 19:40:08 - watchfiles.main - INFO - 1 change detected
2026-01-14 19:40:09 - watchfiles.main - INFO - 1 change detected
2026-01-14 19:40:09 - watchfiles.main - INFO - 1 change detected
2026-01-14 19:40:10 - watchfiles.main - INFO - 1 change detected
2026-01-14 19:40:10 - watchfiles.main - INFO - 1 change detected
2026-01-14 19:40:10 - watchfiles.main - INFO - 1 change detected
2026-01-14 19:40:11 - watchfiles.main - INFO - 1 change detected
2026-01-14 19:40:11 - watchfiles.main - INFO - 1 change detected
2026-01-14 19:40:12 - watchfiles.main - INFO - 1 change detected
2026-01-14 19:40:12 - watchfiles.main - INFO - 1 change detected
2026-01-14 19:40:12 - watchfiles.main - INFO - 1 change detected
2026-01-14 19:40:13 - watchfiles.main - INFO - 1 change detected
2026-01-14 19:40:13 - watchfiles.main - INFO - 1 change detected
2026-01-14 19:40:14 - watchfiles.main - INFO - 1 change detected
2026-01-14 19:40:14 - watchfiles.main - INFO - 1 change detected
2026-01-14 19:40:14 - watchfiles.main - INFO - 1 change detected
2026-01-14 19:40:15 - watchfiles.main - INFO - 1 change detected
2026-01-14 19:40:15 - watchfiles.main - INFO - 1 change detected
2026-01-14 19:40:16 - watchfiles.main - INFO - 1 change detected
2026-01-14 19:40:16 - watchfiles.main - INFO - 1 change detected
2026-01-14 19:40:16 - watchfiles.main - INFO - 1 change detected
2026-01-14 19:40:17 - watchfiles.main - INFO - 1 change detected
2026-01-14 19:40:17 - watchfiles.main - INFO - 1 change detected
2026-01-14 19:40:18 - watchfiles.main - INFO - 1 change detected
2026-01-14 19:40:18 - watchfiles.main - INFO - 1 change detected
2026-01-14 19:40:18 - watchfiles.main - INFO - 1 change detected
2026-01-14 19:40:19 - watchfiles.main - INFO - 1 change detected
2026-01-14 19:40:19 - watchfiles.main - INFO - 1 change detected
2026-01-14 19:40:20 - watchfiles.main - INFO - 1 change detected
2026-01-14 19:40:20 - watchfiles.main - INFO - 1 change detected
2026-01-14 19:40:20 - watchfiles.main - INFO - 1 change detected
2026-01-14 19:40:21 - watchfiles.main - INFO - 1 change detected
2026-01-14 19:40:21 - watchfiles.main - INFO - 1 change detected
2026-01-14 19:40:22 - watchfiles.main - INFO - 1 change detected
2026-01-14 19:40:22 - watchfiles.main - INFO - 1 change detected
2026-01-14 19:40:22 - watchfiles.main - INFO - 1 change detected
2026-01-14 19:40:23 - watchfiles.main - INFO - 1 change detected
2026-01-14 19:40:23 - watchfiles.main - INFO - 1 change detected
2026-01-14 19:40:24 - watchfiles.main - INFO - 1 change detected
2026-01-14 19:40:24 - watchfiles.main - INFO - 1 change detected
2026-01-14 19:40:25 - watchfiles.main - INFO - 1 change detected
2026-01-14 19:40:25 - watchfiles.main - INFO - 1 change detected
2026-01-14 19:40:25 - watchfiles.main - INFO - 1 change detected
2026-01-14 19:40:26 - watchfiles.main - INFO - 1 change detected
2026-01-14 19:40:26 - watchfiles.main - INFO - 1 change detected
2026-01-14 19:40:27 - watchfiles.main - INFO - 1 change detected
2026-01-14 19:40:27 - watchfiles.main - INFO - 1 change detected
2026-01-14 19:40:27 - watchfiles.main - INFO - 1 change detected
2026-01-14 19:40:28 - watchfiles.main - INFO - 1 change detected
2026-01-14 19:40:28 - watchfiles.main - INFO - 1 change detected
2026-01-14 19:40:29 - watchfiles.main - INFO - 1 change detected
2026-01-14 19:40:29 - watchfiles.main - INFO - 1 change detected
2026-01-14 19:40:29 - watchfiles.main - INFO - 1 change detected
2026-01-14 19:40:30 - watchfiles.main - INFO - 1 change detected
2026-01-14 19:40:30 - watchfiles.main - INFO - 1 change detected
2026-01-14 19:40:31 - watchfiles.main - INFO - 1 change detected
2026-01-14 19:40:31 - watchfiles.main - INFO - 1 change detected
2026-01-14 19:40:31 - watchfiles.main - INFO - 1 change detected
2026-01-14 19:40:32 - watchfiles.main - INFO - 1 change detected
2026-01-14 19:40:32 - watchfiles.main - INFO - 1 change detected
2026-01-14 19:40:33 - watchfiles.main - INFO - 1 change detected
2026-01-14 19:40:33 - watchfiles.main - INFO - 1 change detected
2026-01-14 19:40:33 - watchfiles.main - INFO - 1 change detected
2026-01-14 19:40:34 - watchfiles.main - INFO - 1 change detected
2026-01-14 19:40:34 - watchfiles.main - INFO - 1 change detected
2026-01-14 19:40:35 - watchfiles.main - INFO - 1 change detected
2026-01-14 19:40:35 - watchfiles.main - INFO - 1 change detected
2026-01-14 19:40:35 - watchfiles.main - INFO - 1 change detected
2026-01-14 19:40:36 - watchfiles.main - INFO - 1 change detected
2026-01-14 19:40:36 - watchfiles.main - INFO - 1 change detected
2026-01-14 19:40:37 - watchfiles.main - INFO - 1 change detected
2026-01-14 19:40:37 - watchfiles.main - INFO - 1 change detected
2026-01-14 19:40:38 - watchfiles.main - INFO - 1 change detected
2026-01-14 19:40:38 - watchfiles.main - INFO - 1 change detected
2026-01-14 19:40:38 - watchfiles.main - INFO - 1 change detected
2026-01-14 19:40:39 - watchfiles.main - INFO - 1 change detected
2026-01-14 19:40:39 - watchfiles.main - INFO - 1 change detected
2026-01-14 19:40:40 - watchfiles.main - INFO - 1 change detected
2026-01-14 19:40:40 - watchfiles.main - INFO - 1 change detected
2026-01-14 19:40:40 - watchfiles.main - INFO - 1 change detected
2026-01-14 19:40:41 - watchfiles.main - INFO - 1 change detected
2026-01-14 19:40:41 - watchfiles.main - INFO - 1 change detected
2026-01-14 19:40:42 - watchfiles.main - INFO - 1 change detected
2026-01-14 19:40:42 - watchfiles.main - INFO - 1 change detected
2026-01-14 19:40:42 - watchfiles.main - INFO - 1 change detected
2026-01-14 19:40:43 - watchfiles.main - INFO - 1 change detected
2026-01-14 19:40:43 - watchfiles.main - INFO - 1 change detected
2026-01-14 19:40:44 - watchfiles.main - INFO - 1 change detected
2026-01-14 19:40:44 - watchfiles.main - INFO - 1 change detected
2026-01-14 19:40:44 - watchfiles.main - INFO - 1 change detected
2026-01-14 19:40:45 - watchfiles.main - INFO - 1 change detected
2026-01-14 19:40:45 - watchfiles.main - INFO - 1 change detected
2026-01-14 19:40:46 - watchfiles.main - INFO - 1 change detected
2026-01-14 19:40:46 - watchfiles.main - INFO - 1 change detected
2026-01-14 19:40:46 - watchfiles.main - INFO - 1 change detected
2026-01-14 19:40:47 - watchfiles.main - INFO - 1 change detected
2026-01-14 19:40:47 - watchfiles.main - INFO - 1 change detected
2026-01-14 19:40:48 - watchfiles.main - INFO - 1 change detected
2026-01-14 19:40:48 - watchfiles.main - INFO - 1 change detected
2026-01-14 19:40:48 - watchfiles.main - INFO - 1 change detected
2026-01-14 19:40:49 - watchfiles.main - INFO - 1 change detected
2026-01-14 19:40:49 - watchfiles.main - INFO - 1 change detected
2026-01-14 19:40:50 - watchfiles.main - INFO - 1 change detected
2026-01-14 19:40:50 - watchfiles.main - INFO - 1 change detected
2026-01-14 19:40:50 - watchfiles.main - INFO - 1 change detected
2026-01-14 19:40:51 - watchfiles.main - INFO - 1 change detected
2026-01-14 19:40:51 - watchfiles.main - INFO - 1 change detected
2026-01-14 19:40:52 - watchfiles.main - INFO - 1 change detected
2026-01-14 19:40:52 - watchfiles.main - INFO - 1 change detected
2026-01-14 19:40:52 - watchfiles.main - INFO - 1 change detected
2026-01-14 19:40:53 - watchfiles.main - INFO - 1 change detected
2026-01-14 19:40:53 - watchfiles.main - INFO - 1 change detected
2026-01-14 19:40:54 - watchfiles.main - INFO - 1 change detected
2026-01-14 19:40:54 - watchfiles.main - INFO - 1 change detected
2026-01-14 19:40:54 - watchfiles.main - INFO - 1 change detected
2026-01-14 19:40:55 - watchfiles.main - INFO - 1 change detected
2026-01-14 19:40:55 - watchfiles.main - INFO - 1 change detected
2026-01-14 19:40:56 - watchfiles.main - INFO - 1 change detected
2026-01-14 19:40:56 - watchfiles.main - INFO - 1 change detected
2026-01-14 19:40:56 - watchfiles.main - INFO - 1 change detected
2026-01-14 19:40:57 - watchfiles.main - INFO - 1 change detected
2026-01-14 19:40:57 - watchfiles.main - INFO - 1 change detected
2026-01-14 19:40:58 - watchfiles.main - INFO - 1 change detected
2026-01-14 19:40:58 - watchfiles.main - INFO - 1 change detected
2026-01-14 19:40:59 - watchfiles.main - INFO - 1 change detected
2026-01-14 19:40:59 - watchfiles.main - INFO - 1 change detected
2026-01-14 19:40:59 - watchfiles.main - INFO - 1 change detected
2026-01-14 19:41:00 - watchfiles.main - INFO - 1 change detected
2026-01-14 19:41:00 - watchfiles.main - INFO - 1 change detected
2026-01-14 19:41:00 - watchfiles.main - INFO - 1 change detected
2026-01-14 19:41:01 - watchfiles.main - INFO - 1 change detected
2026-01-14 19:41:01 - watchfiles.main - INFO - 1 change detected
2026-01-14 19:41:02 - watchfiles.main - INFO - 1 change detected
2026-01-14 19:41:02 - watchfiles.main - INFO - 1 change detected
2026-01-14 19:41:03 - watchfiles.main - INFO - 1 change detected
2026-01-14 19:41:03 - watchfiles.main - INFO - 1 change detected
2026-01-14 19:41:03 - watchfiles.main - INFO - 1 change detected
2026-01-14 19:41:04 - watchfiles.main - INFO - 1 change detected
2026-01-14 19:41:04 - watchfiles.main - INFO - 1 change detected
2026-01-14 19:41:05 - watchfiles.main - INFO - 1 change detected
2026-01-14 19:41:05 - watchfiles.main - INFO - 1 change detected
2026-01-14 19:41:05 - watchfiles.main - INFO - 1 change detected
2026-01-14 19:41:06 - watchfiles.main - INFO - 1 change detected
2026-01-14 19:41:06 - watchfiles.main - INFO - 1 change detected
2026-01-14 19:41:07 - watchfiles.main - INFO - 1 change detected
2026-01-14 19:41:07 - watchfiles.main - INFO - 1 change detected
2026-01-14 19:41:07 - watchfiles.main - INFO - 1 change detected
2026-01-14 19:41:08 - watchfiles.main - INFO - 1 change detected
2026-01-14 19:41:08 - watchfiles.main - INFO - 1 change detected
2026-01-14 19:41:09 - watchfiles.main - INFO - 1 change detected
2026-01-14 19:41:09 - watchfiles.main - INFO - 1 change detected
2026-01-14 19:41:09 - watchfiles.main - INFO - 1 change detected
2026-01-14 19:41:10 - watchfiles.main - INFO - 1 change detected
2026-01-14 19:41:10 - watchfiles.main - INFO - 1 change detected
2026-01-14 19:41:11 - watchfiles.main - INFO - 1 change detected
2026-01-14 19:41:11 - watchfiles.main - INFO - 1 change detected
2026-01-14 19:41:11 - watchfiles.main - INFO - 1 change detected
2026-01-14 19:41:12 - watchfiles.main - INFO - 1 change detected
2026-01-14 19:41:12 - watchfiles.main - INFO - 1 change detected
2026-01-14 19:41:13 - watchfiles.main - INFO - 1 change detected
2026-01-14 19:41:13 - watchfiles.main - INFO - 1 change detected
2026-01-14 19:41:13 - watchfiles.main - INFO - 1 change detected
2026-01-14 19:41:14 - watchfiles.main - INFO - 1 change detected
2026-01-14 19:41:14 - watchfiles.main - INFO - 1 change detected
2026-01-14 19:41:15 - watchfiles.main - INFO - 1 change detected
2026-01-14 19:41:15 - watchfiles.main - INFO - 1 change detected
2026-01-14 19:41:15 - watchfiles.main - INFO - 1 change detected
2026-01-14 19:41:16 - watchfiles.main - INFO - 1 change detected
2026-01-14 19:41:16 - watchfiles.main - INFO - 1 change detected
2026-01-14 19:41:17 - watchfiles.main - INFO - 1 change detected
2026-01-14 19:41:17 - watchfiles.main - INFO - 1 change detected
2026-01-14 19:41:17 - watchfiles.main - INFO - 1 change detected
2026-01-14 19:41:18 - watchfiles.main - INFO - 1 change detected
2026-01-14 19:41:18 - watchfiles.main - INFO - 1 change detected
2026-01-14 19:41:19 - watchfiles.main - INFO - 1 change detected
2026-01-14 19:41:19 - watchfiles.main - INFO - 1 change detected
2026-01-14 19:41:19 - watchfiles.main - INFO - 1 change detected
2026-01-14 19:41:20 - watchfiles.main - INFO - 1 change detected
2026-01-14 19:41:20 - watchfiles.main - INFO - 1 change detected
2026-01-14 19:41:21 - watchfiles.main - INFO - 1 change detected
2026-01-14 19:41:21 - watchfiles.main - INFO - 1 change detected
2026-01-14 19:41:21 - watchfiles.main - INFO - 1 change detected
2026-01-14 19:41:22 - watchfiles.main - INFO - 1 change detected
2026-01-14 19:41:22 - watchfiles.main - INFO - 1 change detected
2026-01-14 19:41:23 - watchfiles.main - INFO - 1 change detected
2026-01-14 19:41:23 - watchfiles.main - INFO - 1 change detected
2026-01-14 19:41:23 - watchfiles.main - INFO - 1 change detected
2026-01-14 19:41:24 - watchfiles.main - INFO - 1 change detected
2026-01-14 19:41:24 - watchfiles.main - INFO - 1 change detected
2026-01-14 19:41:25 - watchfiles.main - INFO - 1 change detected
2026-01-14 19:41:25 - watchfiles.main - INFO - 1 change detected
2026-01-14 19:41:25 - watchfiles.main - INFO - 1 change detected
2026-01-14 19:41:26 - watchfiles.main - INFO - 1 change detected
2026-01-14 19:41:26 - watchfiles.main - INFO - 1 change detected
2026-01-14 19:41:27 - watchfiles.main - INFO - 1 change detected
2026-01-14 19:41:27 - watchfiles.main - INFO - 1 change detected
2026-01-14 19:41:27 - watchfiles.main - INFO - 1 change detected
2026-01-14 19:41:28 - watchfiles.main - INFO - 1 change detected
2026-01-14 19:41:28 - watchfiles.main - INFO - 1 change detected
2026-01-14 19:41:29 - watchfiles.main - INFO - 1 change detected
2026-01-14 19:41:29 - watchfiles.main - INFO - 1 change detected
2026-01-14 19:41:29 - watchfiles.main - INFO - 1 change detected
2026-01-14 19:41:30 - watchfiles.main - INFO - 1 change detected
2026-01-14 19:41:30 - watchfiles.main - INFO - 1 change detected
2026-01-14 19:41:31 - watchfiles.main - INFO - 1 change detected
2026-01-14 19:41:31 - watchfiles.main - INFO - 1 change detected
2026-01-14 19:41:32 - watchfiles.main - INFO - 1 change detected
2026-01-14 19:41:32 - watchfiles.main - INFO - 1 change detected
2026-01-14 19:41:32 - watchfiles.main - INFO - 1 change detected
2026-01-14 19:41:33 - watchfiles.main - INFO - 1 change detected
2026-01-14 19:41:33 - watchfiles.main - INFO - 1 change detected
2026-01-14 19:41:34 - watchfiles.main - INFO - 1 change detected
2026-01-14 19:41:34 - watchfiles.main - INFO - 1 change detected
2026-01-14 19:41:34 - watchfiles.main - INFO - 1 change detected
2026-01-14 19:41:35 - watchfiles.main - INFO - 1 change detected
2026-01-14 19:41:35 - watchfiles.main - INFO - 1 change detected
2026-01-14 19:41:36 - watchfiles.main - INFO - 1 change detected
2026-01-14 19:41:36 - watchfiles.main - INFO - 1 change detected
2026-01-14 19:41:36 - watchfiles.main - INFO - 1 change detected
2026-01-14 19:41:37 - watchfiles.main - INFO - 1 change detected
2026-01-14 19:41:37 - watchfiles.main - INFO - 1 change detected
2026-01-14 19:41:38 - watchfiles.main - INFO - 1 change detected
2026-01-14 19:41:38 - watchfiles.main - INFO - 1 change detected
2026-01-14 19:41:38 - watchfiles.main - INFO - 1 change detected
2026-01-14 19:41:39 - watchfiles.main - INFO - 1 change detected
2026-01-14 19:41:39 - watchfiles.main - INFO - 1 change detected
2026-01-14 19:41:40 - watchfiles.main - INFO - 1 change detected
2026-01-14 19:41:40 - watchfiles.main - INFO - 1 change detected
2026-01-14 19:41:40 - watchfiles.main - INFO - 1 change detected
2026-01-14 19:41:41 - watchfiles.main - INFO - 1 change detected
2026-01-14 19:41:41 - watchfiles.main - INFO - 1 change detected
2026-01-14 19:41:42 - watchfiles.main - INFO - 1 change detected
2026-01-14 19:41:42 - watchfiles.main - INFO - 1 change detected
2026-01-14 19:41:42 - watchfiles.main - INFO - 1 change detected
2026-01-14 19:41:43 - watchfiles.main - INFO - 1 change detected
2026-01-14 19:41:43 - watchfiles.main - INFO - 1 change detected
2026-01-14 19:41:44 - watchfiles.main - INFO - 1 change detected
2026-01-14 19:41:44 - watchfiles.main - INFO - 1 change detected
2026-01-14 19:41:44 - watchfiles.main - INFO - 1 change detected
2026-01-14 19:41:45 - watchfiles.main - INFO - 1 change detected
2026-01-14 19:41:45 - watchfiles.main - INFO - 1 change detected
2026-01-14 19:41:46 - watchfiles.main - INFO - 1 change detected
2026-01-14 19:41:46 - watchfiles.main - INFO - 1 change detected
2026-01-14 19:41:46 - watchfiles.main - INFO - 1 change detected
2026-01-14 19:41:47 - watchfiles.main - INFO - 1 change detected
2026-01-14 19:41:47 - watchfiles.main - INFO - 1 change detected
2026-01-14 19:41:48 - watchfiles.main - INFO - 1 change detected
2026-01-14 19:41:48 - watchfiles.main - INFO - 1 change detected
2026-01-14 19:41:48 - watchfiles.main - INFO - 1 change detected
2026-01-14 19:41:49 - watchfiles.main - INFO - 1 change detected
2026-01-14 19:41:49 - watchfiles.main - INFO - 1 change detected
2026-01-14 19:41:50 - watchfiles.main - INFO - 1 change detected
2026-01-14 19:41:50 - watchfiles.main - INFO - 1 change detected
2026-01-14 19:41:50 - watchfiles.main - INFO - 1 change detected
2026-01-14 19:41:51 - watchfiles.main - INFO - 1 change detected
2026-01-14 19:41:51 - watchfiles.main - INFO - 1 change detected
2026-01-14 19:41:52 - watchfiles.main - INFO - 1 change detected
2026-01-14 19:41:52 - watchfiles.main - INFO - 1 change detected
2026-01-14 19:41:52 - watchfiles.main - INFO - 1 change detected
2026-01-14 19:41:53 - watchfiles.main - INFO - 1 change detected
2026-01-14 19:41:53 - watchfiles.main - INFO - 1 change detected
2026-01-14 19:41:54 - watchfiles.main - INFO - 1 change detected
2026-01-14 19:41:54 - watchfiles.main - INFO - 1 change detected
2026-01-14 19:41:54 - watchfiles.main - INFO - 1 change detected
2026-01-14 19:41:55 - watchfiles.main - INFO - 1 change detected
2026-01-14 19:41:55 - watchfiles.main - INFO - 1 change detected
2026-01-14 19:41:56 - watchfiles.main - INFO - 1 change detected
2026-01-14 19:41:56 - watchfiles.main - INFO - 1 change detected
2026-01-14 19:41:56 - watchfiles.main - INFO - 1 change detected
2026-01-14 19:41:57 - watchfiles.main - INFO - 1 change detected
2026-01-14 19:41:57 - watchfiles.main - INFO - 1 change detected
2026-01-14 19:41:58 - watchfiles.main - INFO - 1 change detected
2026-01-14 19:41:58 - watchfiles.main - INFO - 1 change detected
2026-01-14 19:41:58 - watchfiles.main - INFO - 1 change detected
2026-01-14 19:41:59 - watchfiles.main - INFO - 1 change detected
2026-01-14 19:41:59 - watchfiles.main - INFO - 1 change detected
2026-01-14 19:42:00 - watchfiles.main - INFO - 1 change detected
2026-01-14 19:42:00 - watchfiles.main - INFO - 1 change detected
2026-01-14 19:42:01 - watchfiles.main - INFO - 1 change detected
2026-01-14 19:42:01 - watchfiles.main - INFO - 1 change detected
2026-01-14 19:42:01 - watchfiles.main - INFO - 1 change detected
2026-01-14 19:42:02 - watchfiles.main - INFO - 1 change detected
2026-01-14 19:42:02 - watchfiles.main - INFO - 1 change detected
2026-01-14 19:42:02 - watchfiles.main - INFO - 1 change detected
2026-01-14 19:42:03 - watchfiles.main - INFO - 1 change detected
2026-01-15 02:56:29 - watchfiles.main - INFO - 1 change detected
2026-01-15 02:56:30 - watchfiles.main - INFO - 1 change detected
2026-01-15 02:56:30 - watchfiles.main - INFO - 1 change detected
2026-01-15 02:56:31 - watchfiles.main - INFO - 1 change detected
2026-01-15 02:56:31 - watchfiles.main - INFO - 1 change detected
2026-01-15 02:56:31 - watchfiles.main - INFO - 1 change detected
2026-01-15 02:56:32 - watchfiles.main - INFO - 1 change detected
2026-01-15 02:56:32 - watchfiles.main - INFO - 1 change detected
2026-01-15 02:56:33 - watchfiles.main - INFO - 1 change detected
2026-01-15 02:56:33 - watchfiles.main - INFO - 1 change detected
2026-01-15 02:56:33 - watchfiles.main - INFO - 1 change detected
2026-01-15 02:56:34 - watchfiles.main - INFO - 1 change detected
2026-01-15 02:56:34 - watchfiles.main - INFO - 1 change detected
2026-01-15 02:56:35 - watchfiles.main - INFO - 1 change detected
2026-01-15 02:56:35 - watchfiles.main - INFO - 1 change detected
2026-01-15 02:56:35 - watchfiles.main - INFO - 1 change detected
2026-01-15 02:56:36 - watchfiles.main - INFO - 1 change detected
2026-01-15 02:56:37 - watchfiles.main - INFO - 1 change detected
2026-01-15 02:56:37 - watchfiles.main - INFO - 1 change detected
2026-01-15 10:36:40 - watchfiles.main - INFO - 1 change detected
2026-01-15 10:36:43 - watchfiles.main - INFO - 1 change detected
2026-01-15 10:36:43 - watchfiles.main - INFO - 1 change detected
2026-01-15 10:36:44 - watchfiles.main - INFO - 1 change detected
2026-01-15 10:36:44 - watchfiles.main - INFO - 1 change detected
2026-01-15 10:36:44 - watchfiles.main - INFO - 1 change detected
2026-01-15 10:36:45 - watchfiles.main - INFO - 1 change detected
2026-01-15 10:36:45 - watchfiles.main - INFO - 1 change detected
2026-01-15 10:36:46 - watchfiles.main - INFO - 1 change detected
2026-01-15 10:36:46 - watchfiles.main - INFO - 1 change detected
2026-01-15 10:36:47 - watchfiles.main - INFO - 1 change detected
2026-01-15 10:36:47 - watchfiles.main - INFO - 1 change detected
2026-01-15 10:36:47 - watchfiles.main - INFO - 1 change detected
2026-01-15 10:36:48 - watchfiles.main - INFO - 1 change detected
2026-01-15 10:36:48 - watchfiles.main - INFO - 1 change detected
2026-01-15 10:36:49 - watchfiles.main - INFO - 1 change detected
2026-01-15 10:36:49 - watchfiles.main - INFO - 1 change detected
2026-01-15 10:36:49 - watchfiles.main - INFO - 1 change detected
2026-01-15 10:36:50 - watchfiles.main - INFO - 1 change detected
2026-01-15 10:36:50 - watchfiles.main - INFO - 1 change detected
2026-01-15 10:36:51 - watchfiles.main - INFO - 1 change detected
2026-01-15 10:36:51 - watchfiles.main - INFO - 1 change detected
2026-01-15 10:36:51 - watchfiles.main - INFO - 1 change detected
2026-01-15 10:36:52 - watchfiles.main - INFO - 1 change detected
2026-01-15 10:36:52 - watchfiles.main - INFO - 1 change detected
2026-01-15 10:36:53 - watchfiles.main - INFO - 1 change detected
2026-01-15 10:36:53 - watchfiles.main - INFO - 1 change detected
2026-01-15 10:36:53 - watchfiles.main - INFO - 1 change detected
2026-01-15 10:36:54 - watchfiles.main - INFO - 1 change detected
2026-01-15 10:36:54 - watchfiles.main - INFO - 1 change detected
2026-01-15 10:36:55 - watchfiles.main - INFO - 1 change detected
2026-01-15 10:36:55 - watchfiles.main - INFO - 1 change detected
2026-01-15 10:36:55 - watchfiles.main - INFO - 1 change detected
2026-01-15 10:36:56 - watchfiles.main - INFO - 1 change detected
2026-01-15 10:36:56 - watchfiles.main - INFO - 1 change detected
2026-01-15 10:36:57 - watchfiles.main - INFO - 1 change detected
2026-01-15 10:36:57 - watchfiles.main - INFO - 1 change detected
2026-01-15 10:36:57 - watchfiles.main - INFO - 1 change detected
2026-01-15 10:36:58 - watchfiles.main - INFO - 1 change detected
2026-01-15 10:36:58 - watchfiles.main - INFO - 1 change detected
2026-01-15 10:36:59 - watchfiles.main - INFO - 1 change detected
2026-01-15 10:36:59 - watchfiles.main - INFO - 1 change detected
2026-01-15 10:36:59 - watchfiles.main - INFO - 1 change detected
2026-01-15 10:37:00 - watchfiles.main - INFO - 1 change detected
2026-01-15 10:37:00 - watchfiles.main - INFO - 1 change detected
2026-01-15 10:37:01 - watchfiles.main - INFO - 1 change detected
2026-01-15 10:37:01 - watchfiles.main - INFO - 1 change detected
2026-01-15 10:37:02 - watchfiles.main - INFO - 1 change detected
2026-01-15 10:37:02 - watchfiles.main - INFO - 1 change detected
2026-01-15 10:37:02 - watchfiles.main - INFO - 1 change detected
2026-01-15 10:37:03 - watchfiles.main - INFO - 1 change detected
2026-01-15 10:37:03 - watchfiles.main - INFO - 1 change detected
2026-01-15 10:37:04 - watchfiles.main - INFO - 1 change detected
2026-01-15 10:37:04 - watchfiles.main - INFO - 1 change detected
2026-01-15 10:37:04 - watchfiles.main - INFO - 1 change detected
2026-01-15 10:37:05 - watchfiles.main - INFO - 1 change detected
2026-01-15 10:37:05 - watchfiles.main - INFO - 1 change detected
2026-01-15 10:37:05 - watchfiles.main - INFO - 1 change detected
2026-01-15 10:37:06 - watchfiles.main - INFO - 1 change detected
2026-01-15 10:37:06 - watchfiles.main - INFO - 1 change detected
2026-01-15 10:37:07 - watchfiles.main - INFO - 1 change detected
2026-01-15 10:37:07 - watchfiles.main - INFO - 1 change detected
2026-01-15 10:37:08 - watchfiles.main - INFO - 1 change detected
2026-01-15 10:37:08 - watchfiles.main - INFO - 1 change detected
2026-01-15 10:37:08 - watchfiles.main - INFO - 1 change detected
2026-01-15 10:37:09 - watchfiles.main - INFO - 1 change detected
2026-01-15 10:37:09 - watchfiles.main - INFO - 1 change detected
2026-01-15 10:37:10 - watchfiles.main - INFO - 1 change detected
2026-01-15 10:37:10 - watchfiles.main - INFO - 1 change detected
2026-01-15 10:37:10 - watchfiles.main - INFO - 1 change detected
2026-01-15 10:37:11 - watchfiles.main - INFO - 1 change detected
2026-01-15 10:37:11 - watchfiles.main - INFO - 1 change detected
2026-01-15 10:37:12 - watchfiles.main - INFO - 1 change detected
2026-01-15 10:37:12 - watchfiles.main - INFO - 1 change detected
2026-01-15 10:37:12 - watchfiles.main - INFO - 1 change detected
2026-01-15 10:37:13 - watchfiles.main - INFO - 1 change detected
2026-01-15 10:37:13 - watchfiles.main - INFO - 1 change detected
2026-01-15 10:37:14 - watchfiles.main - INFO - 1 change detected
2026-01-15 10:37:14 - watchfiles.main - INFO - 1 change detected
2026-01-15 10:37:14 - watchfiles.main - INFO - 1 change detected
2026-01-15 10:37:15 - watchfiles.main - INFO - 1 change detected
2026-01-15 10:37:15 - watchfiles.main - INFO - 1 change detected
2026-01-15 10:37:16 - watchfiles.main - INFO - 1 change detected
2026-01-15 10:37:16 - watchfiles.main - INFO - 1 change detected
2026-01-15 10:37:17 - watchfiles.main - INFO - 1 change detected
2026-01-15 10:37:17 - watchfiles.main - INFO - 1 change detected
2026-01-15 10:37:17 - watchfiles.main - INFO - 1 change detected
2026-01-15 10:37:18 - watchfiles.main - INFO - 1 change detected
2026-01-15 10:37:18 - watchfiles.main - INFO - 1 change detected
2026-01-15 10:37:19 - watchfiles.main - INFO - 1 change detected
2026-01-15 10:37:19 - watchfiles.main - INFO - 1 change detected
2026-01-15 10:37:19 - watchfiles.main - INFO - 1 change detected
2026-01-15 10:37:20 - watchfiles.main - INFO - 1 change detected
2026-01-15 10:37:20 - watchfiles.main - INFO - 1 change detected
2026-01-15 10:37:21 - watchfiles.main - INFO - 1 change detected
2026-01-15 10:37:21 - watchfiles.main - INFO - 1 change detected
2026-01-15 10:37:21 - watchfiles.main - INFO - 1 change detected
2026-01-15 10:37:22 - watchfiles.main - INFO - 1 change detected
2026-01-15 10:37:22 - watchfiles.main - INFO - 1 change detected
2026-01-15 10:37:23 - watchfiles.main - INFO - 1 change detected
2026-01-15 10:37:23 - watchfiles.main - INFO - 1 change detected
2026-01-15 10:37:23 - watchfiles.main - INFO - 1 change detected
2026-01-15 10:37:24 - watchfiles.main - INFO - 1 change detected
2026-01-15 10:37:24 - watchfiles.main - INFO - 1 change detected
2026-01-15 10:37:25 - watchfiles.main - INFO - 1 change detected
2026-01-15 10:37:25 - watchfiles.main - INFO - 1 change detected
2026-01-15 10:37:25 - watchfiles.main - INFO - 1 change detected
2026-01-15 10:37:26 - watchfiles.main - INFO - 1 change detected
2026-01-15 10:37:26 - watchfiles.main - INFO - 1 change detected
2026-01-15 10:37:27 - watchfiles.main - INFO - 1 change detected
2026-01-15 10:37:27 - watchfiles.main - INFO - 1 change detected
2026-01-15 10:37:27 - watchfiles.main - INFO - 1 change detected
2026-01-15 10:37:28 - watchfiles.main - INFO - 1 change detected
2026-01-15 10:37:28 - watchfiles.main - INFO - 1 change detected
2026-01-15 10:37:29 - watchfiles.main - INFO - 1 change detected
2026-01-15 10:37:29 - watchfiles.main - INFO - 1 change detected
2026-01-15 10:37:29 - watchfiles.main - INFO - 1 change detected
2026-01-15 10:37:30 - watchfiles.main - INFO - 1 change detected
2026-01-15 10:37:30 - watchfiles.main - INFO - 1 change detected
2026-01-15 10:37:31 - watchfiles.main - INFO - 1 change detected
2026-01-15 10:37:31 - watchfiles.main - INFO - 1 change detected
2026-01-15 10:37:31 - watchfiles.main - INFO - 1 change detected
2026-01-15 10:37:32 - watchfiles.main - INFO - 1 change detected
2026-01-15 10:37:32 - watchfiles.main - INFO - 1 change detected
2026-01-15 10:37:33 - watchfiles.main - INFO - 1 change detected
2026-01-15 10:37:33 - watchfiles.main - INFO - 1 change detected
2026-01-15 10:37:33 - watchfiles.main - INFO - 1 change detected
2026-01-15 10:37:34 - watchfiles.main - INFO - 1 change detected
2026-01-15 10:37:34 - watchfiles.main - INFO - 1 change detected
2026-01-15 10:37:35 - watchfiles.main - INFO - 1 change detected
2026-01-15 10:37:35 - watchfiles.main - INFO - 1 change detected
2026-01-15 10:37:35 - watchfiles.main - INFO - 1 change detected
2026-01-15 10:37:36 - watchfiles.main - INFO - 1 change detected
2026-01-15 10:37:36 - watchfiles.main - INFO - 1 change detected
2026-01-15 10:37:37 - watchfiles.main - INFO - 1 change detected
2026-01-15 10:37:37 - watchfiles.main - INFO - 1 change detected
2026-01-15 10:37:37 - watchfiles.main - INFO - 1 change detected
2026-01-15 10:37:38 - watchfiles.main - INFO - 1 change detected
2026-01-15 10:37:38 - watchfiles.main - INFO - 1 change detected
2026-01-15 10:37:39 - watchfiles.main - INFO - 1 change detected
2026-01-15 10:37:39 - watchfiles.main - INFO - 1 change detected
2026-01-15 10:37:40 - watchfiles.main - INFO - 1 change detected
2026-01-15 10:37:40 - watchfiles.main - INFO - 1 change detected
2026-01-15 10:37:40 - watchfiles.main - INFO - 1 change detected
2026-01-15 10:37:41 - watchfiles.main - INFO - 1 change detected
2026-01-15 10:37:41 - watchfiles.main - INFO - 1 change detected
2026-01-15 10:37:42 - watchfiles.main - INFO - 1 change detected
2026-01-15 10:37:42 - watchfiles.main - INFO - 1 change detected
2026-01-15 10:37:43 - watchfiles.main - INFO - 1 change detected
2026-01-15 10:37:43 - watchfiles.main - INFO - 1 change detected
2026-01-15 10:37:43 - watchfiles.main - INFO - 1 change detected
2026-01-15 10:37:44 - watchfiles.main - INFO - 1 change detected
2026-01-15 10:37:44 - watchfiles.main - INFO - 1 change detected
2026-01-15 10:37:45 - watchfiles.main - INFO - 1 change detected
2026-01-15 10:37:45 - watchfiles.main - INFO - 1 change detected
2026-01-15 10:37:45 - watchfiles.main - INFO - 1 change detected
2026-01-15 10:37:46 - watchfiles.main - INFO - 1 change detected
2026-01-15 10:37:46 - watchfiles.main - INFO - 1 change detected
2026-01-15 10:37:47 - watchfiles.main - INFO - 1 change detected
2026-01-15 10:37:47 - watchfiles.main - INFO - 1 change detected
2026-01-15 10:37:47 - watchfiles.main - INFO - 1 change detected
2026-01-15 10:37:48 - watchfiles.main - INFO - 1 change detected
2026-01-15 10:37:48 - watchfiles.main - INFO - 1 change detected
2026-01-15 10:37:49 - watchfiles.main - INFO - 1 change detected
2026-01-15 10:37:49 - watchfiles.main - INFO - 1 change detected
2026-01-15 10:37:49 - watchfiles.main - INFO - 1 change detected
2026-01-15 10:37:50 - watchfiles.main - INFO - 1 change detected
2026-01-15 10:37:50 - watchfiles.main - INFO - 1 change detected
2026-01-15 10:37:51 - watchfiles.main - INFO - 1 change detected
2026-01-15 10:37:51 - watchfiles.main - INFO - 1 change detected
2026-01-15 10:37:51 - watchfiles.main - INFO - 1 change detected
2026-01-15 10:37:52 - watchfiles.main - INFO - 1 change detected
2026-01-15 10:37:52 - watchfiles.main - INFO - 1 change detected
2026-01-15 10:37:53 - watchfiles.main - INFO - 1 change detected
2026-01-15 10:37:53 - watchfiles.main - INFO - 1 change detected
2026-01-15 10:37:53 - watchfiles.main - INFO - 1 change detected
2026-01-15 10:37:54 - watchfiles.main - INFO - 1 change detected
2026-01-15 10:37:54 - watchfiles.main - INFO - 1 change detected
2026-01-15 10:37:55 - watchfiles.main - INFO - 1 change detected
2026-01-15 10:37:55 - watchfiles.main - INFO - 1 change detected
2026-01-15 10:37:56 - watchfiles.main - INFO - 1 change detected
2026-01-15 10:37:56 - watchfiles.main - INFO - 1 change detected
2026-01-15 10:37:56 - watchfiles.main - INFO - 1 change detected
2026-01-15 10:37:57 - watchfiles.main - INFO - 1 change detected
2026-01-15 10:37:57 - watchfiles.main - INFO - 1 change detected
2026-01-15 10:37:58 - watchfiles.main - INFO - 1 change detected
2026-01-15 10:37:58 - watchfiles.main - INFO - 1 change detected
2026-01-15 10:37:58 - watchfiles.main - INFO - 1 change detected
2026-01-15 10:37:59 - watchfiles.main - INFO - 1 change detected
2026-01-15 10:37:59 - watchfiles.main - INFO - 1 change detected
2026-01-15 10:38:00 - watchfiles.main - INFO - 1 change detected
2026-01-15 10:38:00 - watchfiles.main - INFO - 1 change detected
2026-01-15 10:38:00 - watchfiles.main - INFO - 1 change detected
2026-01-15 10:38:01 - watchfiles.main - INFO - 1 change detected
2026-01-15 10:38:01 - watchfiles.main - INFO - 1 change detected
2026-01-15 10:38:02 - watchfiles.main - INFO - 1 change detected
2026-01-15 10:38:02 - watchfiles.main - INFO - 1 change detected
2026-01-15 10:38:02 - watchfiles.main - INFO - 1 change detected
2026-01-15 10:38:03 - watchfiles.main - INFO - 1 change detected
2026-01-15 10:38:03 - watchfiles.main - INFO - 1 change detected
2026-01-15 10:38:04 - watchfiles.main - INFO - 1 change detected
2026-01-15 10:38:04 - watchfiles.main - INFO - 1 change detected
2026-01-15 10:38:04 - watchfiles.main - INFO - 1 change detected
2026-01-15 10:38:05 - watchfiles.main - INFO - 1 change detected
2026-01-15 10:38:05 - watchfiles.main - INFO - 1 change detected
2026-01-15 10:38:06 - watchfiles.main - INFO - 1 change detected
2026-01-15 10:38:06 - watchfiles.main - INFO - 1 change detected
2026-01-15 10:38:06 - watchfiles.main - INFO - 1 change detected
2026-01-15 10:38:07 - watchfiles.main - INFO - 1 change detected
2026-01-15 10:38:07 - watchfiles.main - INFO - 1 change detected
2026-01-15 10:38:08 - watchfiles.main - INFO - 1 change detected
2026-01-15 10:38:08 - watchfiles.main - INFO - 1 change detected
2026-01-15 10:38:08 - watchfiles.main - INFO - 1 change detected
2026-01-15 10:38:09 - watchfiles.main - INFO - 1 change detected
2026-01-15 10:38:09 - watchfiles.main - INFO - 1 change detected
2026-01-15 10:38:10 - watchfiles.main - INFO - 1 change detected
2026-01-15 10:38:10 - watchfiles.main - INFO - 1 change detected
2026-01-15 10:38:11 - watchfiles.main - INFO - 1 change detected
2026-01-15 10:38:11 - watchfiles.main - INFO - 1 change detected
2026-01-15 10:38:11 - watchfiles.main - INFO - 1 change detected
2026-01-15 10:38:12 - watchfiles.main - INFO - 1 change detected
2026-01-15 10:38:12 - watchfiles.main - INFO - 1 change detected
2026-01-15 10:38:13 - watchfiles.main - INFO - 1 change detected
2026-01-15 10:38:13 - watchfiles.main - INFO - 1 change detected
2026-01-15 10:38:13 - watchfiles.main - INFO - 1 change detected
2026-01-15 10:38:14 - watchfiles.main - INFO - 1 change detected
2026-01-15 10:38:14 - watchfiles.main - INFO - 1 change detected
2026-01-15 10:38:15 - watchfiles.main - INFO - 1 change detected
2026-01-15 10:38:15 - watchfiles.main - INFO - 1 change detected
2026-01-15 10:38:15 - watchfiles.main - INFO - 1 change detected
2026-01-15 10:38:16 - watchfiles.main - INFO - 1 change detected
2026-01-15 10:38:16 - watchfiles.main - INFO - 1 change detected
2026-01-15 10:38:17 - watchfiles.main - INFO - 1 change detected
2026-01-15 10:38:17 - watchfiles.main - INFO - 1 change detected
2026-01-15 10:38:17 - watchfiles.main - INFO - 1 change detected
2026-01-15 10:38:18 - watchfiles.main - INFO - 1 change detected
2026-01-15 10:38:18 - watchfiles.main - INFO - 1 change detected
2026-01-15 10:38:19 - watchfiles.main - INFO - 1 change detected
2026-01-15 10:38:19 - watchfiles.main - INFO - 1 change detected
2026-01-15 10:38:19 - watchfiles.main - INFO - 1 change detected
2026-01-15 10:38:20 - watchfiles.main - INFO - 1 change detected
2026-01-15 10:38:20 - watchfiles.main - INFO - 1 change detected
2026-01-15 10:38:21 - watchfiles.main - INFO - 1 change detected
2026-01-15 10:38:21 - watchfiles.main - INFO - 1 change detected
2026-01-15 10:38:21 - watchfiles.main - INFO - 1 change detected
2026-01-15 10:38:22 - watchfiles.main - INFO - 1 change detected
2026-01-15 10:38:22 - watchfiles.main - INFO - 1 change detected
2026-01-15 10:38:23 - watchfiles.main - INFO - 1 change detected
2026-01-15 10:38:23 - watchfiles.main - INFO - 1 change detected
2026-01-15 10:38:23 - watchfiles.main - INFO - 1 change detected
2026-01-15 10:38:24 - watchfiles.main - INFO - 1 change detected
2026-01-15 10:38:24 - watchfiles.main - INFO - 1 change detected
2026-01-15 10:38:25 - watchfiles.main - INFO - 1 change detected
2026-01-15 10:38:25 - watchfiles.main - INFO - 1 change detected
2026-01-15 10:38:25 - watchfiles.main - INFO - 1 change detected
2026-01-15 10:38:26 - watchfiles.main - INFO - 1 change detected
2026-01-15 10:38:26 - watchfiles.main - INFO - 1 change detected
2026-01-15 10:38:27 - watchfiles.main - INFO - 1 change detected
2026-01-15 10:38:27 - watchfiles.main - INFO - 1 change detected
2026-01-15 10:38:28 - watchfiles.main - INFO - 1 change detected
2026-01-15 10:38:28 - watchfiles.main - INFO - 1 change detected
2026-01-15 10:38:28 - watchfiles.main - INFO - 1 change detected
2026-01-15 10:38:29 - watchfiles.main - INFO - 1 change detected
2026-01-15 10:38:29 - watchfiles.main - INFO - 1 change detected
2026-01-15 10:38:30 - watchfiles.main - INFO - 1 change detected
2026-01-15 10:38:30 - watchfiles.main - INFO - 1 change detected
2026-01-15 10:38:30 - watchfiles.main - INFO - 1 change detected
2026-01-15 10:38:31 - watchfiles.main - INFO - 1 change detected
2026-01-15 10:38:31 - watchfiles.main - INFO - 1 change detected
2026-01-15 10:38:32 - watchfiles.main - INFO - 1 change detected
2026-01-15 10:38:32 - watchfiles.main - INFO - 1 change detected
2026-01-15 10:38:32 - watchfiles.main - INFO - 1 change detected
2026-01-15 10:38:33 - watchfiles.main - INFO - 1 change detected
2026-01-15 10:38:33 - watchfiles.main - INFO - 1 change detected
2026-01-15 10:38:34 - watchfiles.main - INFO - 1 change detected
2026-01-15 10:38:34 - watchfiles.main - INFO - 1 change detected
2026-01-15 10:38:34 - watchfiles.main - INFO - 1 change detected
2026-01-15 10:38:35 - watchfiles.main - INFO - 1 change detected
2026-01-15 10:38:35 - watchfiles.main - INFO - 1 change detected
2026-01-15 10:38:36 - watchfiles.main - INFO - 1 change detected
2026-01-15 10:38:36 - watchfiles.main - INFO - 1 change detected
2026-01-15 10:38:36 - watchfiles.main - INFO - 1 change detected
2026-01-15 10:38:37 - watchfiles.main - INFO - 1 change detected
2026-01-15 10:38:37 - watchfiles.main - INFO - 1 change detected
2026-01-15 10:38:38 - watchfiles.main - INFO - 1 change detected
2026-01-15 10:38:38 - watchfiles.main - INFO - 1 change detected
2026-01-15 10:38:39 - watchfiles.main - INFO - 1 change detected
2026-01-15 10:38:39 - watchfiles.main - INFO - 1 change detected
2026-01-15 10:38:39 - watchfiles.main - INFO - 1 change detected
2026-01-15 10:38:40 - watchfiles.main - INFO - 1 change detected
2026-01-15 10:38:40 - watchfiles.main - INFO - 1 change detected
2026-01-15 10:38:41 - watchfiles.main - INFO - 1 change detected
2026-01-15 10:38:41 - watchfiles.main - INFO - 1 change detected
2026-01-15 10:38:41 - watchfiles.main - INFO - 1 change detected
2026-01-15 10:38:42 - watchfiles.main - INFO - 1 change detected
2026-01-15 10:38:42 - watchfiles.main - INFO - 1 change detected
2026-01-15 10:38:43 - watchfiles.main - INFO - 1 change detected
2026-01-15 10:38:43 - watchfiles.main - INFO - 1 change detected
2026-01-15 10:38:43 - watchfiles.main - INFO - 1 change detected
2026-01-15 10:38:44 - watchfiles.main - INFO - 1 change detected
2026-01-15 10:38:44 - watchfiles.main - INFO - 1 change detected
2026-01-15 10:38:45 - watchfiles.main - INFO - 1 change detected
2026-01-15 10:38:45 - watchfiles.main - INFO - 1 change detected
2026-01-15 10:38:45 - watchfiles.main - INFO - 1 change detected
2026-01-15 10:38:46 - watchfiles.main - INFO - 1 change detected
2026-01-15 10:38:46 - watchfiles.main - INFO - 1 change detected
2026-01-15 10:38:47 - watchfiles.main - INFO - 1 change detected
2026-01-15 10:38:47 - watchfiles.main - INFO - 1 change detected
2026-01-15 10:38:48 - watchfiles.main - INFO - 1 change detected
2026-01-15 10:38:48 - watchfiles.main - INFO - 1 change detected
2026-01-15 10:38:48 - watchfiles.main - INFO - 1 change detected
2026-01-15 10:38:49 - watchfiles.main - INFO - 1 change detected
2026-01-15 10:38:49 - watchfiles.main - INFO - 1 change detected
2026-01-15 10:38:50 - watchfiles.main - INFO - 1 change detected
2026-01-15 10:38:50 - watchfiles.main - INFO - 1 change detected
2026-01-15 10:38:50 - watchfiles.main - INFO - 1 change detected
2026-01-15 10:38:51 - watchfiles.main - INFO - 1 change detected
2026-01-15 10:38:51 - watchfiles.main - INFO - 1 change detected
2026-01-15 10:38:52 - watchfiles.main - INFO - 1 change detected
2026-01-15 10:38:52 - watchfiles.main - INFO - 1 change detected
2026-01-15 10:38:52 - watchfiles.main - INFO - 1 change detected
2026-01-15 10:38:53 - watchfiles.main - INFO - 1 change detected
2026-01-15 10:38:53 - watchfiles.main - INFO - 1 change detected
2026-01-15 10:38:54 - watchfiles.main - INFO - 1 change detected
2026-01-15 10:38:54 - watchfiles.main - INFO - 1 change detected
2026-01-15 10:38:54 - watchfiles.main - INFO - 1 change detected
2026-01-15 10:38:55 - watchfiles.main - INFO - 1 change detected
2026-01-15 10:38:55 - watchfiles.main - INFO - 1 change detected
2026-01-15 10:38:56 - watchfiles.main - INFO - 1 change detected
2026-01-15 10:38:56 - watchfiles.main - INFO - 1 change detected
2026-01-15 10:38:56 - watchfiles.main - INFO - 1 change detected
2026-01-15 10:38:57 - watchfiles.main - INFO - 1 change detected
2026-01-15 10:38:57 - watchfiles.main - INFO - 1 change detected
2026-01-15 10:38:58 - watchfiles.main - INFO - 1 change detected
2026-01-15 10:38:58 - watchfiles.main - INFO - 1 change detected
2026-01-15 10:38:58 - watchfiles.main - INFO - 1 change detected
2026-01-15 10:38:59 - watchfiles.main - INFO - 1 change detected
2026-01-15 10:38:59 - watchfiles.main - INFO - 1 change detected
2026-01-15 10:39:00 - watchfiles.main - INFO - 1 change detected
2026-01-15 10:39:00 - watchfiles.main - INFO - 1 change detected
2026-01-15 10:39:00 - watchfiles.main - INFO - 1 change detected
2026-01-15 10:39:01 - watchfiles.main - INFO - 1 change detected
2026-01-15 10:39:01 - watchfiles.main - INFO - 1 change detected
2026-01-15 10:39:02 - watchfiles.main - INFO - 1 change detected
2026-01-15 10:39:02 - watchfiles.main - INFO - 1 change detected
2026-01-15 10:39:03 - watchfiles.main - INFO - 1 change detected
2026-01-15 10:39:03 - watchfiles.main - INFO - 1 change detected
2026-01-15 10:39:03 - watchfiles.main - INFO - 1 change detected
2026-01-15 10:39:04 - watchfiles.main - INFO - 1 change detected
2026-01-15 10:39:04 - watchfiles.main - INFO - 1 change detected
2026-01-15 10:39:04 - watchfiles.main - INFO - 1 change detected
2026-01-15 10:39:05 - watchfiles.main - INFO - 1 change detected
2026-01-15 10:39:05 - watchfiles.main - INFO - 1 change detected
2026-01-15 10:39:06 - watchfiles.main - INFO - 1 change detected
2026-01-15 10:39:06 - watchfiles.main - INFO - 1 change detected
2026-01-15 10:39:07 - watchfiles.main - INFO - 1 change detected
2026-01-15 10:39:07 - watchfiles.main - INFO - 1 change detected
2026-01-15 10:39:07 - watchfiles.main - INFO - 1 change detected
2026-01-15 10:39:08 - watchfiles.main - INFO - 1 change detected
2026-01-15 10:39:08 - watchfiles.main - INFO - 1 change detected
2026-01-15 10:39:09 - watchfiles.main - INFO - 1 change detected
2026-01-15 10:39:09 - watchfiles.main - INFO - 1 change detected
2026-01-15 10:39:09 - watchfiles.main - INFO - 1 change detected
2026-01-15 10:39:10 - watchfiles.main - INFO - 1 change detected
2026-01-15 10:39:10 - watchfiles.main - INFO - 1 change detected
2026-01-15 10:39:10 - watchfiles.main - INFO - 1 change detected
2026-01-15 10:39:11 - watchfiles.main - INFO - 1 change detected
2026-01-15 10:39:11 - watchfiles.main - INFO - 1 change detected
2026-01-15 10:39:12 - watchfiles.main - INFO - 1 change detected
2026-01-15 10:39:12 - watchfiles.main - INFO - 1 change detected
2026-01-15 10:39:12 - watchfiles.main - INFO - 1 change detected
2026-01-15 10:39:13 - watchfiles.main - INFO - 1 change detected
2026-01-15 10:39:13 - watchfiles.main - INFO - 1 change detected
2026-01-15 10:39:14 - watchfiles.main - INFO - 1 change detected
2026-01-15 10:39:14 - watchfiles.main - INFO - 1 change detected
2026-01-15 10:39:14 - watchfiles.main - INFO - 1 change detected
2026-01-15 10:39:15 - watchfiles.main - INFO - 1 change detected
2026-01-15 10:39:15 - watchfiles.main - INFO - 1 change detected
2026-01-15 10:39:16 - watchfiles.main - INFO - 1 change detected
2026-01-15 10:39:16 - watchfiles.main - INFO - 1 change detected
2026-01-15 10:39:17 - watchfiles.main - INFO - 1 change detected
2026-01-15 10:39:17 - watchfiles.main - INFO - 1 change detected
2026-01-15 10:39:17 - watchfiles.main - INFO - 1 change detected
2026-01-15 10:39:18 - watchfiles.main - INFO - 1 change detected
2026-01-15 10:39:18 - watchfiles.main - INFO - 1 change detected
2026-01-15 10:39:19 - watchfiles.main - INFO - 1 change detected
2026-01-15 10:39:19 - watchfiles.main - INFO - 1 change detected
2026-01-15 10:39:19 - watchfiles.main - INFO - 1 change detected
2026-01-15 10:39:20 - watchfiles.main - INFO - 1 change detected
2026-01-15 10:39:20 - watchfiles.main - INFO - 1 change detected
2026-01-15 10:39:21 - watchfiles.main - INFO - 1 change detected
2026-01-15 10:39:21 - watchfiles.main - INFO - 1 change detected
2026-01-15 10:39:21 - watchfiles.main - INFO - 1 change detected
2026-01-15 10:39:22 - watchfiles.main - INFO - 1 change detected
2026-01-15 10:39:22 - watchfiles.main - INFO - 1 change detected
2026-01-15 10:39:23 - watchfiles.main - INFO - 1 change detected
2026-01-15 10:39:23 - watchfiles.main - INFO - 1 change detected
2026-01-15 10:39:23 - watchfiles.main - INFO - 1 change detected
2026-01-15 10:39:24 - watchfiles.main - INFO - 1 change detected
2026-01-15 10:39:24 - watchfiles.main - INFO - 1 change detected
2026-01-15 10:39:25 - watchfiles.main - INFO - 1 change detected
2026-01-15 10:39:25 - watchfiles.main - INFO - 1 change detected
2026-01-15 10:39:25 - watchfiles.main - INFO - 1 change detected
2026-01-15 10:39:26 - watchfiles.main - INFO - 1 change detected
2026-01-15 10:39:26 - watchfiles.main - INFO - 1 change detected
2026-01-15 10:39:27 - watchfiles.main - INFO - 1 change detected
2026-01-15 10:39:27 - watchfiles.main - INFO - 1 change detected
2026-01-15 10:39:28 - watchfiles.main - INFO - 1 change detected
2026-01-15 10:39:28 - watchfiles.main - INFO - 1 change detected
2026-01-15 10:39:28 - watchfiles.main - INFO - 1 change detected
2026-01-15 10:39:29 - watchfiles.main - INFO - 1 change detected
2026-01-15 10:39:29 - watchfiles.main - INFO - 1 change detected
2026-01-15 10:39:30 - watchfiles.main - INFO - 1 change detected
2026-01-15 10:39:30 - watchfiles.main - INFO - 1 change detected
2026-01-15 10:39:30 - watchfiles.main - INFO - 1 change detected
2026-01-15 10:39:31 - watchfiles.main - INFO - 1 change detected
2026-01-15 10:39:31 - watchfiles.main - INFO - 1 change detected
2026-01-15 10:39:32 - watchfiles.main - INFO - 1 change detected
2026-01-15 10:39:32 - watchfiles.main - INFO - 1 change detected
2026-01-15 10:39:32 - watchfiles.main - INFO - 1 change detected
2026-01-15 10:39:33 - watchfiles.main - INFO - 1 change detected
2026-01-15 10:39:33 - watchfiles.main - INFO - 1 change detected
2026-01-15 10:39:34 - watchfiles.main - INFO - 1 change detected
2026-01-15 10:39:34 - watchfiles.main - INFO - 1 change detected
2026-01-15 10:39:34 - watchfiles.main - INFO - 1 change detected
2026-01-15 10:39:35 - watchfiles.main - INFO - 1 change detected
2026-01-15 10:39:35 - watchfiles.main - INFO - 1 change detected
2026-01-15 10:39:36 - watchfiles.main - INFO - 1 change detected
2026-01-15 10:39:36 - watchfiles.main - INFO - 1 change detected
2026-01-15 10:39:36 - watchfiles.main - INFO - 1 change detected
2026-01-15 10:39:37 - watchfiles.main - INFO - 1 change detected
2026-01-15 10:39:37 - watchfiles.main - INFO - 1 change detected
2026-01-15 10:39:38 - watchfiles.main - INFO - 1 change detected
2026-01-15 10:39:38 - watchfiles.main - INFO - 1 change detected
2026-01-15 10:39:38 - watchfiles.main - INFO - 1 change detected
2026-01-15 10:39:39 - watchfiles.main - INFO - 1 change detected
2026-01-15 10:39:39 - watchfiles.main - INFO - 1 change detected
2026-01-15 10:39:40 - watchfiles.main - INFO - 1 change detected
2026-01-15 10:39:40 - watchfiles.main - INFO - 1 change detected
2026-01-15 10:39:41 - watchfiles.main - INFO - 1 change detected
2026-01-15 10:39:41 - watchfiles.main - INFO - 1 change detected
2026-01-15 10:39:41 - watchfiles.main - INFO - 1 change detected
2026-01-15 10:39:42 - watchfiles.main - INFO - 1 change detected
2026-01-15 10:39:42 - watchfiles.main - INFO - 1 change detected
2026-01-15 10:39:43 - watchfiles.main - INFO - 1 change detected
2026-01-15 10:39:43 - watchfiles.main - INFO - 1 change detected
2026-01-15 10:39:43 - watchfiles.main - INFO - 1 change detected
2026-01-15 10:39:44 - watchfiles.main - INFO - 1 change detected
2026-01-15 10:39:44 - watchfiles.main - INFO - 1 change detected
2026-01-15 10:39:45 - watchfiles.main - INFO - 1 change detected
2026-01-15 10:39:45 - watchfiles.main - INFO - 1 change detected
2026-01-15 10:39:45 - watchfiles.main - INFO - 1 change detected
2026-01-15 10:39:46 - watchfiles.main - INFO - 1 change detected
2026-01-15 10:39:46 - watchfiles.main - INFO - 1 change detected
2026-01-15 10:39:47 - watchfiles.main - INFO - 1 change detected
2026-01-15 10:39:47 - watchfiles.main - INFO - 1 change detected
2026-01-15 10:39:48 - watchfiles.main - INFO - 1 change detected
2026-01-15 10:39:48 - watchfiles.main - INFO - 1 change detected
2026-01-15 10:39:48 - watchfiles.main - INFO - 1 change detected
2026-01-15 10:39:49 - watchfiles.main - INFO - 1 change detected
2026-01-15 10:39:49 - watchfiles.main - INFO - 1 change detected
2026-01-15 10:39:50 - watchfiles.main - INFO - 1 change detected
2026-01-15 10:39:50 - watchfiles.main - INFO - 1 change detected
2026-01-15 10:39:50 - watchfiles.main - INFO - 1 change detected
2026-01-15 10:39:51 - watchfiles.main - INFO - 1 change detected
2026-01-15 10:39:51 - watchfiles.main - INFO - 1 change detected
2026-01-15 10:39:52 - watchfiles.main - INFO - 1 change detected
2026-01-15 10:39:52 - watchfiles.main - INFO - 1 change detected
2026-01-15 10:39:53 - watchfiles.main - INFO - 1 change detected
2026-01-15 10:39:53 - watchfiles.main - INFO - 1 change detected
2026-01-15 10:39:53 - watchfiles.main - INFO - 1 change detected
2026-01-15 10:39:54 - watchfiles.main - INFO - 1 change detected
2026-01-15 10:39:54 - watchfiles.main - INFO - 1 change detected
2026-01-15 10:39:55 - watchfiles.main - INFO - 1 change detected
2026-01-15 10:39:55 - watchfiles.main - INFO - 1 change detected
2026-01-15 10:39:55 - watchfiles.main - INFO - 1 change detected
2026-01-15 10:39:56 - watchfiles.main - INFO - 1 change detected
2026-01-15 10:39:56 - watchfiles.main - INFO - 1 change detected
2026-01-15 10:39:57 - watchfiles.main - INFO - 1 change detected
2026-01-15 10:39:57 - watchfiles.main - INFO - 1 change detected
2026-01-15 10:39:57 - watchfiles.main - INFO - 1 change detected
2026-01-15 10:39:58 - watchfiles.main - INFO - 1 change detected
2026-01-15 10:39:58 - watchfiles.main - INFO - 1 change detected
2026-01-15 10:39:59 - watchfiles.main - INFO - 1 change detected
2026-01-15 10:39:59 - watchfiles.main - INFO - 1 change detected
2026-01-15 10:39:59 - watchfiles.main - INFO - 1 change detected
2026-01-15 10:40:00 - watchfiles.main - INFO - 1 change detected
2026-01-15 10:40:00 - watchfiles.main - INFO - 1 change detected
2026-01-15 10:40:01 - watchfiles.main - INFO - 1 change detected
2026-01-15 10:40:01 - watchfiles.main - INFO - 1 change detected
2026-01-15 10:40:02 - watchfiles.main - INFO - 1 change detected
2026-01-15 10:40:02 - watchfiles.main - INFO - 1 change detected
2026-01-15 10:40:02 - watchfiles.main - INFO - 1 change detected
2026-01-15 10:40:03 - watchfiles.main - INFO - 1 change detected
2026-01-15 10:40:03 - watchfiles.main - INFO - 1 change detected
2026-01-15 10:40:04 - watchfiles.main - INFO - 1 change detected
2026-01-15 10:40:04 - watchfiles.main - INFO - 1 change detected
2026-01-15 10:40:04 - watchfiles.main - INFO - 1 change detected
2026-01-15 10:40:05 - watchfiles.main - INFO - 1 change detected
2026-01-15 10:40:05 - watchfiles.main - INFO - 1 change detected
2026-01-15 10:40:06 - watchfiles.main - INFO - 1 change detected
2026-01-15 10:40:06 - watchfiles.main - INFO - 1 change detected
2026-01-15 10:40:07 - watchfiles.main - INFO - 1 change detected
2026-01-15 10:40:07 - watchfiles.main - INFO - 1 change detected
2026-01-15 10:40:07 - watchfiles.main - INFO - 1 change detected
2026-01-15 10:40:08 - watchfiles.main - INFO - 1 change detected
2026-01-15 10:40:08 - watchfiles.main - INFO - 1 change detected
2026-01-15 10:40:09 - watchfiles.main - INFO - 1 change detected
2026-01-15 10:40:09 - watchfiles.main - INFO - 1 change detected
2026-01-15 10:40:09 - watchfiles.main - INFO - 1 change detected
2026-01-15 10:40:10 - watchfiles.main - INFO - 1 change detected
2026-01-15 10:40:10 - watchfiles.main - INFO - 1 change detected
2026-01-15 10:40:11 - watchfiles.main - INFO - 1 change detected
2026-01-15 10:40:11 - watchfiles.main - INFO - 1 change detected
2026-01-15 10:40:12 - watchfiles.main - INFO - 1 change detected
2026-01-15 10:40:12 - watchfiles.main - INFO - 1 change detected
2026-01-15 10:40:12 - watchfiles.main - INFO - 1 change detected
2026-01-15 10:40:13 - watchfiles.main - INFO - 1 change detected
2026-01-15 10:40:13 - watchfiles.main - INFO - 1 change detected
2026-01-15 10:40:14 - watchfiles.main - INFO - 1 change detected
2026-01-15 10:40:14 - watchfiles.main - INFO - 1 change detected
2026-01-15 10:40:14 - watchfiles.main - INFO - 1 change detected
2026-01-15 10:40:15 - watchfiles.main - INFO - 1 change detected
2026-01-15 10:40:15 - watchfiles.main - INFO - 1 change detected
2026-01-15 10:40:16 - watchfiles.main - INFO - 1 change detected
2026-01-15 10:40:16 - watchfiles.main - INFO - 1 change detected
2026-01-15 10:40:16 - watchfiles.main - INFO - 1 change detected
2026-01-15 10:40:17 - watchfiles.main - INFO - 1 change detected
2026-01-15 10:40:17 - watchfiles.main - INFO - 1 change detected
2026-01-15 10:40:18 - watchfiles.main - INFO - 1 change detected
2026-01-15 10:40:18 - watchfiles.main - INFO - 1 change detected
2026-01-15 10:40:18 - watchfiles.main - INFO - 1 change detected
2026-01-15 10:40:19 - watchfiles.main - INFO - 1 change detected
2026-01-15 10:40:19 - watchfiles.main - INFO - 1 change detected
2026-01-15 10:40:20 - watchfiles.main - INFO - 1 change detected
2026-01-15 10:40:20 - watchfiles.main - INFO - 1 change detected
2026-01-15 10:40:20 - watchfiles.main - INFO - 1 change detected
2026-01-15 10:40:21 - watchfiles.main - INFO - 1 change detected
2026-01-15 10:40:21 - watchfiles.main - INFO - 1 change detected
2026-01-15 10:40:22 - watchfiles.main - INFO - 1 change detected
2026-01-15 10:40:22 - watchfiles.main - INFO - 1 change detected
2026-01-15 10:40:23 - watchfiles.main - INFO - 1 change detected
2026-01-15 10:40:23 - watchfiles.main - INFO - 1 change detected
2026-01-15 10:40:23 - watchfiles.main - INFO - 1 change detected
2026-01-15 10:40:24 - watchfiles.main - INFO - 1 change detected
2026-01-15 10:40:24 - watchfiles.main - INFO - 1 change detected
2026-01-15 10:40:25 - watchfiles.main - INFO - 1 change detected
2026-01-15 10:40:25 - watchfiles.main - INFO - 1 change detected
2026-01-15 10:40:25 - watchfiles.main - INFO - 1 change detected
2026-01-15 10:40:26 - watchfiles.main - INFO - 1 change detected
2026-01-15 10:40:26 - watchfiles.main - INFO - 1 change detected
2026-01-15 10:40:27 - watchfiles.main - INFO - 1 change detected
2026-01-15 10:40:27 - watchfiles.main - INFO - 1 change detected
2026-01-15 10:40:27 - watchfiles.main - INFO - 1 change detected
2026-01-15 10:40:28 - watchfiles.main - INFO - 1 change detected
2026-01-15 10:40:28 - watchfiles.main - INFO - 1 change detected
2026-01-15 10:40:29 - watchfiles.main - INFO - 1 change detected
2026-01-15 10:40:29 - watchfiles.main - INFO - 1 change detected
2026-01-15 10:40:29 - watchfiles.main - INFO - 1 change detected
2026-01-15 10:40:30 - watchfiles.main - INFO - 1 change detected
2026-01-15 10:40:30 - watchfiles.main - INFO - 1 change detected
2026-01-15 10:40:31 - watchfiles.main - INFO - 1 change detected
2026-01-15 10:40:31 - watchfiles.main - INFO - 1 change detected
2026-01-15 10:40:31 - watchfiles.main - INFO - 1 change detected
2026-01-15 10:40:32 - watchfiles.main - INFO - 1 change detected
2026-01-15 10:40:32 - watchfiles.main - INFO - 1 change detected
2026-01-15 10:40:33 - watchfiles.main - INFO - 1 change detected
2026-01-15 10:40:33 - watchfiles.main - INFO - 1 change detected
2026-01-15 10:40:33 - watchfiles.main - INFO - 1 change detected
2026-01-15 10:40:34 - watchfiles.main - INFO - 1 change detected
2026-01-15 10:40:34 - watchfiles.main - INFO - 1 change detected
2026-01-15 10:40:35 - watchfiles.main - INFO - 1 change detected
2026-01-15 10:40:35 - watchfiles.main - INFO - 1 change detected
2026-01-15 10:40:35 - watchfiles.main - INFO - 1 change detected
2026-01-15 10:40:36 - watchfiles.main - INFO - 1 change detected
2026-01-15 10:40:36 - watchfiles.main - INFO - 1 change detected
2026-01-15 10:40:37 - watchfiles.main - INFO - 1 change detected
2026-01-15 10:40:37 - watchfiles.main - INFO - 1 change detected
2026-01-15 10:40:37 - watchfiles.main - INFO - 1 change detected
2026-01-15 10:40:38 - watchfiles.main - INFO - 1 change detected
2026-01-15 10:40:38 - watchfiles.main - INFO - 1 change detected
2026-01-15 10:40:39 - watchfiles.main - INFO - 1 change detected
2026-01-15 10:40:39 - watchfiles.main - INFO - 1 change detected
2026-01-15 10:40:39 - watchfiles.main - INFO - 1 change detected
2026-01-15 10:40:40 - watchfiles.main - INFO - 1 change detected
2026-01-15 10:40:40 - watchfiles.main - INFO - 1 change detected
2026-01-15 10:40:41 - watchfiles.main - INFO - 1 change detected
2026-01-15 10:40:41 - watchfiles.main - INFO - 1 change detected
2026-01-15 10:40:42 - watchfiles.main - INFO - 1 change detected
2026-01-15 10:40:42 - watchfiles.main - INFO - 1 change detected
2026-01-15 10:40:42 - watchfiles.main - INFO - 1 change detected
2026-01-15 10:40:43 - watchfiles.main - INFO - 1 change detected
2026-01-15 10:40:43 - watchfiles.main - INFO - 1 change detected
2026-01-15 10:40:44 - watchfiles.main - INFO - 1 change detected
2026-01-15 10:40:44 - watchfiles.main - INFO - 1 change detected
2026-01-15 10:40:44 - watchfiles.main - INFO - 1 change detected
2026-01-15 10:40:45 - watchfiles.main - INFO - 1 change detected
2026-01-15 10:40:45 - watchfiles.main - INFO - 1 change detected
2026-01-15 10:40:46 - watchfiles.main - INFO - 1 change detected
2026-01-15 10:40:46 - watchfiles.main - INFO - 1 change detected
2026-01-15 10:40:47 - watchfiles.main - INFO - 1 change detected
2026-01-15 10:40:47 - watchfiles.main - INFO - 1 change detected
2026-01-15 10:40:47 - watchfiles.main - INFO - 1 change detected
2026-01-15 10:40:48 - watchfiles.main - INFO - 1 change detected
2026-01-15 10:40:48 - watchfiles.main - INFO - 1 change detected
2026-01-15 10:40:49 - watchfiles.main - INFO - 1 change detected
2026-01-15 10:40:49 - watchfiles.main - INFO - 1 change detected
2026-01-15 10:40:49 - watchfiles.main - INFO - 1 change detected
2026-01-15 10:40:50 - watchfiles.main - INFO - 1 change detected
2026-01-15 10:40:50 - watchfiles.main - INFO - 1 change detected
2026-01-15 10:40:51 - watchfiles.main - INFO - 1 change detected
2026-01-15 10:40:51 - watchfiles.main - INFO - 1 change detected
2026-01-15 10:40:51 - watchfiles.main - INFO - 1 change detected
2026-01-15 10:40:52 - watchfiles.main - INFO - 1 change detected
2026-01-15 10:40:52 - watchfiles.main - INFO - 1 change detected
2026-01-15 10:40:53 - watchfiles.main - INFO - 1 change detected
2026-01-15 10:40:53 - watchfiles.main - INFO - 1 change detected
2026-01-15 10:40:53 - watchfiles.main - INFO - 1 change detected
2026-01-15 10:40:54 - watchfiles.main - INFO - 1 change detected
2026-01-15 10:40:54 - watchfiles.main - INFO - 1 change detected
2026-01-15 10:40:55 - watchfiles.main - INFO - 1 change detected
2026-01-15 10:40:55 - watchfiles.main - INFO - 1 change detected
2026-01-15 10:40:55 - watchfiles.main - INFO - 1 change detected
2026-01-15 10:40:56 - watchfiles.main - INFO - 1 change detected
2026-01-15 10:40:56 - watchfiles.main - INFO - 1 change detected
2026-01-15 10:40:57 - watchfiles.main - INFO - 1 change detected
2026-01-15 10:40:57 - watchfiles.main - INFO - 1 change detected
2026-01-15 10:40:57 - watchfiles.main - INFO - 1 change detected
2026-01-15 10:40:58 - watchfiles.main - INFO - 1 change detected
2026-01-15 10:40:58 - watchfiles.main - INFO - 1 change detected
2026-01-15 10:40:59 - watchfiles.main - INFO - 1 change detected
2026-01-15 10:40:59 - watchfiles.main - INFO - 1 change detected
2026-01-15 10:40:59 - watchfiles.main - INFO - 1 change detected
2026-01-15 10:41:00 - watchfiles.main - INFO - 1 change detected
2026-01-15 10:41:00 - watchfiles.main - INFO - 1 change detected
2026-01-15 10:41:01 - watchfiles.main - INFO - 1 change detected
2026-01-15 10:41:01 - watchfiles.main - INFO - 1 change detected
2026-01-15 10:41:02 - watchfiles.main - INFO - 1 change detected
2026-01-15 10:41:02 - watchfiles.main - INFO - 1 change detected
2026-01-15 10:41:02 - watchfiles.main - INFO - 1 change detected
2026-01-15 10:41:03 - watchfiles.main - INFO - 1 change detected
2026-01-15 10:41:03 - watchfiles.main - INFO - 1 change detected
2026-01-15 10:41:04 - watchfiles.main - INFO - 1 change detected
2026-01-15 10:41:04 - watchfiles.main - INFO - 1 change detected
2026-01-15 10:41:04 - watchfiles.main - INFO - 1 change detected
2026-01-15 10:41:05 - watchfiles.main - INFO - 1 change detected
2026-01-15 10:41:05 - watchfiles.main - INFO - 1 change detected
2026-01-15 10:41:06 - watchfiles.main - INFO - 1 change detected
2026-01-15 10:41:06 - watchfiles.main - INFO - 1 change detected
2026-01-15 10:41:06 - watchfiles.main - INFO - 1 change detected
2026-01-15 10:41:07 - watchfiles.main - INFO - 1 change detected
2026-01-15 10:41:07 - watchfiles.main - INFO - 1 change detected
2026-01-15 10:41:08 - watchfiles.main - INFO - 1 change detected
2026-01-15 10:41:08 - watchfiles.main - INFO - 1 change detected
2026-01-15 10:41:08 - watchfiles.main - INFO - 1 change detected
2026-01-15 10:41:09 - watchfiles.main - INFO - 1 change detected
2026-01-15 10:41:09 - watchfiles.main - INFO - 1 change detected
2026-01-15 10:41:10 - watchfiles.main - INFO - 1 change detected
2026-01-15 10:41:10 - watchfiles.main - INFO - 1 change detected
2026-01-15 10:41:10 - watchfiles.main - INFO - 1 change detected
2026-01-15 10:41:11 - watchfiles.main - INFO - 1 change detected
2026-01-15 10:41:11 - watchfiles.main - INFO - 1 change detected
2026-01-15 10:41:12 - watchfiles.main - INFO - 1 change detected
2026-01-15 10:41:12 - watchfiles.main - INFO - 1 change detected
2026-01-15 10:41:13 - watchfiles.main - INFO - 1 change detected
2026-01-15 10:41:13 - watchfiles.main - INFO - 1 change detected
2026-01-15 10:41:13 - watchfiles.main - INFO - 1 change detected
2026-01-15 10:41:14 - watchfiles.main - INFO - 1 change detected
2026-01-15 10:41:14 - watchfiles.main - INFO - 1 change detected
2026-01-15 10:41:15 - watchfiles.main - INFO - 1 change detected
2026-01-15 10:41:15 - watchfiles.main - INFO - 1 change detected
2026-01-15 10:41:15 - watchfiles.main - INFO - 1 change detected
2026-01-15 10:41:16 - watchfiles.main - INFO - 1 change detected
2026-01-15 10:41:16 - watchfiles.main - INFO - 1 change detected
2026-01-15 10:41:17 - watchfiles.main - INFO - 1 change detected
2026-01-15 10:41:17 - watchfiles.main - INFO - 1 change detected
2026-01-15 10:41:17 - watchfiles.main - INFO - 1 change detected
2026-01-15 10:41:18 - watchfiles.main - INFO - 1 change detected
2026-01-15 10:41:18 - watchfiles.main - INFO - 1 change detected
2026-01-15 10:41:19 - watchfiles.main - INFO - 1 change detected
2026-01-15 10:41:19 - watchfiles.main - INFO - 1 change detected
2026-01-15 10:41:20 - watchfiles.main - INFO - 1 change detected
2026-01-15 10:41:20 - watchfiles.main - INFO - 1 change detected
2026-01-15 10:41:20 - watchfiles.main - INFO - 1 change detected
2026-01-15 10:41:21 - watchfiles.main - INFO - 1 change detected
2026-01-15 10:41:21 - watchfiles.main - INFO - 1 change detected
2026-01-15 10:41:22 - watchfiles.main - INFO - 1 change detected
2026-01-15 10:41:22 - watchfiles.main - INFO - 1 change detected
2026-01-15 10:41:22 - watchfiles.main - INFO - 1 change detected
2026-01-15 10:41:23 - watchfiles.main - INFO - 1 change detected
2026-01-15 10:41:23 - watchfiles.main - INFO - 1 change detected
2026-01-15 10:41:24 - watchfiles.main - INFO - 1 change detected
2026-01-15 10:41:24 - watchfiles.main - INFO - 1 change detected
2026-01-15 10:41:24 - watchfiles.main - INFO - 1 change detected
2026-01-15 10:41:25 - watchfiles.main - INFO - 1 change detected
2026-01-15 10:41:25 - watchfiles.main - INFO - 1 change detected
2026-01-15 10:41:26 - watchfiles.main - INFO - 1 change detected
2026-01-15 10:41:26 - watchfiles.main - INFO - 1 change detected
2026-01-15 10:41:26 - watchfiles.main - INFO - 1 change detected
2026-01-15 10:41:27 - watchfiles.main - INFO - 1 change detected
2026-01-15 10:41:27 - watchfiles.main - INFO - 1 change detected
2026-01-15 10:41:28 - watchfiles.main - INFO - 1 change detected
2026-01-15 10:41:28 - watchfiles.main - INFO - 1 change detected
2026-01-15 10:41:28 - watchfiles.main - INFO - 1 change detected
2026-01-15 10:41:29 - watchfiles.main - INFO - 1 change detected
2026-01-15 10:41:29 - watchfiles.main - INFO - 1 change detected
2026-01-15 10:41:30 - watchfiles.main - INFO - 1 change detected
2026-01-15 10:41:30 - watchfiles.main - INFO - 1 change detected
2026-01-15 10:41:31 - watchfiles.main - INFO - 1 change detected
2026-01-15 10:41:31 - watchfiles.main - INFO - 1 change detected
2026-01-15 10:41:31 - watchfiles.main - INFO - 1 change detected
2026-01-15 10:41:32 - watchfiles.main - INFO - 1 change detected
2026-01-15 10:41:32 - watchfiles.main - INFO - 1 change detected
2026-01-15 10:41:33 - watchfiles.main - INFO - 1 change detected
2026-01-15 10:41:33 - watchfiles.main - INFO - 1 change detected
2026-01-15 10:41:33 - watchfiles.main - INFO - 1 change detected
2026-01-15 10:41:34 - watchfiles.main - INFO - 1 change detected
2026-01-15 10:41:34 - watchfiles.main - INFO - 1 change detected
2026-01-15 10:41:35 - watchfiles.main - INFO - 1 change detected
2026-01-15 10:41:35 - watchfiles.main - INFO - 1 change detected
2026-01-15 10:41:35 - watchfiles.main - INFO - 1 change detected
2026-01-15 10:41:36 - watchfiles.main - INFO - 1 change detected
2026-01-15 10:41:36 - watchfiles.main - INFO - 1 change detected
2026-01-15 10:41:37 - watchfiles.main - INFO - 1 change detected
2026-01-15 10:41:37 - watchfiles.main - INFO - 1 change detected
2026-01-15 10:41:37 - watchfiles.main - INFO - 1 change detected
2026-01-15 10:41:38 - watchfiles.main - INFO - 1 change detected
2026-01-15 10:41:38 - watchfiles.main - INFO - 1 change detected
2026-01-15 10:41:39 - watchfiles.main - INFO - 1 change detected
2026-01-15 10:41:39 - watchfiles.main - INFO - 1 change detected
2026-01-15 10:41:40 - watchfiles.main - INFO - 1 change detected
2026-01-15 10:41:40 - watchfiles.main - INFO - 1 change detected
2026-01-15 10:41:40 - watchfiles.main - INFO - 1 change detected
2026-01-15 10:41:41 - watchfiles.main - INFO - 1 change detected
2026-01-15 10:41:41 - watchfiles.main - INFO - 1 change detected
2026-01-15 10:41:42 - watchfiles.main - INFO - 1 change detected
2026-01-15 10:41:42 - watchfiles.main - INFO - 1 change detected
2026-01-15 10:41:42 - watchfiles.main - INFO - 1 change detected
2026-01-15 10:41:43 - watchfiles.main - INFO - 1 change detected
2026-01-15 10:41:43 - watchfiles.main - INFO - 1 change detected
2026-01-15 10:41:44 - watchfiles.main - INFO - 1 change detected
2026-01-15 10:41:44 - watchfiles.main - INFO - 1 change detected
2026-01-15 10:41:45 - watchfiles.main - INFO - 1 change detected
2026-01-15 10:41:45 - watchfiles.main - INFO - 1 change detected
2026-01-15 10:41:45 - watchfiles.main - INFO - 1 change detected
2026-01-15 10:41:46 - watchfiles.main - INFO - 1 change detected
2026-01-15 10:41:46 - watchfiles.main - INFO - 1 change detected
2026-01-15 10:41:47 - watchfiles.main - INFO - 1 change detected
2026-01-15 10:41:47 - watchfiles.main - INFO - 1 change detected
2026-01-15 10:41:47 - watchfiles.main - INFO - 1 change detected
2026-01-15 10:41:48 - watchfiles.main - INFO - 1 change detected
2026-01-15 10:41:48 - watchfiles.main - INFO - 1 change detected
2026-01-15 10:41:49 - watchfiles.main - INFO - 1 change detected
2026-01-15 10:41:49 - watchfiles.main - INFO - 1 change detected
2026-01-15 10:41:50 - watchfiles.main - INFO - 1 change detected
2026-01-15 10:41:50 - watchfiles.main - INFO - 1 change detected
2026-01-15 10:41:50 - watchfiles.main - INFO - 1 change detected
2026-01-15 10:41:51 - watchfiles.main - INFO - 1 change detected
2026-01-15 10:41:51 - watchfiles.main - INFO - 1 change detected
2026-01-15 10:41:52 - watchfiles.main - INFO - 1 change detected
2026-01-15 10:41:52 - watchfiles.main - INFO - 1 change detected
2026-01-15 10:41:52 - watchfiles.main - INFO - 1 change detected
2026-01-15 10:41:53 - watchfiles.main - INFO - 1 change detected
2026-01-15 10:41:53 - watchfiles.main - INFO - 1 change detected
2026-01-15 10:41:54 - watchfiles.main - INFO - 1 change detected
2026-01-15 10:41:54 - watchfiles.main - INFO - 1 change detected
2026-01-15 10:41:54 - watchfiles.main - INFO - 1 change detected
2026-01-15 10:41:55 - watchfiles.main - INFO - 1 change detected
2026-01-15 10:41:55 - watchfiles.main - INFO - 1 change detected
2026-01-15 10:41:56 - watchfiles.main - INFO - 1 change detected
2026-01-15 10:41:56 - watchfiles.main - INFO - 1 change detected
2026-01-15 10:41:56 - watchfiles.main - INFO - 1 change detected
2026-01-15 10:41:57 - watchfiles.main - INFO - 1 change detected
2026-01-15 10:41:57 - watchfiles.main - INFO - 1 change detected
2026-01-15 10:41:58 - watchfiles.main - INFO - 1 change detected
2026-01-15 10:41:58 - watchfiles.main - INFO - 1 change detected
2026-01-15 10:41:59 - watchfiles.main - INFO - 1 change detected
2026-01-15 10:41:59 - watchfiles.main - INFO - 1 change detected
2026-01-15 10:41:59 - watchfiles.main - INFO - 1 change detected
2026-01-15 10:42:00 - watchfiles.main - INFO - 1 change detected
2026-01-15 10:42:00 - watchfiles.main - INFO - 1 change detected
2026-01-15 10:42:01 - watchfiles.main - INFO - 1 change detected
2026-01-15 10:42:01 - watchfiles.main - INFO - 1 change detected
2026-01-15 10:42:01 - watchfiles.main - INFO - 1 change detected
2026-01-15 10:42:02 - watchfiles.main - INFO - 1 change detected
2026-01-15 10:42:02 - watchfiles.main - INFO - 1 change detected
2026-01-15 10:42:03 - watchfiles.main - INFO - 1 change detected
2026-01-15 10:42:03 - watchfiles.main - INFO - 1 change detected
2026-01-15 10:42:03 - watchfiles.main - INFO - 1 change detected
2026-01-15 10:42:04 - watchfiles.main - INFO - 1 change detected
2026-01-15 10:42:04 - watchfiles.main - INFO - 1 change detected
2026-01-15 10:42:05 - watchfiles.main - INFO - 1 change detected
2026-01-15 10:42:05 - watchfiles.main - INFO - 1 change detected
2026-01-15 10:42:05 - watchfiles.main - INFO - 1 change detected
2026-01-15 10:42:06 - watchfiles.main - INFO - 1 change detected
2026-01-15 10:42:06 - watchfiles.main - INFO - 1 change detected
2026-01-15 10:42:07 - watchfiles.main - INFO - 1 change detected
2026-01-15 10:42:07 - watchfiles.main - INFO - 1 change detected
2026-01-15 10:42:08 - watchfiles.main - INFO - 1 change detected
2026-01-15 10:42:08 - watchfiles.main - INFO - 1 change detected
2026-01-15 10:42:08 - watchfiles.main - INFO - 1 change detected
2026-01-15 10:42:09 - watchfiles.main - INFO - 1 change detected
2026-01-15 10:42:09 - watchfiles.main - INFO - 1 change detected
2026-01-15 10:42:10 - watchfiles.main - INFO - 1 change detected
2026-01-15 10:42:10 - watchfiles.main - INFO - 1 change detected
2026-01-15 10:42:10 - watchfiles.main - INFO - 1 change detected
2026-01-15 10:42:11 - watchfiles.main - INFO - 1 change detected
2026-01-15 10:42:11 - watchfiles.main - INFO - 1 change detected
2026-01-15 10:42:12 - watchfiles.main - INFO - 1 change detected
2026-01-15 10:42:12 - watchfiles.main - INFO - 1 change detected
2026-01-15 10:42:12 - watchfiles.main - INFO - 1 change detected
2026-01-15 10:42:13 - watchfiles.main - INFO - 1 change detected
2026-01-15 10:42:13 - watchfiles.main - INFO - 1 change detected
2026-01-15 10:42:14 - watchfiles.main - INFO - 1 change detected
2026-01-15 10:42:14 - watchfiles.main - INFO - 1 change detected
2026-01-15 10:42:14 - watchfiles.main - INFO - 1 change detected
2026-01-15 10:42:15 - watchfiles.main - INFO - 1 change detected
2026-01-15 10:42:15 - watchfiles.main - INFO - 1 change detected
2026-01-15 10:42:16 - watchfiles.main - INFO - 1 change detected
2026-01-15 10:42:16 - watchfiles.main - INFO - 1 change detected
2026-01-15 10:42:16 - watchfiles.main - INFO - 1 change detected
2026-01-15 10:42:17 - watchfiles.main - INFO - 1 change detected
2026-01-15 10:42:17 - watchfiles.main - INFO - 1 change detected
2026-01-15 10:42:18 - watchfiles.main - INFO - 1 change detected
2026-01-15 10:42:18 - watchfiles.main - INFO - 1 change detected
2026-01-15 10:42:18 - watchfiles.main - INFO - 1 change detected
2026-01-15 10:42:19 - watchfiles.main - INFO - 1 change detected
2026-01-15 10:42:19 - watchfiles.main - INFO - 1 change detected
2026-01-15 10:42:20 - watchfiles.main - INFO - 1 change detected
2026-01-15 10:42:20 - watchfiles.main - INFO - 1 change detected
2026-01-15 10:42:21 - watchfiles.main - INFO - 1 change detected
2026-01-15 10:42:21 - watchfiles.main - INFO - 1 change detected
2026-01-15 10:42:21 - watchfiles.main - INFO - 1 change detected
2026-01-15 10:42:22 - watchfiles.main - INFO - 1 change detected
2026-01-15 10:42:22 - watchfiles.main - INFO - 1 change detected
2026-01-15 10:42:23 - watchfiles.main - INFO - 1 change detected
2026-01-15 10:42:23 - watchfiles.main - INFO - 1 change detected
2026-01-15 10:42:23 - watchfiles.main - INFO - 1 change detected
2026-01-15 10:42:24 - watchfiles.main - INFO - 1 change detected
2026-01-15 10:42:24 - watchfiles.main - INFO - 1 change detected
2026-01-15 10:42:25 - watchfiles.main - INFO - 1 change detected
2026-01-15 10:42:25 - watchfiles.main - INFO - 1 change detected
2026-01-15 10:42:25 - watchfiles.main - INFO - 1 change detected
2026-01-15 10:42:26 - watchfiles.main - INFO - 1 change detected
2026-01-15 10:42:26 - watchfiles.main - INFO - 1 change detected
2026-01-15 10:42:27 - watchfiles.main - INFO - 1 change detected
2026-01-15 10:42:27 - watchfiles.main - INFO - 1 change detected
2026-01-15 10:42:27 - watchfiles.main - INFO - 1 change detected
2026-01-15 10:42:28 - watchfiles.main - INFO - 1 change detected
2026-01-15 10:42:28 - watchfiles.main - INFO - 1 change detected
2026-01-15 10:42:29 - watchfiles.main - INFO - 1 change detected
2026-01-15 10:42:29 - watchfiles.main - INFO - 1 change detected
2026-01-15 10:42:30 - watchfiles.main - INFO - 1 change detected
2026-01-15 10:42:30 - watchfiles.main - INFO - 1 change detected
2026-01-15 10:42:30 - watchfiles.main - INFO - 1 change detected
2026-01-15 10:42:31 - watchfiles.main - INFO - 1 change detected
2026-01-15 10:42:31 - watchfiles.main - INFO - 1 change detected
2026-01-15 10:42:32 - watchfiles.main - INFO - 1 change detected
2026-01-15 10:42:32 - watchfiles.main - INFO - 1 change detected
2026-01-15 10:42:32 - watchfiles.main - INFO - 1 change detected
2026-01-15 10:42:33 - watchfiles.main - INFO - 1 change detected
2026-01-15 10:42:33 - watchfiles.main - INFO - 1 change detected
2026-01-15 10:42:34 - watchfiles.main - INFO - 1 change detected
2026-01-15 10:42:34 - watchfiles.main - INFO - 1 change detected
2026-01-15 10:42:34 - watchfiles.main - INFO - 1 change detected
2026-01-15 10:42:35 - watchfiles.main - INFO - 1 change detected
2026-01-15 10:42:35 - watchfiles.main - INFO - 1 change detected
2026-01-15 10:42:36 - watchfiles.main - INFO - 1 change detected
2026-01-15 10:42:36 - watchfiles.main - INFO - 1 change detected
2026-01-15 10:42:36 - watchfiles.main - INFO - 1 change detected
2026-01-15 10:42:37 - watchfiles.main - INFO - 1 change detected
2026-01-15 10:42:37 - watchfiles.main - INFO - 1 change detected
2026-01-15 10:42:38 - watchfiles.main - INFO - 1 change detected
2026-01-15 10:42:38 - watchfiles.main - INFO - 1 change detected
2026-01-15 10:42:38 - watchfiles.main - INFO - 1 change detected
2026-01-15 10:42:39 - watchfiles.main - INFO - 1 change detected
2026-01-15 10:42:39 - watchfiles.main - INFO - 1 change detected
2026-01-15 10:42:40 - watchfiles.main - INFO - 1 change detected
2026-01-15 10:42:40 - watchfiles.main - INFO - 1 change detected
2026-01-15 10:42:41 - watchfiles.main - INFO - 1 change detected
2026-01-15 10:42:41 - watchfiles.main - INFO - 1 change detected
2026-01-15 10:42:41 - watchfiles.main - INFO - 1 change detected
2026-01-15 10:42:42 - watchfiles.main - INFO - 1 change detected
2026-01-15 10:42:42 - watchfiles.main - INFO - 1 change detected
2026-01-15 10:42:43 - watchfiles.main - INFO - 1 change detected
2026-01-15 10:42:43 - watchfiles.main - INFO - 1 change detected
2026-01-15 10:42:43 - watchfiles.main - INFO - 1 change detected
2026-01-15 10:42:44 - watchfiles.main - INFO - 1 change detected
2026-01-15 10:42:44 - watchfiles.main - INFO - 1 change detected
2026-01-15 10:42:45 - watchfiles.main - INFO - 1 change detected
2026-01-15 10:42:45 - watchfiles.main - INFO - 1 change detected
2026-01-15 10:42:45 - watchfiles.main - INFO - 1 change detected
2026-01-15 10:42:46 - watchfiles.main - INFO - 1 change detected
2026-01-15 10:42:46 - watchfiles.main - INFO - 1 change detected
2026-01-15 10:42:47 - watchfiles.main - INFO - 1 change detected
2026-01-15 10:42:47 - watchfiles.main - INFO - 1 change detected
2026-01-15 10:42:48 - watchfiles.main - INFO - 1 change detected
2026-01-15 10:42:48 - watchfiles.main - INFO - 1 change detected
2026-01-15 10:42:48 - watchfiles.main - INFO - 1 change detected
2026-01-15 10:42:49 - watchfiles.main - INFO - 1 change detected
2026-01-15 10:42:49 - watchfiles.main - INFO - 1 change detected
2026-01-15 10:42:50 - watchfiles.main - INFO - 1 change detected
2026-01-15 10:42:50 - watchfiles.main - INFO - 1 change detected
2026-01-15 10:42:50 - watchfiles.main - INFO - 1 change detected
2026-01-15 10:42:51 - watchfiles.main - INFO - 1 change detected
2026-01-15 10:42:51 - watchfiles.main - INFO - 1 change detected
2026-01-15 10:42:52 - watchfiles.main - INFO - 1 change detected
2026-01-15 10:42:52 - watchfiles.main - INFO - 1 change detected
2026-01-15 10:42:52 - watchfiles.main - INFO - 1 change detected
2026-01-15 10:42:53 - watchfiles.main - INFO - 1 change detected
2026-01-15 10:42:53 - watchfiles.main - INFO - 1 change detected
2026-01-15 10:42:54 - watchfiles.main - INFO - 1 change detected
2026-01-15 10:42:54 - watchfiles.main - INFO - 1 change detected
2026-01-15 10:42:54 - watchfiles.main - INFO - 1 change detected
2026-01-15 10:42:55 - watchfiles.main - INFO - 1 change detected
2026-01-15 10:42:55 - watchfiles.main - INFO - 1 change detected
2026-01-15 10:42:56 - watchfiles.main - INFO - 1 change detected
2026-01-15 10:42:56 - watchfiles.main - INFO - 1 change detected
2026-01-15 10:42:56 - watchfiles.main - INFO - 1 change detected
2026-01-15 10:42:57 - watchfiles.main - INFO - 1 change detected
2026-01-15 10:42:57 - watchfiles.main - INFO - 1 change detected
2026-01-15 10:42:58 - watchfiles.main - INFO - 1 change detected
2026-01-15 10:42:58 - watchfiles.main - INFO - 1 change detected
2026-01-15 10:42:58 - watchfiles.main - INFO - 1 change detected
2026-01-15 10:42:59 - watchfiles.main - INFO - 1 change detected
2026-01-15 10:42:59 - watchfiles.main - INFO - 1 change detected
2026-01-15 10:43:00 - watchfiles.main - INFO - 1 change detected
2026-01-15 10:43:00 - watchfiles.main - INFO - 1 change detected
2026-01-15 10:43:01 - watchfiles.main - INFO - 1 change detected
2026-01-15 10:43:01 - watchfiles.main - INFO - 1 change detected
2026-01-15 10:43:01 - watchfiles.main - INFO - 1 change detected
2026-01-15 10:43:02 - watchfiles.main - INFO - 1 change detected
2026-01-15 10:43:02 - watchfiles.main - INFO - 1 change detected
2026-01-15 10:43:03 - watchfiles.main - INFO - 1 change detected
2026-01-15 10:43:03 - watchfiles.main - INFO - 1 change detected
2026-01-15 10:43:03 - watchfiles.main - INFO - 1 change detected
2026-01-15 10:43:04 - watchfiles.main - INFO - 1 change detected
2026-01-15 10:43:04 - watchfiles.main - INFO - 1 change detected
2026-01-15 10:43:05 - watchfiles.main - INFO - 1 change detected
2026-01-15 10:43:05 - watchfiles.main - INFO - 1 change detected
2026-01-15 10:43:05 - watchfiles.main - INFO - 1 change detected
2026-01-15 10:43:06 - watchfiles.main - INFO - 1 change detected
2026-01-15 10:43:06 - watchfiles.main - INFO - 1 change detected
2026-01-15 10:43:07 - watchfiles.main - INFO - 1 change detected
2026-01-15 10:43:07 - watchfiles.main - INFO - 1 change detected
2026-01-15 10:43:07 - watchfiles.main - INFO - 1 change detected
2026-01-15 10:43:08 - watchfiles.main - INFO - 1 change detected
2026-01-15 10:43:08 - watchfiles.main - INFO - 1 change detected
2026-01-15 10:43:09 - watchfiles.main - INFO - 1 change detected
2026-01-15 10:43:09 - watchfiles.main - INFO - 1 change detected
2026-01-15 10:43:09 - watchfiles.main - INFO - 1 change detected
2026-01-15 10:43:10 - watchfiles.main - INFO - 1 change detected
2026-01-15 10:43:10 - watchfiles.main - INFO - 1 change detected
2026-01-15 10:43:11 - watchfiles.main - INFO - 1 change detected
2026-01-15 10:43:11 - watchfiles.main - INFO - 1 change detected
2026-01-15 10:43:12 - watchfiles.main - INFO - 1 change detected
2026-01-15 10:43:12 - watchfiles.main - INFO - 1 change detected
2026-01-15 10:43:12 - watchfiles.main - INFO - 1 change detected
2026-01-15 10:43:13 - watchfiles.main - INFO - 1 change detected
2026-01-15 10:43:13 - watchfiles.main - INFO - 1 change detected
2026-01-15 10:43:14 - watchfiles.main - INFO - 1 change detected
2026-01-15 10:43:14 - watchfiles.main - INFO - 1 change detected
2026-01-15 10:43:14 - watchfiles.main - INFO - 1 change detected
2026-01-15 10:43:15 - watchfiles.main - INFO - 1 change detected
2026-01-15 10:43:15 - watchfiles.main - INFO - 1 change detected
2026-01-15 10:43:16 - watchfiles.main - INFO - 1 change detected
2026-01-15 10:43:16 - watchfiles.main - INFO - 1 change detected
2026-01-15 10:43:16 - watchfiles.main - INFO - 1 change detected
2026-01-15 10:43:17 - watchfiles.main - INFO - 1 change detected
2026-01-15 10:43:17 - watchfiles.main - INFO - 1 change detected
2026-01-15 10:43:18 - watchfiles.main - INFO - 1 change detected
2026-01-15 10:43:18 - watchfiles.main - INFO - 1 change detected
2026-01-15 10:43:18 - watchfiles.main - INFO - 1 change detected
2026-01-15 10:43:19 - watchfiles.main - INFO - 1 change detected
2026-01-15 10:43:19 - watchfiles.main - INFO - 1 change detected
2026-01-15 10:43:20 - watchfiles.main - INFO - 1 change detected
2026-01-15 10:43:20 - watchfiles.main - INFO - 1 change detected
2026-01-15 10:43:20 - watchfiles.main - INFO - 1 change detected
2026-01-15 10:43:21 - watchfiles.main - INFO - 1 change detected
2026-01-15 10:43:21 - watchfiles.main - INFO - 1 change detected
2026-01-15 10:43:22 - watchfiles.main - INFO - 1 change detected
2026-01-15 10:43:22 - watchfiles.main - INFO - 1 change detected
2026-01-15 10:43:22 - watchfiles.main - INFO - 1 change detected
2026-01-15 10:43:23 - watchfiles.main - INFO - 1 change detected
2026-01-15 10:43:23 - watchfiles.main - INFO - 1 change detected
2026-01-15 10:43:24 - watchfiles.main - INFO - 1 change detected
2026-01-15 10:43:24 - watchfiles.main - INFO - 1 change detected
2026-01-15 10:43:25 - watchfiles.main - INFO - 1 change detected
2026-01-15 10:43:25 - watchfiles.main - INFO - 1 change detected
2026-01-15 10:43:25 - watchfiles.main - INFO - 1 change detected
2026-01-15 10:43:26 - watchfiles.main - INFO - 1 change detected
2026-01-15 10:43:26 - watchfiles.main - INFO - 1 change detected
2026-01-15 10:43:27 - watchfiles.main - INFO - 1 change detected
2026-01-15 10:43:27 - watchfiles.main - INFO - 1 change detected
2026-01-15 10:43:27 - watchfiles.main - INFO - 1 change detected
2026-01-15 10:43:28 - watchfiles.main - INFO - 1 change detected
2026-01-15 10:43:28 - watchfiles.main - INFO - 1 change detected
2026-01-15 10:43:29 - watchfiles.main - INFO - 1 change detected
2026-01-15 10:43:29 - watchfiles.main - INFO - 1 change detected
2026-01-15 10:43:29 - watchfiles.main - INFO - 1 change detected
2026-01-15 10:43:30 - watchfiles.main - INFO - 1 change detected
2026-01-15 10:43:30 - watchfiles.main - INFO - 1 change detected
2026-01-15 10:43:31 - watchfiles.main - INFO - 1 change detected
2026-01-15 10:43:31 - watchfiles.main - INFO - 1 change detected
2026-01-15 10:43:31 - watchfiles.main - INFO - 1 change detected
2026-01-15 10:43:32 - watchfiles.main - INFO - 1 change detected
2026-01-15 10:43:32 - watchfiles.main - INFO - 1 change detected
2026-01-15 10:43:33 - watchfiles.main - INFO - 1 change detected
2026-01-15 10:43:33 - watchfiles.main - INFO - 1 change detected
2026-01-15 10:43:34 - watchfiles.main - INFO - 1 change detected
2026-01-15 10:43:34 - watchfiles.main - INFO - 1 change detected
2026-01-15 10:43:34 - watchfiles.main - INFO - 1 change detected
2026-01-15 10:43:35 - watchfiles.main - INFO - 1 change detected
2026-01-15 10:43:35 - watchfiles.main - INFO - 1 change detected
2026-01-15 10:43:36 - watchfiles.main - INFO - 1 change detected
2026-01-15 10:43:36 - watchfiles.main - INFO - 1 change detected
2026-01-15 10:43:36 - watchfiles.main - INFO - 1 change detected
2026-01-15 10:43:37 - watchfiles.main - INFO - 1 change detected
2026-01-15 10:43:37 - watchfiles.main - INFO - 1 change detected
2026-01-15 10:43:38 - watchfiles.main - INFO - 1 change detected
2026-01-15 10:43:38 - watchfiles.main - INFO - 1 change detected
2026-01-15 10:43:38 - watchfiles.main - INFO - 1 change detected
2026-01-15 10:43:39 - watchfiles.main - INFO - 1 change detected
2026-01-15 10:43:39 - watchfiles.main - INFO - 1 change detected
2026-01-15 10:43:40 - watchfiles.main - INFO - 1 change detected
2026-01-15 10:43:40 - watchfiles.main - INFO - 1 change detected
2026-01-15 10:43:41 - watchfiles.main - INFO - 1 change detected
2026-01-15 10:43:41 - watchfiles.main - INFO - 1 change detected
2026-01-15 10:43:41 - watchfiles.main - INFO - 1 change detected
2026-01-15 10:43:42 - watchfiles.main - INFO - 1 change detected
2026-01-15 10:43:42 - watchfiles.main - INFO - 1 change detected
2026-01-15 10:43:43 - watchfiles.main - INFO - 1 change detected
2026-01-15 10:43:43 - watchfiles.main - INFO - 1 change detected
2026-01-15 10:43:43 - watchfiles.main - INFO - 1 change detected
2026-01-15 10:43:44 - watchfiles.main - INFO - 1 change detected
2026-01-15 10:43:44 - watchfiles.main - INFO - 1 change detected
2026-01-15 10:43:45 - watchfiles.main - INFO - 1 change detected
2026-01-15 10:43:45 - watchfiles.main - INFO - 1 change detected
2026-01-15 10:43:46 - watchfiles.main - INFO - 1 change detected
2026-01-15 10:43:46 - watchfiles.main - INFO - 1 change detected
2026-01-15 10:43:46 - watchfiles.main - INFO - 1 change detected
2026-01-15 10:43:47 - watchfiles.main - INFO - 1 change detected
2026-01-15 10:43:47 - watchfiles.main - INFO - 1 change detected
2026-01-15 10:43:48 - watchfiles.main - INFO - 1 change detected
2026-01-15 10:43:48 - watchfiles.main - INFO - 1 change detected
2026-01-15 10:43:48 - watchfiles.main - INFO - 1 change detected
2026-01-15 10:43:49 - watchfiles.main - INFO - 1 change detected
2026-01-15 10:43:49 - watchfiles.main - INFO - 1 change detected
2026-01-15 10:43:50 - watchfiles.main - INFO - 1 change detected
2026-01-15 10:43:50 - watchfiles.main - INFO - 1 change detected
2026-01-15 10:43:50 - watchfiles.main - INFO - 1 change detected
2026-01-15 10:43:51 - watchfiles.main - INFO - 1 change detected
2026-01-15 10:43:51 - watchfiles.main - INFO - 1 change detected
2026-01-15 10:43:52 - watchfiles.main - INFO - 1 change detected
2026-01-15 10:43:52 - watchfiles.main - INFO - 1 change detected
2026-01-15 10:43:52 - watchfiles.main - INFO - 1 change detected
2026-01-15 10:43:53 - watchfiles.main - INFO - 1 change detected
2026-01-15 10:43:53 - watchfiles.main - INFO - 1 change detected
2026-01-15 10:43:54 - watchfiles.main - INFO - 1 change detected
2026-01-15 10:43:54 - watchfiles.main - INFO - 1 change detected
2026-01-15 10:43:55 - watchfiles.main - INFO - 1 change detected
2026-01-15 10:43:55 - watchfiles.main - INFO - 1 change detected
2026-01-15 10:43:55 - watchfiles.main - INFO - 1 change detected
2026-01-15 10:43:56 - watchfiles.main - INFO - 1 change detected
2026-01-15 10:43:56 - watchfiles.main - INFO - 1 change detected
2026-01-15 10:43:57 - watchfiles.main - INFO - 1 change detected
2026-01-15 10:43:57 - watchfiles.main - INFO - 1 change detected
2026-01-15 10:43:57 - watchfiles.main - INFO - 1 change detected
2026-01-15 10:43:58 - watchfiles.main - INFO - 1 change detected
2026-01-15 10:43:58 - watchfiles.main - INFO - 1 change detected
2026-01-15 10:43:59 - watchfiles.main - INFO - 1 change detected
2026-01-15 10:43:59 - watchfiles.main - INFO - 1 change detected
2026-01-15 10:43:59 - watchfiles.main - INFO - 1 change detected
2026-01-15 10:44:00 - watchfiles.main - INFO - 1 change detected
2026-01-15 10:44:00 - watchfiles.main - INFO - 1 change detected
2026-01-15 10:44:01 - watchfiles.main - INFO - 1 change detected
2026-01-15 10:44:01 - watchfiles.main - INFO - 1 change detected
2026-01-15 10:44:01 - watchfiles.main - INFO - 1 change detected
2026-01-15 10:44:02 - watchfiles.main - INFO - 1 change detected
2026-01-15 10:44:02 - watchfiles.main - INFO - 1 change detected
2026-01-15 10:44:03 - watchfiles.main - INFO - 1 change detected
2026-01-15 10:44:03 - watchfiles.main - INFO - 1 change detected
2026-01-15 10:44:03 - watchfiles.main - INFO - 1 change detected
2026-01-15 10:44:04 - watchfiles.main - INFO - 1 change detected
2026-01-15 10:44:04 - watchfiles.main - INFO - 1 change detected
2026-01-15 10:44:05 - watchfiles.main - INFO - 1 change detected
2026-01-15 10:44:05 - watchfiles.main - INFO - 1 change detected
2026-01-15 10:44:05 - watchfiles.main - INFO - 1 change detected
2026-01-15 10:44:06 - watchfiles.main - INFO - 1 change detected
2026-01-15 10:44:06 - watchfiles.main - INFO - 1 change detected
2026-01-15 10:44:07 - watchfiles.main - INFO - 1 change detected
2026-01-15 10:44:07 - watchfiles.main - INFO - 1 change detected
2026-01-15 10:44:07 - watchfiles.main - INFO - 1 change detected
2026-01-15 10:44:08 - watchfiles.main - INFO - 1 change detected
2026-01-15 10:44:08 - watchfiles.main - INFO - 1 change detected
2026-01-15 10:44:09 - watchfiles.main - INFO - 1 change detected
2026-01-15 10:44:09 - watchfiles.main - INFO - 1 change detected
2026-01-15 10:44:10 - watchfiles.main - INFO - 1 change detected
2026-01-15 10:44:10 - watchfiles.main - INFO - 1 change detected
2026-01-15 10:44:10 - watchfiles.main - INFO - 1 change detected
2026-01-15 10:44:11 - watchfiles.main - INFO - 1 change detected
2026-01-15 10:44:11 - watchfiles.main - INFO - 1 change detected
2026-01-15 10:44:12 - watchfiles.main - INFO - 1 change detected
2026-01-15 10:44:12 - watchfiles.main - INFO - 1 change detected
2026-01-15 10:44:12 - watchfiles.main - INFO - 1 change detected
2026-01-15 10:44:13 - watchfiles.main - INFO - 1 change detected
2026-01-15 10:44:13 - watchfiles.main - INFO - 1 change detected
2026-01-15 10:44:14 - watchfiles.main - INFO - 1 change detected
2026-01-15 10:44:14 - watchfiles.main - INFO - 1 change detected
2026-01-15 10:44:14 - watchfiles.main - INFO - 1 change detected
2026-01-15 10:44:15 - watchfiles.main - INFO - 1 change detected
2026-01-15 10:44:15 - watchfiles.main - INFO - 1 change detected
2026-01-15 10:44:16 - watchfiles.main - INFO - 1 change detected
2026-01-15 10:44:16 - watchfiles.main - INFO - 1 change detected
2026-01-15 10:44:16 - watchfiles.main - INFO - 1 change detected
2026-01-15 10:44:17 - watchfiles.main - INFO - 1 change detected
2026-01-15 10:44:17 - watchfiles.main - INFO - 1 change detected
2026-01-15 10:44:18 - watchfiles.main - INFO - 1 change detected
2026-01-15 10:44:18 - watchfiles.main - INFO - 1 change detected
2026-01-15 10:44:18 - watchfiles.main - INFO - 1 change detected
2026-01-15 10:44:19 - watchfiles.main - INFO - 1 change detected
2026-01-15 10:44:19 - watchfiles.main - INFO - 1 change detected
2026-01-15 10:44:20 - watchfiles.main - INFO - 1 change detected
2026-01-15 10:44:20 - watchfiles.main - INFO - 1 change detected
2026-01-15 10:44:20 - watchfiles.main - INFO - 1 change detected
2026-01-15 10:44:21 - watchfiles.main - INFO - 1 change detected
2026-01-15 10:44:21 - watchfiles.main - INFO - 1 change detected
2026-01-15 10:44:22 - watchfiles.main - INFO - 1 change detected
2026-01-15 10:44:22 - watchfiles.main - INFO - 1 change detected
2026-01-15 10:44:22 - watchfiles.main - INFO - 1 change detected
2026-01-15 10:44:23 - watchfiles.main - INFO - 1 change detected
2026-01-15 10:44:23 - watchfiles.main - INFO - 1 change detected
2026-01-15 10:44:24 - watchfiles.main - INFO - 1 change detected
2026-01-15 10:44:24 - watchfiles.main - INFO - 1 change detected
2026-01-15 10:44:25 - watchfiles.main - INFO - 1 change detected
2026-01-15 10:44:25 - watchfiles.main - INFO - 1 change detected
2026-01-15 10:44:25 - watchfiles.main - INFO - 1 change detected
2026-01-15 10:44:26 - watchfiles.main - INFO - 1 change detected
2026-01-15 10:44:26 - watchfiles.main - INFO - 1 change detected
2026-01-15 10:44:27 - watchfiles.main - INFO - 1 change detected
2026-01-15 10:44:27 - watchfiles.main - INFO - 1 change detected
2026-01-15 10:44:27 - watchfiles.main - INFO - 1 change detected
2026-01-15 10:44:28 - watchfiles.main - INFO - 1 change detected
2026-01-15 10:44:28 - watchfiles.main - INFO - 1 change detected
2026-01-15 10:44:29 - watchfiles.main - INFO - 1 change detected
2026-01-15 10:44:29 - watchfiles.main - INFO - 1 change detected
2026-01-15 10:44:29 - watchfiles.main - INFO - 1 change detected
2026-01-15 10:44:30 - watchfiles.main - INFO - 1 change detected
2026-01-15 10:44:30 - watchfiles.main - INFO - 1 change detected
2026-01-15 10:44:31 - watchfiles.main - INFO - 1 change detected
2026-01-15 10:44:31 - watchfiles.main - INFO - 1 change detected
2026-01-15 10:44:31 - watchfiles.main - INFO - 1 change detected
2026-01-15 10:44:32 - watchfiles.main - INFO - 1 change detected
2026-01-15 10:44:32 - watchfiles.main - INFO - 1 change detected
2026-01-15 10:44:33 - watchfiles.main - INFO - 1 change detected
2026-01-15 10:44:33 - watchfiles.main - INFO - 1 change detected
2026-01-15 10:44:33 - watchfiles.main - INFO - 1 change detected
2026-01-15 10:44:34 - watchfiles.main - INFO - 1 change detected
2026-01-15 10:44:34 - watchfiles.main - INFO - 1 change detected
2026-01-15 10:44:35 - watchfiles.main - INFO - 1 change detected
2026-01-15 10:44:35 - watchfiles.main - INFO - 1 change detected
2026-01-15 10:44:35 - watchfiles.main - INFO - 1 change detected
2026-01-15 10:44:36 - watchfiles.main - INFO - 1 change detected
2026-01-15 10:44:36 - watchfiles.main - INFO - 1 change detected
2026-01-15 10:44:37 - watchfiles.main - INFO - 1 change detected
2026-01-15 10:44:37 - watchfiles.main - INFO - 1 change detected
2026-01-15 10:44:38 - watchfiles.main - INFO - 1 change detected
2026-01-15 10:44:38 - watchfiles.main - INFO - 1 change detected
2026-01-15 10:44:38 - watchfiles.main - INFO - 1 change detected
2026-01-15 10:44:39 - watchfiles.main - INFO - 1 change detected
2026-01-15 10:44:39 - watchfiles.main - INFO - 1 change detected
2026-01-15 10:44:40 - watchfiles.main - INFO - 1 change detected
2026-01-15 10:44:40 - watchfiles.main - INFO - 1 change detected
2026-01-15 10:44:40 - watchfiles.main - INFO - 1 change detected
2026-01-15 10:44:41 - watchfiles.main - INFO - 1 change detected
2026-01-15 10:44:41 - watchfiles.main - INFO - 1 change detected
2026-01-15 10:44:42 - watchfiles.main - INFO - 1 change detected
2026-01-15 10:44:42 - watchfiles.main - INFO - 1 change detected
2026-01-15 10:44:42 - watchfiles.main - INFO - 1 change detected
2026-01-15 10:44:43 - watchfiles.main - INFO - 1 change detected
2026-01-15 10:44:43 - watchfiles.main - INFO - 1 change detected
2026-01-15 10:44:44 - watchfiles.main - INFO - 1 change detected
2026-01-15 10:44:44 - watchfiles.main - INFO - 1 change detected
2026-01-15 10:44:44 - watchfiles.main - INFO - 1 change detected
2026-01-15 10:44:45 - watchfiles.main - INFO - 1 change detected
2026-01-15 10:44:45 - watchfiles.main - INFO - 1 change detected
2026-01-15 10:44:46 - watchfiles.main - INFO - 1 change detected
2026-01-15 10:44:46 - watchfiles.main - INFO - 1 change detected
2026-01-15 10:44:47 - watchfiles.main - INFO - 1 change detected
2026-01-15 10:44:47 - watchfiles.main - INFO - 1 change detected
2026-01-15 10:44:47 - watchfiles.main - INFO - 1 change detected
2026-01-15 10:44:48 - watchfiles.main - INFO - 1 change detected
2026-01-15 10:44:48 - watchfiles.main - INFO - 1 change detected
2026-01-15 10:44:49 - watchfiles.main - INFO - 1 change detected
2026-01-15 10:44:49 - watchfiles.main - INFO - 1 change detected
2026-01-15 10:44:49 - watchfiles.main - INFO - 1 change detected
2026-01-15 10:44:50 - watchfiles.main - INFO - 1 change detected
2026-01-15 10:44:50 - watchfiles.main - INFO - 1 change detected
2026-01-15 10:44:51 - watchfiles.main - INFO - 1 change detected
2026-01-15 10:44:51 - watchfiles.main - INFO - 1 change detected
2026-01-15 10:44:51 - watchfiles.main - INFO - 1 change detected
2026-01-15 10:44:52 - watchfiles.main - INFO - 1 change detected
2026-01-15 10:44:52 - watchfiles.main - INFO - 1 change detected
2026-01-15 10:44:53 - watchfiles.main - INFO - 1 change detected
2026-01-15 10:44:53 - watchfiles.main - INFO - 1 change detected
2026-01-15 10:44:53 - watchfiles.main - INFO - 1 change detected
2026-01-15 10:44:54 - watchfiles.main - INFO - 1 change detected
2026-01-15 10:44:54 - watchfiles.main - INFO - 1 change detected
2026-01-15 10:44:55 - watchfiles.main - INFO - 1 change detected
2026-01-15 10:44:55 - watchfiles.main - INFO - 1 change detected
2026-01-15 10:44:56 - watchfiles.main - INFO - 1 change detected
2026-01-15 10:44:56 - watchfiles.main - INFO - 1 change detected
2026-01-15 10:44:56 - watchfiles.main - INFO - 1 change detected
2026-01-15 10:44:57 - watchfiles.main - INFO - 1 change detected
2026-01-15 10:44:57 - watchfiles.main - INFO - 1 change detected
2026-01-15 10:44:58 - watchfiles.main - INFO - 1 change detected
2026-01-15 10:44:58 - watchfiles.main - INFO - 1 change detected
2026-01-15 10:44:58 - watchfiles.main - INFO - 1 change detected
2026-01-15 10:44:59 - watchfiles.main - INFO - 1 change detected
2026-01-15 10:44:59 - watchfiles.main - INFO - 1 change detected
2026-01-15 10:45:00 - watchfiles.main - INFO - 1 change detected
2026-01-15 10:45:00 - watchfiles.main - INFO - 1 change detected
2026-01-15 10:45:00 - watchfiles.main - INFO - 1 change detected
2026-01-15 10:45:01 - watchfiles.main - INFO - 1 change detected
2026-01-15 10:45:01 - watchfiles.main - INFO - 1 change detected
2026-01-15 10:45:02 - watchfiles.main - INFO - 1 change detected
2026-01-15 10:45:02 - watchfiles.main - INFO - 1 change detected
2026-01-15 10:45:02 - watchfiles.main - INFO - 1 change detected
2026-01-15 10:45:03 - watchfiles.main - INFO - 1 change detected
2026-01-15 10:45:03 - watchfiles.main - INFO - 1 change detected
2026-01-15 10:45:04 - watchfiles.main - INFO - 1 change detected
2026-01-15 10:45:04 - watchfiles.main - INFO - 1 change detected
2026-01-15 10:45:04 - watchfiles.main - INFO - 1 change detected
2026-01-15 10:45:05 - watchfiles.main - INFO - 1 change detected
2026-01-15 10:45:05 - watchfiles.main - INFO - 1 change detected
2026-01-15 10:45:06 - watchfiles.main - INFO - 1 change detected
2026-01-15 10:45:06 - watchfiles.main - INFO - 1 change detected
2026-01-15 10:45:07 - watchfiles.main - INFO - 1 change detected
2026-01-15 10:45:07 - watchfiles.main - INFO - 1 change detected
2026-01-15 10:45:07 - watchfiles.main - INFO - 1 change detected
2026-01-15 10:45:08 - watchfiles.main - INFO - 1 change detected
2026-01-15 10:45:08 - watchfiles.main - INFO - 1 change detected
2026-01-15 10:45:09 - watchfiles.main - INFO - 1 change detected
2026-01-15 10:45:09 - watchfiles.main - INFO - 1 change detected
2026-01-15 10:45:09 - watchfiles.main - INFO - 1 change detected
2026-01-15 10:45:10 - watchfiles.main - INFO - 1 change detected
2026-01-15 10:45:10 - watchfiles.main - INFO - 1 change detected
2026-01-15 10:45:11 - watchfiles.main - INFO - 1 change detected
2026-01-15 10:45:11 - watchfiles.main - INFO - 1 change detected
2026-01-15 10:45:11 - watchfiles.main - INFO - 1 change detected
2026-01-15 10:45:12 - watchfiles.main - INFO - 1 change detected
2026-01-15 10:45:12 - watchfiles.main - INFO - 1 change detected
2026-01-15 10:45:13 - watchfiles.main - INFO - 1 change detected
2026-01-15 10:45:13 - watchfiles.main - INFO - 1 change detected
2026-01-15 10:45:13 - watchfiles.main - INFO - 1 change detected
2026-01-15 10:45:14 - watchfiles.main - INFO - 1 change detected
2026-01-15 10:45:14 - watchfiles.main - INFO - 1 change detected
2026-01-15 10:45:15 - watchfiles.main - INFO - 1 change detected
2026-01-15 10:45:15 - watchfiles.main - INFO - 1 change detected
2026-01-15 10:45:15 - watchfiles.main - INFO - 1 change detected
2026-01-15 10:45:16 - watchfiles.main - INFO - 1 change detected
2026-01-15 10:45:16 - watchfiles.main - INFO - 1 change detected
2026-01-15 10:45:17 - watchfiles.main - INFO - 1 change detected
2026-01-15 10:45:17 - watchfiles.main - INFO - 1 change detected
2026-01-15 10:45:17 - watchfiles.main - INFO - 1 change detected
2026-01-15 10:45:18 - watchfiles.main - INFO - 1 change detected
2026-01-15 10:45:18 - watchfiles.main - INFO - 1 change detected
2026-01-15 10:45:19 - watchfiles.main - INFO - 1 change detected
2026-01-15 10:45:19 - watchfiles.main - INFO - 1 change detected
2026-01-15 10:45:19 - watchfiles.main - INFO - 1 change detected
2026-01-15 10:45:20 - watchfiles.main - INFO - 1 change detected
2026-01-15 10:45:20 - watchfiles.main - INFO - 1 change detected
2026-01-15 10:45:21 - watchfiles.main - INFO - 1 change detected
2026-01-15 10:45:21 - watchfiles.main - INFO - 1 change detected
2026-01-15 10:45:22 - watchfiles.main - INFO - 1 change detected
2026-01-15 10:45:22 - watchfiles.main - INFO - 1 change detected
2026-01-15 10:45:22 - watchfiles.main - INFO - 1 change detected
2026-01-15 10:45:23 - watchfiles.main - INFO - 1 change detected
2026-01-15 10:45:23 - watchfiles.main - INFO - 1 change detected
2026-01-15 10:45:24 - watchfiles.main - INFO - 1 change detected
2026-01-15 10:45:24 - watchfiles.main - INFO - 1 change detected
2026-01-15 10:45:24 - watchfiles.main - INFO - 1 change detected
2026-01-15 10:45:25 - watchfiles.main - INFO - 1 change detected
2026-01-15 10:45:25 - watchfiles.main - INFO - 1 change detected
2026-01-15 10:45:26 - watchfiles.main - INFO - 1 change detected
2026-01-15 10:45:26 - watchfiles.main - INFO - 1 change detected
2026-01-15 10:45:26 - watchfiles.main - INFO - 1 change detected
2026-01-15 10:45:27 - watchfiles.main - INFO - 1 change detected
2026-01-15 10:45:27 - watchfiles.main - INFO - 1 change detected
2026-01-15 10:45:28 - watchfiles.main - INFO - 1 change detected
2026-01-15 10:45:28 - watchfiles.main - INFO - 1 change detected
2026-01-15 10:45:28 - watchfiles.main - INFO - 1 change detected
2026-01-15 10:45:29 - watchfiles.main - INFO - 1 change detected
2026-01-15 10:45:29 - watchfiles.main - INFO - 1 change detected
2026-01-15 10:45:30 - watchfiles.main - INFO - 1 change detected
2026-01-15 10:45:30 - watchfiles.main - INFO - 1 change detected
2026-01-15 10:45:30 - watchfiles.main - INFO - 1 change detected
2026-01-15 10:45:31 - watchfiles.main - INFO - 1 change detected
2026-01-15 10:45:31 - watchfiles.main - INFO - 1 change detected
2026-01-15 10:45:32 - watchfiles.main - INFO - 1 change detected
2026-01-15 10:45:32 - watchfiles.main - INFO - 1 change detected
2026-01-15 10:45:32 - watchfiles.main - INFO - 1 change detected
2026-01-15 10:45:33 - watchfiles.main - INFO - 1 change detected
2026-01-15 10:45:33 - watchfiles.main - INFO - 1 change detected
2026-01-15 10:45:34 - watchfiles.main - INFO - 1 change detected
2026-01-15 10:45:34 - watchfiles.main - INFO - 1 change detected
2026-01-15 10:45:35 - watchfiles.main - INFO - 1 change detected
2026-01-15 10:45:35 - watchfiles.main - INFO - 1 change detected
2026-01-15 10:45:35 - watchfiles.main - INFO - 1 change detected
2026-01-15 10:45:36 - watchfiles.main - INFO - 1 change detected
2026-01-15 10:45:36 - watchfiles.main - INFO - 1 change detected
2026-01-15 10:45:37 - watchfiles.main - INFO - 1 change detected
2026-01-15 10:45:37 - watchfiles.main - INFO - 1 change detected
2026-01-15 10:45:37 - watchfiles.main - INFO - 1 change detected
2026-01-15 10:45:38 - watchfiles.main - INFO - 1 change detected
2026-01-15 10:45:38 - watchfiles.main - INFO - 1 change detected
2026-01-15 10:45:39 - watchfiles.main - INFO - 1 change detected
